feature,pairs,genuine_mean,misleading_mean,mean_difference_misleading_minus_genuine,median_difference_misleading_minus_genuine,wilcoxon_statistic,p_value,rank_biserial_correlation,holm_adjusted_p_value,significant_after_holm_0_05
affect_anger,261,0.4082183908045977,0.42937547892720296,0.021157088122605364,0.020999999999999963,8148.5,0.00021458058041353388,0.29158878504672897,0.0010729029020676694,True
affect_fear,261,0.3334712643678161,0.354007662835249,0.020536398467432947,0.0,9528.5,0.002144260384346345,0.2369875080076874,0.00857704153738538,True
affect_joy,261,0.29610727969348655,0.287095785440613,-0.009011494252873562,0.0,13326.0,0.46294806477702544,-0.0549941495585576,0.6497388081696039,False
affect_sadness,261,0.3817969348659004,0.3896053639846744,0.007808429118773948,0.0,12467.5,0.21657960272320131,0.09310783778868885,0.6497388081696039,False
affect_valence,261,0.46346360153256705,0.4517049808429119,-0.011758620689655169,0.0,13932.5,0.2601283491363392,-0.0828149172179981,0.6497388081696039,False
