metric,value
balanced_accuracy,0.5670498084291187
roc_auc,0.5861701971491904
