pair_source,rows,pairs,genuine,misleading,mean_word_count,dataset_share_percentage
PolitiFact,320,160,160,160,18.76875,61.30268199233716
Snopes,112,56,56,56,18.160714285714285,21.455938697318008
Grass Fact Check,44,22,22,22,20.40909090909091,8.42911877394636
Africa Check,26,13,13,13,14.192307692307692,4.980842911877395
Dubawa,12,6,6,6,21.083333333333332,2.2988505747126435
FactCheckNI,4,2,2,2,14.25,0.7662835249042146
Check Your Fact,2,1,1,1,19.5,0.3831417624521073
NewsMeter,2,1,1,1,17.5,0.3831417624521073
