metric,value
balanced_accuracy,0.6015325670498084
roc_auc,0.6438396382906886
