feature,pairs,genuine_mean,misleading_mean,mean_difference_misleading_minus_genuine,median_difference_misleading_minus_genuine,wilcoxon_statistic,p_value,rank_biserial_correlation,holm_adjusted_p_value,significant_after_holm_0_05
affect_anger,1024,0.4112607421875,0.4316962890625,0.020435546875,0.020000000000000018,143849.0,1.6375284174112434e-10,0.24932028701891715,8.003503365654404e-10,True
affect_fear,1024,0.32745117187499995,0.348060546875,0.020609375,0.0030000000000000027,145960.0,1.6007006731308808e-10,0.24863778277107287,8.003503365654404e-10,True
affect_joy,1024,0.28301757812500006,0.26034082031250005,-0.022676757812500004,-0.020999999999999963,183076.0,9.01924754393322e-08,-0.19957328296673268,1.803849508786644e-07,True
affect_sadness,1024,0.3859140625,0.396208984375,0.010294921875,0.0,172227.5,0.00352093953557416,0.11341986662239621,0.00352093953557416,True
affect_valence,1024,0.4553935546875,0.4285703125,-0.0268232421875,-0.02300000000000002,187702.5,1.9757568434044208e-08,-0.20775729079394156,5.927270530213262e-08,True
