dataset,repetition,outer_seed,outer_fold,model,candidate_index,classifier,representation,C,affect_weight,inner_macro_f1,inner_balanced_accuracy,selected
liar2_finance,1,11,1,text_only,1,logistic_regression,word,0.1,,0.6391832462840523,0.6391941391941391,False
liar2_finance,1,11,1,text_only,2,logistic_regression,word,1.0,,0.6446838772005152,0.6446886446886447,False
liar2_finance,1,11,1,text_only,3,logistic_regression,word,10.0,,0.6343067268625381,0.6343101343101343,False
liar2_finance,1,11,1,text_only,4,logistic_regression,word_char,0.1,,0.646509474785899,0.6465201465201466,False
liar2_finance,1,11,1,text_only,5,logistic_regression,word_char,1.0,,0.6562511299019105,0.6562881562881563,False
liar2_finance,1,11,1,text_only,6,logistic_regression,word_char,10.0,,0.6385814833091568,0.6385836385836385,False
liar2_finance,1,11,1,text_only,7,linear_svm,word,0.1,,0.6477189582071472,0.6477411477411477,False
liar2_finance,1,11,1,text_only,8,linear_svm,word,1.0,,0.6275946275946276,0.6275946275946276,False
liar2_finance,1,11,1,text_only,9,linear_svm,word,10.0,,0.609274366680979,0.6092796092796093,False
liar2_finance,1,11,1,text_only,10,linear_svm,word_char,0.1,,0.6568474982144481,0.6568986568986569,True
liar2_finance,1,11,1,text_only,11,linear_svm,word_char,1.0,,0.6281318091417942,0.6282051282051282,False
liar2_finance,1,11,1,text_only,12,linear_svm,word_char,10.0,,0.6049882907560149,0.6050061050061051,False
liar2_finance,1,11,1,emotion_aware,1,logistic_regression,word,0.1,0.05,0.6410251058500804,0.641025641025641,False
liar2_finance,1,11,1,emotion_aware,2,logistic_regression,word,0.1,0.1,0.6318570177822057,0.6318681318681318,False
liar2_finance,1,11,1,emotion_aware,3,logistic_regression,word,0.1,0.25,0.6196545756850771,0.6196581196581197,False
liar2_finance,1,11,1,emotion_aware,4,logistic_regression,word,0.1,0.5,0.6115125298329356,0.6117216117216118,False
liar2_finance,1,11,1,emotion_aware,5,logistic_regression,word,0.1,1.0,0.6022900236648211,0.6025641025641025,False
liar2_finance,1,11,1,emotion_aware,6,logistic_regression,word,1.0,0.05,0.651397784938101,0.6514041514041514,False
liar2_finance,1,11,1,emotion_aware,7,logistic_regression,word,1.0,0.1,0.6525442147554129,0.6526251526251525,False
liar2_finance,1,11,1,emotion_aware,8,logistic_regression,word,1.0,0.25,0.6463586841617573,0.6465201465201464,False
liar2_finance,1,11,1,emotion_aware,9,logistic_regression,word,1.0,0.5,0.6530680735102627,0.6532356532356532,False
liar2_finance,1,11,1,emotion_aware,10,logistic_regression,word,1.0,1.0,0.6530489260143197,0.6532356532356532,False
liar2_finance,1,11,1,emotion_aware,11,logistic_regression,word,10.0,0.05,0.6294027861901879,0.6294261294261294,False
liar2_finance,1,11,1,emotion_aware,12,logistic_regression,word,10.0,0.1,0.6293762624954198,0.6294261294261294,False
liar2_finance,1,11,1,emotion_aware,13,logistic_regression,word,10.0,0.25,0.6330288156689603,0.6330891330891331,False
liar2_finance,1,11,1,emotion_aware,14,logistic_regression,word,10.0,0.5,0.6305974280226176,0.6306471306471306,False
liar2_finance,1,11,1,emotion_aware,15,logistic_regression,word,10.0,1.0,0.6299919484702093,0.63003663003663,False
liar2_finance,1,11,1,emotion_aware,16,logistic_regression,word_char,0.1,0.05,0.6544561393046693,0.6544566544566545,False
liar2_finance,1,11,1,emotion_aware,17,logistic_regression,word_char,0.1,0.1,0.6507936507936508,0.6507936507936508,False
liar2_finance,1,11,1,emotion_aware,18,logistic_regression,word_char,0.1,0.25,0.6416328024512685,0.6416361416361416,False
liar2_finance,1,11,1,emotion_aware,19,logistic_regression,word_char,0.1,0.5,0.6329401500025169,0.6330891330891331,False
liar2_finance,1,11,1,emotion_aware,20,logistic_regression,word_char,0.1,1.0,0.621839515589131,0.6221001221001221,False
liar2_finance,1,11,1,emotion_aware,21,logistic_regression,word_char,1.0,0.05,0.6476937454033891,0.6477411477411477,False
liar2_finance,1,11,1,emotion_aware,22,logistic_regression,word_char,1.0,0.1,0.6446356654106918,0.6446886446886446,False
liar2_finance,1,11,1,emotion_aware,23,logistic_regression,word_char,1.0,0.25,0.6452768019382192,0.6452991452991452,False
liar2_finance,1,11,1,emotion_aware,24,logistic_regression,word_char,1.0,0.5,0.6440620919795312,0.644078144078144,False
liar2_finance,1,11,1,emotion_aware,25,logistic_regression,word_char,1.0,1.0,0.6452831482677661,0.6452991452991452,False
liar2_finance,1,11,1,emotion_aware,26,logistic_regression,word_char,10.0,0.05,0.6343067268625381,0.6343101343101343,False
liar2_finance,1,11,1,emotion_aware,27,logistic_regression,word_char,10.0,0.1,0.6342794649955886,0.6343101343101343,False
liar2_finance,1,11,1,emotion_aware,28,logistic_regression,word_char,10.0,0.25,0.6354592611784091,0.6355311355311355,False
liar2_finance,1,11,1,emotion_aware,29,logistic_regression,word_char,10.0,0.5,0.6348765432098765,0.6349206349206349,False
liar2_finance,1,11,1,emotion_aware,30,logistic_regression,word_char,10.0,1.0,0.6355005686183078,0.6355311355311355,False
liar2_finance,1,11,1,emotion_aware,31,linear_svm,word,0.1,0.05,0.6501767614177439,0.6501831501831502,False
liar2_finance,1,11,1,emotion_aware,32,linear_svm,word,0.1,0.1,0.6549590019845627,0.6550671550671551,True
liar2_finance,1,11,1,emotion_aware,33,linear_svm,word,0.1,0.25,0.6481817083484354,0.6483516483516483,False
liar2_finance,1,11,1,emotion_aware,34,linear_svm,word,0.1,0.5,0.6511856097067051,0.6514041514041514,False
liar2_finance,1,11,1,emotion_aware,35,linear_svm,word,0.1,1.0,0.652314015704441,0.6526251526251526,False
liar2_finance,1,11,1,emotion_aware,36,linear_svm,word,1.0,0.05,0.6312306921599733,0.6312576312576312,False
liar2_finance,1,11,1,emotion_aware,37,linear_svm,word,1.0,0.1,0.6293530511478966,0.6294261294261294,False
liar2_finance,1,11,1,emotion_aware,38,linear_svm,word,1.0,0.25,0.6305864117799018,0.6306471306471306,False
liar2_finance,1,11,1,emotion_aware,39,linear_svm,word,1.0,0.5,0.6281650765724041,0.6282051282051282,False
liar2_finance,1,11,1,emotion_aware,40,linear_svm,word,1.0,1.0,0.6287802092450092,0.6288156288156288,False
liar2_finance,1,11,1,emotion_aware,41,linear_svm,word,10.0,0.05,0.6086619617256088,0.6086691086691087,False
liar2_finance,1,11,1,emotion_aware,42,linear_svm,word,10.0,0.1,0.6166004723057106,0.6166056166056166,False
liar2_finance,1,11,1,emotion_aware,43,linear_svm,word,10.0,0.25,0.6166050450235554,0.6166056166056166,False
liar2_finance,1,11,1,emotion_aware,44,linear_svm,word,10.0,0.5,0.6159938278852121,0.615995115995116,False
liar2_finance,1,11,1,emotion_aware,45,linear_svm,word,10.0,1.0,0.6166056166056166,0.6166056166056166,False
liar2_finance,1,11,1,emotion_aware,46,linear_svm,word_char,0.1,0.05,0.6495094238339496,0.6495726495726495,False
liar2_finance,1,11,1,emotion_aware,47,linear_svm,word_char,0.1,0.1,0.6470548763303048,0.647130647130647,False
liar2_finance,1,11,1,emotion_aware,48,linear_svm,word_char,0.1,0.25,0.6464820678742561,0.6465201465201464,False
liar2_finance,1,11,1,emotion_aware,49,linear_svm,word_char,0.1,0.5,0.6483180929689563,0.6483516483516483,False
liar2_finance,1,11,1,emotion_aware,50,linear_svm,word_char,0.1,1.0,0.6483091787439614,0.6483516483516483,False
liar2_finance,1,11,1,emotion_aware,51,linear_svm,word_char,1.0,0.05,0.6269439438189472,0.626984126984127,False
liar2_finance,1,11,1,emotion_aware,52,linear_svm,word_char,1.0,0.1,0.6288067745566497,0.6288156288156288,False
liar2_finance,1,11,1,emotion_aware,53,linear_svm,word_char,1.0,0.25,0.6220492693322319,0.6221001221001221,False
liar2_finance,1,11,1,emotion_aware,54,linear_svm,word_char,1.0,0.5,0.6184051179002386,0.6184371184371185,False
liar2_finance,1,11,1,emotion_aware,55,linear_svm,word_char,1.0,1.0,0.6196171472982066,0.6196581196581197,False
liar2_finance,1,11,1,emotion_aware,56,linear_svm,word_char,10.0,0.05,0.6110993703603069,0.6111111111111112,False
liar2_finance,1,11,1,emotion_aware,57,linear_svm,word_char,10.0,0.1,0.6129281863505165,0.612942612942613,False
liar2_finance,1,11,1,emotion_aware,58,linear_svm,word_char,10.0,0.25,0.6111040087663226,0.6111111111111112,False
liar2_finance,1,11,1,emotion_aware,59,linear_svm,word_char,10.0,0.5,0.6111040087663226,0.6111111111111112,False
liar2_finance,1,11,1,emotion_aware,60,linear_svm,word_char,10.0,1.0,0.6117164018892229,0.6117216117216118,False
liar2_finance,1,11,2,text_only,1,logistic_regression,word,0.1,,0.6367130058466017,0.6367521367521367,False
liar2_finance,1,11,2,text_only,2,logistic_regression,word,1.0,,0.6458837772397095,0.6459096459096458,False
liar2_finance,1,11,2,text_only,3,logistic_regression,word,10.0,,0.6330660205935796,0.6330891330891331,False
liar2_finance,1,11,2,text_only,4,logistic_regression,word_char,0.1,,0.6446881149740593,0.6446886446886447,False
liar2_finance,1,11,2,text_only,5,logistic_regression,word_char,1.0,,0.6514029820706775,0.6514041514041514,True
liar2_finance,1,11,2,text_only,6,logistic_regression,word_char,10.0,,0.6220966008813207,0.6221001221001221,False
liar2_finance,1,11,2,text_only,7,linear_svm,word,0.1,,0.6434336220379695,0.6434676434676434,False
liar2_finance,1,11,2,text_only,8,linear_svm,word,1.0,,0.6275674208900393,0.6275946275946276,False
liar2_finance,1,11,2,text_only,9,linear_svm,word,10.0,,0.611707139619761,0.6117216117216118,False
liar2_finance,1,11,2,text_only,10,linear_svm,word_char,0.1,,0.6501798906381208,0.6501831501831502,False
liar2_finance,1,11,2,text_only,11,linear_svm,word_char,1.0,,0.6239310632715129,0.6239316239316239,False
liar2_finance,1,11,2,text_only,12,linear_svm,word_char,10.0,,0.6141544103944122,0.6141636141636142,False
liar2_finance,1,11,2,emotion_aware,1,logistic_regression,word,0.1,0.05,0.6513665988880833,0.6514041514041514,False
liar2_finance,1,11,2,emotion_aware,2,logistic_regression,word,0.1,0.1,0.6275924067881513,0.6275946275946276,False
liar2_finance,1,11,2,emotion_aware,3,logistic_regression,word,0.1,0.25,0.6147739711961382,0.6147741147741148,False
liar2_finance,1,11,2,emotion_aware,4,logistic_regression,word,0.1,0.5,0.606822952696739,0.6068376068376069,False
liar2_finance,1,11,2,emotion_aware,5,logistic_regression,word,0.1,1.0,0.6054660293360974,0.6056166056166057,False
liar2_finance,1,11,2,emotion_aware,6,logistic_regression,word,1.0,0.05,0.6550515985736453,0.6550671550671551,False
liar2_finance,1,11,2,emotion_aware,7,logistic_regression,word,1.0,0.1,0.655045427013931,0.6550671550671551,False
liar2_finance,1,11,2,emotion_aware,8,logistic_regression,word,1.0,0.25,0.6495392107017028,0.6495726495726495,False
liar2_finance,1,11,2,emotion_aware,9,logistic_regression,word,1.0,0.5,0.6495094238339496,0.6495726495726495,False
liar2_finance,1,11,2,emotion_aware,10,logistic_regression,word,1.0,1.0,0.6513354072577413,0.6514041514041513,False
liar2_finance,1,11,2,emotion_aware,11,logistic_regression,word,10.0,0.05,0.6342870987280436,0.6343101343101343,False
liar2_finance,1,11,2,emotion_aware,12,logistic_regression,word,10.0,0.1,0.6397783251231528,0.6398046398046398,False
liar2_finance,1,11,2,emotion_aware,13,logistic_regression,word,10.0,0.25,0.6416135675348273,0.6416361416361416,False
liar2_finance,1,11,2,emotion_aware,14,logistic_regression,word,10.0,0.5,0.6428410356912964,0.6428571428571428,False
liar2_finance,1,11,2,emotion_aware,15,logistic_regression,word,10.0,1.0,0.6428410356912964,0.6428571428571428,False
liar2_finance,1,11,2,emotion_aware,16,logistic_regression,word_char,0.1,0.05,0.648914910930587,0.6489621489621489,False
liar2_finance,1,11,2,emotion_aware,17,logistic_regression,word_char,0.1,0.1,0.6464978800726833,0.6465201465201464,False
liar2_finance,1,11,2,emotion_aware,18,logistic_regression,word_char,0.1,0.25,0.6330660205935796,0.6330891330891331,False
liar2_finance,1,11,2,emotion_aware,19,logistic_regression,word_char,0.1,0.5,0.6316801998750781,0.6318681318681318,False
liar2_finance,1,11,2,emotion_aware,20,logistic_regression,word_char,0.1,1.0,0.6194423840481696,0.6196581196581197,False
liar2_finance,1,11,2,emotion_aware,21,logistic_regression,word_char,1.0,0.05,0.6544545938394977,0.6544566544566545,False
liar2_finance,1,11,2,emotion_aware,22,logistic_regression,word_char,1.0,0.1,0.6519627650929456,0.6520146520146519,False
liar2_finance,1,11,2,emotion_aware,23,logistic_regression,word_char,1.0,0.25,0.6513749157136579,0.6514041514041514,False
liar2_finance,1,11,2,emotion_aware,24,logistic_regression,word_char,1.0,0.5,0.645890640724589,0.6459096459096458,False
liar2_finance,1,11,2,emotion_aware,25,logistic_regression,word_char,1.0,1.0,0.6471117074807111,0.647130647130647,False
liar2_finance,1,11,2,emotion_aware,26,logistic_regression,word_char,10.0,0.05,0.6318614086123903,0.6318681318681318,False
liar2_finance,1,11,2,emotion_aware,27,logistic_regression,word_char,10.0,0.1,0.6367455026938179,0.6367521367521367,False
liar2_finance,1,11,2,emotion_aware,28,logistic_regression,word_char,10.0,0.25,0.6379341386000585,0.6379731379731379,False
liar2_finance,1,11,2,emotion_aware,29,logistic_regression,word_char,10.0,0.5,0.6385399892646269,0.6385836385836385,False
liar2_finance,1,11,2,emotion_aware,30,logistic_regression,word_char,10.0,1.0,0.6379341386000585,0.6379731379731379,False
liar2_finance,1,11,2,emotion_aware,31,linear_svm,word,0.1,0.05,0.6544314102028889,0.6544566544566545,False
liar2_finance,1,11,2,emotion_aware,32,linear_svm,word,0.1,0.1,0.6550104506704868,0.6550671550671551,False
liar2_finance,1,11,2,emotion_aware,33,linear_svm,word,0.1,0.25,0.6483091787439614,0.6483516483516483,False
liar2_finance,1,11,2,emotion_aware,34,linear_svm,word,0.1,0.5,0.6512948497932483,0.6514041514041513,False
liar2_finance,1,11,2,emotion_aware,35,linear_svm,word,0.1,1.0,0.6512948497932483,0.6514041514041513,False
liar2_finance,1,11,2,emotion_aware,36,linear_svm,word,1.0,0.05,0.6299919484702093,0.63003663003663,False
liar2_finance,1,11,2,emotion_aware,37,linear_svm,word,1.0,0.1,0.6336450158873113,0.6336996336996337,False
liar2_finance,1,11,2,emotion_aware,38,linear_svm,word,1.0,0.25,0.6360873824480624,0.6361416361416361,False
liar2_finance,1,11,2,emotion_aware,39,linear_svm,word,1.0,0.5,0.6373188405797101,0.6373626373626373,False
liar2_finance,1,11,2,emotion_aware,40,linear_svm,word,1.0,1.0,0.6367032556586074,0.6367521367521367,False
liar2_finance,1,11,2,emotion_aware,41,linear_svm,word,10.0,0.05,0.6104913193538528,0.6105006105006106,False
liar2_finance,1,11,2,emotion_aware,42,linear_svm,word,10.0,0.1,0.6111098066182513,0.6111111111111112,False
liar2_finance,1,11,2,emotion_aware,43,linear_svm,word,10.0,0.25,0.6135518172517318,0.6135531135531136,False
liar2_finance,1,11,2,emotion_aware,44,linear_svm,word,10.0,0.5,0.6141613132624781,0.6141636141636142,False
liar2_finance,1,11,2,emotion_aware,45,linear_svm,word,10.0,1.0,0.6141613132624781,0.6141636141636142,False
liar2_finance,1,11,2,emotion_aware,46,linear_svm,word_char,0.1,0.05,0.6568940532417347,0.6568986568986569,True
liar2_finance,1,11,2,emotion_aware,47,linear_svm,word_char,0.1,0.1,0.6501016433301434,0.6501831501831501,False
liar2_finance,1,11,2,emotion_aware,48,linear_svm,word_char,0.1,0.25,0.6489044409478406,0.6489621489621489,False
liar2_finance,1,11,2,emotion_aware,49,linear_svm,word_char,0.1,0.5,0.6464620370587821,0.6465201465201464,False
liar2_finance,1,11,2,emotion_aware,50,linear_svm,word_char,0.1,1.0,0.6464725798761911,0.6465201465201464,False
liar2_finance,1,11,2,emotion_aware,51,linear_svm,word_char,1.0,0.05,0.6245307892803591,0.6245421245421245,False
liar2_finance,1,11,2,emotion_aware,52,linear_svm,word_char,1.0,0.1,0.6281817080557238,0.6282051282051282,False
liar2_finance,1,11,2,emotion_aware,53,linear_svm,word_char,1.0,0.25,0.6330725853854173,0.6330891330891331,False
liar2_finance,1,11,2,emotion_aware,54,linear_svm,word_char,1.0,0.5,0.6336859807733595,0.6336996336996337,False
liar2_finance,1,11,2,emotion_aware,55,linear_svm,word_char,1.0,1.0,0.6336859807733595,0.6336996336996337,False
liar2_finance,1,11,2,emotion_aware,56,linear_svm,word_char,10.0,0.05,0.6141544103944122,0.6141636141636142,False
liar2_finance,1,11,2,emotion_aware,57,linear_svm,word_char,10.0,0.1,0.6117210328582503,0.6117216117216118,False
liar2_finance,1,11,2,emotion_aware,58,linear_svm,word_char,10.0,0.25,0.618436976224384,0.6184371184371185,False
liar2_finance,1,11,2,emotion_aware,59,linear_svm,word_char,10.0,0.5,0.618436976224384,0.6184371184371185,False
liar2_finance,1,11,2,emotion_aware,60,linear_svm,word_char,10.0,1.0,0.618436976224384,0.6184371184371185,False
liar2_finance,1,11,3,text_only,1,logistic_regression,word,0.1,,0.6391455867130034,0.6391941391941391,False
liar2_finance,1,11,3,text_only,2,logistic_regression,word,1.0,,0.6403989231148266,0.6404151404151404,False
liar2_finance,1,11,3,text_only,3,logistic_regression,word,10.0,,0.6202544667350492,0.6202686202686203,False
liar2_finance,1,11,3,text_only,4,logistic_regression,word_char,0.1,,0.6397912144271367,0.6398046398046398,False
liar2_finance,1,11,3,text_only,5,logistic_regression,word_char,1.0,,0.6452926673363164,0.6452991452991453,True
liar2_finance,1,11,3,text_only,6,logistic_regression,word_char,10.0,,0.6324517825832846,0.6324786324786325,False
liar2_finance,1,11,3,text_only,7,linear_svm,word,0.1,,0.6428186696138857,0.6428571428571428,False
liar2_finance,1,11,3,text_only,8,linear_svm,word,1.0,,0.6263647138629433,0.6263736263736264,False
liar2_finance,1,11,3,text_only,9,linear_svm,word,10.0,,0.6031030060837409,0.6031746031746033,False
liar2_finance,1,11,3,text_only,10,linear_svm,word_char,0.1,,0.6428271903546232,0.6428571428571428,False
liar2_finance,1,11,3,text_only,11,linear_svm,word_char,1.0,,0.6287802092450092,0.6288156288156288,False
liar2_finance,1,11,3,text_only,12,linear_svm,word_char,10.0,,0.6183618730929743,0.6184371184371185,False
liar2_finance,1,11,3,emotion_aware,1,logistic_regression,word,0.1,0.05,0.651382192610539,0.6514041514041514,False
liar2_finance,1,11,3,emotion_aware,2,logistic_regression,word,0.1,0.1,0.6300344237928192,0.63003663003663,False
liar2_finance,1,11,3,emotion_aware,3,logistic_regression,word,0.1,0.25,0.6135529695200561,0.6135531135531136,False
liar2_finance,1,11,3,emotion_aware,4,logistic_regression,word,0.1,0.5,0.6135011106418462,0.6135531135531136,False
liar2_finance,1,11,3,emotion_aware,5,logistic_regression,word,0.1,1.0,0.6153381642512077,0.6153846153846154,False
liar2_finance,1,11,3,emotion_aware,6,logistic_regression,word,1.0,0.05,0.6532170412613216,0.6532356532356532,False
liar2_finance,1,11,3,emotion_aware,7,logistic_regression,word,1.0,0.1,0.6556730356376127,0.6556776556776557,False
liar2_finance,1,11,3,emotion_aware,8,logistic_regression,word,1.0,0.25,0.6470880300590445,0.647130647130647,False
liar2_finance,1,11,3,emotion_aware,9,logistic_regression,word,1.0,0.5,0.6458758575034629,0.6459096459096458,False
liar2_finance,1,11,3,emotion_aware,10,logistic_regression,word,1.0,1.0,0.6397272959080966,0.6398046398046398,False
liar2_finance,1,11,3,emotion_aware,11,logistic_regression,word,10.0,0.05,0.6312570815194705,0.6312576312576312,False
liar2_finance,1,11,3,emotion_aware,12,logistic_regression,word,10.0,0.1,0.6324698655972091,0.6324786324786325,False
liar2_finance,1,11,3,emotion_aware,13,logistic_regression,word,10.0,0.25,0.6385491511069827,0.6385836385836385,False
liar2_finance,1,11,3,emotion_aware,14,logistic_regression,word,10.0,0.5,0.6397783251231528,0.6398046398046398,False
liar2_finance,1,11,3,emotion_aware,15,logistic_regression,word,10.0,1.0,0.6397783251231528,0.6398046398046398,False
liar2_finance,1,11,3,emotion_aware,16,logistic_regression,word_char,0.1,0.05,0.644612349522902,0.6446886446886446,False
liar2_finance,1,11,3,emotion_aware,17,logistic_regression,word_char,0.1,0.1,0.655659174773566,0.6556776556776557,False
liar2_finance,1,11,3,emotion_aware,18,logistic_regression,word_char,0.1,0.25,0.6513884297089405,0.6514041514041514,False
liar2_finance,1,11,3,emotion_aware,19,logistic_regression,word_char,0.1,0.5,0.6372972086365263,0.6373626373626373,False
liar2_finance,1,11,3,emotion_aware,20,logistic_regression,word_char,0.1,1.0,0.6317680809300921,0.6318681318681318,False
liar2_finance,1,11,3,emotion_aware,21,logistic_regression,word_char,1.0,0.05,0.6489243333811697,0.6489621489621489,False
liar2_finance,1,11,3,emotion_aware,22,logistic_regression,word_char,1.0,0.1,0.6513936271204634,0.6514041514041514,False
liar2_finance,1,11,3,emotion_aware,23,logistic_regression,word_char,1.0,0.25,0.6465200147742693,0.6465201465201466,False
liar2_finance,1,11,3,emotion_aware,24,logistic_regression,word_char,1.0,0.5,0.6483432601062997,0.6483516483516484,False
liar2_finance,1,11,3,emotion_aware,25,logistic_regression,word_char,1.0,1.0,0.646504204556001,0.6465201465201464,False
liar2_finance,1,11,3,emotion_aware,26,logistic_regression,word_char,10.0,0.05,0.6342936416736522,0.6343101343101343,False
liar2_finance,1,11,3,emotion_aware,27,logistic_regression,word_char,10.0,0.1,0.6342870987280436,0.6343101343101343,False
liar2_finance,1,11,3,emotion_aware,28,logistic_regression,word_char,10.0,0.25,0.6367509182697952,0.6367521367521367,False
liar2_finance,1,11,3,emotion_aware,29,logistic_regression,word_char,10.0,0.5,0.6361329566377685,0.6361416361416361,False
liar2_finance,1,11,3,emotion_aware,30,logistic_regression,word_char,10.0,1.0,0.6367411701167702,0.6367521367521367,False
liar2_finance,1,11,3,emotion_aware,31,linear_svm,word,0.1,0.05,0.6513884297089405,0.6514041514041514,False
liar2_finance,1,11,3,emotion_aware,32,linear_svm,word,0.1,0.1,0.6568940532417347,0.6568986568986569,True
liar2_finance,1,11,3,emotion_aware,33,linear_svm,word,0.1,0.25,0.647066980794465,0.647130647130647,False
liar2_finance,1,11,3,emotion_aware,34,linear_svm,word,0.1,0.5,0.6445847904379143,0.6446886446886446,False
liar2_finance,1,11,3,emotion_aware,35,linear_svm,word,0.1,1.0,0.6427739290543348,0.6428571428571428,False
liar2_finance,1,11,3,emotion_aware,36,linear_svm,word,1.0,0.05,0.6300167728950017,0.63003663003663,False
liar2_finance,1,11,3,emotion_aware,37,linear_svm,word,1.0,0.1,0.6349070275041149,0.6349206349206349,False
liar2_finance,1,11,3,emotion_aware,38,linear_svm,word,1.0,0.25,0.6324698655972091,0.6324786324786325,False
liar2_finance,1,11,3,emotion_aware,39,linear_svm,word,1.0,0.5,0.631248835250356,0.6312576312576312,False
liar2_finance,1,11,3,emotion_aware,40,linear_svm,word,1.0,1.0,0.6306359796985646,0.6306471306471306,False
liar2_finance,1,11,3,emotion_aware,41,linear_svm,word,10.0,0.05,0.6127948337447148,0.612942612942613,False
liar2_finance,1,11,3,emotion_aware,42,linear_svm,word,10.0,0.1,0.6121747009178007,0.6123321123321124,False
liar2_finance,1,11,3,emotion_aware,43,linear_svm,word,10.0,0.25,0.6103327208295052,0.6105006105006106,False
liar2_finance,1,11,3,emotion_aware,44,linear_svm,word,10.0,0.5,0.6091111933085945,0.6092796092796093,False
liar2_finance,1,11,3,emotion_aware,45,linear_svm,word,10.0,1.0,0.6097119156811105,0.6098901098901099,False
liar2_finance,1,11,3,emotion_aware,46,linear_svm,word_char,0.1,0.05,0.6458668813741277,0.6459096459096458,False
liar2_finance,1,11,3,emotion_aware,47,linear_svm,word_char,0.1,0.1,0.650780635003936,0.6507936507936508,False
liar2_finance,1,11,3,emotion_aware,48,linear_svm,word_char,0.1,0.25,0.651397784938101,0.6514041514041514,False
liar2_finance,1,11,3,emotion_aware,49,linear_svm,word_char,0.1,0.5,0.6471117074807111,0.647130647130647,False
liar2_finance,1,11,3,emotion_aware,50,linear_svm,word_char,0.1,1.0,0.6458837772397095,0.6459096459096458,False
liar2_finance,1,11,3,emotion_aware,51,linear_svm,word_char,1.0,0.05,0.6288150754368179,0.6288156288156288,False
liar2_finance,1,11,3,emotion_aware,52,linear_svm,word_char,1.0,0.1,0.6361280742348704,0.6361416361416361,False
liar2_finance,1,11,3,emotion_aware,53,linear_svm,word_char,1.0,0.25,0.6330780558658469,0.6330891330891331,False
liar2_finance,1,11,3,emotion_aware,54,linear_svm,word_char,1.0,0.5,0.6312438873118484,0.6312576312576312,False
liar2_finance,1,11,3,emotion_aware,55,linear_svm,word_char,1.0,1.0,0.6318614086123903,0.6318681318681318,False
liar2_finance,1,11,3,emotion_aware,56,linear_svm,word_char,10.0,0.05,0.6190016103059581,0.6190476190476191,False
liar2_finance,1,11,3,emotion_aware,57,linear_svm,word_char,10.0,0.1,0.6195831150990768,0.6196581196581197,False
liar2_finance,1,11,3,emotion_aware,58,linear_svm,word_char,10.0,0.25,0.6202001073601335,0.6202686202686203,False
liar2_finance,1,11,3,emotion_aware,59,linear_svm,word_char,10.0,0.5,0.6189658180451734,0.6190476190476191,False
liar2_finance,1,11,3,emotion_aware,60,linear_svm,word_char,10.0,1.0,0.6189658180451734,0.6190476190476191,False
liar2_finance,1,11,4,text_only,1,logistic_regression,word,0.1,,0.6434591387188873,0.6434676434676434,False
liar2_finance,1,11,4,text_only,2,logistic_regression,word,1.0,,0.6470969752362095,0.647130647130647,False
liar2_finance,1,11,4,text_only,3,logistic_regression,word,10.0,,0.644612349522902,0.6446886446886446,False
liar2_finance,1,11,4,text_only,4,logistic_regression,word_char,0.1,,0.6538398319788147,0.6538461538461539,True
liar2_finance,1,11,4,text_only,5,logistic_regression,word_char,1.0,,0.646504204556001,0.6465201465201464,False
liar2_finance,1,11,4,text_only,6,logistic_regression,word_char,10.0,,0.6397853069439785,0.6398046398046398,False
liar2_finance,1,11,4,text_only,7,linear_svm,word,0.1,,0.6471048676630208,0.647130647130647,False
liar2_finance,1,11,4,text_only,8,linear_svm,word,1.0,,0.6385297490088138,0.6385836385836385,False
liar2_finance,1,11,4,text_only,9,linear_svm,word,10.0,,0.6293862093258609,0.6294261294261294,False
liar2_finance,1,11,4,text_only,10,linear_svm,word_char,0.1,,0.6446695739684669,0.6446886446886446,False
liar2_finance,1,11,4,text_only,11,linear_svm,word_char,1.0,,0.6312306921599733,0.6312576312576312,False
liar2_finance,1,11,4,text_only,12,linear_svm,word_char,10.0,,0.6251073537305422,0.6251526251526252,False
liar2_finance,1,11,4,emotion_aware,1,logistic_regression,word,0.1,0.05,0.6501016433301434,0.6501831501831501,False
liar2_finance,1,11,4,emotion_aware,2,logistic_regression,word,0.1,0.1,0.6398046398046398,0.6398046398046398,False
liar2_finance,1,11,4,emotion_aware,3,logistic_regression,word,0.1,0.25,0.6269806512738076,0.626984126984127,False
liar2_finance,1,11,4,emotion_aware,4,logistic_regression,word,0.1,0.5,0.6109125826209365,0.6111111111111112,False
liar2_finance,1,11,4,emotion_aware,5,logistic_regression,word,0.1,1.0,0.6047337101553598,0.6050061050061051,False
liar2_finance,1,11,4,emotion_aware,6,logistic_regression,word,1.0,0.05,0.6538171229590963,0.6538461538461539,False
liar2_finance,1,11,4,emotion_aware,7,logistic_regression,word,1.0,0.1,0.6598719290312214,0.65995115995116,False
liar2_finance,1,11,4,emotion_aware,8,logistic_regression,word,1.0,0.25,0.6628025795056693,0.663003663003663,True
liar2_finance,1,11,4,emotion_aware,9,logistic_regression,word,1.0,0.5,0.6603383458646617,0.6605616605616605,False
liar2_finance,1,11,4,emotion_aware,10,logistic_regression,word,1.0,1.0,0.6529122446786921,0.6532356532356532,False
liar2_finance,1,11,4,emotion_aware,11,logistic_regression,word,10.0,0.05,0.6543824567525129,0.6544566544566544,False
liar2_finance,1,11,4,emotion_aware,12,logistic_regression,word,10.0,0.1,0.6518817905906742,0.6520146520146519,False
liar2_finance,1,11,4,emotion_aware,13,logistic_regression,word,10.0,0.25,0.653705599087233,0.6538461538461539,False
liar2_finance,1,11,4,emotion_aware,14,logistic_regression,word,10.0,0.5,0.6524841020822497,0.6526251526251526,False
liar2_finance,1,11,4,emotion_aware,15,logistic_regression,word,10.0,1.0,0.6543247253935467,0.6544566544566545,False
liar2_finance,1,11,4,emotion_aware,16,logistic_regression,word_char,0.1,0.05,0.6562419040937748,0.6562881562881563,False
liar2_finance,1,11,4,emotion_aware,17,logistic_regression,word_char,0.1,0.1,0.6561650030964739,0.6562881562881563,False
liar2_finance,1,11,4,emotion_aware,18,logistic_regression,word_char,0.1,0.25,0.6384925558312655,0.6385836385836385,False
liar2_finance,1,11,4,emotion_aware,19,logistic_regression,word_char,0.1,0.5,0.6359457040572791,0.6361416361416361,False
liar2_finance,1,11,4,emotion_aware,20,logistic_regression,word_char,0.1,1.0,0.6235522359103696,0.6239316239316239,False
liar2_finance,1,11,4,emotion_aware,21,logistic_regression,word_char,1.0,0.05,0.650785320800006,0.6507936507936508,False
liar2_finance,1,11,4,emotion_aware,22,logistic_regression,word_char,1.0,0.1,0.6531730883931767,0.6532356532356531,False
liar2_finance,1,11,4,emotion_aware,23,logistic_regression,word_char,1.0,0.25,0.6537221256762002,0.6538461538461539,False
liar2_finance,1,11,4,emotion_aware,24,logistic_regression,word_char,1.0,0.5,0.6432330827067669,0.6434676434676434,False
liar2_finance,1,11,4,emotion_aware,25,logistic_regression,word_char,1.0,1.0,0.6445169344770649,0.6446886446886446,False
liar2_finance,1,11,4,emotion_aware,26,logistic_regression,word_char,10.0,0.05,0.6420737518961512,0.6422466422466422,False
liar2_finance,1,11,4,emotion_aware,27,logistic_regression,word_char,10.0,0.1,0.6458336129266034,0.6459096459096458,False
liar2_finance,1,11,4,emotion_aware,28,logistic_regression,word_char,10.0,0.25,0.6501256428923698,0.6501831501831501,False
liar2_finance,1,11,4,emotion_aware,29,logistic_regression,word_char,10.0,0.5,0.6525680467814283,0.6526251526251525,False
liar2_finance,1,11,4,emotion_aware,30,logistic_regression,word_char,10.0,1.0,0.6525680467814283,0.6526251526251525,False
liar2_finance,1,11,4,emotion_aware,31,linear_svm,word,0.1,0.05,0.6568735910495116,0.6568986568986569,False
liar2_finance,1,11,4,emotion_aware,32,linear_svm,word,0.1,0.1,0.6598445382396485,0.65995115995116,False
liar2_finance,1,11,4,emotion_aware,33,linear_svm,word,0.1,0.25,0.6609384994377507,0.6611721611721612,False
liar2_finance,1,11,4,emotion_aware,34,linear_svm,word,0.1,0.5,0.6590717840986404,0.6593406593406593,False
liar2_finance,1,11,4,emotion_aware,35,linear_svm,word,0.1,1.0,0.6547829314374066,0.6550671550671551,False
liar2_finance,1,11,4,emotion_aware,36,linear_svm,word,1.0,0.05,0.6519399299451103,0.6520146520146519,False
liar2_finance,1,11,4,emotion_aware,37,linear_svm,word,1.0,0.1,0.6531342971971397,0.6532356532356531,False
liar2_finance,1,11,4,emotion_aware,38,linear_svm,word,1.0,0.25,0.6530861840613776,0.6532356532356532,False
liar2_finance,1,11,4,emotion_aware,39,linear_svm,word,1.0,0.5,0.6555461927949828,0.6556776556776557,False
liar2_finance,1,11,4,emotion_aware,40,linear_svm,word,1.0,1.0,0.6549095968072416,0.6550671550671551,False
liar2_finance,1,11,4,emotion_aware,41,linear_svm,word,10.0,0.05,0.6361394663044888,0.6361416361416361,False
liar2_finance,1,11,4,emotion_aware,42,linear_svm,word,10.0,0.1,0.640999415546464,0.641025641025641,False
liar2_finance,1,11,4,emotion_aware,43,linear_svm,word,10.0,0.25,0.6397783251231528,0.6398046398046398,False
liar2_finance,1,11,4,emotion_aware,44,linear_svm,word,10.0,0.5,0.6391552713535154,0.6391941391941391,False
liar2_finance,1,11,4,emotion_aware,45,linear_svm,word,10.0,1.0,0.6385572346998414,0.6385836385836385,False
liar2_finance,1,11,4,emotion_aware,46,linear_svm,word_char,0.1,0.05,0.6513936271204634,0.6514041514041514,False
liar2_finance,1,11,4,emotion_aware,47,linear_svm,word_char,0.1,0.1,0.6513468448368991,0.6514041514041513,False
liar2_finance,1,11,4,emotion_aware,48,linear_svm,word_char,0.1,0.25,0.653705599087233,0.6538461538461539,False
liar2_finance,1,11,4,emotion_aware,49,linear_svm,word_char,0.1,0.5,0.6493839498806683,0.6495726495726496,False
liar2_finance,1,11,4,emotion_aware,50,linear_svm,word_char,0.1,1.0,0.6450545372492489,0.6452991452991452,False
liar2_finance,1,11,4,emotion_aware,51,linear_svm,word_char,1.0,0.05,0.6396671165763119,0.6398046398046398,False
liar2_finance,1,11,4,emotion_aware,52,linear_svm,word_char,1.0,0.1,0.6402691320324166,0.6404151404151404,False
liar2_finance,1,11,4,emotion_aware,53,linear_svm,word_char,1.0,0.25,0.639029330465628,0.6391941391941391,False
liar2_finance,1,11,4,emotion_aware,54,linear_svm,word_char,1.0,0.5,0.6421100513791844,0.6422466422466422,False
liar2_finance,1,11,4,emotion_aware,55,linear_svm,word_char,1.0,1.0,0.6427121260423833,0.6428571428571428,False
liar2_finance,1,11,4,emotion_aware,56,linear_svm,word_char,10.0,0.05,0.6348139255702281,0.6349206349206349,False
liar2_finance,1,11,4,emotion_aware,57,linear_svm,word_char,10.0,0.1,0.6353244033334788,0.6355311355311355,False
liar2_finance,1,11,4,emotion_aware,58,linear_svm,word_char,10.0,0.25,0.6341234489638006,0.6343101343101343,False
liar2_finance,1,11,4,emotion_aware,59,linear_svm,word_char,10.0,0.5,0.6335767207129819,0.6336996336996337,False
liar2_finance,1,11,4,emotion_aware,60,linear_svm,word_char,10.0,1.0,0.6341791063140104,0.6343101343101343,False
liar2_finance,1,11,5,text_only,1,logistic_regression,word,0.1,,0.6396039972112479,0.6396341463414634,False
liar2_finance,1,11,5,text_only,2,logistic_regression,word,1.0,,0.6542393678828724,0.6542682926829269,True
liar2_finance,1,11,5,text_only,3,logistic_regression,word,10.0,,0.6382304943287984,0.6384146341463415,False
liar2_finance,1,11,5,text_only,4,logistic_regression,word_char,0.1,,0.6371917496258703,0.6371951219512195,False
liar2_finance,1,11,5,text_only,5,logistic_regression,word_char,1.0,,0.6443851331472912,0.6445121951219512,False
liar2_finance,1,11,5,text_only,6,logistic_regression,word_char,10.0,,0.6371237501724574,0.6371951219512195,False
liar2_finance,1,11,5,text_only,7,linear_svm,word,0.1,,0.6499812601507517,0.65,False
liar2_finance,1,11,5,text_only,8,linear_svm,word,1.0,,0.6322173878925392,0.6323170731707317,False
liar2_finance,1,11,5,text_only,9,linear_svm,word,10.0,,0.6236460156979051,0.623780487804878,False
liar2_finance,1,11,5,text_only,10,linear_svm,word_char,0.1,,0.6468082146585972,0.6469512195121951,False
liar2_finance,1,11,5,text_only,11,linear_svm,word_char,1.0,,0.6267204598603995,0.6268292682926829,False
liar2_finance,1,11,5,text_only,12,linear_svm,word_char,10.0,,0.6218702399086062,0.6219512195121951,False
liar2_finance,1,11,5,emotion_aware,1,logistic_regression,word,0.1,0.05,0.6512174373434703,0.651219512195122,False
liar2_finance,1,11,5,emotion_aware,2,logistic_regression,word,0.1,0.1,0.6329219159685362,0.6329268292682927,False
liar2_finance,1,11,5,emotion_aware,3,logistic_regression,word,0.1,0.25,0.6103622319511447,0.6103658536585366,False
liar2_finance,1,11,5,emotion_aware,4,logistic_regression,word,0.1,0.5,0.6114280358161078,0.6115853658536585,False
liar2_finance,1,11,5,emotion_aware,5,logistic_regression,word,0.1,1.0,0.6045669481195051,0.6048780487804878,False
liar2_finance,1,11,5,emotion_aware,6,logistic_regression,word,1.0,0.05,0.6584954463580532,0.6585365853658537,False
liar2_finance,1,11,5,emotion_aware,7,logistic_regression,word,1.0,0.1,0.6615067079463364,0.6615853658536586,False
liar2_finance,1,11,5,emotion_aware,8,logistic_regression,word,1.0,0.25,0.6559496868820776,0.6560975609756098,False
liar2_finance,1,11,5,emotion_aware,9,logistic_regression,word,1.0,0.5,0.6515430765378019,0.651829268292683,False
liar2_finance,1,11,5,emotion_aware,10,logistic_regression,word,1.0,1.0,0.6503225619197206,0.650609756097561,False
liar2_finance,1,11,5,emotion_aware,11,logistic_regression,word,10.0,0.05,0.6517203661614894,0.651829268292683,False
liar2_finance,1,11,5,emotion_aware,12,logistic_regression,word,10.0,0.1,0.6481130345955743,0.6481707317073171,False
liar2_finance,1,11,5,emotion_aware,13,logistic_regression,word,10.0,0.25,0.6480889558288938,0.6481707317073171,False
liar2_finance,1,11,5,emotion_aware,14,logistic_regression,word,10.0,0.5,0.647485481721249,0.6475609756097561,False
liar2_finance,1,11,5,emotion_aware,15,logistic_regression,word,10.0,1.0,0.647485481721249,0.6475609756097561,False
liar2_finance,1,11,5,emotion_aware,16,logistic_regression,word_char,0.1,0.05,0.6566969781585481,0.6567073170731708,False
liar2_finance,1,11,5,emotion_aware,17,logistic_regression,word_char,0.1,0.1,0.6560791476045713,0.6560975609756098,False
liar2_finance,1,11,5,emotion_aware,18,logistic_regression,word_char,0.1,0.25,0.6505722097593026,0.650609756097561,False
liar2_finance,1,11,5,emotion_aware,19,logistic_regression,word_char,0.1,0.5,0.6345494310249067,0.6347560975609756,False
liar2_finance,1,11,5,emotion_aware,20,logistic_regression,word_char,0.1,1.0,0.6192624847646955,0.6195121951219512,False
liar2_finance,1,11,5,emotion_aware,21,logistic_regression,word_char,1.0,0.05,0.6572661014428083,0.6573170731707317,False
liar2_finance,1,11,5,emotion_aware,22,logistic_regression,word_char,1.0,0.1,0.6621705032044274,0.6621951219512195,False
liar2_finance,1,11,5,emotion_aware,23,logistic_regression,word_char,1.0,0.25,0.6584370220944833,0.6585365853658537,False
liar2_finance,1,11,5,emotion_aware,24,logistic_regression,word_char,1.0,0.5,0.6547296503107374,0.6548780487804878,False
liar2_finance,1,11,5,emotion_aware,25,logistic_regression,word_char,1.0,1.0,0.6540922264492894,0.6542682926829269,False
liar2_finance,1,11,5,emotion_aware,26,logistic_regression,word_char,10.0,0.05,0.6407562876761288,0.6408536585365854,False
liar2_finance,1,11,5,emotion_aware,27,logistic_regression,word_char,10.0,0.1,0.6437832409714732,0.6439024390243903,False
liar2_finance,1,11,5,emotion_aware,28,logistic_regression,word_char,10.0,0.25,0.6425787409774413,0.6426829268292683,False
liar2_finance,1,11,5,emotion_aware,29,logistic_regression,word_char,10.0,0.5,0.6419612170521791,0.6420731707317073,False
liar2_finance,1,11,5,emotion_aware,30,logistic_regression,word_char,10.0,1.0,0.6413434001562093,0.6414634146341464,False
liar2_finance,1,11,5,emotion_aware,31,linear_svm,word,0.1,0.05,0.6560464078536368,0.6560975609756098,False
liar2_finance,1,11,5,emotion_aware,32,linear_svm,word,0.1,0.1,0.6614936157219888,0.6615853658536586,False
liar2_finance,1,11,5,emotion_aware,33,linear_svm,word,0.1,0.25,0.6559317696212928,0.6560975609756098,False
liar2_finance,1,11,5,emotion_aware,34,linear_svm,word,0.1,0.5,0.6477452127439787,0.6481707317073171,False
liar2_finance,1,11,5,emotion_aware,35,linear_svm,word,0.1,1.0,0.6447367833358891,0.6451219512195122,False
liar2_finance,1,11,5,emotion_aware,36,linear_svm,word,1.0,0.05,0.6462657083015995,0.6463414634146342,False
liar2_finance,1,11,5,emotion_aware,37,linear_svm,word,1.0,0.1,0.6462888591402647,0.6463414634146342,False
liar2_finance,1,11,5,emotion_aware,38,linear_svm,word,1.0,0.25,0.6462888591402647,0.6463414634146342,False
liar2_finance,1,11,5,emotion_aware,39,linear_svm,word,1.0,0.5,0.6438494719619218,0.6439024390243903,False
liar2_finance,1,11,5,emotion_aware,40,linear_svm,word,1.0,1.0,0.6444538980402423,0.6445121951219512,False
liar2_finance,1,11,5,emotion_aware,41,linear_svm,word,10.0,0.05,0.6297777022400851,0.6298780487804878,False
liar2_finance,1,11,5,emotion_aware,42,linear_svm,word,10.0,0.1,0.6267937459841508,0.6268292682926829,False
liar2_finance,1,11,5,emotion_aware,43,linear_svm,word,10.0,0.25,0.6292236274744578,0.6292682926829268,False
liar2_finance,1,11,5,emotion_aware,44,linear_svm,word,10.0,0.5,0.6310579178086878,0.6310975609756098,False
liar2_finance,1,11,5,emotion_aware,45,linear_svm,word,10.0,1.0,0.6310579178086878,0.6310975609756098,False
liar2_finance,1,11,5,emotion_aware,46,linear_svm,word_char,0.1,0.05,0.6547912845435573,0.6548780487804878,False
liar2_finance,1,11,5,emotion_aware,47,linear_svm,word_char,0.1,0.1,0.6657935172748219,0.6658536585365854,True
liar2_finance,1,11,5,emotion_aware,48,linear_svm,word_char,0.1,0.25,0.6590082763284212,0.6591463414634147,False
liar2_finance,1,11,5,emotion_aware,49,linear_svm,word_char,0.1,0.5,0.6527873640735607,0.6530487804878049,False
liar2_finance,1,11,5,emotion_aware,50,linear_svm,word_char,0.1,1.0,0.6564711537638717,0.6567073170731708,False
liar2_finance,1,11,5,emotion_aware,51,linear_svm,word_char,1.0,0.05,0.6333499613686473,0.6335365853658537,False
liar2_finance,1,11,5,emotion_aware,52,linear_svm,word_char,1.0,0.1,0.639488177656703,0.6396341463414634,False
liar2_finance,1,11,5,emotion_aware,53,linear_svm,word_char,1.0,0.25,0.6407252888915171,0.6408536585365854,False
liar2_finance,1,11,5,emotion_aware,54,linear_svm,word_char,1.0,0.5,0.6370967591974475,0.6371951219512195,False
liar2_finance,1,11,5,emotion_aware,55,linear_svm,word_char,1.0,1.0,0.6358769163712205,0.6359756097560976,False
liar2_finance,1,11,5,emotion_aware,56,linear_svm,word_char,10.0,0.05,0.6267621032339252,0.6268292682926829,False
liar2_finance,1,11,5,emotion_aware,57,linear_svm,word_char,10.0,0.1,0.6322939685011439,0.6323170731707317,False
liar2_finance,1,11,5,emotion_aware,58,linear_svm,word_char,10.0,0.25,0.629233002546346,0.6292682926829268,False
liar2_finance,1,11,5,emotion_aware,59,linear_svm,word_char,10.0,0.5,0.627415613191043,0.6274390243902439,False
liar2_finance,1,11,5,emotion_aware,60,linear_svm,word_char,10.0,1.0,0.6274078549848943,0.6274390243902439,False
liar2_finance,2,22,1,text_only,1,logistic_regression,word,0.1,,0.6537995730393789,0.6538461538461539,False
liar2_finance,2,22,1,text_only,2,logistic_regression,word,1.0,,0.6599408937059512,0.6599511599511599,False
liar2_finance,2,22,1,text_only,3,logistic_regression,word,10.0,,0.6507186665414089,0.6507936507936507,False
liar2_finance,2,22,1,text_only,4,logistic_regression,word_char,0.1,,0.6617781236582224,0.6617826617826618,True
liar2_finance,2,22,1,text_only,5,logistic_regression,word_char,1.0,,0.6575090298590072,0.6575091575091575,False
liar2_finance,2,22,1,text_only,6,logistic_regression,word_char,10.0,,0.6550670265068432,0.6550671550671551,False
liar2_finance,2,22,1,text_only,7,linear_svm,word,0.1,,0.6587086614173229,0.6587301587301587,False
liar2_finance,2,22,1,text_only,8,linear_svm,word,1.0,,0.6495303274288782,0.6495726495726495,False
liar2_finance,2,22,1,text_only,9,linear_svm,word,10.0,,0.6361410936847756,0.6361416361416361,False
liar2_finance,2,22,1,text_only,10,linear_svm,word_char,0.1,,0.6581176193464995,0.6581196581196581,False
liar2_finance,2,22,1,text_only,11,linear_svm,word_char,1.0,,0.6538460248307612,0.6538461538461539,False
liar2_finance,2,22,1,text_only,12,linear_svm,word_char,10.0,,0.6398024918114906,0.6398046398046398,False
liar2_finance,2,22,1,emotion_aware,1,logistic_regression,word,0.1,0.05,0.6678039702233252,0.667887667887668,False
liar2_finance,2,22,1,emotion_aware,2,logistic_regression,word,0.1,0.1,0.6526188084584579,0.6526251526251526,False
liar2_finance,2,22,1,emotion_aware,3,logistic_regression,word,0.1,0.25,0.6196568438354326,0.6196581196581197,False
liar2_finance,2,22,1,emotion_aware,4,logistic_regression,word,0.1,0.5,0.6220492693322319,0.6221001221001221,False
liar2_finance,2,22,1,emotion_aware,5,logistic_regression,word,0.1,1.0,0.6127555609251876,0.612942612942613,False
liar2_finance,2,22,1,emotion_aware,6,logistic_regression,word,1.0,0.05,0.6677905944986691,0.667887667887668,False
liar2_finance,2,22,1,emotion_aware,7,logistic_regression,word,1.0,0.1,0.6751652474200825,0.6752136752136753,False
liar2_finance,2,22,1,emotion_aware,8,logistic_regression,word,1.0,0.25,0.6665229867913948,0.6666666666666667,False
liar2_finance,2,22,1,emotion_aware,9,logistic_regression,word,1.0,0.5,0.657314891574676,0.6575091575091575,False
liar2_finance,2,22,1,emotion_aware,10,logistic_regression,word,1.0,1.0,0.658516209852974,0.6587301587301587,False
liar2_finance,2,22,1,emotion_aware,11,logistic_regression,word,10.0,0.05,0.6495303274288782,0.6495726495726495,False
liar2_finance,2,22,1,emotion_aware,12,logistic_regression,word,10.0,0.1,0.6513229290427782,0.6514041514041513,False
liar2_finance,2,22,1,emotion_aware,13,logistic_regression,word,10.0,0.25,0.6525442147554129,0.6526251526251525,False
liar2_finance,2,22,1,emotion_aware,14,logistic_regression,word,10.0,0.5,0.6525566492638438,0.6526251526251525,False
liar2_finance,2,22,1,emotion_aware,15,logistic_regression,word,10.0,1.0,0.6531730883931767,0.6532356532356531,False
liar2_finance,2,22,1,emotion_aware,16,logistic_regression,word_char,0.1,0.05,0.6708507390071636,0.670940170940171,False
liar2_finance,2,22,1,emotion_aware,17,logistic_regression,word_char,0.1,0.1,0.66719964330703,0.6672771672771673,False
liar2_finance,2,22,1,emotion_aware,18,logistic_regression,word_char,0.1,0.25,0.6599358237265848,0.6599511599511599,False
liar2_finance,2,22,1,emotion_aware,19,logistic_regression,word_char,0.1,0.5,0.6463766170573332,0.6465201465201464,False
liar2_finance,2,22,1,emotion_aware,20,logistic_regression,word_char,0.1,1.0,0.6341430946682084,0.6343101343101343,False
liar2_finance,2,22,1,emotion_aware,21,logistic_regression,word_char,1.0,0.05,0.666664678862837,0.6666666666666666,False
liar2_finance,2,22,1,emotion_aware,22,logistic_regression,word_char,1.0,0.1,0.6770392788655961,0.6770451770451771,False
liar2_finance,2,22,1,emotion_aware,23,logistic_regression,word_char,1.0,0.25,0.6806880678376741,0.6807081807081807,False
liar2_finance,2,22,1,emotion_aware,24,logistic_regression,word_char,1.0,0.5,0.6769920856720133,0.6770451770451771,False
liar2_finance,2,22,1,emotion_aware,25,logistic_regression,word_char,1.0,1.0,0.6732797629411346,0.6733821733821734,False
liar2_finance,2,22,1,emotion_aware,26,logistic_regression,word_char,10.0,0.05,0.6599510332111711,0.6599511599511599,False
liar2_finance,2,22,1,emotion_aware,27,logistic_regression,word_char,10.0,0.1,0.661171024604599,0.6611721611721612,False
liar2_finance,2,22,1,emotion_aware,28,logistic_regression,word_char,10.0,0.25,0.6592898647751995,0.6593406593406593,False
liar2_finance,2,22,1,emotion_aware,29,logistic_regression,word_char,10.0,0.5,0.6574528545595453,0.6575091575091575,False
liar2_finance,2,22,1,emotion_aware,30,logistic_regression,word_char,10.0,1.0,0.658057974472146,0.6581196581196581,False
liar2_finance,2,22,1,emotion_aware,31,linear_svm,word,0.1,0.05,0.6695505607502774,0.6697191697191698,False
liar2_finance,2,22,1,emotion_aware,32,linear_svm,word,0.1,0.1,0.6787957506203474,0.6788766788766789,False
liar2_finance,2,22,1,emotion_aware,33,linear_svm,word,0.1,0.25,0.6646450543217417,0.6648351648351649,False
liar2_finance,2,22,1,emotion_aware,34,linear_svm,word,0.1,0.5,0.6590946727994546,0.6593406593406593,False
liar2_finance,2,22,1,emotion_aware,35,linear_svm,word,0.1,1.0,0.6565525269182269,0.6568986568986569,False
liar2_finance,2,22,1,emotion_aware,36,linear_svm,word,1.0,0.05,0.6482992152518188,0.6483516483516483,False
liar2_finance,2,22,1,emotion_aware,37,linear_svm,word,1.0,0.1,0.645187929474391,0.6452991452991452,False
liar2_finance,2,22,1,emotion_aware,38,linear_svm,word,1.0,0.25,0.6482761397340061,0.6483516483516483,False
liar2_finance,2,22,1,emotion_aware,39,linear_svm,word,1.0,0.5,0.6476590719048739,0.6477411477411477,False
liar2_finance,2,22,1,emotion_aware,40,linear_svm,word,1.0,1.0,0.6482761397340061,0.6483516483516483,False
liar2_finance,2,22,1,emotion_aware,41,linear_svm,word,10.0,0.05,0.635524479173461,0.6355311355311355,False
liar2_finance,2,22,1,emotion_aware,42,linear_svm,word,10.0,0.1,0.6373539869846216,0.6373626373626373,False
liar2_finance,2,22,1,emotion_aware,43,linear_svm,word,10.0,0.25,0.6385814833091568,0.6385836385836385,False
liar2_finance,2,22,1,emotion_aware,44,linear_svm,word,10.0,0.5,0.6385814833091568,0.6385836385836385,False
liar2_finance,2,22,1,emotion_aware,45,linear_svm,word,10.0,1.0,0.639190777255025,0.6391941391941391,False
liar2_finance,2,22,1,emotion_aware,46,linear_svm,word_char,0.1,0.05,0.6678752892345126,0.667887667887668,False
liar2_finance,2,22,1,emotion_aware,47,linear_svm,word_char,0.1,0.1,0.6745884991854034,0.6746031746031746,False
liar2_finance,2,22,1,emotion_aware,48,linear_svm,word_char,0.1,0.25,0.6825164899390499,0.6825396825396826,True
liar2_finance,2,22,1,emotion_aware,49,linear_svm,word_char,0.1,0.5,0.6787828174748161,0.6788766788766789,False
liar2_finance,2,22,1,emotion_aware,50,linear_svm,word_char,0.1,1.0,0.6738521519168585,0.673992673992674,False
liar2_finance,2,22,1,emotion_aware,51,linear_svm,word_char,1.0,0.05,0.6501830198025152,0.6501831501831502,False
liar2_finance,2,22,1,emotion_aware,52,linear_svm,word_char,1.0,0.1,0.650788965221125,0.6507936507936508,False
liar2_finance,2,22,1,emotion_aware,53,linear_svm,word_char,1.0,0.25,0.6532310004293689,0.6532356532356532,False
liar2_finance,2,22,1,emotion_aware,54,linear_svm,word_char,1.0,0.5,0.6520125768348299,0.652014652014652,False
liar2_finance,2,22,1,emotion_aware,55,linear_svm,word_char,1.0,1.0,0.6526188084584579,0.6526251526251526,False
liar2_finance,2,22,1,emotion_aware,56,linear_svm,word_char,10.0,0.05,0.639190777255025,0.6391941391941391,False
liar2_finance,2,22,1,emotion_aware,57,linear_svm,word_char,10.0,0.1,0.6397998067840275,0.6398046398046398,False
liar2_finance,2,22,1,emotion_aware,58,linear_svm,word_char,10.0,0.25,0.6343067268625381,0.6343101343101343,False
liar2_finance,2,22,1,emotion_aware,59,linear_svm,word_char,10.0,0.5,0.6343034556531041,0.6343101343101343,False
liar2_finance,2,22,1,emotion_aware,60,linear_svm,word_char,10.0,1.0,0.6342990939494879,0.6343101343101343,False
liar2_finance,2,22,2,text_only,1,logistic_regression,word,0.1,,0.650785320800006,0.6507936507936508,False
liar2_finance,2,22,2,text_only,2,logistic_regression,word,1.0,,0.6489609714371971,0.648962148962149,False
liar2_finance,2,22,2,text_only,3,logistic_regression,word,10.0,,0.6440769501702364,0.6440781440781441,False
liar2_finance,2,22,2,text_only,4,logistic_regression,word_char,0.1,,0.6531937734836286,0.6532356532356532,True
liar2_finance,2,22,2,text_only,5,logistic_regression,word_char,1.0,,0.6514009032362424,0.6514041514041514,False
liar2_finance,2,22,2,text_only,6,logistic_regression,word_char,10.0,,0.6434485072123448,0.6434676434676434,False
liar2_finance,2,22,2,text_only,7,linear_svm,word,0.1,,0.6483495513278281,0.6483516483516484,False
liar2_finance,2,22,2,text_only,8,linear_svm,word,1.0,,0.6410251058500804,0.641025641025641,False
liar2_finance,2,22,2,text_only,9,linear_svm,word,10.0,,0.6282049896330398,0.6282051282051282,False
liar2_finance,2,22,2,text_only,10,linear_svm,word_char,0.1,,0.6520125768348299,0.652014652014652,False
liar2_finance,2,22,2,text_only,11,linear_svm,word_char,1.0,,0.6373491209656258,0.6373626373626373,False
liar2_finance,2,22,2,text_only,12,linear_svm,word_char,10.0,,0.6287957061388796,0.6288156288156288,False
liar2_finance,2,22,2,emotion_aware,1,logistic_regression,word,0.1,0.05,0.6519959745051995,0.652014652014652,False
liar2_finance,2,22,2,emotion_aware,2,logistic_regression,word,0.1,0.1,0.6361394663044888,0.6361416361416361,False
liar2_finance,2,22,2,emotion_aware,3,logistic_regression,word,0.1,0.25,0.627580747119582,0.6275946275946276,False
liar2_finance,2,22,2,emotion_aware,4,logistic_regression,word,0.1,0.5,0.6128727782416796,0.612942612942613,False
liar2_finance,2,22,2,emotion_aware,5,logistic_regression,word,0.1,1.0,0.6011169771805052,0.6013431013431013,False
liar2_finance,2,22,2,emotion_aware,6,logistic_regression,word,1.0,0.05,0.6514009032362424,0.6514041514041514,False
liar2_finance,2,22,2,emotion_aware,7,logistic_regression,word,1.0,0.1,0.6520099828252469,0.652014652014652,False
liar2_finance,2,22,2,emotion_aware,8,logistic_regression,word,1.0,0.25,0.650791568332496,0.6507936507936508,False
liar2_finance,2,22,2,emotion_aware,9,logistic_regression,word,1.0,0.5,0.6459048948046372,0.645909645909646,False
liar2_finance,2,22,2,emotion_aware,10,logistic_regression,word,1.0,1.0,0.6446695739684669,0.6446886446886446,False
liar2_finance,2,22,2,emotion_aware,11,logistic_regression,word,10.0,0.05,0.6471306471306472,0.6471306471306472,False
liar2_finance,2,22,2,emotion_aware,12,logistic_regression,word,10.0,0.1,0.6434591387188873,0.6434676434676434,False
liar2_finance,2,22,2,emotion_aware,13,logistic_regression,word,10.0,0.25,0.6416199794030615,0.6416361416361416,False
liar2_finance,2,22,2,emotion_aware,14,logistic_regression,word,10.0,0.5,0.6434543546194031,0.6434676434676434,False
liar2_finance,2,22,2,emotion_aware,15,logistic_regression,word,10.0,1.0,0.6446754013501586,0.6446886446886446,False
liar2_finance,2,22,2,emotion_aware,16,logistic_regression,word_char,0.1,0.05,0.6568981453873219,0.6568986568986569,True
liar2_finance,2,22,2,emotion_aware,17,logistic_regression,word_char,0.1,0.1,0.655045427013931,0.6550671550671551,False
liar2_finance,2,22,2,emotion_aware,18,logistic_regression,word_char,0.1,0.25,0.6440769501702364,0.6440781440781441,False
liar2_finance,2,22,2,emotion_aware,19,logistic_regression,word_char,0.1,0.5,0.6501141652516389,0.6501831501831501,False
liar2_finance,2,22,2,emotion_aware,20,logistic_regression,word_char,0.1,1.0,0.6364528216022247,0.6367521367521367,False
liar2_finance,2,22,2,emotion_aware,21,logistic_regression,word_char,1.0,0.05,0.6489609714371971,0.648962148962149,False
liar2_finance,2,22,2,emotion_aware,22,logistic_regression,word_char,1.0,0.1,0.6544566544566545,0.6544566544566545,False
liar2_finance,2,22,2,emotion_aware,23,logistic_regression,word_char,1.0,0.25,0.6514009032362424,0.6514041514041514,False
liar2_finance,2,22,2,emotion_aware,24,logistic_regression,word_char,1.0,0.5,0.6495538409929553,0.6495726495726496,False
liar2_finance,2,22,2,emotion_aware,25,logistic_regression,word_char,1.0,1.0,0.646509474785899,0.6465201465201466,False
liar2_finance,2,22,2,emotion_aware,26,logistic_regression,word_char,10.0,0.05,0.6446881149740593,0.6446886446886447,False
liar2_finance,2,22,2,emotion_aware,27,logistic_regression,word_char,10.0,0.1,0.6434671119327331,0.6434676434676435,False
liar2_finance,2,22,2,emotion_aware,28,logistic_regression,word_char,10.0,0.25,0.6410235003138245,0.641025641025641,False
liar2_finance,2,22,2,emotion_aware,29,logistic_regression,word_char,10.0,0.5,0.6434671119327331,0.6434676434676435,False
liar2_finance,2,22,2,emotion_aware,30,logistic_regression,word_char,10.0,1.0,0.6434676434676435,0.6434676434676435,False
liar2_finance,2,22,2,emotion_aware,31,linear_svm,word,0.1,0.05,0.6538398319788147,0.6538461538461539,False
liar2_finance,2,22,2,emotion_aware,32,linear_svm,word,0.1,0.1,0.6556694421874185,0.6556776556776557,False
liar2_finance,2,22,2,emotion_aware,33,linear_svm,word,0.1,0.25,0.6514040214785972,0.6514041514041514,False
liar2_finance,2,22,2,emotion_aware,34,linear_svm,word,0.1,0.5,0.6477305128695401,0.6477411477411478,False
liar2_finance,2,22,2,emotion_aware,35,linear_svm,word,0.1,1.0,0.6458568486910674,0.6459096459096458,False
liar2_finance,2,22,2,emotion_aware,36,linear_svm,word,1.0,0.05,0.6397853069439785,0.6398046398046398,False
liar2_finance,2,22,2,emotion_aware,37,linear_svm,word,1.0,0.1,0.6397853069439785,0.6398046398046398,False
liar2_finance,2,22,2,emotion_aware,38,linear_svm,word,1.0,0.25,0.6422205059697754,0.6422466422466422,False
liar2_finance,2,22,2,emotion_aware,39,linear_svm,word,1.0,0.5,0.6416253224513346,0.6416361416361416,False
liar2_finance,2,22,2,emotion_aware,40,linear_svm,word,1.0,1.0,0.6416253224513346,0.6416361416361416,False
liar2_finance,2,22,2,emotion_aware,41,linear_svm,word,10.0,0.05,0.6282038810526139,0.6282051282051282,False
liar2_finance,2,22,2,emotion_aware,42,linear_svm,word,10.0,0.1,0.6349010399194901,0.6349206349206349,False
liar2_finance,2,22,2,emotion_aware,43,linear_svm,word,10.0,0.25,0.6349070275041149,0.6349206349206349,False
liar2_finance,2,22,2,emotion_aware,44,linear_svm,word,10.0,0.5,0.6355201320331291,0.6355311355311355,False
liar2_finance,2,22,2,emotion_aware,45,linear_svm,word,10.0,1.0,0.6355201320331291,0.6355311355311355,False
liar2_finance,2,22,2,emotion_aware,46,linear_svm,word_char,0.1,0.05,0.6489620181264333,0.648962148962149,False
liar2_finance,2,22,2,emotion_aware,47,linear_svm,word_char,0.1,0.1,0.6514040214785972,0.6514041514041514,False
liar2_finance,2,22,2,emotion_aware,48,linear_svm,word_char,0.1,0.25,0.651397784938101,0.6514041514041514,False
liar2_finance,2,22,2,emotion_aware,49,linear_svm,word_char,0.1,0.5,0.648338541542425,0.6483516483516484,False
liar2_finance,2,22,2,emotion_aware,50,linear_svm,word_char,0.1,1.0,0.6477189582071472,0.6477411477411477,False
liar2_finance,2,22,2,emotion_aware,51,linear_svm,word_char,1.0,0.05,0.6391940047177775,0.6391941391941391,False
liar2_finance,2,22,2,emotion_aware,52,linear_svm,word_char,1.0,0.1,0.6391832462840523,0.6391941391941391,False
liar2_finance,2,22,2,emotion_aware,53,linear_svm,word_char,1.0,0.25,0.6367487520587816,0.6367521367521367,False
liar2_finance,2,22,2,emotion_aware,54,linear_svm,word_char,1.0,0.5,0.6385814833091568,0.6385836385836385,False
liar2_finance,2,22,2,emotion_aware,55,linear_svm,word_char,1.0,1.0,0.6379719235865353,0.6379731379731379,False
liar2_finance,2,22,2,emotion_aware,56,linear_svm,word_char,10.0,0.05,0.6361416361416361,0.6361416361416361,False
liar2_finance,2,22,2,emotion_aware,57,linear_svm,word_char,10.0,0.1,0.6379697646569034,0.6379731379731379,False
liar2_finance,2,22,2,emotion_aware,58,linear_svm,word_char,10.0,0.25,0.6404150063938595,0.6404151404151404,False
liar2_finance,2,22,2,emotion_aware,59,linear_svm,word_char,10.0,0.5,0.6398041028087542,0.6398046398046398,False
liar2_finance,2,22,2,emotion_aware,60,linear_svm,word_char,10.0,1.0,0.6404150063938595,0.6404151404151404,False
liar2_finance,2,22,3,text_only,1,logistic_regression,word,0.1,,0.6251073537305422,0.6251526251526252,False
liar2_finance,2,22,3,text_only,2,logistic_regression,word,1.0,,0.6403667522402012,0.6404151404151404,False
liar2_finance,2,22,3,text_only,3,logistic_regression,word,10.0,,0.6322368421052632,0.6324786324786325,False
liar2_finance,2,22,3,text_only,4,logistic_regression,word_char,0.1,,0.6428559448534962,0.6428571428571429,True
liar2_finance,2,22,3,text_only,5,logistic_regression,word_char,1.0,,0.639739651676011,0.6398046398046398,False
liar2_finance,2,22,3,text_only,6,logistic_regression,word_char,10.0,,0.6213789863771596,0.6214896214896215,False
liar2_finance,2,22,3,text_only,7,linear_svm,word,0.1,,0.6409822866344606,0.641025641025641,False
liar2_finance,2,22,3,text_only,8,linear_svm,word,1.0,,0.6285941455424764,0.6288156288156288,False
liar2_finance,2,22,3,text_only,9,linear_svm,word,10.0,,0.5970095174760424,0.5970695970695971,False
liar2_finance,2,22,3,text_only,10,linear_svm,word_char,0.1,,0.6366924215025481,0.6367521367521367,False
liar2_finance,2,22,3,text_only,11,linear_svm,word_char,1.0,,0.6115339696347308,0.6117216117216118,False
liar2_finance,2,22,3,text_only,12,linear_svm,word_char,10.0,,0.601820036508107,0.601953601953602,False
liar2_finance,2,22,3,emotion_aware,1,logistic_regression,word,0.1,0.05,0.6404139342200157,0.6404151404151404,False
liar2_finance,2,22,3,emotion_aware,2,logistic_regression,word,0.1,0.1,0.6367455026938179,0.6367521367521367,False
liar2_finance,2,22,3,emotion_aware,3,logistic_regression,word,0.1,0.25,0.6122556630624619,0.6123321123321124,False
liar2_finance,2,22,3,emotion_aware,4,logistic_regression,word,0.1,0.5,0.6145084561175147,0.6147741147741148,False
liar2_finance,2,22,3,emotion_aware,5,logistic_regression,word,0.1,1.0,0.6069721751104096,0.6074481074481075,False
liar2_finance,2,22,3,emotion_aware,6,logistic_regression,word,1.0,0.05,0.6513094099686279,0.6514041514041513,False
liar2_finance,2,22,3,emotion_aware,7,logistic_regression,word,1.0,0.1,0.6531032579921104,0.6532356532356532,False
liar2_finance,2,22,3,emotion_aware,8,logistic_regression,word,1.0,0.25,0.650563909774436,0.6507936507936508,False
liar2_finance,2,22,3,emotion_aware,9,logistic_regression,word,1.0,0.5,0.6493196096539192,0.6495726495726496,False
liar2_finance,2,22,3,emotion_aware,10,logistic_regression,word,1.0,1.0,0.6432549029552734,0.6434676434676434,False
liar2_finance,2,22,3,emotion_aware,11,logistic_regression,word,10.0,0.05,0.6335226128629535,0.6336996336996337,False
liar2_finance,2,22,3,emotion_aware,12,logistic_regression,word,10.0,0.1,0.640832338902148,0.641025641025641,False
liar2_finance,2,22,3,emotion_aware,13,logistic_regression,word,10.0,0.25,0.6371873867343241,0.6373626373626373,False
liar2_finance,2,22,3,emotion_aware,14,logistic_regression,word,10.0,0.5,0.6396305693152377,0.6398046398046398,False
liar2_finance,2,22,3,emotion_aware,15,logistic_regression,word,10.0,1.0,0.6396493813313606,0.6398046398046398,False
liar2_finance,2,22,3,emotion_aware,16,logistic_regression,word_char,0.1,0.05,0.6544484118405653,0.6544566544566545,True
liar2_finance,2,22,3,emotion_aware,17,logistic_regression,word_char,0.1,0.1,0.6514009032362424,0.6514041514041514,False
liar2_finance,2,22,3,emotion_aware,18,logistic_regression,word_char,0.1,0.25,0.6391875497345317,0.6391941391941391,False
liar2_finance,2,22,3,emotion_aware,19,logistic_regression,word_char,0.1,0.5,0.6339552827648265,0.6343101343101343,False
liar2_finance,2,22,3,emotion_aware,20,logistic_regression,word_char,0.1,1.0,0.629505822633622,0.63003663003663,False
liar2_finance,2,22,3,emotion_aware,21,logistic_regression,word_char,1.0,0.05,0.6506431290195565,0.6507936507936507,False
liar2_finance,2,22,3,emotion_aware,22,logistic_regression,word_char,1.0,0.1,0.6513094099686279,0.6514041514041513,False
liar2_finance,2,22,3,emotion_aware,23,logistic_regression,word_char,1.0,0.25,0.6536074399661345,0.6538461538461539,False
liar2_finance,2,22,3,emotion_aware,24,logistic_regression,word_char,1.0,0.5,0.6499847288276103,0.6501831501831502,False
liar2_finance,2,22,3,emotion_aware,25,logistic_regression,word_char,1.0,1.0,0.650563909774436,0.6507936507936508,False
liar2_finance,2,22,3,emotion_aware,26,logistic_regression,word_char,10.0,0.05,0.6226155397022333,0.6227106227106227,False
liar2_finance,2,22,3,emotion_aware,27,logistic_regression,word_char,10.0,0.1,0.6262482551272415,0.6263736263736264,False
liar2_finance,2,22,3,emotion_aware,28,logistic_regression,word_char,10.0,0.25,0.6231490641240143,0.6233211233211233,False
liar2_finance,2,22,3,emotion_aware,29,logistic_regression,word_char,10.0,0.5,0.6238217025940811,0.6239316239316239,False
liar2_finance,2,22,3,emotion_aware,30,logistic_regression,word_char,10.0,1.0,0.6274524425619497,0.6275946275946276,False
liar2_finance,2,22,3,emotion_aware,31,linear_svm,word,0.1,0.05,0.6512948497932483,0.6514041514041513,False
liar2_finance,2,22,3,emotion_aware,32,linear_svm,word,0.1,0.1,0.6512948497932483,0.6514041514041513,False
liar2_finance,2,22,3,emotion_aware,33,linear_svm,word,0.1,0.25,0.649869826008163,0.6501831501831502,False
liar2_finance,2,22,3,emotion_aware,34,linear_svm,word,0.1,0.5,0.6443572647940119,0.6446886446886447,False
liar2_finance,2,22,3,emotion_aware,35,linear_svm,word,0.1,1.0,0.642510585004046,0.6428571428571429,False
liar2_finance,2,22,3,emotion_aware,36,linear_svm,word,1.0,0.05,0.6341616470075001,0.6343101343101343,False
liar2_finance,2,22,3,emotion_aware,37,linear_svm,word,1.0,0.1,0.6341791063140104,0.6343101343101343,False
liar2_finance,2,22,3,emotion_aware,38,linear_svm,word,1.0,0.25,0.6329018244194393,0.6330891330891331,False
liar2_finance,2,22,3,emotion_aware,39,linear_svm,word,1.0,0.5,0.6335023866348448,0.6336996336996337,False
liar2_finance,2,22,3,emotion_aware,40,linear_svm,word,1.0,1.0,0.6353244033334788,0.6355311355311355,False
liar2_finance,2,22,3,emotion_aware,41,linear_svm,word,10.0,0.05,0.6061494530319496,0.6062271062271063,False
liar2_finance,2,22,3,emotion_aware,42,linear_svm,word,10.0,0.1,0.6067901234567902,0.6068376068376069,False
liar2_finance,2,22,3,emotion_aware,43,linear_svm,word,10.0,0.25,0.6055689747718733,0.6056166056166057,False
liar2_finance,2,22,3,emotion_aware,44,linear_svm,word,10.0,0.5,0.6049729780503269,0.6050061050061051,False
liar2_finance,2,22,3,emotion_aware,45,linear_svm,word,10.0,1.0,0.6043578545900756,0.6043956043956045,False
liar2_finance,2,22,3,emotion_aware,46,linear_svm,word_char,0.1,0.05,0.6469785464568244,0.647130647130647,False
liar2_finance,2,22,3,emotion_aware,47,linear_svm,word_char,0.1,0.1,0.6500578095457896,0.6501831501831501,False
liar2_finance,2,22,3,emotion_aware,48,linear_svm,word_char,0.1,0.25,0.6505180295778179,0.6507936507936508,False
liar2_finance,2,22,3,emotion_aware,49,linear_svm,word_char,0.1,0.5,0.6517633754403029,0.652014652014652,False
liar2_finance,2,22,3,emotion_aware,50,linear_svm,word_char,0.1,1.0,0.6534554419203744,0.6538461538461539,False
liar2_finance,2,22,3,emotion_aware,51,linear_svm,word_char,1.0,0.05,0.6109334746304653,0.6111111111111112,False
liar2_finance,2,22,3,emotion_aware,52,linear_svm,word_char,1.0,0.1,0.6114661654135338,0.6117216117216118,False
liar2_finance,2,22,3,emotion_aware,53,linear_svm,word_char,1.0,0.25,0.6109334746304653,0.6111111111111112,False
liar2_finance,2,22,3,emotion_aware,54,linear_svm,word_char,1.0,0.5,0.6115542483504158,0.6117216117216118,False
liar2_finance,2,22,3,emotion_aware,55,linear_svm,word_char,1.0,1.0,0.6109334746304653,0.6111111111111112,False
liar2_finance,2,22,3,emotion_aware,56,linear_svm,word_char,10.0,0.05,0.5999179617216851,0.6001221001221001,False
liar2_finance,2,22,3,emotion_aware,57,linear_svm,word_char,10.0,0.1,0.6010681804195517,0.6013431013431013,False
liar2_finance,2,22,3,emotion_aware,58,linear_svm,word_char,10.0,0.25,0.6047584754470021,0.6050061050061051,False
liar2_finance,2,22,3,emotion_aware,59,linear_svm,word_char,10.0,0.5,0.6047584754470021,0.6050061050061051,False
liar2_finance,2,22,3,emotion_aware,60,linear_svm,word_char,10.0,1.0,0.6041825775656324,0.6043956043956045,False
liar2_finance,2,22,4,text_only,1,logistic_regression,word,0.1,,0.6349119262909153,0.6349206349206349,False
liar2_finance,2,22,4,text_only,2,logistic_regression,word,1.0,,0.6391832462840523,0.6391941391941391,False
liar2_finance,2,22,4,text_only,3,logistic_regression,word,10.0,,0.6275924067881513,0.6275946275946276,False
liar2_finance,2,22,4,text_only,4,logistic_regression,word_char,0.1,,0.6434591387188873,0.6434676434676434,True
liar2_finance,2,22,4,text_only,5,logistic_regression,word_char,1.0,,0.6415237772830766,0.6416361416361416,False
liar2_finance,2,22,4,text_only,6,logistic_regression,word_char,10.0,,0.6306436890681728,0.6306471306471306,False
liar2_finance,2,22,4,text_only,7,linear_svm,word,0.1,,0.6410063737001006,0.641025641025641,False
liar2_finance,2,22,4,text_only,8,linear_svm,word,1.0,,0.6184335630869554,0.6184371184371185,False
liar2_finance,2,22,4,text_only,9,linear_svm,word,10.0,,0.6147624846112302,0.6147741147741148,False
liar2_finance,2,22,4,text_only,10,linear_svm,word_char,0.1,,0.6421564826302729,0.6422466422466422,False
liar2_finance,2,22,4,text_only,11,linear_svm,word_char,1.0,,0.6251503897834835,0.6251526251526252,False
liar2_finance,2,22,4,text_only,12,linear_svm,word_char,10.0,,0.6178260480648816,0.6178266178266179,False
liar2_finance,2,22,4,emotion_aware,1,logistic_regression,word,0.1,0.05,0.6598719290312214,0.65995115995116,False
liar2_finance,2,22,4,emotion_aware,2,logistic_regression,word,0.1,0.1,0.6391875497345317,0.6391941391941391,False
liar2_finance,2,22,4,emotion_aware,3,logistic_regression,word,0.1,0.25,0.6202680541475342,0.6202686202686203,False
liar2_finance,2,22,4,emotion_aware,4,logistic_regression,word,0.1,0.5,0.6177445546414719,0.6178266178266179,False
liar2_finance,2,22,4,emotion_aware,5,logistic_regression,word,0.1,1.0,0.6091485020938474,0.6092796092796093,False
liar2_finance,2,22,4,emotion_aware,6,logistic_regression,word,1.0,0.05,0.6562777794550279,0.6562881562881563,False
liar2_finance,2,22,4,emotion_aware,7,logistic_regression,word,1.0,0.1,0.6587147674383499,0.6587301587301587,False
liar2_finance,2,22,4,emotion_aware,8,logistic_regression,word,1.0,0.25,0.6550567413713868,0.6550671550671551,False
liar2_finance,2,22,4,emotion_aware,9,logistic_regression,word,1.0,0.5,0.6532103197795776,0.6532356532356532,False
liar2_finance,2,22,4,emotion_aware,10,logistic_regression,word,1.0,1.0,0.653824348879467,0.6538461538461539,False
liar2_finance,2,22,4,emotion_aware,11,logistic_regression,word,10.0,0.05,0.6422461088914068,0.6422466422466423,False
liar2_finance,2,22,4,emotion_aware,12,logistic_regression,word,10.0,0.1,0.6404139342200157,0.6404151404151404,False
liar2_finance,2,22,4,emotion_aware,13,logistic_regression,word,10.0,0.25,0.644074827647512,0.6440781440781441,False
liar2_finance,2,22,4,emotion_aware,14,logistic_regression,word,10.0,0.5,0.6440769501702364,0.6440781440781441,False
liar2_finance,2,22,4,emotion_aware,15,logistic_regression,word,10.0,1.0,0.6440769501702364,0.6440781440781441,False
liar2_finance,2,22,4,emotion_aware,16,logistic_regression,word_char,0.1,0.05,0.6580783682232958,0.6581196581196581,False
liar2_finance,2,22,4,emotion_aware,17,logistic_regression,word_char,0.1,0.1,0.6660460841241567,0.666056166056166,True
liar2_finance,2,22,4,emotion_aware,18,logistic_regression,word_char,0.1,0.25,0.6538357032877457,0.6538461538461539,False
liar2_finance,2,22,4,emotion_aware,19,logistic_regression,word_char,0.1,0.5,0.6391638794864656,0.6391941391941391,False
liar2_finance,2,22,4,emotion_aware,20,logistic_regression,word_char,0.1,1.0,0.6280719127633261,0.6282051282051282,False
liar2_finance,2,22,4,emotion_aware,21,logistic_regression,word_char,1.0,0.05,0.6587147674383499,0.6587301587301587,False
liar2_finance,2,22,4,emotion_aware,22,logistic_regression,word_char,1.0,0.1,0.6642066420664207,0.6642246642246642,False
liar2_finance,2,22,4,emotion_aware,23,logistic_regression,word_char,1.0,0.25,0.6641640820708576,0.6642246642246643,False
liar2_finance,2,22,4,emotion_aware,24,logistic_regression,word_char,1.0,0.5,0.6599145281622809,0.6599511599511599,False
liar2_finance,2,22,4,emotion_aware,25,logistic_regression,word_char,1.0,1.0,0.6574630696209727,0.6575091575091575,False
liar2_finance,2,22,4,emotion_aware,26,logistic_regression,word_char,10.0,0.05,0.6306403850920334,0.6306471306471306,False
liar2_finance,2,22,4,emotion_aware,27,logistic_regression,word_char,10.0,0.1,0.6361367539716616,0.6361416361416361,False
liar2_finance,2,22,4,emotion_aware,28,logistic_regression,word_char,10.0,0.25,0.648346930012881,0.6483516483516484,False
liar2_finance,2,22,4,emotion_aware,29,logistic_regression,word_char,10.0,0.5,0.6507749077490774,0.6507936507936508,False
liar2_finance,2,22,4,emotion_aware,30,logistic_regression,word_char,10.0,1.0,0.6495538409929553,0.6495726495726496,False
liar2_finance,2,22,4,emotion_aware,31,linear_svm,word,0.1,0.05,0.6568904725342716,0.6568986568986569,False
liar2_finance,2,22,4,emotion_aware,32,linear_svm,word,0.1,0.1,0.6581069153884689,0.6581196581196581,False
liar2_finance,2,22,4,emotion_aware,33,linear_svm,word,0.1,0.25,0.655659174773566,0.6556776556776557,False
liar2_finance,2,22,4,emotion_aware,34,linear_svm,word,0.1,0.5,0.6556360708534622,0.6556776556776557,False
liar2_finance,2,22,4,emotion_aware,35,linear_svm,word,0.1,1.0,0.6537778912699463,0.6538461538461537,False
liar2_finance,2,22,4,emotion_aware,36,linear_svm,word,1.0,0.05,0.6300360784781442,0.63003663003663,False
liar2_finance,2,22,4,emotion_aware,37,linear_svm,word,1.0,0.1,0.6330857142644164,0.6330891330891331,False
liar2_finance,2,22,4,emotion_aware,38,linear_svm,word,1.0,0.25,0.6349206349206349,0.6349206349206349,False
liar2_finance,2,22,4,emotion_aware,39,linear_svm,word,1.0,0.5,0.634918457802155,0.6349206349206349,False
liar2_finance,2,22,4,emotion_aware,40,linear_svm,word,1.0,1.0,0.634918457802155,0.6349206349206349,False
liar2_finance,2,22,4,emotion_aware,41,linear_svm,word,10.0,0.05,0.6184255988621535,0.6184371184371185,False
liar2_finance,2,22,4,emotion_aware,42,linear_svm,word,10.0,0.1,0.6166004723057106,0.6166056166056166,False
liar2_finance,2,22,4,emotion_aware,43,linear_svm,word,10.0,0.25,0.6147739711961382,0.6147741147741148,False
liar2_finance,2,22,4,emotion_aware,44,linear_svm,word,10.0,0.5,0.6135460558070365,0.6135531135531136,False
liar2_finance,2,22,4,emotion_aware,45,linear_svm,word,10.0,1.0,0.6141544103944122,0.6141636141636142,False
liar2_finance,2,22,4,emotion_aware,46,linear_svm,word_char,0.1,0.05,0.6611356609157377,0.6611721611721612,False
liar2_finance,2,22,4,emotion_aware,47,linear_svm,word_char,0.1,0.1,0.6648140520896426,0.6648351648351649,False
liar2_finance,2,22,4,emotion_aware,48,linear_svm,word_char,0.1,0.25,0.6635588642821916,0.6636141636141637,False
liar2_finance,2,22,4,emotion_aware,49,linear_svm,word_char,0.1,0.5,0.6598952584486037,0.65995115995116,False
liar2_finance,2,22,4,emotion_aware,50,linear_svm,word_char,0.1,1.0,0.6580686814948238,0.6581196581196581,False
liar2_finance,2,22,4,emotion_aware,51,linear_svm,word_char,1.0,0.05,0.6251436835160903,0.6251526251526252,False
liar2_finance,2,22,4,emotion_aware,52,linear_svm,word_char,1.0,0.1,0.6324737011592958,0.6324786324786325,False
liar2_finance,2,22,4,emotion_aware,53,linear_svm,word_char,1.0,0.25,0.6373577715757837,0.6373626373626373,False
liar2_finance,2,22,4,emotion_aware,54,linear_svm,word_char,1.0,0.5,0.6404042843676935,0.6404151404151404,False
liar2_finance,2,22,4,emotion_aware,55,linear_svm,word_char,1.0,1.0,0.6404042843676935,0.6404151404151404,False
liar2_finance,2,22,4,emotion_aware,56,linear_svm,word_char,10.0,0.05,0.6251386536580712,0.6251526251526252,False
liar2_finance,2,22,4,emotion_aware,57,linear_svm,word_char,10.0,0.1,0.6282049896330398,0.6282051282051282,False
liar2_finance,2,22,4,emotion_aware,58,linear_svm,word_char,10.0,0.25,0.6275924067881513,0.6275946275946276,False
liar2_finance,2,22,4,emotion_aware,59,linear_svm,word_char,10.0,0.5,0.6245352674902488,0.6245421245421245,False
liar2_finance,2,22,4,emotion_aware,60,linear_svm,word_char,10.0,1.0,0.6245352674902488,0.6245421245421245,False
liar2_finance,2,22,5,text_only,1,logistic_regression,word,0.1,,0.6493682120864971,0.649390243902439,True
liar2_finance,2,22,5,text_only,2,logistic_regression,word,1.0,,0.6469353358029566,0.6469512195121951,False
liar2_finance,2,22,5,text_only,3,logistic_regression,word,10.0,,0.629861396947141,0.6298780487804878,False
liar2_finance,2,22,5,text_only,4,logistic_regression,word_char,0.1,,0.6487721302113079,0.6487804878048781,False
liar2_finance,2,22,5,text_only,5,logistic_regression,word_char,1.0,,0.6463330477822198,0.6463414634146342,False
liar2_finance,2,22,5,text_only,6,logistic_regression,word_char,10.0,,0.6237691572359221,0.623780487804878,False
liar2_finance,2,22,5,text_only,7,linear_svm,word,0.1,,0.6481486232589719,0.6481707317073171,False
liar2_finance,2,22,5,text_only,8,linear_svm,word,1.0,,0.6268153931957613,0.6268292682926829,False
liar2_finance,2,22,5,text_only,9,linear_svm,word,10.0,,0.6195031410622501,0.6195121951219512,False
liar2_finance,2,22,5,text_only,10,linear_svm,word_char,0.1,,0.6475478713515523,0.6475609756097561,False
liar2_finance,2,22,5,text_only,11,linear_svm,word_char,1.0,,0.6188988966658301,0.6189024390243902,False
liar2_finance,2,22,5,text_only,12,linear_svm,word_char,10.0,,0.6121945452030715,0.6121951219512195,False
liar2_finance,2,22,5,emotion_aware,1,logistic_regression,word,0.1,0.05,0.6567061683356317,0.6567073170731708,False
liar2_finance,2,22,5,emotion_aware,2,logistic_regression,word,0.1,0.1,0.6335331790338623,0.6335365853658537,False
liar2_finance,2,22,5,emotion_aware,3,logistic_regression,word,0.1,0.25,0.624390243902439,0.624390243902439,False
liar2_finance,2,22,5,emotion_aware,4,logistic_regression,word,0.1,0.5,0.6181649124112024,0.6182926829268293,False
liar2_finance,2,22,5,emotion_aware,5,logistic_regression,word,0.1,1.0,0.6064109838795196,0.6067073170731707,False
liar2_finance,2,22,5,emotion_aware,6,logistic_regression,word,1.0,0.05,0.6530383313893674,0.6530487804878049,False
liar2_finance,2,22,5,emotion_aware,7,logistic_regression,word,1.0,0.1,0.656084774121584,0.6560975609756098,False
liar2_finance,2,22,5,emotion_aware,8,logistic_regression,word,1.0,0.25,0.6609574575676271,0.6609756097560976,False
liar2_finance,2,22,5,emotion_aware,9,logistic_regression,word,1.0,0.5,0.6560561281177537,0.6560975609756098,False
liar2_finance,2,22,5,emotion_aware,10,logistic_regression,word,1.0,1.0,0.6560356637645977,0.6560975609756098,False
liar2_finance,2,22,5,emotion_aware,11,logistic_regression,word,10.0,0.05,0.634716847549428,0.6347560975609756,False
liar2_finance,2,22,5,emotion_aware,12,logistic_regression,word,10.0,0.1,0.640200559555806,0.6402439024390244,False
liar2_finance,2,22,5,emotion_aware,13,logistic_regression,word,10.0,0.25,0.6359364907963415,0.6359756097560976,False
liar2_finance,2,22,5,emotion_aware,14,logistic_regression,word,10.0,0.5,0.634716847549428,0.6347560975609756,False
liar2_finance,2,22,5,emotion_aware,15,logistic_regression,word,10.0,1.0,0.6341196785607517,0.6341463414634146,False
liar2_finance,2,22,5,emotion_aware,16,logistic_regression,word_char,0.1,0.05,0.6518229250904705,0.651829268292683,False
liar2_finance,2,22,5,emotion_aware,17,logistic_regression,word_char,0.1,0.1,0.6621951219512195,0.6621951219512195,False
liar2_finance,2,22,5,emotion_aware,18,logistic_regression,word_char,0.1,0.25,0.6487783984437743,0.6487804878048781,False
liar2_finance,2,22,5,emotion_aware,19,logistic_regression,word_char,0.1,0.5,0.6413588731992074,0.6414634146341464,False
liar2_finance,2,22,5,emotion_aware,20,logistic_regression,word_char,0.1,1.0,0.6296234286583839,0.6298780487804878,False
liar2_finance,2,22,5,emotion_aware,21,logistic_regression,word_char,1.0,0.05,0.6493431784977088,0.649390243902439,False
liar2_finance,2,22,5,emotion_aware,22,logistic_regression,word_char,1.0,0.1,0.6530383313893674,0.6530487804878049,False
liar2_finance,2,22,5,emotion_aware,23,logistic_regression,word_char,1.0,0.25,0.6560955151428622,0.6560975609756098,False
liar2_finance,2,22,5,emotion_aware,24,logistic_regression,word_char,1.0,0.5,0.6554774292354879,0.6554878048780488,False
liar2_finance,2,22,5,emotion_aware,25,logistic_regression,word_char,1.0,1.0,0.6560724978471066,0.6560975609756098,False
liar2_finance,2,22,5,emotion_aware,26,logistic_regression,word_char,10.0,0.05,0.6268270483465102,0.6268292682926829,False
liar2_finance,2,22,5,emotion_aware,27,logistic_regression,word_char,10.0,0.1,0.628046567796358,0.6280487804878049,False
liar2_finance,2,22,5,emotion_aware,28,logistic_regression,word_char,10.0,0.25,0.6310974238167102,0.6310975609756098,False
liar2_finance,2,22,5,emotion_aware,29,logistic_regression,word_char,10.0,0.5,0.6317067693437973,0.6317073170731707,False
liar2_finance,2,22,5,emotion_aware,30,logistic_regression,word_char,10.0,1.0,0.630487255335002,0.6304878048780488,False
liar2_finance,2,22,5,emotion_aware,31,linear_svm,word,0.1,0.05,0.6554876767875062,0.6554878048780488,False
liar2_finance,2,22,5,emotion_aware,32,linear_svm,word,0.1,0.1,0.6591401315684291,0.6591463414634147,False
liar2_finance,2,22,5,emotion_aware,33,linear_svm,word,0.1,0.25,0.6627836891892747,0.6628048780487805,True
liar2_finance,2,22,5,emotion_aware,34,linear_svm,word,0.1,0.5,0.6566275253581755,0.6567073170731708,False
liar2_finance,2,22,5,emotion_aware,35,linear_svm,word,0.1,1.0,0.6560356637645977,0.6560975609756098,False
liar2_finance,2,22,5,emotion_aware,36,linear_svm,word,1.0,0.05,0.628618631314861,0.6286585365853659,False
liar2_finance,2,22,5,emotion_aware,37,linear_svm,word,1.0,0.1,0.6347255403207065,0.6347560975609756,False
liar2_finance,2,22,5,emotion_aware,38,linear_svm,word,1.0,0.25,0.6341022639550571,0.6341463414634146,False
liar2_finance,2,22,5,emotion_aware,39,linear_svm,word,1.0,0.5,0.6322677158854233,0.6323170731707317,False
liar2_finance,2,22,5,emotion_aware,40,linear_svm,word,1.0,1.0,0.6316629457147575,0.6317073170731707,False
liar2_finance,2,22,5,emotion_aware,41,linear_svm,word,10.0,0.05,0.6237691572359221,0.623780487804878,False
liar2_finance,2,22,5,emotion_aware,42,linear_svm,word,10.0,0.1,0.6261882407622589,0.626219512195122,False
liar2_finance,2,22,5,emotion_aware,43,linear_svm,word,10.0,0.25,0.626809287826237,0.6268292682926829,False
liar2_finance,2,22,5,emotion_aware,44,linear_svm,word,10.0,0.5,0.6280216732034309,0.6280487804878049,False
liar2_finance,2,22,5,emotion_aware,45,linear_svm,word,10.0,1.0,0.627415613191043,0.6274390243902439,False
liar2_finance,2,22,5,emotion_aware,46,linear_svm,word_char,0.1,0.05,0.6530269785690728,0.6530487804878049,False
liar2_finance,2,22,5,emotion_aware,47,linear_svm,word_char,0.1,0.1,0.6554723052308644,0.6554878048780488,False
liar2_finance,2,22,5,emotion_aware,48,linear_svm,word_char,0.1,0.25,0.6591462147331257,0.6591463414634147,False
liar2_finance,2,22,5,emotion_aware,49,linear_svm,word_char,0.1,0.5,0.6560791476045713,0.6560975609756098,False
liar2_finance,2,22,5,emotion_aware,50,linear_svm,word_char,0.1,1.0,0.6578900692407832,0.6579268292682927,False
liar2_finance,2,22,5,emotion_aware,51,linear_svm,word_char,1.0,0.05,0.6225540991786361,0.6225609756097561,False
liar2_finance,2,22,5,emotion_aware,52,linear_svm,word_char,1.0,0.1,0.6243896852910251,0.624390243902439,False
liar2_finance,2,22,5,emotion_aware,53,linear_svm,word_char,1.0,0.25,0.6274322368306084,0.6274390243902439,False
liar2_finance,2,22,5,emotion_aware,54,linear_svm,word_char,1.0,0.5,0.6274322368306084,0.6274390243902439,False
liar2_finance,2,22,5,emotion_aware,55,linear_svm,word_char,1.0,1.0,0.628647352928163,0.6286585365853659,False
liar2_finance,2,22,5,emotion_aware,56,linear_svm,word_char,10.0,0.05,0.6152403260738221,0.6152439024390244,False
liar2_finance,2,22,5,emotion_aware,57,linear_svm,word_char,10.0,0.1,0.6176816475070002,0.6176829268292683,False
liar2_finance,2,22,5,emotion_aware,58,linear_svm,word_char,10.0,0.25,0.6158530872294575,0.6158536585365854,False
liar2_finance,2,22,5,emotion_aware,59,linear_svm,word_char,10.0,0.5,0.6146289881928819,0.6146341463414634,False
liar2_finance,2,22,5,emotion_aware,60,linear_svm,word_char,10.0,1.0,0.6152403260738221,0.6152439024390244,False
liar2_finance,3,33,1,text_only,1,logistic_regression,word,0.1,,0.6360499379652605,0.6361416361416361,False
liar2_finance,3,33,1,text_only,2,logistic_regression,word,1.0,,0.6403313576290655,0.6404151404151404,False
liar2_finance,3,33,1,text_only,3,logistic_regression,word,10.0,,0.6324589064072459,0.6324786324786325,False
liar2_finance,3,33,1,text_only,4,logistic_regression,word_char,0.1,,0.648914910930587,0.6489621489621489,True
liar2_finance,3,33,1,text_only,5,logistic_regression,word_char,1.0,,0.6452609351207993,0.6452991452991452,False
liar2_finance,3,33,1,text_only,6,logistic_regression,word_char,10.0,,0.6294094165207127,0.6294261294261294,False
liar2_finance,3,33,1,text_only,7,linear_svm,word,0.1,,0.6384925558312655,0.6385836385836385,False
liar2_finance,3,33,1,text_only,8,linear_svm,word,1.0,,0.6294193615716764,0.6294261294261294,False
liar2_finance,3,33,1,text_only,9,linear_svm,word,10.0,,0.6196409662148337,0.6196581196581197,False
liar2_finance,3,33,1,text_only,10,linear_svm,word_char,0.1,,0.6452609351207993,0.6452991452991452,False
liar2_finance,3,33,1,text_only,11,linear_svm,word_char,1.0,,0.6288156288156288,0.6288156288156288,False
liar2_finance,3,33,1,text_only,12,linear_svm,word_char,10.0,,0.6178243387694798,0.6178266178266179,False
liar2_finance,3,33,1,emotion_aware,1,logistic_regression,word,0.1,0.05,0.6530075187969925,0.6532356532356532,False
liar2_finance,3,33,1,emotion_aware,2,logistic_regression,word,0.1,0.1,0.6379665262141748,0.6379731379731379,False
liar2_finance,3,33,1,emotion_aware,3,logistic_regression,word,0.1,0.25,0.6172159745483021,0.6172161172161172,False
liar2_finance,3,33,1,emotion_aware,4,logistic_regression,word,0.1,0.5,0.6164935539433165,0.6166056166056166,False
liar2_finance,3,33,1,emotion_aware,5,logistic_regression,word,0.1,1.0,0.6137438211906296,0.6141636141636142,False
liar2_finance,3,33,1,emotion_aware,6,logistic_regression,word,1.0,0.05,0.6525566492638438,0.6526251526251525,False
liar2_finance,3,33,1,emotion_aware,7,logistic_regression,word,1.0,0.1,0.6555461927949828,0.6556776556776557,False
liar2_finance,3,33,1,emotion_aware,8,logistic_regression,word,1.0,0.25,0.6579156603680704,0.6581196581196581,False
liar2_finance,3,33,1,emotion_aware,9,logistic_regression,word,1.0,0.5,0.6518464822198059,0.652014652014652,False
liar2_finance,3,33,1,emotion_aware,10,logistic_regression,word,1.0,1.0,0.6518070114460717,0.652014652014652,False
liar2_finance,3,33,1,emotion_aware,11,logistic_regression,word,10.0,0.05,0.6440673986186168,0.644078144078144,False
liar2_finance,3,33,1,emotion_aware,12,logistic_regression,word,10.0,0.1,0.6440398023673425,0.644078144078144,False
liar2_finance,3,33,1,emotion_aware,13,logistic_regression,word,10.0,0.25,0.6477189582071472,0.6477411477411477,False
liar2_finance,3,33,1,emotion_aware,14,logistic_regression,word,10.0,0.5,0.648338541542425,0.6483516483516484,False
liar2_finance,3,33,1,emotion_aware,15,logistic_regression,word,10.0,1.0,0.6477252608442359,0.6477411477411478,False
liar2_finance,3,33,1,emotion_aware,16,logistic_regression,word_char,0.1,0.05,0.6585742736553064,0.6587301587301587,False
liar2_finance,3,33,1,emotion_aware,17,logistic_regression,word_char,0.1,0.1,0.6561650030964739,0.6562881562881563,False
liar2_finance,3,33,1,emotion_aware,18,logistic_regression,word_char,0.1,0.25,0.6439952147669696,0.644078144078144,False
liar2_finance,3,33,1,emotion_aware,19,logistic_regression,word_char,0.1,0.5,0.6347812469705669,0.6349206349206349,False
liar2_finance,3,33,1,emotion_aware,20,logistic_regression,word_char,0.1,1.0,0.6328361047965553,0.6330891330891331,False
liar2_finance,3,33,1,emotion_aware,21,logistic_regression,word_char,1.0,0.05,0.6495303274288782,0.6495726495726495,False
liar2_finance,3,33,1,emotion_aware,22,logistic_regression,word_char,1.0,0.1,0.655045427013931,0.6550671550671551,False
liar2_finance,3,33,1,emotion_aware,23,logistic_regression,word_char,1.0,0.25,0.6556263149340725,0.6556776556776557,False
liar2_finance,3,33,1,emotion_aware,24,logistic_regression,word_char,1.0,0.5,0.657429357605952,0.6575091575091576,False
liar2_finance,3,33,1,emotion_aware,25,logistic_regression,word_char,1.0,1.0,0.658046246963617,0.6581196581196582,False
liar2_finance,3,33,1,emotion_aware,26,logistic_regression,word_char,10.0,0.05,0.638583099767428,0.6385836385836385,False
liar2_finance,3,33,1,emotion_aware,27,logistic_regression,word_char,10.0,0.1,0.6452926673363164,0.6452991452991453,False
liar2_finance,3,33,1,emotion_aware,28,logistic_regression,word_char,10.0,0.25,0.6452990130981875,0.6452991452991453,False
liar2_finance,3,33,1,emotion_aware,29,logistic_regression,word_char,10.0,0.5,0.6434671119327331,0.6434676434676435,False
liar2_finance,3,33,1,emotion_aware,30,logistic_regression,word_char,10.0,1.0,0.6446865258208263,0.6446886446886447,False
liar2_finance,3,33,1,emotion_aware,31,linear_svm,word,0.1,0.05,0.6531192956082895,0.6532356532356531,False
liar2_finance,3,33,1,emotion_aware,32,linear_svm,word,0.1,0.1,0.6555112560911764,0.6556776556776557,False
liar2_finance,3,33,1,emotion_aware,33,linear_svm,word,0.1,0.25,0.6572269460820976,0.6575091575091575,False
liar2_finance,3,33,1,emotion_aware,34,linear_svm,word,0.1,0.5,0.6511856097067051,0.6514041514041514,False
liar2_finance,3,33,1,emotion_aware,35,linear_svm,word,0.1,1.0,0.6498949021480247,0.6501831501831502,False
liar2_finance,3,33,1,emotion_aware,36,linear_svm,word,1.0,0.05,0.6403849831091848,0.6404151404151404,False
liar2_finance,3,33,1,emotion_aware,37,linear_svm,word,1.0,0.1,0.6464820678742561,0.6465201465201464,False
liar2_finance,3,33,1,emotion_aware,38,linear_svm,word,1.0,0.25,0.6476716812394339,0.6477411477411477,False
liar2_finance,3,33,1,emotion_aware,39,linear_svm,word,1.0,0.5,0.6470880300590445,0.647130647130647,False
liar2_finance,3,33,1,emotion_aware,40,linear_svm,word,1.0,1.0,0.6458758575034629,0.6459096459096458,False
liar2_finance,3,33,1,emotion_aware,41,linear_svm,word,10.0,0.05,0.6281817080557238,0.6282051282051282,False
liar2_finance,3,33,1,emotion_aware,42,linear_svm,word,10.0,0.1,0.6288067745566497,0.6288156288156288,False
liar2_finance,3,33,1,emotion_aware,43,linear_svm,word,10.0,0.25,0.6233097511967179,0.6233211233211233,False
liar2_finance,3,33,1,emotion_aware,44,linear_svm,word,10.0,0.5,0.6239114391143912,0.6239316239316239,False
liar2_finance,3,33,1,emotion_aware,45,linear_svm,word,10.0,1.0,0.6226830591967938,0.6227106227106227,False
liar2_finance,3,33,1,emotion_aware,46,linear_svm,word_char,0.1,0.05,0.6519627650929456,0.6520146520146519,False
liar2_finance,3,33,1,emotion_aware,47,linear_svm,word_char,0.1,0.1,0.6531730883931767,0.6532356532356531,False
liar2_finance,3,33,1,emotion_aware,48,linear_svm,word_char,0.1,0.25,0.6586628592943562,0.6587301587301588,True
liar2_finance,3,33,1,emotion_aware,49,linear_svm,word_char,0.1,0.5,0.6567983715225221,0.6568986568986569,False
liar2_finance,3,33,1,emotion_aware,50,linear_svm,word_char,0.1,1.0,0.6573864418066108,0.6575091575091575,False
liar2_finance,3,33,1,emotion_aware,51,linear_svm,word_char,1.0,0.05,0.6330857142644164,0.6330891330891331,False
liar2_finance,3,33,1,emotion_aware,52,linear_svm,word_char,1.0,0.1,0.6398046398046398,0.6398046398046398,False
liar2_finance,3,33,1,emotion_aware,53,linear_svm,word_char,1.0,0.25,0.6367520013656136,0.6367521367521367,False
liar2_finance,3,33,1,emotion_aware,54,linear_svm,word_char,1.0,0.5,0.6385814833091568,0.6385836385836385,False
liar2_finance,3,33,1,emotion_aware,55,linear_svm,word_char,1.0,1.0,0.6385787891799055,0.6385836385836385,False
liar2_finance,3,33,1,emotion_aware,56,linear_svm,word_char,10.0,0.05,0.6300360784781442,0.63003663003663,False
liar2_finance,3,33,1,emotion_aware,57,linear_svm,word_char,10.0,0.1,0.6324786324786325,0.6324786324786325,False
liar2_finance,3,33,1,emotion_aware,58,linear_svm,word_char,10.0,0.25,0.6379730030416955,0.6379731379731379,False
liar2_finance,3,33,1,emotion_aware,59,linear_svm,word_char,10.0,0.5,0.6391929289032756,0.6391941391941391,False
liar2_finance,3,33,1,emotion_aware,60,linear_svm,word_char,10.0,1.0,0.6391929289032756,0.6391941391941391,False
liar2_finance,3,33,2,text_only,1,logistic_regression,word,0.1,,0.6281550969682217,0.6282051282051282,False
liar2_finance,3,33,2,text_only,2,logistic_regression,word,1.0,,0.6410170780251809,0.641025641025641,False
liar2_finance,3,33,2,text_only,3,logistic_regression,word,10.0,,0.6214755134658048,0.6214896214896215,False
liar2_finance,3,33,2,text_only,4,logistic_regression,word_char,0.1,,0.6440769501702364,0.6440781440781441,False
liar2_finance,3,33,2,text_only,5,logistic_regression,word_char,1.0,,0.6464725798761911,0.6465201465201464,True
liar2_finance,3,33,2,text_only,6,logistic_regression,word_char,10.0,,0.621469305602147,0.6214896214896215,False
liar2_finance,3,33,2,text_only,7,linear_svm,word,0.1,,0.6416295967752456,0.6416361416361416,False
liar2_finance,3,33,2,text_only,8,linear_svm,word,1.0,,0.6178123732735383,0.6178266178266179,False
liar2_finance,3,33,2,text_only,9,linear_svm,word,10.0,,0.5987753350510756,0.598901098901099,False
liar2_finance,3,33,2,text_only,10,linear_svm,word_char,0.1,,0.6464725798761911,0.6465201465201464,False
liar2_finance,3,33,2,text_only,11,linear_svm,word_char,1.0,,0.6190016103059581,0.6190476190476191,False
liar2_finance,3,33,2,text_only,12,linear_svm,word_char,10.0,,0.6153381642512077,0.6153846153846154,False
liar2_finance,3,33,2,emotion_aware,1,logistic_regression,word,0.1,0.05,0.6416295967752456,0.6416361416361416,False
liar2_finance,3,33,2,emotion_aware,2,logistic_regression,word,0.1,0.1,0.6239265779304423,0.6239316239316239,False
liar2_finance,3,33,2,emotion_aware,3,logistic_regression,word,0.1,0.25,0.6074467906680308,0.6074481074481074,False
liar2_finance,3,33,2,emotion_aware,4,logistic_regression,word,0.1,0.5,0.6012775651111998,0.6013431013431014,False
liar2_finance,3,33,2,emotion_aware,5,logistic_regression,word,0.1,1.0,0.592146677262609,0.5921855921855922,False
liar2_finance,3,33,2,emotion_aware,6,logistic_regression,word,1.0,0.05,0.6410235003138245,0.641025641025641,False
liar2_finance,3,33,2,emotion_aware,7,logistic_regression,word,1.0,0.1,0.6452958402456337,0.6452991452991453,False
liar2_finance,3,33,2,emotion_aware,8,logistic_regression,word,1.0,0.25,0.6434144821303163,0.6434676434676434,False
liar2_finance,3,33,2,emotion_aware,9,logistic_regression,word,1.0,0.5,0.6452408351142528,0.6452991452991452,False
liar2_finance,3,33,2,emotion_aware,10,logistic_regression,word,1.0,1.0,0.6427739290543348,0.6428571428571428,False
liar2_finance,3,33,2,emotion_aware,11,logistic_regression,word,10.0,0.05,0.6184255988621535,0.6184371184371185,False
liar2_finance,3,33,2,emotion_aware,12,logistic_regression,word,10.0,0.1,0.6141354262336145,0.6141636141636142,False
liar2_finance,3,33,2,emotion_aware,13,logistic_regression,word,10.0,0.25,0.6141492330812719,0.6141636141636142,False
liar2_finance,3,33,2,emotion_aware,14,logistic_regression,word,10.0,0.5,0.6141429050654144,0.6141636141636142,False
liar2_finance,3,33,2,emotion_aware,15,logistic_regression,word,10.0,1.0,0.6135207034093615,0.6135531135531136,False
liar2_finance,3,33,2,emotion_aware,16,logistic_regression,word_char,0.1,0.05,0.6495721271393643,0.6495726495726496,True
liar2_finance,3,33,2,emotion_aware,17,logistic_regression,word_char,0.1,0.1,0.6489557378973871,0.648962148962149,False
liar2_finance,3,33,2,emotion_aware,18,logistic_regression,word_char,0.1,0.25,0.6379719235865353,0.6379731379731379,False
liar2_finance,3,33,2,emotion_aware,19,logistic_regression,word_char,0.1,0.5,0.6342707403396881,0.6343101343101343,False
liar2_finance,3,33,2,emotion_aware,20,logistic_regression,word_char,0.1,1.0,0.6202323851157825,0.6202686202686203,False
liar2_finance,3,33,2,emotion_aware,21,logistic_regression,word_char,1.0,0.05,0.6446801690657403,0.6446886446886446,False
liar2_finance,3,33,2,emotion_aware,22,logistic_regression,word_char,1.0,0.1,0.6434676434676435,0.6434676434676435,False
liar2_finance,3,33,2,emotion_aware,23,logistic_regression,word_char,1.0,0.25,0.6404117898531467,0.6404151404151404,False
liar2_finance,3,33,2,emotion_aware,24,logistic_regression,word_char,1.0,0.5,0.6434655173184924,0.6434676434676435,False
liar2_finance,3,33,2,emotion_aware,25,logistic_regression,word_char,1.0,1.0,0.6434676434676435,0.6434676434676435,False
liar2_finance,3,33,2,emotion_aware,26,logistic_regression,word_char,10.0,0.05,0.6294094165207127,0.6294261294261294,False
liar2_finance,3,33,2,emotion_aware,27,logistic_regression,word_char,10.0,0.1,0.6275674208900393,0.6275946275946276,False
liar2_finance,3,33,2,emotion_aware,28,logistic_regression,word_char,10.0,0.25,0.6281817080557238,0.6282051282051282,False
liar2_finance,3,33,2,emotion_aware,29,logistic_regression,word_char,10.0,0.5,0.6281650765724041,0.6282051282051282,False
liar2_finance,3,33,2,emotion_aware,30,logistic_regression,word_char,10.0,1.0,0.6275590915122626,0.6275946275946276,False
liar2_finance,3,33,2,emotion_aware,31,linear_svm,word,0.1,0.05,0.6434415963930867,0.6434676434676434,False
liar2_finance,3,33,2,emotion_aware,32,linear_svm,word,0.1,0.1,0.6434655173184924,0.6434676434676435,False
liar2_finance,3,33,2,emotion_aware,33,linear_svm,word,0.1,0.25,0.640948559311798,0.641025641025641,False
liar2_finance,3,33,2,emotion_aware,34,linear_svm,word,0.1,0.5,0.6421564826302729,0.6422466422466422,False
liar2_finance,3,33,2,emotion_aware,35,linear_svm,word,0.1,1.0,0.6446245377549803,0.6446886446886446,False
liar2_finance,3,33,2,emotion_aware,36,linear_svm,word,1.0,0.05,0.6202595621286777,0.6202686202686203,False
liar2_finance,3,33,2,emotion_aware,37,linear_svm,word,1.0,0.1,0.615382321764812,0.6153846153846154,False
liar2_finance,3,33,2,emotion_aware,38,linear_svm,word,1.0,0.25,0.611107487498225,0.6111111111111112,False
liar2_finance,3,33,2,emotion_aware,39,linear_svm,word,1.0,0.5,0.6104953842851009,0.6105006105006106,False
liar2_finance,3,33,2,emotion_aware,40,linear_svm,word,1.0,1.0,0.6111040087663226,0.6111111111111112,False
liar2_finance,3,33,2,emotion_aware,41,linear_svm,word,10.0,0.05,0.6048256798836908,0.6050061050061051,False
liar2_finance,3,33,2,emotion_aware,42,linear_svm,word,10.0,0.1,0.6073250234974757,0.6074481074481075,False
liar2_finance,3,33,2,emotion_aware,43,linear_svm,word,10.0,0.25,0.6066874967375336,0.6068376068376069,False
liar2_finance,3,33,2,emotion_aware,44,linear_svm,word,10.0,0.5,0.6073250234974757,0.6074481074481075,False
liar2_finance,3,33,2,emotion_aware,45,linear_svm,word,10.0,1.0,0.6061036394337043,0.6062271062271063,False
liar2_finance,3,33,2,emotion_aware,46,linear_svm,word_char,0.1,0.05,0.646509474785899,0.6465201465201466,False
liar2_finance,3,33,2,emotion_aware,47,linear_svm,word_char,0.1,0.1,0.6428538150493903,0.6428571428571428,False
liar2_finance,3,33,2,emotion_aware,48,linear_svm,word_char,0.1,0.25,0.6385750173314747,0.6385836385836385,False
liar2_finance,3,33,2,emotion_aware,49,linear_svm,word_char,0.1,0.5,0.6434655173184924,0.6434676434676435,False
liar2_finance,3,33,2,emotion_aware,50,linear_svm,word_char,0.1,1.0,0.6477399661204568,0.6477411477411478,False
liar2_finance,3,33,2,emotion_aware,51,linear_svm,word_char,1.0,0.05,0.6281939035312823,0.6282051282051282,False
liar2_finance,3,33,2,emotion_aware,52,linear_svm,word_char,1.0,0.1,0.6288156288156288,0.6288156288156288,False
liar2_finance,3,33,2,emotion_aware,53,linear_svm,word_char,1.0,0.25,0.6227100602301867,0.6227106227106227,False
liar2_finance,3,33,2,emotion_aware,54,linear_svm,word_char,1.0,0.5,0.6239316239316239,0.6239316239316239,False
liar2_finance,3,33,2,emotion_aware,55,linear_svm,word_char,1.0,1.0,0.6245419846047939,0.6245421245421245,False
liar2_finance,3,33,2,emotion_aware,56,linear_svm,word_char,10.0,0.05,0.6128727782416796,0.612942612942613,False
liar2_finance,3,33,2,emotion_aware,57,linear_svm,word_char,10.0,0.1,0.6128849001209254,0.612942612942613,False
liar2_finance,3,33,2,emotion_aware,58,linear_svm,word_char,10.0,0.25,0.6092423255210624,0.6092796092796093,False
liar2_finance,3,33,2,emotion_aware,59,linear_svm,word_char,10.0,0.5,0.6116747181964572,0.6117216117216118,False
liar2_finance,3,33,2,emotion_aware,60,linear_svm,word_char,10.0,1.0,0.6110692180240089,0.6111111111111112,False
liar2_finance,3,33,3,text_only,1,logistic_regression,word,0.1,,0.6306304728089476,0.6306471306471306,False
liar2_finance,3,33,3,text_only,2,logistic_regression,word,1.0,,0.6275390994854331,0.6275946275946276,False
liar2_finance,3,33,3,text_only,3,logistic_regression,word,10.0,,0.6214755134658048,0.6214896214896215,False
liar2_finance,3,33,3,text_only,4,logistic_regression,word_char,0.1,,0.6416253224513346,0.6416361416361416,True
liar2_finance,3,33,3,text_only,5,logistic_regression,word_char,1.0,,0.6348765432098765,0.6349206349206349,False
liar2_finance,3,33,3,text_only,6,logistic_regression,word_char,10.0,,0.6153754407412653,0.6153846153846154,False
liar2_finance,3,33,3,text_only,7,linear_svm,word,0.1,,0.6293762624954198,0.6294261294261294,False
liar2_finance,3,33,3,text_only,8,linear_svm,word,1.0,,0.6227083727788156,0.6227106227106227,False
liar2_finance,3,33,3,text_only,9,linear_svm,word,10.0,,0.6049882907560149,0.6050061050061051,False
liar2_finance,3,33,3,text_only,10,linear_svm,word_char,0.1,,0.6330660205935796,0.6330891330891331,False
liar2_finance,3,33,3,text_only,11,linear_svm,word_char,1.0,,0.6117164018892229,0.6117216117216118,False
liar2_finance,3,33,3,text_only,12,linear_svm,word_char,10.0,,0.6019156191245822,0.601953601953602,False
liar2_finance,3,33,3,emotion_aware,1,logistic_regression,word,0.1,0.05,0.6495392107017028,0.6495726495726495,False
liar2_finance,3,33,3,emotion_aware,2,logistic_regression,word,0.1,0.1,0.6355277394606598,0.6355311355311355,False
liar2_finance,3,33,3,emotion_aware,3,logistic_regression,word,0.1,0.25,0.6171988536383639,0.6172161172161172,False
liar2_finance,3,33,3,emotion_aware,4,logistic_regression,word,0.1,0.5,0.6103327208295052,0.6105006105006106,False
liar2_finance,3,33,3,emotion_aware,5,logistic_regression,word,0.1,1.0,0.6023386709716829,0.6025641025641026,False
liar2_finance,3,33,3,emotion_aware,6,logistic_regression,word,1.0,0.05,0.6464377861922391,0.6465201465201464,False
liar2_finance,3,33,3,emotion_aware,7,logistic_regression,word,1.0,0.1,0.6495303274288782,0.6495726495726495,False
liar2_finance,3,33,3,emotion_aware,8,logistic_regression,word,1.0,0.25,0.6483259580863321,0.6483516483516483,False
liar2_finance,3,33,3,emotion_aware,9,logistic_regression,word,1.0,0.5,0.6464504392333315,0.6465201465201464,False
liar2_finance,3,33,3,emotion_aware,10,logistic_regression,word,1.0,1.0,0.644612349522902,0.6446886446886446,False
liar2_finance,3,33,3,emotion_aware,11,logistic_regression,word,10.0,0.05,0.6227100602301867,0.6227106227106227,False
liar2_finance,3,33,3,emotion_aware,12,logistic_regression,word,10.0,0.1,0.6227100602301867,0.6227106227106227,False
liar2_finance,3,33,3,emotion_aware,13,logistic_regression,word,10.0,0.25,0.624538626077564,0.6245421245421245,False
liar2_finance,3,33,3,emotion_aware,14,logistic_regression,word,10.0,0.5,0.6239293812811495,0.6239316239316239,False
liar2_finance,3,33,3,emotion_aware,15,logistic_regression,word,10.0,1.0,0.62209998125263,0.6221001221001221,False
liar2_finance,3,33,3,emotion_aware,16,logistic_regression,word_char,0.1,0.05,0.6592675103673185,0.6593406593406594,True
liar2_finance,3,33,3,emotion_aware,17,logistic_regression,word_char,0.1,0.1,0.6507514761137949,0.6507936507936507,False
liar2_finance,3,33,3,emotion_aware,18,logistic_regression,word_char,0.1,0.25,0.6445991004962779,0.6446886446886446,False
liar2_finance,3,33,3,emotion_aware,19,logistic_regression,word_char,0.1,0.5,0.6378747462546346,0.6379731379731379,False
liar2_finance,3,33,3,emotion_aware,20,logistic_regression,word_char,0.1,1.0,0.6266221665597813,0.626984126984127,False
liar2_finance,3,33,3,emotion_aware,21,logistic_regression,word_char,1.0,0.05,0.6452609351207993,0.6452991452991452,False
liar2_finance,3,33,3,emotion_aware,22,logistic_regression,word_char,1.0,0.1,0.6525960193363771,0.6526251526251526,False
liar2_finance,3,33,3,emotion_aware,23,logistic_regression,word_char,1.0,0.25,0.6544484118405653,0.6544566544566545,False
liar2_finance,3,33,3,emotion_aware,24,logistic_regression,word_char,1.0,0.5,0.6440716438159594,0.644078144078144,False
liar2_finance,3,33,3,emotion_aware,25,logistic_regression,word_char,1.0,1.0,0.645288436702258,0.6452991452991452,False
liar2_finance,3,33,3,emotion_aware,26,logistic_regression,word_char,10.0,0.05,0.6245419846047939,0.6245421245421245,False
liar2_finance,3,33,3,emotion_aware,27,logistic_regression,word_char,10.0,0.1,0.6251475955345642,0.6251526251526252,False
liar2_finance,3,33,3,emotion_aware,28,logistic_regression,word_char,10.0,0.25,0.6318515290971825,0.6318681318681318,False
liar2_finance,3,33,3,emotion_aware,29,logistic_regression,word_char,10.0,0.5,0.6324698655972091,0.6324786324786325,False
liar2_finance,3,33,3,emotion_aware,30,logistic_regression,word_char,10.0,1.0,0.6324698655972091,0.6324786324786325,False
liar2_finance,3,33,3,emotion_aware,31,linear_svm,word,0.1,0.05,0.6482761397340061,0.6483516483516483,False
liar2_finance,3,33,3,emotion_aware,32,linear_svm,word,0.1,0.1,0.6543556553056005,0.6544566544566544,False
liar2_finance,3,33,3,emotion_aware,33,linear_svm,word,0.1,0.25,0.6513229290427782,0.6514041514041513,False
liar2_finance,3,33,3,emotion_aware,34,linear_svm,word,0.1,0.5,0.6476306976019339,0.6477411477411477,False
liar2_finance,3,33,3,emotion_aware,35,linear_svm,word,0.1,1.0,0.6469601170579786,0.647130647130647,False
liar2_finance,3,33,3,emotion_aware,36,linear_svm,word,1.0,0.05,0.6251520663128391,0.6251526251526252,False
liar2_finance,3,33,3,emotion_aware,37,linear_svm,word,1.0,0.1,0.6190476190476191,0.6190476190476191,False
liar2_finance,3,33,3,emotion_aware,38,linear_svm,word,1.0,0.25,0.6208778491521728,0.6208791208791209,False
liar2_finance,3,33,3,emotion_aware,39,linear_svm,word,1.0,0.5,0.6196568438354326,0.6196581196581197,False
liar2_finance,3,33,3,emotion_aware,40,linear_svm,word,1.0,1.0,0.6214873642764817,0.6214896214896215,False
liar2_finance,3,33,3,emotion_aware,41,linear_svm,word,10.0,0.05,0.6080492586601466,0.6080586080586081,False
liar2_finance,3,33,3,emotion_aware,42,linear_svm,word,10.0,0.1,0.6104721549636803,0.6105006105006106,False
liar2_finance,3,33,3,emotion_aware,43,linear_svm,word,10.0,0.25,0.6080439994274947,0.6080586080586081,False
liar2_finance,3,33,3,emotion_aware,44,linear_svm,word,10.0,0.5,0.6080375712848038,0.6080586080586081,False
liar2_finance,3,33,3,emotion_aware,45,linear_svm,word,10.0,1.0,0.6080375712848038,0.6080586080586081,False
liar2_finance,3,33,3,emotion_aware,46,linear_svm,word_char,0.1,0.05,0.6458568486910674,0.6459096459096458,False
liar2_finance,3,33,3,emotion_aware,47,linear_svm,word_char,0.1,0.1,0.6550299971484537,0.6550671550671551,False
liar2_finance,3,33,3,emotion_aware,48,linear_svm,word_char,0.1,0.25,0.6538305422854104,0.6538461538461539,False
liar2_finance,3,33,3,emotion_aware,49,linear_svm,word_char,0.1,0.5,0.644662686816398,0.6446886446886446,False
liar2_finance,3,33,3,emotion_aware,50,linear_svm,word_char,0.1,1.0,0.6446695739684669,0.6446886446886446,False
liar2_finance,3,33,3,emotion_aware,51,linear_svm,word_char,1.0,0.05,0.6196466369457947,0.6196581196581197,False
liar2_finance,3,33,3,emotion_aware,52,linear_svm,word_char,1.0,0.1,0.6263686131386861,0.6263736263736264,False
liar2_finance,3,33,3,emotion_aware,53,linear_svm,word_char,1.0,0.25,0.6257518273640001,0.6257631257631258,False
liar2_finance,3,33,3,emotion_aware,54,linear_svm,word_char,1.0,0.5,0.6263535726266354,0.6263736263736264,False
liar2_finance,3,33,3,emotion_aware,55,linear_svm,word_char,1.0,1.0,0.6269673039442429,0.626984126984127,False
liar2_finance,3,33,3,emotion_aware,56,linear_svm,word_char,10.0,0.05,0.6055954377725596,0.6056166056166057,False
liar2_finance,3,33,3,emotion_aware,57,linear_svm,word_char,10.0,0.1,0.605587793270435,0.6056166056166057,False
liar2_finance,3,33,3,emotion_aware,58,linear_svm,word_char,10.0,0.25,0.6086362889184846,0.6086691086691087,False
liar2_finance,3,33,3,emotion_aware,59,linear_svm,word_char,10.0,0.5,0.6104634432538091,0.6105006105006106,False
liar2_finance,3,33,3,emotion_aware,60,linear_svm,word_char,10.0,1.0,0.6104634432538091,0.6105006105006106,False
liar2_finance,3,33,4,text_only,1,logistic_regression,word,0.1,,0.6654411764705882,0.6654456654456654,False
liar2_finance,3,33,4,text_only,2,logistic_regression,word,1.0,,0.6764173096276418,0.6764346764346765,True
liar2_finance,3,33,4,text_only,3,logistic_regression,word,10.0,,0.6654411764705882,0.6654456654456654,False
liar2_finance,3,33,4,text_only,4,logistic_regression,word_char,0.1,,0.6629911023114907,0.663003663003663,False
liar2_finance,3,33,4,text_only,5,logistic_regression,word_char,1.0,,0.6733547809226041,0.6733821733821734,False
liar2_finance,3,33,4,text_only,6,logistic_regression,word_char,10.0,,0.6672671222077979,0.6672771672771673,False
liar2_finance,3,33,4,text_only,7,linear_svm,word,0.1,,0.6721581174043121,0.6721611721611722,False
liar2_finance,3,33,4,text_only,8,linear_svm,word,1.0,,0.6666423144360023,0.6666666666666667,False
liar2_finance,3,33,4,text_only,9,linear_svm,word,10.0,,0.6514029820706775,0.6514041514041514,False
liar2_finance,3,33,4,text_only,10,linear_svm,word_char,0.1,,0.6739688569758704,0.673992673992674,False
liar2_finance,3,33,4,text_only,11,linear_svm,word_char,1.0,,0.665421224012691,0.6654456654456655,False
liar2_finance,3,33,4,text_only,12,linear_svm,word_char,10.0,,0.653808864394997,0.6538461538461539,False
liar2_finance,3,33,4,emotion_aware,1,logistic_regression,word,0.1,0.05,0.662393036563335,0.6623931623931624,False
liar2_finance,3,33,4,emotion_aware,2,logistic_regression,word,0.1,0.1,0.650780635003936,0.6507936507936508,False
liar2_finance,3,33,4,emotion_aware,3,logistic_regression,word,0.1,0.25,0.6343034556531041,0.6343101343101343,False
liar2_finance,3,33,4,emotion_aware,4,logistic_regression,word,0.1,0.5,0.6311168447662583,0.6312576312576312,False
liar2_finance,3,33,4,emotion_aware,5,logistic_regression,word,0.1,1.0,0.6128450682382134,0.612942612942613,False
liar2_finance,3,33,4,emotion_aware,6,logistic_regression,word,1.0,0.05,0.6837488967343336,0.6837606837606838,False
liar2_finance,3,33,4,emotion_aware,7,logistic_regression,word,1.0,0.1,0.678231519464133,0.6782661782661783,False
liar2_finance,3,33,4,emotion_aware,8,logistic_regression,word,1.0,0.25,0.6763651980191376,0.6764346764346765,False
liar2_finance,3,33,4,emotion_aware,9,logistic_regression,word,1.0,0.5,0.67326514503839,0.6733821733821734,False
liar2_finance,3,33,4,emotion_aware,10,logistic_regression,word,1.0,1.0,0.6720280541619825,0.6721611721611722,False
liar2_finance,3,33,4,emotion_aware,11,logistic_regression,word,10.0,0.05,0.6648070555635696,0.6648351648351649,False
liar2_finance,3,33,4,emotion_aware,12,logistic_regression,word,10.0,0.1,0.6660460841241567,0.666056166056166,False
liar2_finance,3,33,4,emotion_aware,13,logistic_regression,word,10.0,0.25,0.667869842334787,0.667887667887668,False
liar2_finance,3,33,4,emotion_aware,14,logistic_regression,word,10.0,0.5,0.6672562083585706,0.6672771672771673,False
liar2_finance,3,33,4,emotion_aware,15,logistic_regression,word,10.0,1.0,0.6684772864930346,0.6684981684981686,False
liar2_finance,3,33,4,emotion_aware,16,logistic_regression,word_char,0.1,0.05,0.6752136752136753,0.6752136752136753,False
liar2_finance,3,33,4,emotion_aware,17,logistic_regression,word_char,0.1,0.1,0.6684535593657543,0.6684981684981686,False
liar2_finance,3,33,4,emotion_aware,18,logistic_regression,word_char,0.1,0.25,0.6537995730393789,0.6538461538461539,False
liar2_finance,3,33,4,emotion_aware,19,logistic_regression,word_char,0.1,0.5,0.6525680467814283,0.6526251526251525,False
liar2_finance,3,33,4,emotion_aware,20,logistic_regression,word_char,0.1,1.0,0.63842785381045,0.6385836385836385,False
liar2_finance,3,33,4,emotion_aware,21,logistic_regression,word_char,1.0,0.05,0.6733284798384256,0.6733821733821734,False
liar2_finance,3,33,4,emotion_aware,22,logistic_regression,word_char,1.0,0.1,0.6709125736771657,0.670940170940171,False
liar2_finance,3,33,4,emotion_aware,23,logistic_regression,word_char,1.0,0.25,0.679400070461523,0.6794871794871795,False
liar2_finance,3,33,4,emotion_aware,24,logistic_regression,word_char,1.0,0.5,0.6775475142274241,0.6776556776556777,False
liar2_finance,3,33,4,emotion_aware,25,logistic_regression,word_char,1.0,1.0,0.6763651980191376,0.6764346764346765,False
liar2_finance,3,33,4,emotion_aware,26,logistic_regression,word_char,10.0,0.05,0.6672760511882998,0.6672771672771672,False
liar2_finance,3,33,4,emotion_aware,27,logistic_regression,word_char,10.0,0.1,0.664829043662027,0.6648351648351648,False
liar2_finance,3,33,4,emotion_aware,28,logistic_regression,word_char,10.0,0.25,0.6642121490422461,0.6642246642246642,False
liar2_finance,3,33,4,emotion_aware,29,logistic_regression,word_char,10.0,0.5,0.6629790431660683,0.663003663003663,False
liar2_finance,3,33,4,emotion_aware,30,logistic_regression,word_char,10.0,1.0,0.6617645085541763,0.6617826617826618,False
liar2_finance,3,33,4,emotion_aware,31,linear_svm,word,0.1,0.05,0.6861909901958445,0.6862026862026862,True
liar2_finance,3,33,4,emotion_aware,32,linear_svm,word,0.1,0.1,0.681280193236715,0.6813186813186813,False
liar2_finance,3,33,4,emotion_aware,33,linear_svm,word,0.1,0.25,0.6733382214745463,0.6733821733821734,False
liar2_finance,3,33,4,emotion_aware,34,linear_svm,word,0.1,0.5,0.6696008289079793,0.6697191697191698,False
liar2_finance,3,33,4,emotion_aware,35,linear_svm,word,0.1,1.0,0.6708065571569992,0.670940170940171,False
liar2_finance,3,33,4,emotion_aware,36,linear_svm,word,1.0,0.05,0.6709341612638116,0.670940170940171,False
liar2_finance,3,33,4,emotion_aware,37,linear_svm,word,1.0,0.1,0.6709125736771657,0.670940170940171,False
liar2_finance,3,33,4,emotion_aware,38,linear_svm,word,1.0,0.25,0.6697160922080686,0.6697191697191698,False
liar2_finance,3,33,4,emotion_aware,39,linear_svm,word,1.0,0.5,0.6721581174043121,0.6721611721611722,False
liar2_finance,3,33,4,emotion_aware,40,linear_svm,word,1.0,1.0,0.6733810777720007,0.6733821733821734,False
liar2_finance,3,33,4,emotion_aware,41,linear_svm,word,10.0,0.05,0.6532335853371638,0.6532356532356532,False
liar2_finance,3,33,4,emotion_aware,42,linear_svm,word,10.0,0.1,0.6489620181264333,0.648962148962149,False
liar2_finance,3,33,4,emotion_aware,43,linear_svm,word,10.0,0.25,0.6495726495726496,0.6495726495726496,False
liar2_finance,3,33,4,emotion_aware,44,linear_svm,word,10.0,0.5,0.6483495513278281,0.6483516483516484,False
liar2_finance,3,33,4,emotion_aware,45,linear_svm,word,10.0,1.0,0.649570559830162,0.6495726495726496,False
liar2_finance,3,33,4,emotion_aware,46,linear_svm,word_char,0.1,0.05,0.6751550757485387,0.6752136752136753,False
liar2_finance,3,33,4,emotion_aware,47,linear_svm,word_char,0.1,0.1,0.6696835901899354,0.6697191697191698,False
liar2_finance,3,33,4,emotion_aware,48,linear_svm,word_char,0.1,0.25,0.6787957506203474,0.6788766788766789,False
liar2_finance,3,33,4,emotion_aware,49,linear_svm,word_char,0.1,0.5,0.6781508998789374,0.6782661782661783,False
liar2_finance,3,33,4,emotion_aware,50,linear_svm,word_char,0.1,1.0,0.676943915132449,0.6770451770451771,False
liar2_finance,3,33,4,emotion_aware,51,linear_svm,word_char,1.0,0.05,0.6660530544137033,0.666056166056166,False
liar2_finance,3,33,4,emotion_aware,52,linear_svm,word_char,1.0,0.1,0.6623900166193382,0.6623931623931624,False
liar2_finance,3,33,4,emotion_aware,53,linear_svm,word_char,1.0,0.25,0.6629855753102986,0.663003663003663,False
liar2_finance,3,33,4,emotion_aware,54,linear_svm,word_char,1.0,0.5,0.6629790431660683,0.663003663003663,False
liar2_finance,3,33,4,emotion_aware,55,linear_svm,word_char,1.0,1.0,0.664192623494663,0.6642246642246643,False
liar2_finance,3,33,4,emotion_aware,56,linear_svm,word_char,10.0,0.05,0.655659174773566,0.6556776556776557,False
liar2_finance,3,33,4,emotion_aware,57,linear_svm,word_char,10.0,0.1,0.6538398319788147,0.6538461538461539,False
liar2_finance,3,33,4,emotion_aware,58,linear_svm,word_char,10.0,0.25,0.6568940532417347,0.6568986568986569,False
liar2_finance,3,33,4,emotion_aware,59,linear_svm,word_char,10.0,0.5,0.6568940532417347,0.6568986568986569,False
liar2_finance,3,33,4,emotion_aware,60,linear_svm,word_char,10.0,1.0,0.6581150708458565,0.6581196581196581,False
liar2_finance,3,33,5,text_only,1,logistic_regression,word,0.1,,0.6469500381284738,0.6469512195121951,False
liar2_finance,3,33,5,text_only,2,logistic_regression,word,1.0,,0.6499869864287042,0.65,False
liar2_finance,3,33,5,text_only,3,logistic_regression,word,10.0,,0.629861396947141,0.6298780487804878,False
liar2_finance,3,33,5,text_only,4,logistic_regression,word_char,0.1,,0.650609626193347,0.650609756097561,False
liar2_finance,3,33,5,text_only,5,logistic_regression,word_char,1.0,,0.6560561281177537,0.6560975609756098,False
liar2_finance,3,33,5,text_only,6,logistic_regression,word_char,10.0,,0.6329246455957501,0.6329268292682927,False
liar2_finance,3,33,5,text_only,7,linear_svm,word,0.1,,0.6524307538549401,0.6524390243902439,False
liar2_finance,3,33,5,text_only,8,linear_svm,word,1.0,,0.6267737617135207,0.6268292682926829,False
liar2_finance,3,33,5,text_only,9,linear_svm,word,10.0,,0.591460984300918,0.5914634146341463,False
liar2_finance,3,33,5,text_only,10,linear_svm,word_char,0.1,,0.6572844530115894,0.6573170731707317,True
liar2_finance,3,33,5,text_only,11,linear_svm,word_char,1.0,,0.6268242733766514,0.6268292682926829,False
liar2_finance,3,33,5,text_only,12,linear_svm,word_char,10.0,,0.6140242467371531,0.6140243902439024,False
liar2_finance,3,33,5,emotion_aware,1,logistic_regression,word,0.1,0.05,0.6481601356971265,0.6481707317073171,False
liar2_finance,3,33,5,emotion_aware,2,logistic_regression,word,0.1,0.1,0.6292682926829268,0.6292682926829268,False
liar2_finance,3,33,5,emotion_aware,3,logistic_regression,word,0.1,0.25,0.6127805472607403,0.6128048780487805,False
liar2_finance,3,33,5,emotion_aware,4,logistic_regression,word,0.1,0.5,0.6060829150399702,0.6060975609756097,False
liar2_finance,3,33,5,emotion_aware,5,logistic_regression,word,0.1,1.0,0.6036373155017223,0.6036585365853658,False
liar2_finance,3,33,5,emotion_aware,6,logistic_regression,word,1.0,0.05,0.6566785963281432,0.6567073170731708,False
liar2_finance,3,33,5,emotion_aware,7,logistic_regression,word,1.0,0.1,0.6560929578176984,0.6560975609756098,False
liar2_finance,3,33,5,emotion_aware,8,logistic_regression,word,1.0,0.25,0.6530455555245718,0.6530487804878049,False
liar2_finance,3,33,5,emotion_aware,9,logistic_regression,word,1.0,0.5,0.6505805252149663,0.650609756097561,False
liar2_finance,3,33,5,emotion_aware,10,logistic_regression,word,1.0,1.0,0.6493431784977088,0.649390243902439,False
liar2_finance,3,33,5,emotion_aware,11,logistic_regression,word,10.0,0.05,0.6286418298860114,0.6286585365853659,False
liar2_finance,3,33,5,emotion_aware,12,logistic_regression,word,10.0,0.1,0.6304680202985287,0.6304878048780488,False
liar2_finance,3,33,5,emotion_aware,13,logistic_regression,word,10.0,0.25,0.631672259108541,0.6317073170731707,False
liar2_finance,3,33,5,emotion_aware,14,logistic_regression,word,10.0,0.5,0.6298547908460934,0.6298780487804878,False
liar2_finance,3,33,5,emotion_aware,15,logistic_regression,word,10.0,1.0,0.6292545082729132,0.6292682926829268,False
liar2_finance,3,33,5,emotion_aware,16,logistic_regression,word_char,0.1,0.05,0.6609710718912062,0.6609756097560976,False
liar2_finance,3,33,5,emotion_aware,17,logistic_regression,word_char,0.1,0.1,0.6524204151322794,0.6524390243902439,False
liar2_finance,3,33,5,emotion_aware,18,logistic_regression,word_char,0.1,0.25,0.6408310902938206,0.6408536585365854,False
liar2_finance,3,33,5,emotion_aware,19,logistic_regression,word_char,0.1,0.5,0.6328482006854532,0.6329268292682927,False
liar2_finance,3,33,5,emotion_aware,20,logistic_regression,word_char,0.1,1.0,0.6298382745617743,0.6298780487804878,False
liar2_finance,3,33,5,emotion_aware,21,logistic_regression,word_char,1.0,0.05,0.6591462147331257,0.6591463414634147,False
liar2_finance,3,33,5,emotion_aware,22,logistic_regression,word_char,1.0,0.1,0.6603657273816654,0.6603658536585366,False
liar2_finance,3,33,5,emotion_aware,23,logistic_regression,word_char,1.0,0.25,0.6585365853658537,0.6585365853658537,False
liar2_finance,3,33,5,emotion_aware,24,logistic_regression,word_char,1.0,0.5,0.6548734292993214,0.6548780487804878,False
liar2_finance,3,33,5,emotion_aware,25,logistic_regression,word_char,1.0,1.0,0.6567041261165798,0.6567073170731708,False
liar2_finance,3,33,5,emotion_aware,26,logistic_regression,word_char,10.0,0.05,0.6377914110429448,0.6378048780487805,False
liar2_finance,3,33,5,emotion_aware,27,logistic_regression,word_char,10.0,0.1,0.6371949870594091,0.6371951219512195,False
liar2_finance,3,33,5,emotion_aware,28,logistic_regression,word_char,10.0,0.25,0.6347559617623296,0.6347560975609756,False
liar2_finance,3,33,5,emotion_aware,29,logistic_regression,word_char,10.0,0.5,0.6317067693437973,0.6317073170731707,False
liar2_finance,3,33,5,emotion_aware,30,logistic_regression,word_char,10.0,1.0,0.6329262833525927,0.6329268292682927,False
liar2_finance,3,33,5,emotion_aware,31,linear_svm,word,0.1,0.05,0.6548528967756425,0.6548780487804878,False
liar2_finance,3,33,5,emotion_aware,32,linear_svm,word,0.1,0.1,0.6566969781585481,0.6567073170731708,False
liar2_finance,3,33,5,emotion_aware,33,linear_svm,word,0.1,0.25,0.6567010627424429,0.6567073170731708,False
liar2_finance,3,33,5,emotion_aware,34,linear_svm,word,0.1,0.5,0.6517918530062161,0.651829268292683,False
liar2_finance,3,33,5,emotion_aware,35,linear_svm,word,0.1,1.0,0.649332746780685,0.649390243902439,False
liar2_finance,3,33,5,emotion_aware,36,linear_svm,word,1.0,0.05,0.6256047448582744,0.625609756097561,False
liar2_finance,3,33,5,emotion_aware,37,linear_svm,word,1.0,0.1,0.6280438018950283,0.6280487804878049,False
liar2_finance,3,33,5,emotion_aware,38,linear_svm,word,1.0,0.25,0.6292594707786028,0.6292682926829268,False
liar2_finance,3,33,5,emotion_aware,39,linear_svm,word,1.0,0.5,0.628046567796358,0.6280487804878049,False
liar2_finance,3,33,5,emotion_aware,40,linear_svm,word,1.0,1.0,0.628046567796358,0.6280487804878049,False
liar2_finance,3,33,5,emotion_aware,41,linear_svm,word,10.0,0.05,0.5920608852363565,0.5920731707317073,False
liar2_finance,3,33,5,emotion_aware,42,linear_svm,word,10.0,0.1,0.5963408630887315,0.5963414634146341,False
liar2_finance,3,33,5,emotion_aware,43,linear_svm,word,10.0,0.25,0.5993889033685791,0.599390243902439,False
liar2_finance,3,33,5,emotion_aware,44,linear_svm,word,10.0,0.5,0.6006084196444739,0.600609756097561,False
liar2_finance,3,33,5,emotion_aware,45,linear_svm,word,10.0,1.0,0.5999994051151176,0.6,False
liar2_finance,3,33,5,emotion_aware,46,linear_svm,word_char,0.1,0.05,0.6609751055548863,0.6609756097560976,True
liar2_finance,3,33,5,emotion_aware,47,linear_svm,word_char,0.1,0.1,0.6591462147331257,0.6591463414634147,False
liar2_finance,3,33,5,emotion_aware,48,linear_svm,word_char,0.1,0.25,0.6579256846115265,0.6579268292682927,False
liar2_finance,3,33,5,emotion_aware,49,linear_svm,word_char,0.1,0.5,0.656084774121584,0.6560975609756098,False
liar2_finance,3,33,5,emotion_aware,50,linear_svm,word_char,0.1,1.0,0.657920597155436,0.6579268292682927,False
liar2_finance,3,33,5,emotion_aware,51,linear_svm,word_char,1.0,0.05,0.630487255335002,0.6304878048780488,False
liar2_finance,3,33,5,emotion_aware,52,linear_svm,word_char,1.0,0.1,0.6286572939900528,0.6286585365853659,False
liar2_finance,3,33,5,emotion_aware,53,linear_svm,word_char,1.0,0.25,0.6310941319725235,0.6310975609756098,False
liar2_finance,3,33,5,emotion_aware,54,linear_svm,word_char,1.0,0.5,0.630487255335002,0.6304878048780488,False
liar2_finance,3,33,5,emotion_aware,55,linear_svm,word_char,1.0,1.0,0.6298746084418543,0.6298780487804878,False
liar2_finance,3,33,5,emotion_aware,56,linear_svm,word_char,10.0,0.05,0.6128035824034213,0.6128048780487805,False
liar2_finance,3,33,5,emotion_aware,57,linear_svm,word_char,10.0,0.1,0.6188988966658301,0.6189024390243902,False
liar2_finance,3,33,5,emotion_aware,58,linear_svm,word_char,10.0,0.25,0.61463185384803,0.6146341463414634,False
liar2_finance,3,33,5,emotion_aware,59,linear_svm,word_char,10.0,0.5,0.6128012790124834,0.6128048780487805,False
liar2_finance,3,33,5,emotion_aware,60,linear_svm,word_char,10.0,1.0,0.612192814948334,0.6121951219512195,False
liar2_finance,4,44,1,text_only,1,logistic_regression,word,0.1,,0.6361280742348704,0.6361416361416361,False
liar2_finance,4,44,1,text_only,2,logistic_regression,word,1.0,,0.6410122611578922,0.641025641025641,False
liar2_finance,4,44,1,text_only,3,logistic_regression,word,10.0,,0.6263686131386861,0.6263736263736264,False
liar2_finance,4,44,1,text_only,4,logistic_regression,word_char,0.1,,0.6489400363416111,0.648962148962149,True
liar2_finance,4,44,1,text_only,5,logistic_regression,word_char,1.0,,0.6391638794864656,0.6391941391941391,False
liar2_finance,4,44,1,text_only,6,logistic_regression,word_char,10.0,,0.6202680541475342,0.6202686202686203,False
liar2_finance,4,44,1,text_only,7,linear_svm,word,0.1,,0.6379730030416955,0.6379731379731379,False
liar2_finance,4,44,1,text_only,8,linear_svm,word,1.0,,0.6257518273640001,0.6257631257631258,False
liar2_finance,4,44,1,text_only,9,linear_svm,word,10.0,,0.599473383659089,0.5995115995115995,False
liar2_finance,4,44,1,text_only,10,linear_svm,word_char,0.1,,0.6397702688397293,0.6398046398046398,False
liar2_finance,4,44,1,text_only,11,linear_svm,word_char,1.0,,0.6153794547015887,0.6153846153846154,False
liar2_finance,4,44,1,text_only,12,linear_svm,word_char,10.0,,0.6001183741151292,0.6001221001221001,False
liar2_finance,4,44,1,emotion_aware,1,logistic_regression,word,0.1,0.05,0.6428559448534962,0.6428571428571429,False
liar2_finance,4,44,1,emotion_aware,2,logistic_regression,word,0.1,0.1,0.6416328024512685,0.6416361416361416,False
liar2_finance,4,44,1,emotion_aware,3,logistic_regression,word,0.1,0.25,0.6123285000963468,0.6123321123321124,False
liar2_finance,4,44,1,emotion_aware,4,logistic_regression,word,0.1,0.5,0.6110205005258313,0.6111111111111112,False
liar2_finance,4,44,1,emotion_aware,5,logistic_regression,word,0.1,1.0,0.5926501901693572,0.5927960927960928,False
liar2_finance,4,44,1,emotion_aware,6,logistic_regression,word,1.0,0.05,0.6422381083720341,0.6422466422466422,False
liar2_finance,4,44,1,emotion_aware,7,logistic_regression,word,1.0,0.1,0.6501767614177439,0.6501831501831502,False
liar2_finance,4,44,1,emotion_aware,8,logistic_regression,word,1.0,0.25,0.6489463171324708,0.648962148962149,False
liar2_finance,4,44,1,emotion_aware,9,logistic_regression,word,1.0,0.5,0.6379341386000585,0.6379731379731379,False
liar2_finance,4,44,1,emotion_aware,10,logistic_regression,word,1.0,1.0,0.6361221066756122,0.6361416361416361,False
liar2_finance,4,44,1,emotion_aware,11,logistic_regression,word,10.0,0.05,0.6239293812811495,0.6239316239316239,False
liar2_finance,4,44,1,emotion_aware,12,logistic_regression,word,10.0,0.1,0.6233198597856532,0.6233211233211233,False
liar2_finance,4,44,1,emotion_aware,13,logistic_regression,word,10.0,0.25,0.620872196929178,0.6208791208791209,False
liar2_finance,4,44,1,emotion_aware,14,logistic_regression,word,10.0,0.5,0.6239176069273157,0.6239316239316239,False
liar2_finance,4,44,1,emotion_aware,15,logistic_regression,word,10.0,1.0,0.623297395517868,0.6233211233211233,False
liar2_finance,4,44,1,emotion_aware,16,logistic_regression,word_char,0.1,0.05,0.6544520180334907,0.6544566544566545,False
liar2_finance,4,44,1,emotion_aware,17,logistic_regression,word_char,0.1,0.1,0.6520141332220168,0.652014652014652,False
liar2_finance,4,44,1,emotion_aware,18,logistic_regression,word_char,0.1,0.25,0.6434655173184924,0.6434676434676435,False
liar2_finance,4,44,1,emotion_aware,19,logistic_regression,word_char,0.1,0.5,0.6293762624954198,0.6294261294261294,False
liar2_finance,4,44,1,emotion_aware,20,logistic_regression,word_char,0.1,1.0,0.6177303039702233,0.6178266178266179,False
liar2_finance,4,44,1,emotion_aware,21,logistic_regression,word_char,1.0,0.05,0.6434485072123448,0.6434676434676434,False
liar2_finance,4,44,1,emotion_aware,22,logistic_regression,word_char,1.0,0.1,0.6495303274288782,0.6495726495726495,False
liar2_finance,4,44,1,emotion_aware,23,logistic_regression,word_char,1.0,0.25,0.6549991332760488,0.6550671550671551,False
liar2_finance,4,44,1,emotion_aware,24,logistic_regression,word_char,1.0,0.5,0.6513572419849829,0.6514041514041513,False
liar2_finance,4,44,1,emotion_aware,25,logistic_regression,word_char,1.0,1.0,0.6525680467814283,0.6526251526251525,False
liar2_finance,4,44,1,emotion_aware,26,logistic_regression,word_char,10.0,0.05,0.6251386536580712,0.6251526251526252,False
liar2_finance,4,44,1,emotion_aware,27,logistic_regression,word_char,10.0,0.1,0.6269606299212598,0.626984126984127,False
liar2_finance,4,44,1,emotion_aware,28,logistic_regression,word_char,10.0,0.25,0.6269606299212598,0.626984126984127,False
liar2_finance,4,44,1,emotion_aware,29,logistic_regression,word_char,10.0,0.5,0.6269439438189472,0.626984126984127,False
liar2_finance,4,44,1,emotion_aware,30,logistic_regression,word_char,10.0,1.0,0.6263379737795158,0.6263736263736264,False
liar2_finance,4,44,1,emotion_aware,31,linear_svm,word,0.1,0.05,0.6422418419922714,0.6422466422466422,False
liar2_finance,4,44,1,emotion_aware,32,linear_svm,word,0.1,0.1,0.6483495513278281,0.6483516483516484,False
liar2_finance,4,44,1,emotion_aware,33,linear_svm,word,0.1,0.25,0.6446547397707161,0.6446886446886446,False
liar2_finance,4,44,1,emotion_aware,34,linear_svm,word,0.1,0.5,0.6379568105383568,0.6379731379731379,False
liar2_finance,4,44,1,emotion_aware,35,linear_svm,word,0.1,1.0,0.636721672241027,0.6367521367521367,False
liar2_finance,4,44,1,emotion_aware,36,linear_svm,word,1.0,0.05,0.6190271720899028,0.6190476190476191,False
liar2_finance,4,44,1,emotion_aware,37,linear_svm,word,1.0,0.1,0.6159835226948713,0.615995115995116,False
liar2_finance,4,44,1,emotion_aware,38,linear_svm,word,1.0,0.25,0.611707139619761,0.6117216117216118,False
liar2_finance,4,44,1,emotion_aware,39,linear_svm,word,1.0,0.5,0.6129218383092921,0.612942612942613,False
liar2_finance,4,44,1,emotion_aware,40,linear_svm,word,1.0,1.0,0.6135287704421564,0.6135531135531136,False
liar2_finance,4,44,1,emotion_aware,41,linear_svm,word,10.0,0.05,0.6031154338779204,0.6031746031746033,False
liar2_finance,4,44,1,emotion_aware,42,linear_svm,word,10.0,0.1,0.6037317864242626,0.6037851037851039,False
liar2_finance,4,44,1,emotion_aware,43,linear_svm,word,10.0,0.25,0.6030893937970556,0.6031746031746033,False
liar2_finance,4,44,1,emotion_aware,44,linear_svm,word,10.0,0.5,0.6030893937970556,0.6031746031746033,False
liar2_finance,4,44,1,emotion_aware,45,linear_svm,word,10.0,1.0,0.6030893937970556,0.6031746031746033,False
liar2_finance,4,44,1,emotion_aware,46,linear_svm,word_char,0.1,0.05,0.6428506202956025,0.6428571428571428,False
liar2_finance,4,44,1,emotion_aware,47,linear_svm,word_char,0.1,0.1,0.6550207385665768,0.6550671550671551,True
liar2_finance,4,44,1,emotion_aware,48,linear_svm,word_char,0.1,0.25,0.6507056451612903,0.6507936507936507,False
liar2_finance,4,44,1,emotion_aware,49,linear_svm,word_char,0.1,0.5,0.6525680467814283,0.6526251526251525,False
liar2_finance,4,44,1,emotion_aware,50,linear_svm,word_char,0.1,1.0,0.6537778912699463,0.6538461538461537,False
liar2_finance,4,44,1,emotion_aware,51,linear_svm,word_char,1.0,0.05,0.6190016103059581,0.6190476190476191,False
liar2_finance,4,44,1,emotion_aware,52,linear_svm,word_char,1.0,0.1,0.6196171472982066,0.6196581196581197,False
liar2_finance,4,44,1,emotion_aware,53,linear_svm,word_char,1.0,0.25,0.6165232912377706,0.6166056166056166,False
liar2_finance,4,44,1,emotion_aware,54,linear_svm,word_char,1.0,0.5,0.6171120841511903,0.6172161172161172,False
liar2_finance,4,44,1,emotion_aware,55,linear_svm,word_char,1.0,1.0,0.6171120841511903,0.6172161172161172,False
liar2_finance,4,44,1,emotion_aware,56,linear_svm,word_char,10.0,0.05,0.601924522000501,0.601953601953602,False
liar2_finance,4,44,1,emotion_aware,57,linear_svm,word_char,10.0,0.1,0.5982690372358269,0.5982905982905983,False
liar2_finance,4,44,1,emotion_aware,58,linear_svm,word_char,10.0,0.25,0.5994966723122063,0.5995115995115995,False
liar2_finance,4,44,1,emotion_aware,59,linear_svm,word_char,10.0,0.5,0.5970641906397596,0.5970695970695971,False
liar2_finance,4,44,1,emotion_aware,60,linear_svm,word_char,10.0,1.0,0.5970641906397596,0.5970695970695971,False
liar2_finance,4,44,2,text_only,1,logistic_regression,word,0.1,,0.6469959209849292,0.647130647130647,False
liar2_finance,4,44,2,text_only,2,logistic_regression,word,1.0,,0.6623477317297646,0.6623931623931625,False
liar2_finance,4,44,2,text_only,3,logistic_regression,word,10.0,,0.6507056451612903,0.6507936507936507,False
liar2_finance,4,44,2,text_only,4,logistic_regression,word_char,0.1,,0.6641400434243176,0.6642246642246643,True
liar2_finance,4,44,2,text_only,5,logistic_regression,word_char,1.0,,0.6604887737710199,0.6605616605616607,False
liar2_finance,4,44,2,text_only,6,logistic_regression,word_char,10.0,,0.6544236816326896,0.6544566544566545,False
liar2_finance,4,44,2,text_only,7,linear_svm,word,0.1,,0.6580870348309296,0.6581196581196581,False
liar2_finance,4,44,2,text_only,8,linear_svm,word,1.0,,0.6451720547052422,0.6452991452991452,False
liar2_finance,4,44,2,text_only,9,linear_svm,word,10.0,,0.6268137409720791,0.626984126984127,False
liar2_finance,4,44,2,text_only,10,linear_svm,word_char,0.1,,0.6567983715225221,0.6568986568986569,False
liar2_finance,4,44,2,text_only,11,linear_svm,word_char,1.0,,0.6507603284344495,0.6507936507936508,False
liar2_finance,4,44,2,text_only,12,linear_svm,word_char,10.0,,0.6403849831091848,0.6404151404151404,False
liar2_finance,4,44,2,emotion_aware,1,logistic_regression,word,0.1,0.05,0.6585915871071663,0.6587301587301587,False
liar2_finance,4,44,2,emotion_aware,2,logistic_regression,word,0.1,0.1,0.6410122611578922,0.641025641025641,False
liar2_finance,4,44,2,emotion_aware,3,logistic_regression,word,0.1,0.25,0.6141492330812719,0.6141636141636142,False
liar2_finance,4,44,2,emotion_aware,4,logistic_regression,word,0.1,0.5,0.6170789643720944,0.6172161172161172,False
liar2_finance,4,44,2,emotion_aware,5,logistic_regression,word,0.1,1.0,0.6102908711217183,0.6105006105006106,False
liar2_finance,4,44,2,emotion_aware,6,logistic_regression,word,1.0,0.05,0.6695683041995004,0.6697191697191698,False
liar2_finance,4,44,2,emotion_aware,7,logistic_regression,word,1.0,0.1,0.6616005369928402,0.6617826617826618,False
liar2_finance,4,44,2,emotion_aware,8,logistic_regression,word,1.0,0.25,0.662781954887218,0.663003663003663,False
liar2_finance,4,44,2,emotion_aware,9,logistic_regression,word,1.0,0.5,0.661653529802164,0.6617826617826619,False
liar2_finance,4,44,2,emotion_aware,10,logistic_regression,word,1.0,1.0,0.6591938216659308,0.6593406593406593,False
liar2_finance,4,44,2,emotion_aware,11,logistic_regression,word,10.0,0.05,0.653808864394997,0.6538461538461539,False
liar2_finance,4,44,2,emotion_aware,12,logistic_regression,word,10.0,0.1,0.656880241529688,0.6568986568986569,False
liar2_finance,4,44,2,emotion_aware,13,logistic_regression,word,10.0,0.25,0.6568735910495116,0.6568986568986569,False
liar2_finance,4,44,2,emotion_aware,14,logistic_regression,word,10.0,0.5,0.6586933954088241,0.6587301587301587,False
liar2_finance,4,44,2,emotion_aware,15,logistic_regression,word,10.0,1.0,0.6611164603931331,0.6611721611721613,False
liar2_finance,4,44,2,emotion_aware,16,logistic_regression,word_char,0.1,0.05,0.6648070555635696,0.6648351648351649,False
liar2_finance,4,44,2,emotion_aware,17,logistic_regression,word_char,0.1,0.1,0.6574017701121055,0.6575091575091575,False
liar2_finance,4,44,2,emotion_aware,18,logistic_regression,word_char,0.1,0.25,0.6378887862037959,0.6379731379731379,False
liar2_finance,4,44,2,emotion_aware,19,logistic_regression,word_char,0.1,0.5,0.6354168569642193,0.6355311355311355,False
liar2_finance,4,44,2,emotion_aware,20,logistic_regression,word_char,0.1,1.0,0.6315647923128429,0.6318681318681318,False
liar2_finance,4,44,2,emotion_aware,21,logistic_regression,word_char,1.0,0.05,0.6647570718817604,0.6648351648351649,False
liar2_finance,4,44,2,emotion_aware,22,logistic_regression,word_char,1.0,0.1,0.6659365127775687,0.6660561660561661,False
liar2_finance,4,44,2,emotion_aware,23,logistic_regression,word_char,1.0,0.25,0.6634032766171534,0.6636141636141636,False
liar2_finance,4,44,2,emotion_aware,24,logistic_regression,word_char,1.0,0.5,0.662238950503371,0.6623931623931625,False
liar2_finance,4,44,2,emotion_aware,25,logistic_regression,word_char,1.0,1.0,0.6616691721249865,0.6617826617826619,False
liar2_finance,4,44,2,emotion_aware,26,logistic_regression,word_char,10.0,0.05,0.6550207385665768,0.6550671550671551,False
liar2_finance,4,44,2,emotion_aware,27,logistic_regression,word_char,10.0,0.1,0.6580783682232958,0.6581196581196581,False
liar2_finance,4,44,2,emotion_aware,28,logistic_regression,word_char,10.0,0.25,0.6592898647751995,0.6593406593406593,False
liar2_finance,4,44,2,emotion_aware,29,logistic_regression,word_char,10.0,0.5,0.6580197296309829,0.6581196581196582,False
liar2_finance,4,44,2,emotion_aware,30,logistic_regression,word_char,10.0,1.0,0.658623154175877,0.6587301587301588,False
liar2_finance,4,44,2,emotion_aware,31,linear_svm,word,0.1,0.05,0.6696156107498202,0.6697191697191698,True
liar2_finance,4,44,2,emotion_aware,32,linear_svm,word,0.1,0.1,0.6622208134841097,0.6623931623931624,False
liar2_finance,4,44,2,emotion_aware,33,linear_svm,word,0.1,0.25,0.6658039349963577,0.666056166056166,False
liar2_finance,4,44,2,emotion_aware,34,linear_svm,word,0.1,0.5,0.6597582791570313,0.6599511599511599,False
liar2_finance,4,44,2,emotion_aware,35,linear_svm,word,0.1,1.0,0.6579355608591886,0.6581196581196581,False
liar2_finance,4,44,2,emotion_aware,36,linear_svm,word,1.0,0.05,0.6507056451612903,0.6507936507936507,False
liar2_finance,4,44,2,emotion_aware,37,linear_svm,word,1.0,0.1,0.6562511299019105,0.6562881562881563,False
liar2_finance,4,44,2,emotion_aware,38,linear_svm,word,1.0,0.25,0.6519518668734343,0.6520146520146519,False
liar2_finance,4,44,2,emotion_aware,39,linear_svm,word,1.0,0.5,0.654394309912919,0.6544566544566545,False
liar2_finance,4,44,2,emotion_aware,40,linear_svm,word,1.0,1.0,0.6537778912699463,0.6538461538461537,False
liar2_finance,4,44,2,emotion_aware,41,linear_svm,word,10.0,0.05,0.634763271247718,0.6349206349206349,False
liar2_finance,4,44,2,emotion_aware,42,linear_svm,word,10.0,0.1,0.6408709088522713,0.641025641025641,False
liar2_finance,4,44,2,emotion_aware,43,linear_svm,word,10.0,0.25,0.6390476350274333,0.6391941391941391,False
liar2_finance,4,44,2,emotion_aware,44,linear_svm,word,10.0,0.5,0.6384456491748756,0.6385836385836385,False
liar2_finance,4,44,2,emotion_aware,45,linear_svm,word,10.0,1.0,0.6390476350274333,0.6391941391941391,False
liar2_finance,4,44,2,emotion_aware,46,linear_svm,word_char,0.1,0.05,0.6671728426222774,0.6672771672771673,False
liar2_finance,4,44,2,emotion_aware,47,linear_svm,word_char,0.1,0.1,0.666539399407909,0.6666666666666667,False
liar2_finance,4,44,2,emotion_aware,48,linear_svm,word_char,0.1,0.25,0.6658258724188282,0.666056166056166,False
liar2_finance,4,44,2,emotion_aware,49,linear_svm,word_char,0.1,0.5,0.662238950503371,0.6623931623931625,False
liar2_finance,4,44,2,emotion_aware,50,linear_svm,word_char,0.1,1.0,0.6609597432350637,0.6611721611721612,False
liar2_finance,4,44,2,emotion_aware,51,linear_svm,word_char,1.0,0.05,0.6477116048455003,0.6477411477411477,False
liar2_finance,4,44,2,emotion_aware,52,linear_svm,word_char,1.0,0.1,0.6501538120909387,0.6501831501831502,False
liar2_finance,4,44,2,emotion_aware,53,linear_svm,word_char,1.0,0.25,0.6525784075121809,0.6526251526251526,False
liar2_finance,4,44,2,emotion_aware,54,linear_svm,word_char,1.0,0.5,0.6525960193363771,0.6526251526251526,False
liar2_finance,4,44,2,emotion_aware,55,linear_svm,word_char,1.0,1.0,0.6525784075121809,0.6526251526251526,False
liar2_finance,4,44,2,emotion_aware,56,linear_svm,word_char,10.0,0.05,0.6385814833091568,0.6385836385836385,False
liar2_finance,4,44,2,emotion_aware,57,linear_svm,word_char,10.0,0.1,0.6361394663044888,0.6361416361416361,False
liar2_finance,4,44,2,emotion_aware,58,linear_svm,word_char,10.0,0.25,0.6343089076363149,0.6343101343101343,False
liar2_finance,4,44,2,emotion_aware,59,linear_svm,word_char,10.0,0.5,0.6361394663044888,0.6361416361416361,False
liar2_finance,4,44,2,emotion_aware,60,linear_svm,word_char,10.0,1.0,0.6373604748068227,0.6373626373626373,False
liar2_finance,4,44,3,text_only,1,logistic_regression,word,0.1,,0.6312026493265599,0.6312576312576312,False
liar2_finance,4,44,3,text_only,2,logistic_regression,word,1.0,,0.6275007754342432,0.6275946275946276,False
liar2_finance,4,44,3,text_only,3,logistic_regression,word,10.0,,0.6244400825406412,0.6245421245421245,False
liar2_finance,4,44,3,text_only,4,logistic_regression,word_char,0.1,,0.645187929474391,0.6452991452991452,True
liar2_finance,4,44,3,text_only,5,logistic_regression,word_char,1.0,,0.6402691320324166,0.6404151404151404,False
liar2_finance,4,44,3,text_only,6,logistic_regression,word_char,10.0,,0.6372972086365263,0.6373626373626373,False
liar2_finance,4,44,3,text_only,7,linear_svm,word,0.1,,0.6305313207091335,0.6306471306471306,False
liar2_finance,4,44,3,text_only,8,linear_svm,word,1.0,,0.6275007754342432,0.6275946275946276,False
liar2_finance,4,44,3,text_only,9,linear_svm,word,10.0,,0.6037837747178103,0.6037851037851037,False
liar2_finance,4,44,3,text_only,10,linear_svm,word_char,0.1,,0.6359847987686287,0.6361416361416361,False
liar2_finance,4,44,3,text_only,11,linear_svm,word_char,1.0,,0.633664680175996,0.6336996336996337,False
liar2_finance,4,44,3,text_only,12,linear_svm,word_char,10.0,,0.6306359796985646,0.6306471306471306,False
liar2_finance,4,44,3,emotion_aware,1,logistic_regression,word,0.1,0.05,0.6469785464568244,0.647130647130647,False
liar2_finance,4,44,3,emotion_aware,2,logistic_regression,word,0.1,0.1,0.6306073420793177,0.6306471306471306,False
liar2_finance,4,44,3,emotion_aware,3,logistic_regression,word,0.1,0.25,0.62085523924894,0.6208791208791209,False
liar2_finance,4,44,3,emotion_aware,4,logistic_regression,word,0.1,0.5,0.610312378344274,0.6105006105006106,False
liar2_finance,4,44,3,emotion_aware,5,logistic_regression,word,0.1,1.0,0.608399239891168,0.6086691086691087,False
liar2_finance,4,44,3,emotion_aware,6,logistic_regression,word,1.0,0.05,0.6364267826786334,0.6367521367521367,False
liar2_finance,4,44,3,emotion_aware,7,logistic_regression,word,1.0,0.1,0.6401188435692611,0.6404151404151404,False
liar2_finance,4,44,3,emotion_aware,8,logistic_regression,word,1.0,0.25,0.6462763804945183,0.6465201465201466,False
liar2_finance,4,44,3,emotion_aware,9,logistic_regression,word,1.0,0.5,0.6382190319138616,0.6385836385836385,False
liar2_finance,4,44,3,emotion_aware,10,logistic_regression,word,1.0,1.0,0.6363421304102694,0.6367521367521367,False
liar2_finance,4,44,3,emotion_aware,11,logistic_regression,word,10.0,0.05,0.6365244094141673,0.6367521367521367,False
liar2_finance,4,44,3,emotion_aware,12,logistic_regression,word,10.0,0.1,0.6365862125669182,0.6367521367521367,False
liar2_finance,4,44,3,emotion_aware,13,logistic_regression,word,10.0,0.25,0.6316801998750781,0.6318681318681318,False
liar2_finance,4,44,3,emotion_aware,14,logistic_regression,word,10.0,0.5,0.6292159343775907,0.6294261294261294,False
liar2_finance,4,44,3,emotion_aware,15,logistic_regression,word,10.0,1.0,0.6280153262419943,0.6282051282051282,False
liar2_finance,4,44,3,emotion_aware,16,logistic_regression,word_char,0.1,0.05,0.6513354072577413,0.6514041514041513,False
liar2_finance,4,44,3,emotion_aware,17,logistic_regression,word_char,0.1,0.1,0.6566278542355484,0.6568986568986569,True
liar2_finance,4,44,3,emotion_aware,18,logistic_regression,word_char,0.1,0.25,0.6427121260423833,0.6428571428571428,False
liar2_finance,4,44,3,emotion_aware,19,logistic_regression,word_char,0.1,0.5,0.6332709928848304,0.6336996336996337,False
liar2_finance,4,44,3,emotion_aware,20,logistic_regression,word_char,0.1,1.0,0.625936412742527,0.6263736263736264,False
liar2_finance,4,44,3,emotion_aware,21,logistic_regression,word_char,1.0,0.05,0.646393493415379,0.6465201465201464,False
liar2_finance,4,44,3,emotion_aware,22,logistic_regression,word_char,1.0,0.1,0.6513229290427782,0.6514041514041513,False
liar2_finance,4,44,3,emotion_aware,23,logistic_regression,word_char,1.0,0.25,0.6457908300225492,0.6459096459096458,False
liar2_finance,4,44,3,emotion_aware,24,logistic_regression,word_char,1.0,0.5,0.6475981140623165,0.6477411477411477,False
liar2_finance,4,44,3,emotion_aware,25,logistic_regression,word_char,1.0,1.0,0.6500734657294769,0.6501831501831501,False
liar2_finance,4,44,3,emotion_aware,26,logistic_regression,word_char,10.0,0.05,0.6482488647632967,0.6483516483516483,False
liar2_finance,4,44,3,emotion_aware,27,logistic_regression,word_char,10.0,0.1,0.6482000739777352,0.6483516483516483,False
liar2_finance,4,44,3,emotion_aware,28,logistic_regression,word_char,10.0,0.25,0.6494702228717574,0.6495726495726495,False
liar2_finance,4,44,3,emotion_aware,29,logistic_regression,word_char,10.0,0.5,0.647012240953506,0.647130647130647,False
liar2_finance,4,44,3,emotion_aware,30,logistic_regression,word_char,10.0,1.0,0.645187929474391,0.6452991452991452,False
liar2_finance,4,44,3,emotion_aware,31,linear_svm,word,0.1,0.05,0.6339825929823554,0.6343101343101343,False
liar2_finance,4,44,3,emotion_aware,32,linear_svm,word,0.1,0.1,0.6431612166789766,0.6434676434676435,False
liar2_finance,4,44,3,emotion_aware,33,linear_svm,word,0.1,0.25,0.6450068728586429,0.6452991452991453,False
liar2_finance,4,44,3,emotion_aware,34,linear_svm,word,0.1,0.5,0.6417659783149041,0.6422466422466422,False
liar2_finance,4,44,3,emotion_aware,35,linear_svm,word,0.1,1.0,0.6380310480083973,0.6385836385836385,False
liar2_finance,4,44,3,emotion_aware,36,linear_svm,word,1.0,0.05,0.6365862125669182,0.6367521367521367,False
liar2_finance,4,44,3,emotion_aware,37,linear_svm,word,1.0,0.1,0.6365666980525231,0.6367521367521367,False
liar2_finance,4,44,3,emotion_aware,38,linear_svm,word,1.0,0.25,0.6291705750607471,0.6294261294261294,False
liar2_finance,4,44,3,emotion_aware,39,linear_svm,word,1.0,0.5,0.6273496240601504,0.6275946275946276,False
liar2_finance,4,44,3,emotion_aware,40,linear_svm,word,1.0,1.0,0.6273724157580767,0.6275946275946276,False
liar2_finance,4,44,3,emotion_aware,41,linear_svm,word,10.0,0.05,0.6159434416962422,0.615995115995116,False
liar2_finance,4,44,3,emotion_aware,42,linear_svm,word,10.0,0.1,0.6147107865010215,0.6147741147741148,False
liar2_finance,4,44,3,emotion_aware,43,linear_svm,word,10.0,0.25,0.6134480849564649,0.6135531135531136,False
liar2_finance,4,44,3,emotion_aware,44,linear_svm,word,10.0,0.5,0.6128450682382134,0.612942612942613,False
liar2_finance,4,44,3,emotion_aware,45,linear_svm,word,10.0,1.0,0.6134480849564649,0.6135531135531136,False
liar2_finance,4,44,3,emotion_aware,46,linear_svm,word_char,0.1,0.05,0.646393493415379,0.6465201465201464,False
liar2_finance,4,44,3,emotion_aware,47,linear_svm,word_char,0.1,0.1,0.6463586841617573,0.6465201465201464,False
liar2_finance,4,44,3,emotion_aware,48,linear_svm,word_char,0.1,0.25,0.6463196474540773,0.6465201465201464,False
liar2_finance,4,44,3,emotion_aware,49,linear_svm,word_char,0.1,0.5,0.6469200923084726,0.647130647130647,False
liar2_finance,4,44,3,emotion_aware,50,linear_svm,word_char,0.1,1.0,0.6494032996388923,0.6495726495726495,False
liar2_finance,4,44,3,emotion_aware,51,linear_svm,word_char,1.0,0.05,0.6422125043052227,0.6422466422466422,False
liar2_finance,4,44,3,emotion_aware,52,linear_svm,word_char,1.0,0.1,0.6409913865724761,0.641025641025641,False
liar2_finance,4,44,3,emotion_aware,53,linear_svm,word_char,1.0,0.25,0.6391348253916065,0.6391941391941391,False
liar2_finance,4,44,3,emotion_aware,54,linear_svm,word_char,1.0,0.5,0.6384925558312655,0.6385836385836385,False
liar2_finance,4,44,3,emotion_aware,55,linear_svm,word_char,1.0,1.0,0.6384925558312655,0.6385836385836385,False
liar2_finance,4,44,3,emotion_aware,56,linear_svm,word_char,10.0,0.05,0.635524479173461,0.6355311355311355,False
liar2_finance,4,44,3,emotion_aware,57,linear_svm,word_char,10.0,0.1,0.6361221066756122,0.6361416361416361,False
liar2_finance,4,44,3,emotion_aware,58,linear_svm,word_char,10.0,0.25,0.6373620967261018,0.6373626373626373,False
liar2_finance,4,44,3,emotion_aware,59,linear_svm,word_char,10.0,0.5,0.6385814833091568,0.6385836385836385,False
liar2_finance,4,44,3,emotion_aware,60,linear_svm,word_char,10.0,1.0,0.6391929289032756,0.6391941391941391,False
liar2_finance,4,44,4,text_only,1,logistic_regression,word,0.1,,0.6495595882731805,0.6495726495726496,True
liar2_finance,4,44,4,text_only,2,logistic_regression,word,1.0,,0.644662686816398,0.6446886446886446,False
liar2_finance,4,44,4,text_only,3,logistic_regression,word,10.0,,0.6373620967261018,0.6373626373626373,False
liar2_finance,4,44,4,text_only,4,logistic_regression,word_char,0.1,,0.6489515509531812,0.648962148962149,False
liar2_finance,4,44,4,text_only,5,logistic_regression,word_char,1.0,,0.6465168528437555,0.6465201465201466,False
liar2_finance,4,44,4,text_only,6,logistic_regression,word_char,10.0,,0.6355005686183078,0.6355311355311355,False
liar2_finance,4,44,4,text_only,7,linear_svm,word,0.1,,0.6440716438159594,0.644078144078144,False
liar2_finance,4,44,4,text_only,8,linear_svm,word,1.0,,0.6428559448534962,0.6428571428571429,False
liar2_finance,4,44,4,text_only,9,linear_svm,word,10.0,,0.6300316659510519,0.63003663003663,False
liar2_finance,4,44,4,text_only,10,linear_svm,word_char,0.1,,0.6483495513278281,0.6483516483516484,False
liar2_finance,4,44,4,text_only,11,linear_svm,word_char,1.0,,0.6281185005027179,0.6282051282051282,False
liar2_finance,4,44,4,text_only,12,linear_svm,word_char,10.0,,0.6269828757358737,0.626984126984127,False
liar2_finance,4,44,4,emotion_aware,1,logistic_regression,word,0.1,0.05,0.650791568332496,0.6507936507936508,False
liar2_finance,4,44,4,emotion_aware,2,logistic_regression,word,0.1,0.1,0.6385814833091568,0.6385836385836385,False
liar2_finance,4,44,4,emotion_aware,3,logistic_regression,word,0.1,0.25,0.6159709267110842,0.615995115995116,False
liar2_finance,4,44,4,emotion_aware,4,logistic_regression,word,0.1,0.5,0.608011272141707,0.6080586080586081,False
liar2_finance,4,44,4,emotion_aware,5,logistic_regression,word,0.1,1.0,0.5945544554455445,0.5946275946275946,False
liar2_finance,4,44,4,emotion_aware,6,logistic_regression,word,1.0,0.05,0.6471285428254943,0.6471306471306472,False
liar2_finance,4,44,4,emotion_aware,7,logistic_regression,word,1.0,0.1,0.6532310004293689,0.6532356532356532,False
liar2_finance,4,44,4,emotion_aware,8,logistic_regression,word,1.0,0.25,0.6471259124087592,0.6471306471306472,False
liar2_finance,4,44,4,emotion_aware,9,logistic_regression,word,1.0,0.5,0.6445991004962779,0.6446886446886446,False
liar2_finance,4,44,4,emotion_aware,10,logistic_regression,word,1.0,1.0,0.639713864764268,0.6398046398046398,False
liar2_finance,4,44,4,emotion_aware,11,logistic_regression,word,10.0,0.05,0.6520125768348299,0.652014652014652,False
liar2_finance,4,44,4,emotion_aware,12,logistic_regression,word,10.0,0.1,0.6404139342200157,0.6404151404151404,False
liar2_finance,4,44,4,emotion_aware,13,logistic_regression,word,10.0,0.25,0.6361367539716616,0.6361416361416361,False
liar2_finance,4,44,4,emotion_aware,14,logistic_regression,word,10.0,0.5,0.6367520013656136,0.6367521367521367,False
liar2_finance,4,44,4,emotion_aware,15,logistic_regression,word,10.0,1.0,0.6355309996895316,0.6355311355311355,False
liar2_finance,4,44,4,emotion_aware,16,logistic_regression,word_char,0.1,0.05,0.6538449927041579,0.6538461538461539,False
liar2_finance,4,44,4,emotion_aware,17,logistic_regression,word_char,0.1,0.1,0.656880241529688,0.6568986568986569,True
liar2_finance,4,44,4,emotion_aware,18,logistic_regression,word_char,0.1,0.25,0.6434245840042941,0.6434676434676434,False
liar2_finance,4,44,4,emotion_aware,19,logistic_regression,word_char,0.1,0.5,0.6373280333742362,0.6373626373626373,False
liar2_finance,4,44,4,emotion_aware,20,logistic_regression,word_char,0.1,1.0,0.6251073537305422,0.6251526251526252,False
liar2_finance,4,44,4,emotion_aware,21,logistic_regression,word_char,1.0,0.05,0.6556771423459956,0.6556776556776557,False
liar2_finance,4,44,4,emotion_aware,22,logistic_regression,word_char,1.0,0.1,0.6526219158343642,0.6526251526251526,False
liar2_finance,4,44,4,emotion_aware,23,logistic_regression,word_char,1.0,0.25,0.6483495513278281,0.6483516483516484,False
liar2_finance,4,44,4,emotion_aware,24,logistic_regression,word_char,1.0,0.5,0.645288436702258,0.6452991452991452,False
liar2_finance,4,44,4,emotion_aware,25,logistic_regression,word_char,1.0,1.0,0.6446801690657403,0.6446886446886446,False
liar2_finance,4,44,4,emotion_aware,26,logistic_regression,word_char,10.0,0.05,0.6355146979618871,0.6355311355311355,False
liar2_finance,4,44,4,emotion_aware,27,logistic_regression,word_char,10.0,0.1,0.6336947187634178,0.6336996336996337,False
liar2_finance,4,44,4,emotion_aware,28,logistic_regression,word_char,10.0,0.25,0.634918457802155,0.6349206349206349,False
liar2_finance,4,44,4,emotion_aware,29,logistic_regression,word_char,10.0,0.5,0.6361410936847756,0.6361416361416361,False
liar2_finance,4,44,4,emotion_aware,30,logistic_regression,word_char,10.0,1.0,0.6367520013656136,0.6367521367521367,False
liar2_finance,4,44,4,emotion_aware,31,linear_svm,word,0.1,0.05,0.6477410164503513,0.6477411477411478,False
liar2_finance,4,44,4,emotion_aware,32,linear_svm,word,0.1,0.1,0.6532170412613216,0.6532356532356532,False
liar2_finance,4,44,4,emotion_aware,33,linear_svm,word,0.1,0.25,0.6452831482677661,0.6452991452991452,False
liar2_finance,4,44,4,emotion_aware,34,linear_svm,word,0.1,0.5,0.6433139638940926,0.6434676434676434,False
liar2_finance,4,44,4,emotion_aware,35,linear_svm,word,0.1,1.0,0.6408521606056945,0.641025641025641,False
liar2_finance,4,44,4,emotion_aware,36,linear_svm,word,1.0,0.05,0.6489620181264333,0.648962148962149,False
liar2_finance,4,44,4,emotion_aware,37,linear_svm,word,1.0,0.1,0.6397998067840275,0.6398046398046398,False
liar2_finance,4,44,4,emotion_aware,38,linear_svm,word,1.0,0.25,0.6336990876021229,0.6336996336996337,False
liar2_finance,4,44,4,emotion_aware,39,linear_svm,word,1.0,0.5,0.6330889963373677,0.6330891330891331,False
liar2_finance,4,44,4,emotion_aware,40,linear_svm,word,1.0,1.0,0.6336990876021229,0.6336996336996337,False
liar2_finance,4,44,4,emotion_aware,41,linear_svm,word,10.0,0.05,0.6287707997852925,0.6288156288156288,False
liar2_finance,4,44,4,emotion_aware,42,linear_svm,word,10.0,0.1,0.6275390994854331,0.6275946275946276,False
liar2_finance,4,44,4,emotion_aware,43,linear_svm,word,10.0,0.25,0.6220120719395441,0.6221001221001221,False
liar2_finance,4,44,4,emotion_aware,44,linear_svm,word,10.0,0.5,0.6226296082562774,0.6227106227106227,False
liar2_finance,4,44,4,emotion_aware,45,linear_svm,word,10.0,1.0,0.6220255991112817,0.6221001221001221,False
liar2_finance,4,44,4,emotion_aware,46,linear_svm,word_char,0.1,0.05,0.6538449927041579,0.6538461538461539,False
liar2_finance,4,44,4,emotion_aware,47,linear_svm,word_char,0.1,0.1,0.6538357032877457,0.6538461538461539,False
liar2_finance,4,44,4,emotion_aware,48,linear_svm,word_char,0.1,0.25,0.6501798906381208,0.6501831501831502,False
liar2_finance,4,44,4,emotion_aware,49,linear_svm,word_char,0.1,0.5,0.6452768019382192,0.6452991452991452,False
liar2_finance,4,44,4,emotion_aware,50,linear_svm,word_char,0.1,1.0,0.6458758575034629,0.6459096459096458,False
liar2_finance,4,44,4,emotion_aware,51,linear_svm,word_char,1.0,0.05,0.6269528432592733,0.626984126984127,False
liar2_finance,4,44,4,emotion_aware,52,linear_svm,word_char,1.0,0.1,0.6245106360138346,0.6245421245421245,False
liar2_finance,4,44,4,emotion_aware,53,linear_svm,word_char,1.0,0.25,0.6227016228223841,0.6227106227106227,False
liar2_finance,4,44,4,emotion_aware,54,linear_svm,word_char,1.0,0.5,0.6239226531692372,0.6239316239316239,False
liar2_finance,4,44,4,emotion_aware,55,linear_svm,word_char,1.0,1.0,0.6251436835160903,0.6251526251526252,False
liar2_finance,4,44,4,emotion_aware,56,linear_svm,word_char,10.0,0.05,0.6233176134794424,0.6233211233211233,False
liar2_finance,4,44,4,emotion_aware,57,linear_svm,word_char,10.0,0.1,0.62209998125263,0.6221001221001221,False
liar2_finance,4,44,4,emotion_aware,58,linear_svm,word_char,10.0,0.25,0.6263713982858173,0.6263736263736264,False
liar2_finance,4,44,4,emotion_aware,59,linear_svm,word_char,10.0,0.5,0.6294259913091218,0.6294261294261294,False
liar2_finance,4,44,4,emotion_aware,60,linear_svm,word_char,10.0,1.0,0.6300360784781442,0.63003663003663,False
liar2_finance,4,44,5,text_only,1,logistic_regression,word,0.1,,0.6450327342833044,0.6451219512195122,True
liar2_finance,4,44,5,text_only,2,logistic_regression,word,1.0,,0.6407252888915171,0.6408536585365854,False
liar2_finance,4,44,5,text_only,3,logistic_regression,word,10.0,,0.6207294510972701,0.6207317073170732,False
liar2_finance,4,44,5,text_only,4,logistic_regression,word_char,0.1,,0.6420251230924436,0.6420731707317073,False
liar2_finance,4,44,5,text_only,5,logistic_regression,word_char,1.0,,0.6347396651916598,0.6347560975609756,False
liar2_finance,4,44,5,text_only,6,logistic_regression,word_char,10.0,,0.6195071022663896,0.6195121951219512,False
liar2_finance,4,44,5,text_only,7,linear_svm,word,0.1,,0.6437832409714732,0.6439024390243903,False
liar2_finance,4,44,5,text_only,8,linear_svm,word,1.0,,0.617070892747726,0.6170731707317073,False
liar2_finance,4,44,5,text_only,9,linear_svm,word,10.0,,0.5999904816295449,0.6,False
liar2_finance,4,44,5,text_only,10,linear_svm,word_char,0.1,,0.6371787993139192,0.6371951219512195,False
liar2_finance,4,44,5,text_only,11,linear_svm,word_char,1.0,,0.6213379437271689,0.6213414634146341,False
liar2_finance,4,44,5,text_only,12,linear_svm,word_char,10.0,,0.6073118170826202,0.6073170731707317,False
liar2_finance,4,44,5,emotion_aware,1,logistic_regression,word,0.1,0.05,0.6511027634172648,0.651219512195122,False
liar2_finance,4,44,5,emotion_aware,2,logistic_regression,word,0.1,0.1,0.6303949088929253,0.6304878048780488,False
liar2_finance,4,44,5,emotion_aware,3,logistic_regression,word,0.1,0.25,0.6164313269811759,0.6164634146341463,False
liar2_finance,4,44,5,emotion_aware,4,logistic_regression,word,0.1,0.5,0.6102602170204521,0.6103658536585366,False
liar2_finance,4,44,5,emotion_aware,5,logistic_regression,word,0.1,1.0,0.5979660974075517,0.598170731707317,False
liar2_finance,4,44,5,emotion_aware,6,logistic_regression,word,1.0,0.05,0.6491918578285831,0.649390243902439,False
liar2_finance,4,44,5,emotion_aware,7,logistic_regression,word,1.0,0.1,0.6478815326835581,0.6481707317073171,False
liar2_finance,4,44,5,emotion_aware,8,logistic_regression,word,1.0,0.25,0.6412281106436554,0.6414634146341464,False
liar2_finance,4,44,5,emotion_aware,9,logistic_regression,word,1.0,0.5,0.6394087768269803,0.6396341463414634,False
liar2_finance,4,44,5,emotion_aware,10,logistic_regression,word,1.0,1.0,0.6339699676822264,0.6341463414634146,False
liar2_finance,4,44,5,emotion_aware,11,logistic_regression,word,10.0,0.05,0.6231029081675912,0.6231707317073171,False
liar2_finance,4,44,5,emotion_aware,12,logistic_regression,word,10.0,0.1,0.6267204598603995,0.6268292682926829,False
liar2_finance,4,44,5,emotion_aware,13,logistic_regression,word,10.0,0.25,0.6243097867479055,0.624390243902439,False
liar2_finance,4,44,5,emotion_aware,14,logistic_regression,word,10.0,0.5,0.6237064770695901,0.623780487804878,False
liar2_finance,4,44,5,emotion_aware,15,logistic_regression,word,10.0,1.0,0.6249385030784718,0.625,False
liar2_finance,4,44,5,emotion_aware,16,logistic_regression,word_char,0.1,0.05,0.6505722097593026,0.650609756097561,False
liar2_finance,4,44,5,emotion_aware,17,logistic_regression,word_char,0.1,0.1,0.6511318281959624,0.651219512195122,False
liar2_finance,4,44,5,emotion_aware,18,logistic_regression,word_char,0.1,0.25,0.6395632543729786,0.6396341463414634,False
liar2_finance,4,44,5,emotion_aware,19,logistic_regression,word_char,0.1,0.5,0.6328197987515695,0.6329268292682927,False
liar2_finance,4,44,5,emotion_aware,20,logistic_regression,word_char,0.1,1.0,0.6247654784240151,0.625,False
liar2_finance,4,44,5,emotion_aware,21,logistic_regression,word_char,1.0,0.05,0.6463077984817116,0.6463414634146342,False
liar2_finance,4,44,5,emotion_aware,22,logistic_regression,word_char,1.0,0.1,0.6481329232654758,0.6481707317073171,False
liar2_finance,4,44,5,emotion_aware,23,logistic_regression,word_char,1.0,0.25,0.6432543502778221,0.6432926829268293,False
liar2_finance,4,44,5,emotion_aware,24,logistic_regression,word_char,1.0,0.5,0.6499370053207076,0.65,False
liar2_finance,4,44,5,emotion_aware,25,logistic_regression,word_char,1.0,1.0,0.6468817669745425,0.6469512195121951,False
liar2_finance,4,44,5,emotion_aware,26,logistic_regression,word_char,10.0,0.05,0.6243852163398975,0.624390243902439,False
liar2_finance,4,44,5,emotion_aware,27,logistic_regression,word_char,10.0,0.1,0.6237792288864739,0.623780487804878,False
liar2_finance,4,44,5,emotion_aware,28,logistic_regression,word_char,10.0,0.25,0.6231701712822297,0.6231707317073171,False
liar2_finance,4,44,5,emotion_aware,29,logistic_regression,word_char,10.0,0.5,0.6231707317073171,0.6231707317073171,False
liar2_finance,4,44,5,emotion_aware,30,logistic_regression,word_char,10.0,1.0,0.6237803479254714,0.623780487804878,False
liar2_finance,4,44,5,emotion_aware,31,linear_svm,word,0.1,0.05,0.6504120600622229,0.650609756097561,False
liar2_finance,4,44,5,emotion_aware,32,linear_svm,word,0.1,0.1,0.6472834815016573,0.6475609756097561,False
liar2_finance,4,44,5,emotion_aware,33,linear_svm,word,0.1,0.25,0.6368709574542116,0.6371951219512195,False
liar2_finance,4,44,5,emotion_aware,34,linear_svm,word,0.1,0.5,0.6424255412878991,0.6426829268292683,False
liar2_finance,4,44,5,emotion_aware,35,linear_svm,word,0.1,1.0,0.6405830534961816,0.6408536585365854,False
liar2_finance,4,44,5,emotion_aware,36,linear_svm,word,1.0,0.05,0.6181473017686686,0.6182926829268293,False
liar2_finance,4,44,5,emotion_aware,37,linear_svm,word,1.0,0.1,0.6151235570015758,0.6152439024390244,False
liar2_finance,4,44,5,emotion_aware,38,linear_svm,word,1.0,0.25,0.6193848328188344,0.6195121951219512,False
liar2_finance,4,44,5,emotion_aware,39,linear_svm,word,1.0,0.5,0.6242958149802672,0.624390243902439,False
liar2_finance,4,44,5,emotion_aware,40,linear_svm,word,1.0,1.0,0.6243097867479055,0.624390243902439,False
liar2_finance,4,44,5,emotion_aware,41,linear_svm,word,10.0,0.05,0.6030450907671286,0.6030487804878049,False
liar2_finance,4,44,5,emotion_aware,42,linear_svm,word,10.0,0.1,0.601829120251755,0.6018292682926829,False
liar2_finance,4,44,5,emotion_aware,43,linear_svm,word,10.0,0.25,0.6067060010239476,0.6067073170731707,False
liar2_finance,4,44,5,emotion_aware,44,linear_svm,word,10.0,0.5,0.6060969751590946,0.6060975609756097,False
liar2_finance,4,44,5,emotion_aware,45,linear_svm,word,10.0,1.0,0.6060969751590946,0.6060975609756097,False
liar2_finance,4,44,5,emotion_aware,46,linear_svm,word_char,0.1,0.05,0.649360910992331,0.649390243902439,False
liar2_finance,4,44,5,emotion_aware,47,linear_svm,word_char,0.1,0.1,0.6529918833360169,0.6530487804878049,True
liar2_finance,4,44,5,emotion_aware,48,linear_svm,word_char,0.1,0.25,0.6462888591402647,0.6463414634146342,False
liar2_finance,4,44,5,emotion_aware,49,linear_svm,word_char,0.1,0.5,0.648060685245498,0.6481707317073171,False
liar2_finance,4,44,5,emotion_aware,50,linear_svm,word_char,0.1,1.0,0.6486780798686114,0.6487804878048781,False
liar2_finance,4,44,5,emotion_aware,51,linear_svm,word_char,1.0,0.05,0.6207294510972701,0.6207317073170732,False
liar2_finance,4,44,5,emotion_aware,52,linear_svm,word_char,1.0,0.1,0.6195116292558436,0.6195121951219512,False
liar2_finance,4,44,5,emotion_aware,53,linear_svm,word_char,1.0,0.25,0.6158485167112588,0.6158536585365854,False
liar2_finance,4,44,5,emotion_aware,54,linear_svm,word_char,1.0,0.5,0.6188988966658301,0.6189024390243902,False
liar2_finance,4,44,5,emotion_aware,55,linear_svm,word_char,1.0,1.0,0.6207266307847665,0.6207317073170732,False
liar2_finance,4,44,5,emotion_aware,56,linear_svm,word_char,10.0,0.05,0.613412334398182,0.6134146341463415,False
liar2_finance,4,44,5,emotion_aware,57,linear_svm,word_char,10.0,0.1,0.609145033575737,0.6091463414634146,False
liar2_finance,4,44,5,emotion_aware,58,linear_svm,word_char,10.0,0.25,0.6097555171854806,0.6097560975609756,False
liar2_finance,4,44,5,emotion_aware,59,linear_svm,word_char,10.0,0.5,0.6103645498516317,0.6103658536585366,False
liar2_finance,4,44,5,emotion_aware,60,linear_svm,word_char,10.0,1.0,0.611581755481814,0.6115853658536585,False
liar2_finance,5,55,1,text_only,1,logistic_regression,word,0.1,,0.6385491511069827,0.6385836385836385,False
liar2_finance,5,55,1,text_only,2,logistic_regression,word,1.0,,0.6531611933488116,0.6532356532356531,False
liar2_finance,5,55,1,text_only,3,logistic_regression,word,10.0,,0.6428090832945972,0.6428571428571428,False
liar2_finance,5,55,1,text_only,4,logistic_regression,word_char,0.1,,0.6544561393046693,0.6544566544566545,True
liar2_finance,5,55,1,text_only,5,logistic_regression,word_char,1.0,,0.6434415963930867,0.6434676434676434,False
liar2_finance,5,55,1,text_only,6,logistic_regression,word_char,10.0,,0.6379427758637464,0.6379731379731379,False
liar2_finance,5,55,1,text_only,7,linear_svm,word,0.1,,0.6507306453536921,0.6507936507936507,False
liar2_finance,5,55,1,text_only,8,linear_svm,word,1.0,,0.6409721155695649,0.641025641025641,False
liar2_finance,5,55,1,text_only,9,linear_svm,word,10.0,,0.6263463304667278,0.6263736263736264,False
liar2_finance,5,55,1,text_only,10,linear_svm,word_char,0.1,,0.6477189582071472,0.6477411477411477,False
liar2_finance,5,55,1,text_only,11,linear_svm,word_char,1.0,,0.6330879023195747,0.6330891330891331,False
liar2_finance,5,55,1,text_only,12,linear_svm,word_char,10.0,,0.619657977900466,0.6196581196581197,False
liar2_finance,5,55,1,emotion_aware,1,logistic_regression,word,0.1,0.05,0.6519129390886789,0.6520146520146519,False
liar2_finance,5,55,1,emotion_aware,2,logistic_regression,word,0.1,0.1,0.6440302488217953,0.644078144078144,False
liar2_finance,5,55,1,emotion_aware,3,logistic_regression,word,0.1,0.25,0.6184358385186924,0.6184371184371185,False
liar2_finance,5,55,1,emotion_aware,4,logistic_regression,word,0.1,0.5,0.6190334200042937,0.6190476190476191,False
liar2_finance,5,55,1,emotion_aware,5,logistic_regression,word,0.1,1.0,0.6037849561114004,0.6037851037851037,False
liar2_finance,5,55,1,emotion_aware,6,logistic_regression,word,1.0,0.05,0.6665692363902083,0.6666666666666667,True
liar2_finance,5,55,1,emotion_aware,7,logistic_regression,word,1.0,0.1,0.6647690693248687,0.6648351648351649,False
liar2_finance,5,55,1,emotion_aware,8,logistic_regression,word,1.0,0.25,0.6580049393321163,0.6581196581196581,False
liar2_finance,5,55,1,emotion_aware,9,logistic_regression,word,1.0,0.5,0.6554722007992708,0.6556776556776557,False
liar2_finance,5,55,1,emotion_aware,10,logistic_regression,word,1.0,1.0,0.651244919959177,0.6514041514041514,False
liar2_finance,5,55,1,emotion_aware,11,logistic_regression,word,10.0,0.05,0.6507306453536921,0.6507936507936507,False
liar2_finance,5,55,1,emotion_aware,12,logistic_regression,word,10.0,0.1,0.650136076457785,0.6501831501831501,False
liar2_finance,5,55,1,emotion_aware,13,logistic_regression,word,10.0,0.25,0.6488929232455364,0.6489621489621489,False
liar2_finance,5,55,1,emotion_aware,14,logistic_regression,word,10.0,0.5,0.6477032006277129,0.6477411477411477,False
liar2_finance,5,55,1,emotion_aware,15,logistic_regression,word,10.0,1.0,0.6483180929689563,0.6483516483516483,False
liar2_finance,5,55,1,emotion_aware,16,logistic_regression,word_char,0.1,0.05,0.6642121490422461,0.6642246642246642,False
liar2_finance,5,55,1,emotion_aware,17,logistic_regression,word_char,0.1,0.1,0.6549590019845627,0.6550671550671551,False
liar2_finance,5,55,1,emotion_aware,18,logistic_regression,word_char,0.1,0.25,0.6434144821303163,0.6434676434676434,False
liar2_finance,5,55,1,emotion_aware,19,logistic_regression,word_char,0.1,0.5,0.6330780558658469,0.6330891330891331,False
liar2_finance,5,55,1,emotion_aware,20,logistic_regression,word_char,0.1,1.0,0.6305974280226176,0.6306471306471306,False
liar2_finance,5,55,1,emotion_aware,21,logistic_regression,word_char,1.0,0.05,0.6581176193464995,0.6581196581196581,False
liar2_finance,5,55,1,emotion_aware,22,logistic_regression,word_char,1.0,0.1,0.6605571060541005,0.6605616605616605,False
liar2_finance,5,55,1,emotion_aware,23,logistic_regression,word_char,1.0,0.25,0.6617745939216841,0.6617826617826618,False
liar2_finance,5,55,1,emotion_aware,24,logistic_regression,word_char,1.0,0.5,0.6580870348309296,0.6581196581196581,False
liar2_finance,5,55,1,emotion_aware,25,logistic_regression,word_char,1.0,1.0,0.6574630696209727,0.6575091575091575,False
liar2_finance,5,55,1,emotion_aware,26,logistic_regression,word_char,10.0,0.05,0.6422274404562227,0.6422466422466422,False
liar2_finance,5,55,1,emotion_aware,27,logistic_regression,word_char,10.0,0.1,0.6458837772397095,0.6459096459096458,False
liar2_finance,5,55,1,emotion_aware,28,logistic_regression,word_char,10.0,0.25,0.644074827647512,0.6440781440781441,False
liar2_finance,5,55,1,emotion_aware,29,logistic_regression,word_char,10.0,0.5,0.6416328024512685,0.6416361416361416,False
liar2_finance,5,55,1,emotion_aware,30,logistic_regression,word_char,10.0,1.0,0.6398024918114906,0.6398046398046398,False
liar2_finance,5,55,1,emotion_aware,31,linear_svm,word,0.1,0.05,0.665920569137066,0.6660561660561661,False
liar2_finance,5,55,1,emotion_aware,32,linear_svm,word,0.1,0.1,0.6641119939869,0.6642246642246643,False
liar2_finance,5,55,1,emotion_aware,33,linear_svm,word,0.1,0.25,0.6591760299625469,0.6593406593406593,False
liar2_finance,5,55,1,emotion_aware,34,linear_svm,word,0.1,0.5,0.6512064226187879,0.6514041514041514,False
liar2_finance,5,55,1,emotion_aware,35,linear_svm,word,0.1,1.0,0.6493635518772721,0.6495726495726496,False
liar2_finance,5,55,1,emotion_aware,36,linear_svm,word,1.0,0.05,0.6452609351207993,0.6452991452991452,False
liar2_finance,5,55,1,emotion_aware,37,linear_svm,word,1.0,0.1,0.645890640724589,0.6459096459096458,False
liar2_finance,5,55,1,emotion_aware,38,linear_svm,word,1.0,0.25,0.6416135675348273,0.6416361416361416,False
liar2_finance,5,55,1,emotion_aware,39,linear_svm,word,1.0,0.5,0.6422333078886477,0.6422466422466422,False
liar2_finance,5,55,1,emotion_aware,40,linear_svm,word,1.0,1.0,0.6428463605349757,0.6428571428571428,False
liar2_finance,5,55,1,emotion_aware,41,linear_svm,word,10.0,0.05,0.6287802092450092,0.6288156288156288,False
liar2_finance,5,55,1,emotion_aware,42,linear_svm,word,10.0,0.1,0.6275940723954917,0.6275946275946276,False
liar2_finance,5,55,1,emotion_aware,43,linear_svm,word,10.0,0.25,0.6294259913091218,0.6294261294261294,False
liar2_finance,5,55,1,emotion_aware,44,linear_svm,word,10.0,0.5,0.6282049896330398,0.6282051282051282,False
liar2_finance,5,55,1,emotion_aware,45,linear_svm,word,10.0,1.0,0.6282049896330398,0.6282051282051282,False
liar2_finance,5,55,1,emotion_aware,46,linear_svm,word_char,0.1,0.05,0.6593279621192243,0.6593406593406593,False
liar2_finance,5,55,1,emotion_aware,47,linear_svm,word_char,0.1,0.1,0.6599297395517868,0.6599511599511599,False
liar2_finance,5,55,1,emotion_aware,48,linear_svm,word_char,0.1,0.25,0.6605368623194456,0.6605616605616605,False
liar2_finance,5,55,1,emotion_aware,49,linear_svm,word_char,0.1,0.5,0.6586628592943562,0.6587301587301588,False
liar2_finance,5,55,1,emotion_aware,50,linear_svm,word_char,0.1,1.0,0.6568249835599158,0.6568986568986569,False
liar2_finance,5,55,1,emotion_aware,51,linear_svm,word_char,1.0,0.05,0.6361367539716616,0.6361416361416361,False
liar2_finance,5,55,1,emotion_aware,52,linear_svm,word_char,1.0,0.1,0.6385642401878564,0.6385836385836385,False
liar2_finance,5,55,1,emotion_aware,53,linear_svm,word_char,1.0,0.25,0.6416199794030615,0.6416361416361416,False
liar2_finance,5,55,1,emotion_aware,54,linear_svm,word_char,1.0,0.5,0.6398024918114906,0.6398046398046398,False
liar2_finance,5,55,1,emotion_aware,55,linear_svm,word_char,1.0,1.0,0.6398024918114906,0.6398046398046398,False
liar2_finance,5,55,1,emotion_aware,56,linear_svm,word_char,10.0,0.05,0.622098854468913,0.6221001221001221,False
liar2_finance,5,55,1,emotion_aware,57,linear_svm,word_char,10.0,0.1,0.6251503897834835,0.6251526251526252,False
liar2_finance,5,55,1,emotion_aware,58,linear_svm,word_char,10.0,0.25,0.6257562910106056,0.6257631257631258,False
liar2_finance,5,55,1,emotion_aware,59,linear_svm,word_char,10.0,0.5,0.6251436835160903,0.6251526251526252,False
liar2_finance,5,55,1,emotion_aware,60,linear_svm,word_char,10.0,1.0,0.6251386536580712,0.6251526251526252,False
liar2_finance,5,55,2,text_only,1,logistic_regression,word,0.1,,0.633679973163368,0.6336996336996337,False
liar2_finance,5,55,2,text_only,2,logistic_regression,word,1.0,,0.6471048676630208,0.647130647130647,False
liar2_finance,5,55,2,text_only,3,logistic_regression,word,10.0,,0.635529912953055,0.6355311355311355,False
liar2_finance,5,55,2,text_only,4,logistic_regression,word_char,0.1,,0.6385787891799055,0.6385836385836385,False
liar2_finance,5,55,2,text_only,5,logistic_regression,word_char,1.0,,0.6525784075121809,0.6526251526251526,False
liar2_finance,5,55,2,text_only,6,logistic_regression,word_char,10.0,,0.6446881149740593,0.6446886446886447,False
liar2_finance,5,55,2,text_only,7,linear_svm,word,0.1,,0.6464978800726833,0.6465201465201464,False
liar2_finance,5,55,2,text_only,8,linear_svm,word,1.0,,0.6318668970028345,0.6318681318681318,False
liar2_finance,5,55,2,text_only,9,linear_svm,word,10.0,,0.6166056166056166,0.6166056166056166,False
liar2_finance,5,55,2,text_only,10,linear_svm,word_char,0.1,,0.6531839483733213,0.6532356532356532,True
liar2_finance,5,55,2,text_only,11,linear_svm,word_char,1.0,,0.6306238643246518,0.6306471306471306,False
liar2_finance,5,55,2,text_only,12,linear_svm,word_char,10.0,,0.6178061053337807,0.6178266178266179,False
liar2_finance,5,55,2,emotion_aware,1,logistic_regression,word,0.1,0.05,0.650676473746376,0.6507936507936507,False
liar2_finance,5,55,2,emotion_aware,2,logistic_regression,word,0.1,0.1,0.6287802092450092,0.6288156288156288,False
liar2_finance,5,55,2,emotion_aware,3,logistic_regression,word,0.1,0.25,0.6129056787193025,0.612942612942613,False
liar2_finance,5,55,2,emotion_aware,4,logistic_regression,word,0.1,0.5,0.6108905275099263,0.6111111111111112,False
liar2_finance,5,55,2,emotion_aware,5,logistic_regression,word,0.1,1.0,0.6046523166270182,0.605006105006105,False
liar2_finance,5,55,2,emotion_aware,6,logistic_regression,word,1.0,0.05,0.6568249835599158,0.6568986568986569,False
liar2_finance,5,55,2,emotion_aware,7,logistic_regression,word,1.0,0.1,0.6580049393321163,0.6581196581196581,False
liar2_finance,5,55,2,emotion_aware,8,logistic_regression,word,1.0,0.25,0.6568121898263027,0.656898656898657,False
liar2_finance,5,55,2,emotion_aware,9,logistic_regression,word,1.0,0.5,0.6555292391031989,0.6556776556776557,False
liar2_finance,5,55,2,emotion_aware,10,logistic_regression,word,1.0,1.0,0.6561650030964739,0.6562881562881563,False
liar2_finance,5,55,2,emotion_aware,11,logistic_regression,word,10.0,0.05,0.6397998067840275,0.6398046398046398,False
liar2_finance,5,55,2,emotion_aware,12,logistic_regression,word,10.0,0.1,0.6471306471306472,0.6471306471306472,False
liar2_finance,5,55,2,emotion_aware,13,logistic_regression,word,10.0,0.25,0.6471259124087592,0.6471306471306472,False
liar2_finance,5,55,2,emotion_aware,14,logistic_regression,word,10.0,0.5,0.6477347143770302,0.6477411477411478,False
liar2_finance,5,55,2,emotion_aware,15,logistic_regression,word,10.0,1.0,0.6471222297594466,0.6471306471306472,False
liar2_finance,5,55,2,emotion_aware,16,logistic_regression,word_char,0.1,0.05,0.6488667438388109,0.6489621489621489,False
liar2_finance,5,55,2,emotion_aware,17,logistic_regression,word_char,0.1,0.1,0.6391348253916065,0.6391941391941391,False
liar2_finance,5,55,2,emotion_aware,18,logistic_regression,word_char,0.1,0.25,0.6293530511478966,0.6294261294261294,False
liar2_finance,5,55,2,emotion_aware,19,logistic_regression,word_char,0.1,0.5,0.6280885525815906,0.6282051282051282,False
liar2_finance,5,55,2,emotion_aware,20,logistic_regression,word_char,0.1,1.0,0.6234915526950925,0.6239316239316239,False
liar2_finance,5,55,2,emotion_aware,21,logistic_regression,word_char,1.0,0.05,0.6556360708534622,0.6556776556776557,False
liar2_finance,5,55,2,emotion_aware,22,logistic_regression,word_char,1.0,0.1,0.654394309912919,0.6544566544566545,False
liar2_finance,5,55,2,emotion_aware,23,logistic_regression,word_char,1.0,0.25,0.6556447993654362,0.6556776556776557,False
liar2_finance,5,55,2,emotion_aware,24,logistic_regression,word_char,1.0,0.5,0.6562419040937748,0.6562881562881563,False
liar2_finance,5,55,2,emotion_aware,25,logistic_regression,word_char,1.0,1.0,0.6562080718933172,0.6562881562881563,False
liar2_finance,5,55,2,emotion_aware,26,logistic_regression,word_char,10.0,0.05,0.641634939536756,0.6416361416361416,False
liar2_finance,5,55,2,emotion_aware,27,logistic_regression,word_char,10.0,0.1,0.6434591387188873,0.6434676434676434,False
liar2_finance,5,55,2,emotion_aware,28,logistic_regression,word_char,10.0,0.25,0.6477252608442359,0.6477411477411478,False
liar2_finance,5,55,2,emotion_aware,29,logistic_regression,word_char,10.0,0.5,0.6489515509531812,0.648962148962149,False
liar2_finance,5,55,2,emotion_aware,30,logistic_regression,word_char,10.0,1.0,0.6483432601062997,0.6483516483516484,False
liar2_finance,5,55,2,emotion_aware,31,linear_svm,word,0.1,0.05,0.6562419040937748,0.6562881562881563,False
liar2_finance,5,55,2,emotion_aware,32,linear_svm,word,0.1,0.1,0.6573527147059515,0.6575091575091575,False
liar2_finance,5,55,2,emotion_aware,33,linear_svm,word,0.1,0.25,0.6543556553056005,0.6544566544566544,False
liar2_finance,5,55,2,emotion_aware,34,linear_svm,word,0.1,0.5,0.6530680735102627,0.6532356532356532,False
liar2_finance,5,55,2,emotion_aware,35,linear_svm,word,0.1,1.0,0.6548910662179421,0.6550671550671551,False
liar2_finance,5,55,2,emotion_aware,36,linear_svm,word,1.0,0.05,0.6397998067840275,0.6398046398046398,False
liar2_finance,5,55,2,emotion_aware,37,linear_svm,word,1.0,0.1,0.6440769501702364,0.6440781440781441,False
liar2_finance,5,55,2,emotion_aware,38,linear_svm,word,1.0,0.25,0.6440673986186168,0.644078144078144,False
liar2_finance,5,55,2,emotion_aware,39,linear_svm,word,1.0,0.5,0.646509474785899,0.6465201465201466,False
liar2_finance,5,55,2,emotion_aware,40,linear_svm,word,1.0,1.0,0.6459048948046372,0.645909645909646,False
liar2_finance,5,55,2,emotion_aware,41,linear_svm,word,10.0,0.05,0.6239316239316239,0.6239316239316239,False
liar2_finance,5,55,2,emotion_aware,42,linear_svm,word,10.0,0.1,0.6263730693541654,0.6263736263736264,False
liar2_finance,5,55,2,emotion_aware,43,linear_svm,word,10.0,0.25,0.6263686131386861,0.6263736263736264,False
liar2_finance,5,55,2,emotion_aware,44,linear_svm,word,10.0,0.5,0.6269828757358737,0.626984126984127,False
liar2_finance,5,55,2,emotion_aware,45,linear_svm,word,10.0,1.0,0.6263730693541654,0.6263736263736264,False
liar2_finance,5,55,2,emotion_aware,46,linear_svm,word_char,0.1,0.05,0.6550104506704868,0.6550671550671551,False
liar2_finance,5,55,2,emotion_aware,47,linear_svm,word_char,0.1,0.1,0.654394309912919,0.6544566544566545,False
liar2_finance,5,55,2,emotion_aware,48,linear_svm,word_char,0.1,0.25,0.656231652615016,0.6562881562881563,False
liar2_finance,5,55,2,emotion_aware,49,linear_svm,word_char,0.1,0.5,0.6562419040937748,0.6562881562881563,False
liar2_finance,5,55,2,emotion_aware,50,linear_svm,word_char,0.1,1.0,0.6580197296309829,0.6581196581196582,True
liar2_finance,5,55,2,emotion_aware,51,linear_svm,word_char,1.0,0.05,0.632476440797487,0.6324786324786325,False
liar2_finance,5,55,2,emotion_aware,52,linear_svm,word_char,1.0,0.1,0.638583099767428,0.6385836385836385,False
liar2_finance,5,55,2,emotion_aware,53,linear_svm,word_char,1.0,0.25,0.6398046398046398,0.6398046398046398,False
liar2_finance,5,55,2,emotion_aware,54,linear_svm,word_char,1.0,0.5,0.6416360080699415,0.6416361416361417,False
liar2_finance,5,55,2,emotion_aware,55,linear_svm,word_char,1.0,1.0,0.6428570097460234,0.6428571428571429,False
liar2_finance,5,55,2,emotion_aware,56,linear_svm,word_char,10.0,0.05,0.6281739468819925,0.6282051282051282,False
liar2_finance,5,55,2,emotion_aware,57,linear_svm,word_char,10.0,0.1,0.6330496075862313,0.6330891330891331,False
liar2_finance,5,55,2,emotion_aware,58,linear_svm,word_char,10.0,0.25,0.6293762624954198,0.6294261294261294,False
liar2_finance,5,55,2,emotion_aware,59,linear_svm,word_char,10.0,0.5,0.6275496511003757,0.6275946275946276,False
liar2_finance,5,55,2,emotion_aware,60,linear_svm,word_char,10.0,1.0,0.626328502415459,0.6263736263736264,False
liar2_finance,5,55,3,text_only,1,logistic_regression,word,0.1,,0.6439814115791769,0.644078144078144,False
liar2_finance,5,55,3,text_only,2,logistic_regression,word,1.0,,0.6427600785142684,0.6428571428571428,False
liar2_finance,5,55,3,text_only,3,logistic_regression,word,10.0,,0.64153874544936,0.6416361416361416,False
liar2_finance,5,55,3,text_only,4,logistic_regression,word_char,0.1,,0.6623477317297646,0.6623931623931625,True
liar2_finance,5,55,3,text_only,5,logistic_regression,word_char,1.0,,0.6470880300590445,0.647130647130647,False
liar2_finance,5,55,3,text_only,6,logistic_regression,word_char,10.0,,0.6459075343231602,0.645909645909646,False
liar2_finance,5,55,3,text_only,7,linear_svm,word,0.1,,0.645187929474391,0.6452991452991452,False
liar2_finance,5,55,3,text_only,8,linear_svm,word,1.0,,0.6445354914150032,0.6446886446886446,False
liar2_finance,5,55,3,text_only,9,linear_svm,word,10.0,,0.6439665454106196,0.644078144078144,False
liar2_finance,5,55,3,text_only,10,linear_svm,word_char,0.1,,0.6470880300590445,0.647130647130647,False
liar2_finance,5,55,3,text_only,11,linear_svm,word_char,1.0,,0.6422274404562227,0.6422466422466422,False
liar2_finance,5,55,3,text_only,12,linear_svm,word_char,10.0,,0.6355146979618871,0.6355311355311355,False
liar2_finance,5,55,3,emotion_aware,1,logistic_regression,word,0.1,0.05,0.6585915871071663,0.6587301587301587,False
liar2_finance,5,55,3,emotion_aware,2,logistic_regression,word,0.1,0.1,0.6300278049035029,0.63003663003663,False
liar2_finance,5,55,3,emotion_aware,3,logistic_regression,word,0.1,0.25,0.6183960145447498,0.6184371184371185,False
liar2_finance,5,55,3,emotion_aware,4,logistic_regression,word,0.1,0.5,0.6072887128978675,0.6074481074481075,False
liar2_finance,5,55,3,emotion_aware,5,logistic_regression,word,0.1,1.0,0.6022366165765517,0.6025641025641025,False
liar2_finance,5,55,3,emotion_aware,6,logistic_regression,word,1.0,0.05,0.66106592230342,0.6611721611721613,False
liar2_finance,5,55,3,emotion_aware,7,logistic_regression,word,1.0,0.1,0.6566939305836705,0.6568986568986569,False
liar2_finance,5,55,3,emotion_aware,8,logistic_regression,word,1.0,0.25,0.6507056451612903,0.6507936507936507,False
liar2_finance,5,55,3,emotion_aware,9,logistic_regression,word,1.0,0.5,0.6524281164099655,0.6526251526251526,False
liar2_finance,5,55,3,emotion_aware,10,logistic_regression,word,1.0,1.0,0.6512064226187879,0.6514041514041514,False
liar2_finance,5,55,3,emotion_aware,11,logistic_regression,word,10.0,0.05,0.648914910930587,0.6489621489621489,False
liar2_finance,5,55,3,emotion_aware,12,logistic_regression,word,10.0,0.1,0.646393493415379,0.6465201465201464,False
liar2_finance,5,55,3,emotion_aware,13,logistic_regression,word,10.0,0.25,0.6537655004680476,0.6538461538461537,False
liar2_finance,5,55,3,emotion_aware,14,logistic_regression,word,10.0,0.5,0.6531482630272953,0.6532356532356531,False
liar2_finance,5,55,3,emotion_aware,15,logistic_regression,word,10.0,1.0,0.6531482630272953,0.6532356532356531,False
liar2_finance,5,55,3,emotion_aware,16,logistic_regression,word_char,0.1,0.05,0.6671579514877056,0.6672771672771673,True
liar2_finance,5,55,3,emotion_aware,17,logistic_regression,word_char,0.1,0.1,0.6579355608591886,0.6581196581196581,False
liar2_finance,5,55,3,emotion_aware,18,logistic_regression,word_char,0.1,0.25,0.647012240953506,0.647130647130647,False
liar2_finance,5,55,3,emotion_aware,19,logistic_regression,word_char,0.1,0.5,0.6438550095604363,0.644078144078144,False
liar2_finance,5,55,3,emotion_aware,20,logistic_regression,word_char,0.1,1.0,0.632704594932907,0.6330891330891331,False
liar2_finance,5,55,3,emotion_aware,21,logistic_regression,word_char,1.0,0.05,0.6611265662025666,0.6611721611721613,False
liar2_finance,5,55,3,emotion_aware,22,logistic_regression,word_char,1.0,0.1,0.6580049393321163,0.6581196581196581,False
liar2_finance,5,55,3,emotion_aware,23,logistic_regression,word_char,1.0,0.25,0.6567835284011596,0.6568986568986569,False
liar2_finance,5,55,3,emotion_aware,24,logistic_regression,word_char,1.0,0.5,0.6531192956082895,0.6532356532356531,False
liar2_finance,5,55,3,emotion_aware,25,logistic_regression,word_char,1.0,1.0,0.6537221256762002,0.6538461538461539,False
liar2_finance,5,55,3,emotion_aware,26,logistic_regression,word_char,10.0,0.05,0.6489557378973871,0.648962148962149,False
liar2_finance,5,55,3,emotion_aware,27,logistic_regression,word_char,10.0,0.1,0.6471117074807111,0.647130647130647,False
liar2_finance,5,55,3,emotion_aware,28,logistic_regression,word_char,10.0,0.25,0.6452408351142528,0.6452991452991452,False
liar2_finance,5,55,3,emotion_aware,29,logistic_regression,word_char,10.0,0.5,0.642786713215024,0.6428571428571428,False
liar2_finance,5,55,3,emotion_aware,30,logistic_regression,word_char,10.0,1.0,0.6415772292806651,0.6416361416361416,False
liar2_finance,5,55,3,emotion_aware,31,linear_svm,word,0.1,0.05,0.657370090102183,0.6575091575091575,False
liar2_finance,5,55,3,emotion_aware,32,linear_svm,word,0.1,0.1,0.6572944431619292,0.6575091575091575,False
liar2_finance,5,55,3,emotion_aware,33,linear_svm,word,0.1,0.25,0.6488018020604671,0.6489621489621489,False
liar2_finance,5,55,3,emotion_aware,34,linear_svm,word,0.1,0.5,0.6480977267607273,0.6483516483516484,False
liar2_finance,5,55,3,emotion_aware,35,linear_svm,word,0.1,1.0,0.6524073763977499,0.6526251526251526,False
liar2_finance,5,55,3,emotion_aware,36,linear_svm,word,1.0,0.05,0.6476454107739024,0.6477411477411477,False
liar2_finance,5,55,3,emotion_aware,37,linear_svm,word,1.0,0.1,0.6463586841617573,0.6465201465201464,False
liar2_finance,5,55,3,emotion_aware,38,linear_svm,word,1.0,0.25,0.6482488647632967,0.6483516483516483,False
liar2_finance,5,55,3,emotion_aware,39,linear_svm,word,1.0,0.5,0.647012240953506,0.647130647130647,False
liar2_finance,5,55,3,emotion_aware,40,linear_svm,word,1.0,1.0,0.6476149321255159,0.6477411477411477,False
liar2_finance,5,55,3,emotion_aware,41,linear_svm,word,10.0,0.05,0.6452291972272289,0.6452991452991452,False
liar2_finance,5,55,3,emotion_aware,42,linear_svm,word,10.0,0.1,0.6452291972272289,0.6452991452991452,False
liar2_finance,5,55,3,emotion_aware,43,linear_svm,word,10.0,0.25,0.6482992152518188,0.6483516483516483,False
liar2_finance,5,55,3,emotion_aware,44,linear_svm,word,10.0,0.5,0.6482992152518188,0.6483516483516483,False
liar2_finance,5,55,3,emotion_aware,45,linear_svm,word,10.0,1.0,0.6476937454033891,0.6477411477411477,False
liar2_finance,5,55,3,emotion_aware,46,linear_svm,word_char,0.1,0.05,0.6605004175116307,0.6605616605616607,False
liar2_finance,5,55,3,emotion_aware,47,linear_svm,word_char,0.1,0.1,0.6573864418066108,0.6575091575091575,False
liar2_finance,5,55,3,emotion_aware,48,linear_svm,word_char,0.1,0.25,0.6555112560911764,0.6556776556776557,False
liar2_finance,5,55,3,emotion_aware,49,linear_svm,word_char,0.1,0.5,0.6561126907623034,0.6562881562881563,False
liar2_finance,5,55,3,emotion_aware,50,linear_svm,word_char,0.1,1.0,0.6567139021479713,0.6568986568986569,False
liar2_finance,5,55,3,emotion_aware,51,linear_svm,word_char,1.0,0.05,0.6434415963930867,0.6434676434676434,False
liar2_finance,5,55,3,emotion_aware,52,linear_svm,word_char,1.0,0.1,0.644074827647512,0.6440781440781441,False
liar2_finance,5,55,3,emotion_aware,53,linear_svm,word_char,1.0,0.25,0.6391714112658995,0.6391941391941391,False
liar2_finance,5,55,3,emotion_aware,54,linear_svm,word_char,1.0,0.5,0.6422274404562227,0.6422466422466422,False
liar2_finance,5,55,3,emotion_aware,55,linear_svm,word_char,1.0,1.0,0.6422274404562227,0.6422466422466422,False
liar2_finance,5,55,3,emotion_aware,56,linear_svm,word_char,10.0,0.05,0.6349200906434492,0.6349206349206349,False
liar2_finance,5,55,3,emotion_aware,57,linear_svm,word_char,10.0,0.1,0.633697449299821,0.6336996336996337,False
liar2_finance,5,55,3,emotion_aware,58,linear_svm,word_char,10.0,0.25,0.632476440797487,0.6324786324786325,False
liar2_finance,5,55,3,emotion_aware,59,linear_svm,word_char,10.0,0.5,0.6324780845607967,0.6324786324786325,False
liar2_finance,5,55,3,emotion_aware,60,linear_svm,word_char,10.0,1.0,0.6312570815194705,0.6312576312576312,False
liar2_finance,5,55,4,text_only,1,logistic_regression,word,0.1,,0.6300360784781442,0.63003663003663,False
liar2_finance,5,55,4,text_only,2,logistic_regression,word,1.0,,0.6416328024512685,0.6416361416361416,False
liar2_finance,5,55,4,text_only,3,logistic_regression,word,10.0,,0.6324737011592958,0.6324786324786325,False
liar2_finance,5,55,4,text_only,4,logistic_regression,word_char,0.1,,0.6416199794030615,0.6416361416361416,False
liar2_finance,5,55,4,text_only,5,logistic_regression,word_char,1.0,,0.6415526433417001,0.6416361416361416,False
liar2_finance,5,55,4,text_only,6,logistic_regression,word_char,10.0,,0.6257395517867959,0.6257631257631258,False
liar2_finance,5,55,4,text_only,7,linear_svm,word,0.1,,0.6404139342200157,0.6404151404151404,False
liar2_finance,5,55,4,text_only,8,linear_svm,word,1.0,,0.6300344237928192,0.63003663003663,False
liar2_finance,5,55,4,text_only,9,linear_svm,word,10.0,,0.6141544103944122,0.6141636141636142,False
liar2_finance,5,55,4,text_only,10,linear_svm,word_char,0.1,,0.6427739290543348,0.6428571428571428,True
liar2_finance,5,55,4,text_only,11,linear_svm,word_char,1.0,,0.6239265779304423,0.6239316239316239,False
liar2_finance,5,55,4,text_only,12,linear_svm,word_char,10.0,,0.6147728225684719,0.6147741147741148,False
liar2_finance,5,55,4,emotion_aware,1,logistic_regression,word,0.1,0.05,0.6446695739684669,0.6446886446886446,False
liar2_finance,5,55,4,emotion_aware,2,logistic_regression,word,0.1,0.1,0.6233142439698919,0.6233211233211233,False
liar2_finance,5,55,4,emotion_aware,3,logistic_regression,word,0.1,0.25,0.6233198597856532,0.6233211233211233,False
liar2_finance,5,55,4,emotion_aware,4,logistic_regression,word,0.1,0.5,0.6104303352021949,0.6105006105006106,False
liar2_finance,5,55,4,emotion_aware,5,logistic_regression,word,0.1,1.0,0.604336617158296,0.6043956043956045,False
liar2_finance,5,55,4,emotion_aware,6,logistic_regression,word,1.0,0.05,0.6519627650929456,0.6520146520146519,False
liar2_finance,5,55,4,emotion_aware,7,logistic_regression,word,1.0,0.1,0.6438964453186908,0.644078144078144,False
liar2_finance,5,55,4,emotion_aware,8,logistic_regression,word,1.0,0.25,0.6401671642681714,0.6404151404151404,False
liar2_finance,5,55,4,emotion_aware,9,logistic_regression,word,1.0,0.5,0.6364528216022247,0.6367521367521367,False
liar2_finance,5,55,4,emotion_aware,10,logistic_regression,word,1.0,1.0,0.6340579480418247,0.6343101343101343,False
liar2_finance,5,55,4,emotion_aware,11,logistic_regression,word,10.0,0.05,0.6348139255702281,0.6349206349206349,False
liar2_finance,5,55,4,emotion_aware,12,logistic_regression,word,10.0,0.1,0.6334810646800753,0.6336996336996337,False
liar2_finance,5,55,4,emotion_aware,13,logistic_regression,word,10.0,0.25,0.6334586466165414,0.6336996336996337,False
liar2_finance,5,55,4,emotion_aware,14,logistic_regression,word,10.0,0.5,0.6340808760320777,0.6343101343101343,False
liar2_finance,5,55,4,emotion_aware,15,logistic_regression,word,10.0,1.0,0.6340808760320777,0.6343101343101343,False
liar2_finance,5,55,4,emotion_aware,16,logistic_regression,word_char,0.1,0.05,0.6641841116478797,0.6642246642246643,True
liar2_finance,5,55,4,emotion_aware,17,logistic_regression,word_char,0.1,0.1,0.6605368623194456,0.6605616605616605,False
liar2_finance,5,55,4,emotion_aware,18,logistic_regression,word_char,0.1,0.25,0.6428410356912964,0.6428571428571428,False
liar2_finance,5,55,4,emotion_aware,19,logistic_regression,word_char,0.1,0.5,0.6317955351601017,0.6318681318681318,False
liar2_finance,5,55,4,emotion_aware,20,logistic_regression,word_char,0.1,1.0,0.6256614156055497,0.6257631257631258,False
liar2_finance,5,55,4,emotion_aware,21,logistic_regression,word_char,1.0,0.05,0.6544149221685454,0.6544566544566545,False
liar2_finance,5,55,4,emotion_aware,22,logistic_regression,word_char,1.0,0.1,0.6531482630272953,0.6532356532356531,False
liar2_finance,5,55,4,emotion_aware,23,logistic_regression,word_char,1.0,0.25,0.6554290241198788,0.6556776556776557,False
liar2_finance,5,55,4,emotion_aware,24,logistic_regression,word_char,1.0,0.5,0.6560931977834984,0.6562881562881563,False
liar2_finance,5,55,4,emotion_aware,25,logistic_regression,word_char,1.0,1.0,0.6555112560911764,0.6556776556776557,False
liar2_finance,5,55,4,emotion_aware,26,logistic_regression,word_char,10.0,0.05,0.6336947187634178,0.6336996336996337,False
liar2_finance,5,55,4,emotion_aware,27,logistic_regression,word_char,10.0,0.1,0.6391832462840523,0.6391941391941391,False
liar2_finance,5,55,4,emotion_aware,28,logistic_regression,word_char,10.0,0.25,0.6391638794864656,0.6391941391941391,False
liar2_finance,5,55,4,emotion_aware,29,logistic_regression,word_char,10.0,0.5,0.6428346456692913,0.6428571428571428,False
liar2_finance,5,55,4,emotion_aware,30,logistic_regression,word_char,10.0,1.0,0.6428271903546232,0.6428571428571428,False
liar2_finance,5,55,4,emotion_aware,31,linear_svm,word,0.1,0.05,0.6537995730393789,0.6538461538461539,False
liar2_finance,5,55,4,emotion_aware,32,linear_svm,word,0.1,0.1,0.6457189737470167,0.6459096459096458,False
liar2_finance,5,55,4,emotion_aware,33,linear_svm,word,0.1,0.25,0.6394950647955415,0.6398046398046398,False
liar2_finance,5,55,4,emotion_aware,34,linear_svm,word,0.1,0.5,0.6345801449258062,0.6349206349206349,False
liar2_finance,5,55,4,emotion_aware,35,linear_svm,word,0.1,1.0,0.6340339251605454,0.6343101343101343,False
liar2_finance,5,55,4,emotion_aware,36,linear_svm,word,1.0,0.05,0.6354320801248176,0.6355311355311355,False
liar2_finance,5,55,4,emotion_aware,37,linear_svm,word,1.0,0.1,0.6304376281687682,0.6306471306471306,False
liar2_finance,5,55,4,emotion_aware,38,linear_svm,word,1.0,0.25,0.6323010215724967,0.6324786324786325,False
liar2_finance,5,55,4,emotion_aware,39,linear_svm,word,1.0,0.5,0.6322368421052632,0.6324786324786325,False
liar2_finance,5,55,4,emotion_aware,40,linear_svm,word,1.0,1.0,0.632859109341033,0.6330891330891331,False
liar2_finance,5,55,4,emotion_aware,41,linear_svm,word,10.0,0.05,0.6172148332019523,0.6172161172161172,False
liar2_finance,5,55,4,emotion_aware,42,linear_svm,word,10.0,0.1,0.618436976224384,0.6184371184371185,False
liar2_finance,5,55,4,emotion_aware,43,linear_svm,word,10.0,0.25,0.6190476190476191,0.6190476190476191,False
liar2_finance,5,55,4,emotion_aware,44,linear_svm,word,10.0,0.5,0.619657977900466,0.6196581196581197,False
liar2_finance,5,55,4,emotion_aware,45,linear_svm,word,10.0,1.0,0.6202686202686203,0.6202686202686203,False
liar2_finance,5,55,4,emotion_aware,46,linear_svm,word_char,0.1,0.05,0.6593081525636764,0.6593406593406593,False
liar2_finance,5,55,4,emotion_aware,47,linear_svm,word_char,0.1,0.1,0.6525162338570198,0.6526251526251525,False
liar2_finance,5,55,4,emotion_aware,48,linear_svm,word_char,0.1,0.25,0.6566278542355484,0.6568986568986569,False
liar2_finance,5,55,4,emotion_aware,49,linear_svm,word_char,0.1,0.5,0.6597582791570313,0.6599511599511599,False
liar2_finance,5,55,4,emotion_aware,50,linear_svm,word_char,0.1,1.0,0.6560931977834984,0.6562881562881563,False
liar2_finance,5,55,4,emotion_aware,51,linear_svm,word_char,1.0,0.05,0.62881064834693,0.6288156288156288,False
liar2_finance,5,55,4,emotion_aware,52,linear_svm,word_char,1.0,0.1,0.6257518273640001,0.6257631257631258,False
liar2_finance,5,55,4,emotion_aware,53,linear_svm,word_char,1.0,0.25,0.6281817080557238,0.6282051282051282,False
liar2_finance,5,55,4,emotion_aware,54,linear_svm,word_char,1.0,0.5,0.630001326977756,0.63003663003663,False
liar2_finance,5,55,4,emotion_aware,55,linear_svm,word_char,1.0,1.0,0.6312130971551262,0.6312576312576312,False
liar2_finance,5,55,4,emotion_aware,56,linear_svm,word_char,10.0,0.05,0.6233198597856532,0.6233211233211233,False
liar2_finance,5,55,4,emotion_aware,57,linear_svm,word_char,10.0,0.1,0.6214890571888604,0.6214896214896215,False
liar2_finance,5,55,4,emotion_aware,58,linear_svm,word_char,10.0,0.25,0.620872196929178,0.6208791208791209,False
liar2_finance,5,55,4,emotion_aware,59,linear_svm,word_char,10.0,0.5,0.6220830787913034,0.6221001221001221,False
liar2_finance,5,55,4,emotion_aware,60,linear_svm,word_char,10.0,1.0,0.6220830787913034,0.6221001221001221,False
liar2_finance,5,55,5,text_only,1,logistic_regression,word,0.1,,0.6481601356971265,0.6481707317073171,False
liar2_finance,5,55,5,text_only,2,logistic_regression,word,1.0,,0.6524307538549401,0.6524390243902439,False
liar2_finance,5,55,5,text_only,3,logistic_regression,word,10.0,,0.6481329232654758,0.6481707317073171,False
liar2_finance,5,55,5,text_only,4,logistic_regression,word_char,0.1,,0.6536332957041784,0.6536585365853659,False
liar2_finance,5,55,5,text_only,5,logistic_regression,word_char,1.0,,0.6518073897415475,0.651829268292683,False
liar2_finance,5,55,5,text_only,6,logistic_regression,word_char,10.0,,0.6463393595440782,0.6463414634146342,False
liar2_finance,5,55,5,text_only,7,linear_svm,word,0.1,,0.6536502950694841,0.6536585365853659,True
liar2_finance,5,55,5,text_only,8,linear_svm,word,1.0,,0.643883372696932,0.6439024390243903,False
liar2_finance,5,55,5,text_only,9,linear_svm,word,10.0,,0.6359451545433419,0.6359756097560976,False
liar2_finance,5,55,5,text_only,10,linear_svm,word_char,0.1,,0.6524136946327141,0.6524390243902439,False
liar2_finance,5,55,5,text_only,11,linear_svm,word_char,1.0,,0.6530486514904267,0.6530487804878049,False
liar2_finance,5,55,5,text_only,12,linear_svm,word_char,10.0,,0.6420719730248949,0.6420731707317073,False
liar2_finance,5,55,5,emotion_aware,1,logistic_regression,word,0.1,0.05,0.6572661014428083,0.6573170731707317,False
liar2_finance,5,55,5,emotion_aware,2,logistic_regression,word,0.1,0.1,0.639630796687209,0.6396341463414634,False
liar2_finance,5,55,5,emotion_aware,3,logistic_regression,word,0.1,0.25,0.6164221988457267,0.6164634146341463,False
liar2_finance,5,55,5,emotion_aware,4,logistic_regression,word,0.1,0.5,0.617004249723701,0.6170731707317073,False
liar2_finance,5,55,5,emotion_aware,5,logistic_regression,word,0.1,1.0,0.6235676109221493,0.623780487804878,False
liar2_finance,5,55,5,emotion_aware,6,logistic_regression,word,1.0,0.05,0.65119409356125,0.651219512195122,False
liar2_finance,5,55,5,emotion_aware,7,logistic_regression,word,1.0,0.1,0.6523376832033133,0.6524390243902439,False
liar2_finance,5,55,5,emotion_aware,8,logistic_regression,word,1.0,0.25,0.6499120094134307,0.65,False
liar2_finance,5,55,5,emotion_aware,9,logistic_regression,word,1.0,0.5,0.6486780798686114,0.6487804878048781,False
liar2_finance,5,55,5,emotion_aware,10,logistic_regression,word,1.0,1.0,0.6468817669745425,0.6469512195121951,False
liar2_finance,5,55,5,emotion_aware,11,logistic_regression,word,10.0,0.05,0.6505940369863457,0.650609756097561,False
liar2_finance,5,55,5,emotion_aware,12,logistic_regression,word,10.0,0.1,0.6481549028640863,0.6481707317073171,False
liar2_finance,5,55,5,emotion_aware,13,logistic_regression,word,10.0,0.25,0.643876487132465,0.6439024390243903,False
liar2_finance,5,55,5,emotion_aware,14,logistic_regression,word,10.0,0.5,0.6475478713515523,0.6475609756097561,False
liar2_finance,5,55,5,emotion_aware,15,logistic_regression,word,10.0,1.0,0.6469353358029566,0.6469512195121951,False
liar2_finance,5,55,5,emotion_aware,16,logistic_regression,word_char,0.1,0.05,0.6530114962531295,0.6530487804878049,False
liar2_finance,5,55,5,emotion_aware,17,logistic_regression,word_char,0.1,0.1,0.6585183025860992,0.6585365853658537,True
liar2_finance,5,55,5,emotion_aware,18,logistic_regression,word_char,0.1,0.25,0.6462988551565552,0.6463414634146342,False
liar2_finance,5,55,5,emotion_aware,19,logistic_regression,word_char,0.1,0.5,0.6389336403706464,0.6390243902439025,False
liar2_finance,5,55,5,emotion_aware,20,logistic_regression,word_char,0.1,1.0,0.6358097363649045,0.6359756097560976,False
liar2_finance,5,55,5,emotion_aware,21,logistic_regression,word_char,1.0,0.05,0.6524261015058561,0.6524390243902439,False
liar2_finance,5,55,5,emotion_aware,22,logistic_regression,word_char,1.0,0.1,0.6524059398871993,0.6524390243902439,False
liar2_finance,5,55,5,emotion_aware,23,logistic_regression,word_char,1.0,0.25,0.6548595701138074,0.6548780487804878,False
liar2_finance,5,55,5,emotion_aware,24,logistic_regression,word_char,1.0,0.5,0.6523645753998477,0.6524390243902439,False
liar2_finance,5,55,5,emotion_aware,25,logistic_regression,word_char,1.0,1.0,0.6547912845435573,0.6548780487804878,False
liar2_finance,5,55,5,emotion_aware,26,logistic_regression,word_char,10.0,0.05,0.6493890706802632,0.649390243902439,False
liar2_finance,5,55,5,emotion_aware,27,logistic_regression,word_char,10.0,0.1,0.6481643218514912,0.6481707317073171,False
liar2_finance,5,55,5,emotion_aware,28,logistic_regression,word_char,10.0,0.25,0.6469510882477276,0.6469512195121951,False
liar2_finance,5,55,5,emotion_aware,29,logistic_regression,word_char,10.0,0.5,0.6463414634146342,0.6463414634146342,False
liar2_finance,5,55,5,emotion_aware,30,logistic_regression,word_char,10.0,1.0,0.6457305218525791,0.6457317073170732,False
liar2_finance,5,55,5,emotion_aware,31,linear_svm,word,0.1,0.05,0.6505878009140222,0.650609756097561,False
liar2_finance,5,55,5,emotion_aware,32,linear_svm,word,0.1,0.1,0.6504505509834008,0.650609756097561,False
liar2_finance,5,55,5,emotion_aware,33,linear_svm,word,0.1,0.25,0.6517048216588393,0.651829268292683,False
liar2_finance,5,55,5,emotion_aware,34,linear_svm,word,0.1,0.5,0.6480282208255796,0.6481707317073171,False
liar2_finance,5,55,5,emotion_aware,35,linear_svm,word,0.1,1.0,0.6480282208255796,0.6481707317073171,False
liar2_finance,5,55,5,emotion_aware,36,linear_svm,word,1.0,0.05,0.6506033906774774,0.650609756097561,False
liar2_finance,5,55,5,emotion_aware,37,linear_svm,word,1.0,0.1,0.6396179334361786,0.6396341463414634,False
liar2_finance,5,55,5,emotion_aware,38,linear_svm,word,1.0,0.25,0.6390050627338764,0.6390243902439025,False
liar2_finance,5,55,5,emotion_aware,39,linear_svm,word,1.0,0.5,0.6408310902938206,0.6408536585365854,False
liar2_finance,5,55,5,emotion_aware,40,linear_svm,word,1.0,1.0,0.6402176839180725,0.6402439024390244,False
liar2_finance,5,55,5,emotion_aware,41,linear_svm,word,10.0,0.05,0.6268287133086159,0.6268292682926829,False
liar2_finance,5,55,5,emotion_aware,42,linear_svm,word,10.0,0.1,0.6280482273174113,0.6280487804878049,False
liar2_finance,5,55,5,emotion_aware,43,linear_svm,word,10.0,0.25,0.630487255335002,0.6304878048780488,False
liar2_finance,5,55,5,emotion_aware,44,linear_svm,word,10.0,0.5,0.6298779111681705,0.6298780487804878,False
liar2_finance,5,55,5,emotion_aware,45,linear_svm,word,10.0,1.0,0.6310974238167102,0.6310975609756098,False
liar2_finance,5,55,5,emotion_aware,46,linear_svm,word_char,0.1,0.05,0.6530424595034636,0.6530487804878049,False
liar2_finance,5,55,5,emotion_aware,47,linear_svm,word_char,0.1,0.1,0.6523873270861222,0.6524390243902439,False
liar2_finance,5,55,5,emotion_aware,48,linear_svm,word_char,0.1,0.25,0.6578900692407832,0.6579268292682927,False
liar2_finance,5,55,5,emotion_aware,49,linear_svm,word_char,0.1,0.5,0.6535714657610256,0.6536585365853659,False
liar2_finance,5,55,5,emotion_aware,50,linear_svm,word_char,0.1,1.0,0.6547912845435573,0.6548780487804878,False
liar2_finance,5,55,5,emotion_aware,51,linear_svm,word_char,1.0,0.05,0.6457315755991879,0.6457317073170732,False
liar2_finance,5,55,5,emotion_aware,52,linear_svm,word_char,1.0,0.1,0.6499953152258136,0.65,False
liar2_finance,5,55,5,emotion_aware,53,linear_svm,word_char,1.0,0.25,0.6463414634146342,0.6463414634146342,False
liar2_finance,5,55,5,emotion_aware,54,linear_svm,word_char,1.0,0.5,0.6451219512195122,0.6451219512195122,False
liar2_finance,5,55,5,emotion_aware,55,linear_svm,word_char,1.0,1.0,0.6451214234405465,0.6451219512195122,False
liar2_finance,5,55,5,emotion_aware,56,linear_svm,word_char,10.0,0.05,0.6377914110429448,0.6378048780487805,False
liar2_finance,5,55,5,emotion_aware,57,linear_svm,word_char,10.0,0.1,0.6408503202178784,0.6408536585365854,False
liar2_finance,5,55,5,emotion_aware,58,linear_svm,word_char,10.0,0.25,0.6371939079213159,0.6371951219512195,False
liar2_finance,5,55,5,emotion_aware,59,linear_svm,word_char,10.0,0.5,0.6365848253789788,0.6365853658536585,False
liar2_finance,5,55,5,emotion_aware,60,linear_svm,word_char,10.0,1.0,0.6378027233951422,0.6378048780487805,False
liar2_finance,6,66,1,text_only,1,logistic_regression,word,0.1,,0.6305610719279874,0.6306471306471306,False
liar2_finance,6,66,1,text_only,2,logistic_regression,word,1.0,,0.6287957061388796,0.6288156288156288,False
liar2_finance,6,66,1,text_only,3,logistic_regression,word,10.0,,0.6068376068376068,0.6068376068376068,False
liar2_finance,6,66,1,text_only,4,logistic_regression,word_char,0.1,,0.6397853069439785,0.6398046398046398,True
liar2_finance,6,66,1,text_only,5,logistic_regression,word_char,1.0,,0.6354592611784091,0.6355311355311355,False
liar2_finance,6,66,1,text_only,6,logistic_regression,word_char,10.0,,0.6244075966329155,0.6245421245421245,False
liar2_finance,6,66,1,text_only,7,linear_svm,word,0.1,,0.6269439438189472,0.626984126984127,False
liar2_finance,6,66,1,text_only,8,linear_svm,word,1.0,,0.6001219510831545,0.6001221001221001,False
liar2_finance,6,66,1,text_only,9,linear_svm,word,10.0,,0.5921801202232718,0.5921855921855922,False
liar2_finance,6,66,1,text_only,10,linear_svm,word_char,0.1,,0.6354592611784091,0.6355311355311355,False
liar2_finance,6,66,1,text_only,11,linear_svm,word_char,1.0,,0.6170412693772398,0.6172161172161172,False
liar2_finance,6,66,1,text_only,12,linear_svm,word_char,10.0,,0.6133108422843159,0.6135531135531136,False
liar2_finance,6,66,1,emotion_aware,1,logistic_regression,word,0.1,0.05,0.6476306976019339,0.6477411477411477,False
liar2_finance,6,66,1,emotion_aware,2,logistic_regression,word,0.1,0.1,0.6294149416149235,0.6294261294261294,False
liar2_finance,6,66,1,emotion_aware,3,logistic_regression,word,0.1,0.25,0.6172159745483021,0.6172161172161172,False
liar2_finance,6,66,1,emotion_aware,4,logistic_regression,word,0.1,0.5,0.6183857727506381,0.6184371184371185,False
liar2_finance,6,66,1,emotion_aware,5,logistic_regression,word,0.1,1.0,0.6091654052925518,0.6092796092796093,False
liar2_finance,6,66,1,emotion_aware,6,logistic_regression,word,1.0,0.05,0.6439506159951053,0.644078144078144,False
liar2_finance,6,66,1,emotion_aware,7,logistic_regression,word,1.0,0.1,0.6493635518772721,0.6495726495726496,False
liar2_finance,6,66,1,emotion_aware,8,logistic_regression,word,1.0,0.25,0.6491913819041479,0.6495726495726496,False
liar2_finance,6,66,1,emotion_aware,9,logistic_regression,word,1.0,0.5,0.6539923954372624,0.6544566544566545,False
liar2_finance,6,66,1,emotion_aware,10,logistic_regression,word,1.0,1.0,0.6564679364700263,0.6568986568986569,False
liar2_finance,6,66,1,emotion_aware,11,logistic_regression,word,10.0,0.05,0.6190334200042937,0.6190476190476191,False
liar2_finance,6,66,1,emotion_aware,12,logistic_regression,word,10.0,0.1,0.6184199099265988,0.6184371184371185,False
liar2_finance,6,66,1,emotion_aware,13,logistic_regression,word,10.0,0.25,0.6208676750294357,0.6208791208791209,False
liar2_finance,6,66,1,emotion_aware,14,logistic_regression,word,10.0,0.5,0.62085523924894,0.6208791208791209,False
liar2_finance,6,66,1,emotion_aware,15,logistic_regression,word,10.0,1.0,0.621469305602147,0.6214896214896215,False
liar2_finance,6,66,1,emotion_aware,16,logistic_regression,word_char,0.1,0.05,0.6586374083580787,0.6587301587301588,False
liar2_finance,6,66,1,emotion_aware,17,logistic_regression,word_char,0.1,0.1,0.6482882023142074,0.6483516483516483,False
liar2_finance,6,66,1,emotion_aware,18,logistic_regression,word_char,0.1,0.25,0.6421265972296789,0.6422466422466422,False
liar2_finance,6,66,1,emotion_aware,19,logistic_regression,word_char,0.1,0.5,0.6384925558312655,0.6385836385836385,False
liar2_finance,6,66,1,emotion_aware,20,logistic_regression,word_char,0.1,1.0,0.6219816322627333,0.6221001221001221,False
liar2_finance,6,66,1,emotion_aware,21,logistic_regression,word_char,1.0,0.05,0.650136076457785,0.6501831501831501,False
liar2_finance,6,66,1,emotion_aware,22,logistic_regression,word_char,1.0,0.1,0.6543407065392461,0.6544566544566545,False
liar2_finance,6,66,1,emotion_aware,23,logistic_regression,word_char,1.0,0.25,0.657429357605952,0.6575091575091576,False
liar2_finance,6,66,1,emotion_aware,24,logistic_regression,word_char,1.0,0.5,0.6572944431619292,0.6575091575091575,False
liar2_finance,6,66,1,emotion_aware,25,logistic_regression,word_char,1.0,1.0,0.65795443867209,0.6581196581196581,False
liar2_finance,6,66,1,emotion_aware,26,logistic_regression,word_char,10.0,0.05,0.6286910769891549,0.6288156288156288,False
liar2_finance,6,66,1,emotion_aware,27,logistic_regression,word_char,10.0,0.1,0.6341954729004479,0.6343101343101343,False
liar2_finance,6,66,1,emotion_aware,28,logistic_regression,word_char,10.0,0.25,0.6353646536175632,0.6355311355311355,False
liar2_finance,6,66,1,emotion_aware,29,logistic_regression,word_char,10.0,0.5,0.63842785381045,0.6385836385836385,False
liar2_finance,6,66,1,emotion_aware,30,logistic_regression,word_char,10.0,1.0,0.639029330465628,0.6391941391941391,False
liar2_finance,6,66,1,emotion_aware,31,linear_svm,word,0.1,0.05,0.6463586841617573,0.6465201465201464,False
liar2_finance,6,66,1,emotion_aware,32,linear_svm,word,0.1,0.1,0.6548066238993457,0.6550671550671551,False
liar2_finance,6,66,1,emotion_aware,33,linear_svm,word,0.1,0.25,0.6503850132168716,0.6507936507936508,False
liar2_finance,6,66,1,emotion_aware,34,linear_svm,word,0.1,0.5,0.6545231312753866,0.6550671550671551,False
liar2_finance,6,66,1,emotion_aware,35,linear_svm,word,0.1,1.0,0.6515153777246939,0.652014652014652,False
liar2_finance,6,66,1,emotion_aware,36,linear_svm,word,1.0,0.05,0.6165690319175425,0.6166056166056166,False
liar2_finance,6,66,1,emotion_aware,37,linear_svm,word,1.0,0.1,0.6147326162843794,0.6147741147741148,False
liar2_finance,6,66,1,emotion_aware,38,linear_svm,word,1.0,0.25,0.6190112673830359,0.6190476190476191,False
liar2_finance,6,66,1,emotion_aware,39,linear_svm,word,1.0,0.5,0.6177901496502891,0.6178266178266179,False
liar2_finance,6,66,1,emotion_aware,40,linear_svm,word,1.0,1.0,0.6190112673830359,0.6190476190476191,False
liar2_finance,6,66,1,emotion_aware,41,linear_svm,word,10.0,0.05,0.5958190698839443,0.5958485958485958,False
liar2_finance,6,66,1,emotion_aware,42,linear_svm,word,10.0,0.1,0.6001147970831104,0.6001221001221001,False
liar2_finance,6,66,1,emotion_aware,43,linear_svm,word,10.0,0.25,0.6025461781795451,0.6025641025641025,False
liar2_finance,6,66,1,emotion_aware,44,linear_svm,word,10.0,0.5,0.6031533042603153,0.6031746031746033,False
liar2_finance,6,66,1,emotion_aware,45,linear_svm,word,10.0,1.0,0.6031456124238124,0.6031746031746033,False
liar2_finance,6,66,1,emotion_aware,46,linear_svm,word_char,0.1,0.05,0.6495203985321943,0.6495726495726495,False
liar2_finance,6,66,1,emotion_aware,47,linear_svm,word_char,0.1,0.1,0.6543077115822884,0.6544566544566545,False
liar2_finance,6,66,1,emotion_aware,48,linear_svm,word_char,0.1,0.25,0.6586078805167476,0.6587301587301587,False
liar2_finance,6,66,1,emotion_aware,49,linear_svm,word_char,0.1,0.5,0.6566278542355484,0.6568986568986569,False
liar2_finance,6,66,1,emotion_aware,50,linear_svm,word_char,0.1,1.0,0.6591165413533835,0.6593406593406593,True
liar2_finance,6,66,1,emotion_aware,51,linear_svm,word_char,1.0,0.05,0.6231490641240143,0.6233211233211233,False
liar2_finance,6,66,1,emotion_aware,52,linear_svm,word_char,1.0,0.1,0.6255921820227242,0.6257631257631258,False
liar2_finance,6,66,1,emotion_aware,53,linear_svm,word_char,1.0,0.25,0.6310590692124105,0.6312576312576312,False
liar2_finance,6,66,1,emotion_aware,54,linear_svm,word_char,1.0,0.5,0.6304376281687682,0.6306471306471306,False
liar2_finance,6,66,1,emotion_aware,55,linear_svm,word_char,1.0,1.0,0.6310376051112758,0.6312576312576312,False
liar2_finance,6,66,1,emotion_aware,56,linear_svm,word_char,10.0,0.05,0.6181979090484951,0.6184371184371185,False
liar2_finance,6,66,1,emotion_aware,57,linear_svm,word_char,10.0,0.1,0.6205927671530862,0.6208791208791209,False
liar2_finance,6,66,1,emotion_aware,58,linear_svm,word_char,10.0,0.25,0.6237072264048773,0.6239316239316239,False
liar2_finance,6,66,1,emotion_aware,59,linear_svm,word_char,10.0,0.5,0.6243504526089105,0.6245421245421245,False
liar2_finance,6,66,1,emotion_aware,60,linear_svm,word_char,10.0,1.0,0.6249714738297558,0.6251526251526252,False
liar2_finance,6,66,2,text_only,1,logistic_regression,word,0.1,,0.6556155314326613,0.6556776556776557,True
liar2_finance,6,66,2,text_only,2,logistic_regression,word,1.0,,0.6458758575034629,0.6459096459096458,False
liar2_finance,6,66,2,text_only,3,logistic_regression,word,10.0,,0.6452990130981875,0.6452991452991453,False
liar2_finance,6,66,2,text_only,4,logistic_regression,word_char,0.1,,0.6526239873874176,0.6526251526251526,False
liar2_finance,6,66,2,text_only,5,logistic_regression,word_char,1.0,,0.6550515985736453,0.6550671550671551,False
liar2_finance,6,66,2,text_only,6,logistic_regression,word_char,10.0,,0.6513884297089405,0.6514041514041514,False
liar2_finance,6,66,2,text_only,7,linear_svm,word,0.1,,0.6482992152518188,0.6483516483516483,False
liar2_finance,6,66,2,text_only,8,linear_svm,word,1.0,,0.6410251058500804,0.641025641025641,False
liar2_finance,6,66,2,text_only,9,linear_svm,word,10.0,,0.6172159745483021,0.6172161172161172,False
liar2_finance,6,66,2,text_only,10,linear_svm,word_char,0.1,,0.6495538409929553,0.6495726495726496,False
liar2_finance,6,66,2,text_only,11,linear_svm,word_char,1.0,,0.6507186665414089,0.6507936507936507,False
liar2_finance,6,66,2,text_only,12,linear_svm,word_char,10.0,,0.6426748207743295,0.6428571428571428,False
liar2_finance,6,66,2,emotion_aware,1,logistic_regression,word,0.1,0.05,0.6550104506704868,0.6550671550671551,False
liar2_finance,6,66,2,emotion_aware,2,logistic_regression,word,0.1,0.1,0.6330583613728693,0.6330891330891331,False
liar2_finance,6,66,2,emotion_aware,3,logistic_regression,word,0.1,0.25,0.6165232912377706,0.6166056166056166,False
liar2_finance,6,66,2,emotion_aware,4,logistic_regression,word,0.1,0.5,0.6169007044446972,0.6172161172161172,False
liar2_finance,6,66,2,emotion_aware,5,logistic_regression,word,0.1,1.0,0.6038640852355937,0.6043956043956045,False
liar2_finance,6,66,2,emotion_aware,6,logistic_regression,word,1.0,0.05,0.6525960193363771,0.6526251526251526,False
liar2_finance,6,66,2,emotion_aware,7,logistic_regression,word,1.0,0.1,0.6519129390886789,0.6520146520146519,False
liar2_finance,6,66,2,emotion_aware,8,logistic_regression,word,1.0,0.25,0.6530861840613776,0.6532356532356532,False
liar2_finance,6,66,2,emotion_aware,9,logistic_regression,word,1.0,0.5,0.6501016433301434,0.6501831501831501,False
liar2_finance,6,66,2,emotion_aware,10,logistic_regression,word,1.0,1.0,0.6494843362282878,0.6495726495726495,False
liar2_finance,6,66,2,emotion_aware,11,logistic_regression,word,10.0,0.05,0.652014652014652,0.652014652014652,False
liar2_finance,6,66,2,emotion_aware,12,logistic_regression,word,10.0,0.1,0.6501819767539372,0.6501831501831502,False
liar2_finance,6,66,2,emotion_aware,13,logistic_regression,word,10.0,0.25,0.6544520180334907,0.6544566544566545,False
liar2_finance,6,66,2,emotion_aware,14,logistic_regression,word,10.0,0.5,0.653842928432486,0.6538461538461539,False
liar2_finance,6,66,2,emotion_aware,15,logistic_regression,word,10.0,1.0,0.6544484118405653,0.6544566544566545,False
liar2_finance,6,66,2,emotion_aware,16,logistic_regression,word_char,0.1,0.05,0.651397784938101,0.6514041514041514,False
liar2_finance,6,66,2,emotion_aware,17,logistic_regression,word_char,0.1,0.1,0.6550104506704868,0.6550671550671551,False
liar2_finance,6,66,2,emotion_aware,18,logistic_regression,word_char,0.1,0.25,0.6402508894149829,0.6404151404151404,False
liar2_finance,6,66,2,emotion_aware,19,logistic_regression,word_char,0.1,0.5,0.6438093128023337,0.644078144078144,False
liar2_finance,6,66,2,emotion_aware,20,logistic_regression,word_char,0.1,1.0,0.6240206947799873,0.6245421245421245,False
liar2_finance,6,66,2,emotion_aware,21,logistic_regression,word_char,1.0,0.05,0.6550639410306077,0.6550671550671551,False
liar2_finance,6,66,2,emotion_aware,22,logistic_regression,word_char,1.0,0.1,0.6483432601062997,0.6483516483516484,False
liar2_finance,6,66,2,emotion_aware,23,logistic_regression,word_char,1.0,0.25,0.6538305422854104,0.6538461538461539,False
liar2_finance,6,66,2,emotion_aware,24,logistic_regression,word_char,1.0,0.5,0.6495642904531529,0.6495726495726496,False
liar2_finance,6,66,2,emotion_aware,25,logistic_regression,word_char,1.0,1.0,0.6507931301806906,0.6507936507936508,False
liar2_finance,6,66,2,emotion_aware,26,logistic_regression,word_char,10.0,0.05,0.6465168528437555,0.6465201465201466,False
liar2_finance,6,66,2,emotion_aware,27,logistic_regression,word_char,10.0,0.1,0.6465189608037167,0.6465201465201466,False
liar2_finance,6,66,2,emotion_aware,28,logistic_regression,word_char,10.0,0.25,0.650791568332496,0.6507936507936508,False
liar2_finance,6,66,2,emotion_aware,29,logistic_regression,word_char,10.0,0.5,0.6495721271393643,0.6495726495726496,False
liar2_finance,6,66,2,emotion_aware,30,logistic_regression,word_char,10.0,1.0,0.649570559830162,0.6495726495726496,False
liar2_finance,6,66,2,emotion_aware,31,linear_svm,word,0.1,0.05,0.653808864394997,0.6538461538461539,False
liar2_finance,6,66,2,emotion_aware,32,linear_svm,word,0.1,0.1,0.6482336518844626,0.6483516483516483,False
liar2_finance,6,66,2,emotion_aware,33,linear_svm,word,0.1,0.25,0.6512261925848584,0.6514041514041514,False
liar2_finance,6,66,2,emotion_aware,34,linear_svm,word,0.1,0.5,0.6476306976019339,0.6477411477411477,False
liar2_finance,6,66,2,emotion_aware,35,linear_svm,word,0.1,1.0,0.650676473746376,0.6507936507936507,False
liar2_finance,6,66,2,emotion_aware,36,linear_svm,word,1.0,0.05,0.6446886446886447,0.6446886446886447,False
liar2_finance,6,66,2,emotion_aware,37,linear_svm,word,1.0,0.1,0.6514029820706775,0.6514041514041514,False
liar2_finance,6,66,2,emotion_aware,38,linear_svm,word,1.0,0.25,0.6556694421874185,0.6556776556776557,True
liar2_finance,6,66,2,emotion_aware,39,linear_svm,word,1.0,0.5,0.6550608554991717,0.6550671550671551,False
liar2_finance,6,66,2,emotion_aware,40,linear_svm,word,1.0,1.0,0.6550608554991717,0.6550671550671551,False
liar2_finance,6,66,2,emotion_aware,41,linear_svm,word,10.0,0.05,0.6178243387694798,0.6178266178266179,False
liar2_finance,6,66,2,emotion_aware,42,linear_svm,word,10.0,0.1,0.6190476190476191,0.6190476190476191,False
liar2_finance,6,66,2,emotion_aware,43,linear_svm,word,10.0,0.25,0.6190470511062078,0.6190476190476191,False
liar2_finance,6,66,2,emotion_aware,44,linear_svm,word,10.0,0.5,0.6172159745483021,0.6172161172161172,False
liar2_finance,6,66,2,emotion_aware,45,linear_svm,word,10.0,1.0,0.6166050450235554,0.6166056166056166,False
liar2_finance,6,66,2,emotion_aware,46,linear_svm,word_char,0.1,0.05,0.6538449927041579,0.6538461538461539,False
liar2_finance,6,66,2,emotion_aware,47,linear_svm,word_char,0.1,0.1,0.6495642904531529,0.6495726495726496,False
liar2_finance,6,66,2,emotion_aware,48,linear_svm,word_char,0.1,0.25,0.6538357032877457,0.6538461538461539,False
liar2_finance,6,66,2,emotion_aware,49,linear_svm,word_char,0.1,0.5,0.648338541542425,0.6483516483516484,False
liar2_finance,6,66,2,emotion_aware,50,linear_svm,word_char,0.1,1.0,0.6465136908566732,0.6465201465201466,False
liar2_finance,6,66,2,emotion_aware,51,linear_svm,word_char,1.0,0.05,0.6471117074807111,0.647130647130647,False
liar2_finance,6,66,2,emotion_aware,52,linear_svm,word_char,1.0,0.1,0.6440620919795312,0.644078144078144,False
liar2_finance,6,66,2,emotion_aware,53,linear_svm,word_char,1.0,0.25,0.6428346456692913,0.6428571428571428,False
liar2_finance,6,66,2,emotion_aware,54,linear_svm,word_char,1.0,0.5,0.6452831482677661,0.6452991452991452,False
liar2_finance,6,66,2,emotion_aware,55,linear_svm,word_char,1.0,1.0,0.6452768019382192,0.6452991452991452,False
liar2_finance,6,66,2,emotion_aware,56,linear_svm,word_char,10.0,0.05,0.6372972086365263,0.6373626373626373,False
liar2_finance,6,66,2,emotion_aware,57,linear_svm,word_char,10.0,0.1,0.6397702688397293,0.6398046398046398,False
liar2_finance,6,66,2,emotion_aware,58,linear_svm,word_char,10.0,0.25,0.6379622082004113,0.6379731379731379,False
liar2_finance,6,66,2,emotion_aware,59,linear_svm,word_char,10.0,0.5,0.6385750173314747,0.6385836385836385,False
liar2_finance,6,66,2,emotion_aware,60,linear_svm,word_char,10.0,1.0,0.6385787891799055,0.6385836385836385,False
liar2_finance,6,66,3,text_only,1,logistic_regression,word,0.1,,0.6452831482677661,0.6452991452991452,False
liar2_finance,6,66,3,text_only,2,logistic_regression,word,1.0,,0.6489044409478406,0.6489621489621489,False
liar2_finance,6,66,3,text_only,3,logistic_regression,word,10.0,,0.6330583613728693,0.6330891330891331,False
liar2_finance,6,66,3,text_only,4,logistic_regression,word_char,0.1,,0.6599145281622809,0.6599511599511599,True
liar2_finance,6,66,3,text_only,5,logistic_regression,word_char,1.0,,0.653808864394997,0.6538461538461539,False
liar2_finance,6,66,3,text_only,6,logistic_regression,word_char,10.0,,0.639739651676011,0.6398046398046398,False
liar2_finance,6,66,3,text_only,7,linear_svm,word,0.1,,0.6507186665414089,0.6507936507936507,False
liar2_finance,6,66,3,text_only,8,linear_svm,word,1.0,,0.6312130971551262,0.6312576312576312,False
liar2_finance,6,66,3,text_only,9,linear_svm,word,10.0,,0.6068376068376068,0.6068376068376068,False
liar2_finance,6,66,3,text_only,10,linear_svm,word_char,0.1,,0.653808864394997,0.6538461538461539,False
liar2_finance,6,66,3,text_only,11,linear_svm,word_char,1.0,,0.6262794665012407,0.6263736263736264,False
liar2_finance,6,66,3,text_only,12,linear_svm,word_char,10.0,,0.6098725159089545,0.6098901098901099,False
liar2_finance,6,66,3,emotion_aware,1,logistic_regression,word,0.1,0.05,0.6483180929689563,0.6483516483516483,False
liar2_finance,6,66,3,emotion_aware,2,logistic_regression,word,0.1,0.1,0.6385701676963813,0.6385836385836385,False
liar2_finance,6,66,3,emotion_aware,3,logistic_regression,word,0.1,0.25,0.6233142439698919,0.6233211233211233,False
liar2_finance,6,66,3,emotion_aware,4,logistic_regression,word,0.1,0.5,0.6238368486352357,0.6239316239316239,False
liar2_finance,6,66,3,emotion_aware,5,logistic_regression,word,0.1,1.0,0.6195547502810073,0.6196581196581197,False
liar2_finance,6,66,3,emotion_aware,6,logistic_regression,word,1.0,0.05,0.6561947422282618,0.6562881562881563,False
liar2_finance,6,66,3,emotion_aware,7,logistic_regression,word,1.0,0.1,0.6574416172882538,0.6575091575091575,False
liar2_finance,6,66,3,emotion_aware,8,logistic_regression,word,1.0,0.25,0.6536880378578867,0.6538461538461539,False
liar2_finance,6,66,3,emotion_aware,9,logistic_regression,word,1.0,0.5,0.6493421052631578,0.6495726495726496,False
liar2_finance,6,66,3,emotion_aware,10,logistic_regression,word,1.0,1.0,0.6474982237397877,0.6477411477411478,False
liar2_finance,6,66,3,emotion_aware,11,logistic_regression,word,10.0,0.05,0.6385701676963813,0.6385836385836385,False
liar2_finance,6,66,3,emotion_aware,12,logistic_regression,word,10.0,0.1,0.6416295967752456,0.6416361416361416,False
liar2_finance,6,66,3,emotion_aware,13,logistic_regression,word,10.0,0.25,0.640999415546464,0.641025641025641,False
liar2_finance,6,66,3,emotion_aware,14,logistic_regression,word,10.0,0.5,0.6391552713535154,0.6391941391941391,False
liar2_finance,6,66,3,emotion_aware,15,logistic_regression,word,10.0,1.0,0.6366924215025481,0.6367521367521367,False
liar2_finance,6,66,3,emotion_aware,16,logistic_regression,word_char,0.1,0.05,0.6568572195383791,0.6568986568986569,False
liar2_finance,6,66,3,emotion_aware,17,logistic_regression,word_char,0.1,0.1,0.648958878039999,0.648962148962149,False
liar2_finance,6,66,3,emotion_aware,18,logistic_regression,word_char,0.1,0.25,0.6483091787439614,0.6483516483516483,False
liar2_finance,6,66,3,emotion_aware,19,logistic_regression,word_char,0.1,0.5,0.6445847904379143,0.6446886446886446,False
liar2_finance,6,66,3,emotion_aware,20,logistic_regression,word_char,0.1,1.0,0.6323202162058967,0.6324786324786325,False
liar2_finance,6,66,3,emotion_aware,21,logistic_regression,word_char,1.0,0.05,0.6544051316536968,0.6544566544566545,False
liar2_finance,6,66,3,emotion_aware,22,logistic_regression,word_char,1.0,0.1,0.6532103197795776,0.6532356532356532,False
liar2_finance,6,66,3,emotion_aware,23,logistic_regression,word_char,1.0,0.25,0.6556360708534622,0.6556776556776557,False
liar2_finance,6,66,3,emotion_aware,24,logistic_regression,word_char,1.0,0.5,0.6548715039923207,0.6550671550671551,False
liar2_finance,6,66,3,emotion_aware,25,logistic_regression,word_char,1.0,1.0,0.6579156603680704,0.6581196581196581,False
liar2_finance,6,66,3,emotion_aware,26,logistic_regression,word_char,10.0,0.05,0.6409721155695649,0.641025641025641,False
liar2_finance,6,66,3,emotion_aware,27,logistic_regression,word_char,10.0,0.1,0.6422205059697754,0.6422466422466422,False
liar2_finance,6,66,3,emotion_aware,28,logistic_regression,word_char,10.0,0.25,0.640948559311798,0.641025641025641,False
liar2_finance,6,66,3,emotion_aware,29,logistic_regression,word_char,10.0,0.5,0.6390810091555337,0.6391941391941391,False
liar2_finance,6,66,3,emotion_aware,30,logistic_regression,word_char,10.0,1.0,0.6409051862987223,0.641025641025641,False
liar2_finance,6,66,3,emotion_aware,31,linear_svm,word,0.1,0.05,0.6580049393321163,0.6581196581196581,False
liar2_finance,6,66,3,emotion_aware,32,linear_svm,word,0.1,0.1,0.6586628592943562,0.6587301587301588,True
liar2_finance,6,66,3,emotion_aware,33,linear_svm,word,0.1,0.25,0.6530680735102627,0.6532356532356532,False
liar2_finance,6,66,3,emotion_aware,34,linear_svm,word,0.1,0.5,0.6462985429425259,0.6465201465201464,False
liar2_finance,6,66,3,emotion_aware,35,linear_svm,word,0.1,1.0,0.6511856097067051,0.6514041514041514,False
liar2_finance,6,66,3,emotion_aware,36,linear_svm,word,1.0,0.05,0.633664680175996,0.6336996336996337,False
liar2_finance,6,66,3,emotion_aware,37,linear_svm,word,1.0,0.1,0.6379622082004113,0.6379731379731379,False
liar2_finance,6,66,3,emotion_aware,38,linear_svm,word,1.0,0.25,0.6361069156414894,0.6361416361416361,False
liar2_finance,6,66,3,emotion_aware,39,linear_svm,word,1.0,0.5,0.6354820901314095,0.6355311355311355,False
liar2_finance,6,66,3,emotion_aware,40,linear_svm,word,1.0,1.0,0.6354820901314095,0.6355311355311355,False
liar2_finance,6,66,3,emotion_aware,41,linear_svm,word,10.0,0.05,0.6123308119349915,0.6123321123321124,False
liar2_finance,6,66,3,emotion_aware,42,linear_svm,word,10.0,0.1,0.6166050450235554,0.6166056166056166,False
liar2_finance,6,66,3,emotion_aware,43,linear_svm,word,10.0,0.25,0.6147705252925901,0.6147741147741148,False
liar2_finance,6,66,3,emotion_aware,44,linear_svm,word,10.0,0.5,0.6153754407412653,0.6153846153846154,False
liar2_finance,6,66,3,emotion_aware,45,linear_svm,word,10.0,1.0,0.6153754407412653,0.6153846153846154,False
liar2_finance,6,66,3,emotion_aware,46,linear_svm,word_char,0.1,0.05,0.655659174773566,0.6556776556776557,False
liar2_finance,6,66,3,emotion_aware,47,linear_svm,word_char,0.1,0.1,0.6532025638999429,0.6532356532356532,False
liar2_finance,6,66,3,emotion_aware,48,linear_svm,word_char,0.1,0.25,0.656231652615016,0.6562881562881563,False
liar2_finance,6,66,3,emotion_aware,49,linear_svm,word_char,0.1,0.5,0.6579156603680704,0.6581196581196581,False
liar2_finance,6,66,3,emotion_aware,50,linear_svm,word_char,0.1,1.0,0.6572729697019426,0.6575091575091575,False
liar2_finance,6,66,3,emotion_aware,51,linear_svm,word_char,1.0,0.05,0.6293652098353726,0.6294261294261294,False
liar2_finance,6,66,3,emotion_aware,52,linear_svm,word_char,1.0,0.1,0.6323997154858884,0.6324786324786325,False
liar2_finance,6,66,3,emotion_aware,53,linear_svm,word_char,1.0,0.25,0.6385184301562686,0.6385836385836385,False
liar2_finance,6,66,3,emotion_aware,54,linear_svm,word_char,1.0,0.5,0.6372566417871497,0.6373626373626373,False
liar2_finance,6,66,3,emotion_aware,55,linear_svm,word_char,1.0,1.0,0.6372566417871497,0.6373626373626373,False
liar2_finance,6,66,3,emotion_aware,56,linear_svm,word_char,10.0,0.05,0.6165850385776586,0.6166056166056166,False
liar2_finance,6,66,3,emotion_aware,57,linear_svm,word_char,10.0,0.1,0.6171531903900801,0.6172161172161172,False
liar2_finance,6,66,3,emotion_aware,58,linear_svm,word_char,10.0,0.25,0.6263379737795158,0.6263736263736264,False
liar2_finance,6,66,3,emotion_aware,59,linear_svm,word_char,10.0,0.5,0.6275496511003757,0.6275946275946276,False
liar2_finance,6,66,3,emotion_aware,60,linear_svm,word_char,10.0,1.0,0.6275496511003757,0.6275946275946276,False
liar2_finance,6,66,4,text_only,1,logistic_regression,word,0.1,,0.6591373901524701,0.6593406593406593,False
liar2_finance,6,66,4,text_only,2,logistic_regression,word,1.0,,0.6622873063671915,0.6623931623931625,True
liar2_finance,6,66,4,text_only,3,logistic_regression,word,10.0,,0.660511048055575,0.6605616605616607,False
liar2_finance,6,66,4,text_only,4,logistic_regression,word_char,0.1,,0.6617781236582224,0.6617826617826618,False
liar2_finance,6,66,4,text_only,5,logistic_regression,word_char,1.0,,0.6501016433301434,0.6501831501831501,False
liar2_finance,6,66,4,text_only,6,logistic_regression,word_char,10.0,,0.6415237772830766,0.6416361416361416,False
liar2_finance,6,66,4,text_only,7,linear_svm,word,0.1,,0.657370090102183,0.6575091575091575,False
liar2_finance,6,66,4,text_only,8,linear_svm,word,1.0,,0.6556263149340725,0.6556776556776557,False
liar2_finance,6,66,4,text_only,9,linear_svm,word,10.0,,0.633679973163368,0.6336996336996337,False
liar2_finance,6,66,4,text_only,10,linear_svm,word_char,0.1,,0.6501141652516389,0.6501831501831501,False
liar2_finance,6,66,4,text_only,11,linear_svm,word_char,1.0,,0.6347812469705669,0.6349206349206349,False
liar2_finance,6,66,4,text_only,12,linear_svm,word_char,10.0,,0.6165593129361245,0.6166056166056166,False
liar2_finance,6,66,4,emotion_aware,1,logistic_regression,word,0.1,0.05,0.6635227406177127,0.6636141636141637,False
liar2_finance,6,66,4,emotion_aware,2,logistic_regression,word,0.1,0.1,0.6416328024512685,0.6416361416361416,False
liar2_finance,6,66,4,emotion_aware,3,logistic_regression,word,0.1,0.25,0.6129420358995765,0.612942612942613,False
liar2_finance,6,66,4,emotion_aware,4,logistic_regression,word,0.1,0.5,0.6220966008813207,0.6221001221001221,False
liar2_finance,6,66,4,emotion_aware,5,logistic_regression,word,0.1,1.0,0.611707139619761,0.6117216117216118,False
liar2_finance,6,66,4,emotion_aware,6,logistic_regression,word,1.0,0.05,0.6707898631488554,0.670940170940171,False
liar2_finance,6,66,4,emotion_aware,7,logistic_regression,word,1.0,0.1,0.6700916188381818,0.6703296703296704,False
liar2_finance,6,66,4,emotion_aware,8,logistic_regression,word,1.0,0.25,0.665651290490504,0.666056166056166,False
liar2_finance,6,66,4,emotion_aware,9,logistic_regression,word,1.0,0.5,0.6608686796414144,0.6611721611721612,False
liar2_finance,6,66,4,emotion_aware,10,logistic_regression,word,1.0,1.0,0.6596211894824848,0.6599511599511599,False
liar2_finance,6,66,4,emotion_aware,11,logistic_regression,word,10.0,0.05,0.6532170412613216,0.6532356532356532,False
liar2_finance,6,66,4,emotion_aware,12,logistic_regression,word,10.0,0.1,0.6580334987593053,0.6581196581196582,False
liar2_finance,6,66,4,emotion_aware,13,logistic_regression,word,10.0,0.25,0.6543556553056005,0.6544566544566544,False
liar2_finance,6,66,4,emotion_aware,14,logistic_regression,word,10.0,0.5,0.6537520760984448,0.6538461538461537,False
liar2_finance,6,66,4,emotion_aware,15,logistic_regression,word,10.0,1.0,0.6537520760984448,0.6538461538461537,False
liar2_finance,6,66,4,emotion_aware,16,logistic_regression,word_char,0.1,0.05,0.6757486432954731,0.6758241758241759,True
liar2_finance,6,66,4,emotion_aware,17,logistic_regression,word_char,0.1,0.1,0.6666423144360023,0.6666666666666667,False
liar2_finance,6,66,4,emotion_aware,18,logistic_regression,word_char,0.1,0.25,0.6440716438159594,0.644078144078144,False
liar2_finance,6,66,4,emotion_aware,19,logistic_regression,word_char,0.1,0.5,0.6385399892646269,0.6385836385836385,False
liar2_finance,6,66,4,emotion_aware,20,logistic_regression,word_char,0.1,1.0,0.6367130058466017,0.6367521367521367,False
liar2_finance,6,66,4,emotion_aware,21,logistic_regression,word_char,1.0,0.05,0.6580197296309829,0.6581196581196582,False
liar2_finance,6,66,4,emotion_aware,22,logistic_regression,word_char,1.0,0.1,0.6610932147438562,0.6611721611721613,False
liar2_finance,6,66,4,emotion_aware,23,logistic_regression,word_char,1.0,0.25,0.6635588642821916,0.6636141636141637,False
liar2_finance,6,66,4,emotion_aware,24,logistic_regression,word_char,1.0,0.5,0.6665548158488135,0.6666666666666667,False
liar2_finance,6,66,4,emotion_aware,25,logistic_regression,word_char,1.0,1.0,0.6671420661420493,0.6672771672771673,False
liar2_finance,6,66,4,emotion_aware,26,logistic_regression,word_char,10.0,0.05,0.6512792482559264,0.6514041514041513,False
liar2_finance,6,66,4,emotion_aware,27,logistic_regression,word_char,10.0,0.1,0.6518817905906742,0.6520146520146519,False
liar2_finance,6,66,4,emotion_aware,28,logistic_regression,word_char,10.0,0.25,0.6543695719602978,0.6544566544566544,False
liar2_finance,6,66,4,emotion_aware,29,logistic_regression,word_char,10.0,0.5,0.6531611933488116,0.6532356532356531,False
liar2_finance,6,66,4,emotion_aware,30,logistic_regression,word_char,10.0,1.0,0.6549991332760488,0.6550671550671551,False
liar2_finance,6,66,4,emotion_aware,31,linear_svm,word,0.1,0.05,0.671955643454467,0.6721611721611722,False
liar2_finance,6,66,4,emotion_aware,32,linear_svm,word,0.1,0.1,0.6694697053620284,0.6697191697191698,False
liar2_finance,6,66,4,emotion_aware,33,linear_svm,word,0.1,0.25,0.6625806066395987,0.663003663003663,False
liar2_finance,6,66,4,emotion_aware,34,linear_svm,word,0.1,0.5,0.6583164010679922,0.6587301587301587,False
liar2_finance,6,66,4,emotion_aware,35,linear_svm,word,0.1,1.0,0.6565786646292693,0.6568986568986569,False
liar2_finance,6,66,4,emotion_aware,36,linear_svm,word,1.0,0.05,0.6556447993654362,0.6556776556776557,False
liar2_finance,6,66,4,emotion_aware,37,linear_svm,word,1.0,0.1,0.6549867861806824,0.655067155067155,False
liar2_finance,6,66,4,emotion_aware,38,linear_svm,word,1.0,0.25,0.6525006869660632,0.6526251526251525,False
liar2_finance,6,66,4,emotion_aware,39,linear_svm,word,1.0,0.5,0.6525162338570198,0.6526251526251525,False
liar2_finance,6,66,4,emotion_aware,40,linear_svm,word,1.0,1.0,0.6512948497932483,0.6514041514041513,False
liar2_finance,6,66,4,emotion_aware,41,linear_svm,word,10.0,0.05,0.6385491511069827,0.6385836385836385,False
liar2_finance,6,66,4,emotion_aware,42,linear_svm,word,10.0,0.1,0.6391455867130034,0.6391941391941391,False
liar2_finance,6,66,4,emotion_aware,43,linear_svm,word,10.0,0.25,0.6385399892646269,0.6385836385836385,False
liar2_finance,6,66,4,emotion_aware,44,linear_svm,word,10.0,0.5,0.6373280333742362,0.6373626373626373,False
liar2_finance,6,66,4,emotion_aware,45,linear_svm,word,10.0,1.0,0.6379427758637464,0.6379731379731379,False
liar2_finance,6,66,4,emotion_aware,46,linear_svm,word_char,0.1,0.05,0.6561650030964739,0.6562881562881563,False
liar2_finance,6,66,4,emotion_aware,47,linear_svm,word_char,0.1,0.1,0.6640964646050365,0.6642246642246643,False
liar2_finance,6,66,4,emotion_aware,48,linear_svm,word_char,0.1,0.25,0.6665692363902083,0.6666666666666667,False
liar2_finance,6,66,4,emotion_aware,49,linear_svm,word_char,0.1,0.5,0.6659036273514357,0.6660561660561661,False
liar2_finance,6,66,4,emotion_aware,50,linear_svm,word_char,0.1,1.0,0.6682903433813325,0.6684981684981686,False
liar2_finance,6,66,4,emotion_aware,51,linear_svm,word_char,1.0,0.05,0.6403023932193052,0.6404151404151404,False
liar2_finance,6,66,4,emotion_aware,52,linear_svm,word_char,1.0,0.1,0.6458336129266034,0.6459096459096458,False
liar2_finance,6,66,4,emotion_aware,53,linear_svm,word_char,1.0,0.25,0.6470417183622829,0.647130647130647,False
liar2_finance,6,66,4,emotion_aware,54,linear_svm,word_char,1.0,0.5,0.645187929474391,0.6452991452991452,False
liar2_finance,6,66,4,emotion_aware,55,linear_svm,word_char,1.0,1.0,0.6458061485463751,0.6459096459096458,False
liar2_finance,6,66,4,emotion_aware,56,linear_svm,word_char,10.0,0.05,0.6245016783120336,0.6245421245421245,False
liar2_finance,6,66,4,emotion_aware,57,linear_svm,word_char,10.0,0.1,0.6269439438189472,0.626984126984127,False
liar2_finance,6,66,4,emotion_aware,58,linear_svm,word_char,10.0,0.25,0.6306238643246518,0.6306471306471306,False
liar2_finance,6,66,4,emotion_aware,59,linear_svm,word_char,10.0,0.5,0.6318372577501501,0.6318681318681318,False
liar2_finance,6,66,4,emotion_aware,60,linear_svm,word_char,10.0,1.0,0.6318372577501501,0.6318681318681318,False
liar2_finance,6,66,5,text_only,1,logistic_regression,word,0.1,,0.6304828589317822,0.6304878048780488,False
liar2_finance,6,66,5,text_only,2,logistic_regression,word,1.0,,0.6365853658536585,0.6365853658536585,False
liar2_finance,6,66,5,text_only,3,logistic_regression,word,10.0,,0.6286583985196306,0.6286585365853659,False
liar2_finance,6,66,5,text_only,4,logistic_regression,word_char,0.1,,0.6231348611408581,0.6231707317073171,False
liar2_finance,6,66,5,text_only,5,logistic_regression,word_char,1.0,,0.6298669018512232,0.6298780487804878,False
liar2_finance,6,66,5,text_only,6,logistic_regression,word_char,10.0,,0.6237400583272072,0.623780487804878,False
liar2_finance,6,66,5,text_only,7,linear_svm,word,0.1,,0.6371939079213159,0.6371951219512195,True
liar2_finance,6,66,5,text_only,8,linear_svm,word,1.0,,0.6243880094468142,0.624390243902439,False
liar2_finance,6,66,5,text_only,9,linear_svm,word,10.0,,0.6152437593856928,0.6152439024390244,False
liar2_finance,6,66,5,text_only,10,linear_svm,word_char,0.1,,0.6310864507742835,0.6310975609756098,False
liar2_finance,6,66,5,text_only,11,linear_svm,word_char,1.0,,0.6273989880679476,0.6274390243902439,False
liar2_finance,6,66,5,text_only,12,linear_svm,word_char,10.0,,0.6096858595910328,0.6097560975609756,False
liar2_finance,6,66,5,emotion_aware,1,logistic_regression,word,0.1,0.05,0.6341414444869131,0.6341463414634146,False
liar2_finance,6,66,5,emotion_aware,2,logistic_regression,word,0.1,0.1,0.6304680202985287,0.6304878048780488,False
liar2_finance,6,66,5,emotion_aware,3,logistic_regression,word,0.1,0.25,0.6109750311942761,0.6109756097560975,False
liar2_finance,6,66,5,emotion_aware,4,logistic_regression,word,0.1,0.5,0.6082546032539782,0.6085365853658536,False
liar2_finance,6,66,5,emotion_aware,5,logistic_regression,word,0.1,1.0,0.5983450230842182,0.598780487804878,False
liar2_finance,6,66,5,emotion_aware,6,logistic_regression,word,1.0,0.05,0.6347527025645315,0.6347560975609756,False
liar2_finance,6,66,5,emotion_aware,7,logistic_regression,word,1.0,0.1,0.6420719730248949,0.6420731707317073,False
liar2_finance,6,66,5,emotion_aware,8,logistic_regression,word,1.0,0.25,0.6365848253789788,0.6365853658536585,False
liar2_finance,6,66,5,emotion_aware,9,logistic_regression,word,1.0,0.5,0.6335255486204039,0.6335365853658537,False
liar2_finance,6,66,5,emotion_aware,10,logistic_regression,word,1.0,1.0,0.6268153931957613,0.6268292682926829,False
liar2_finance,6,66,5,emotion_aware,11,logistic_regression,word,10.0,0.05,0.6310974238167102,0.6310975609756098,False
liar2_finance,6,66,5,emotion_aware,12,logistic_regression,word,10.0,0.1,0.6341376356367789,0.6341463414634146,False
liar2_finance,6,66,5,emotion_aware,13,logistic_regression,word,10.0,0.25,0.6390050627338764,0.6390243902439025,False
liar2_finance,6,66,5,emotion_aware,14,logistic_regression,word,10.0,0.5,0.6390158004949553,0.6390243902439025,False
liar2_finance,6,66,5,emotion_aware,15,logistic_regression,word,10.0,1.0,0.6402305261200967,0.6402439024390244,False
liar2_finance,6,66,5,emotion_aware,16,logistic_regression,word_char,0.1,0.05,0.6389470677837015,0.6390243902439025,False
liar2_finance,6,66,5,emotion_aware,17,logistic_regression,word_char,0.1,0.1,0.6334764883742463,0.6335365853658537,False
liar2_finance,6,66,5,emotion_aware,18,logistic_regression,word_char,0.1,0.25,0.6304828589317822,0.6304878048780488,False
liar2_finance,6,66,5,emotion_aware,19,logistic_regression,word_char,0.1,0.5,0.6309975450663122,0.6310975609756098,False
liar2_finance,6,66,5,emotion_aware,20,logistic_regression,word_char,0.1,1.0,0.6210031337463284,0.6213414634146341,False
liar2_finance,6,66,5,emotion_aware,21,logistic_regression,word_char,1.0,0.05,0.6371917496258703,0.6371951219512195,False
liar2_finance,6,66,5,emotion_aware,22,logistic_regression,word_char,1.0,0.1,0.6383983663750489,0.6384146341463415,False
liar2_finance,6,66,5,emotion_aware,23,logistic_regression,word_char,1.0,0.25,0.6451198400942302,0.6451219512195122,False
liar2_finance,6,66,5,emotion_aware,24,logistic_regression,word_char,1.0,0.5,0.6451135065676756,0.6451219512195122,False
liar2_finance,6,66,5,emotion_aware,25,logistic_regression,word_char,1.0,1.0,0.6420506791213457,0.6420731707317073,False
liar2_finance,6,66,5,emotion_aware,26,logistic_regression,word_char,10.0,0.05,0.6304526308274434,0.6304878048780488,False
liar2_finance,6,66,5,emotion_aware,27,logistic_regression,word_char,10.0,0.1,0.6292484428077649,0.6292682926829268,False
liar2_finance,6,66,5,emotion_aware,28,logistic_regression,word_char,10.0,0.25,0.6304328424810353,0.6304878048780488,False
liar2_finance,6,66,5,emotion_aware,29,logistic_regression,word_char,10.0,0.5,0.6365313104268928,0.6365853658536585,False
liar2_finance,6,66,5,emotion_aware,30,logistic_regression,word_char,10.0,1.0,0.6365313104268928,0.6365853658536585,False
liar2_finance,6,66,5,emotion_aware,31,linear_svm,word,0.1,0.05,0.6378027233951422,0.6378048780487805,False
liar2_finance,6,66,5,emotion_aware,32,linear_svm,word,0.1,0.1,0.6457305218525791,0.6457317073170732,False
liar2_finance,6,66,5,emotion_aware,33,linear_svm,word,0.1,0.25,0.6365805015236671,0.6365853658536585,False
liar2_finance,6,66,5,emotion_aware,34,linear_svm,word,0.1,0.5,0.6274278040051028,0.6274390243902439,False
liar2_finance,6,66,5,emotion_aware,35,linear_svm,word,0.1,1.0,0.6280216732034309,0.6280487804878049,False
liar2_finance,6,66,5,emotion_aware,36,linear_svm,word,1.0,0.05,0.6262182614382633,0.626219512195122,False
liar2_finance,6,66,5,emotion_aware,37,linear_svm,word,1.0,0.1,0.6274278040051028,0.6274390243902439,False
liar2_finance,6,66,5,emotion_aware,38,linear_svm,word,1.0,0.25,0.6304608753463593,0.6304878048780488,False
liar2_finance,6,66,5,emotion_aware,39,linear_svm,word,1.0,0.5,0.6322939685011439,0.6323170731707317,False
liar2_finance,6,66,5,emotion_aware,40,linear_svm,word,1.0,1.0,0.6335135573286692,0.6335365853658537,False
liar2_finance,6,66,5,emotion_aware,41,linear_svm,word,10.0,0.05,0.6194980479643056,0.6195121951219512,False
liar2_finance,6,66,5,emotion_aware,42,linear_svm,word,10.0,0.1,0.6195031410622501,0.6195121951219512,False
liar2_finance,6,66,5,emotion_aware,43,linear_svm,word,10.0,0.25,0.6189022973313122,0.6189024390243902,False
liar2_finance,6,66,5,emotion_aware,44,linear_svm,word,10.0,0.5,0.620731143264639,0.6207317073170732,False
liar2_finance,6,66,5,emotion_aware,45,linear_svm,word,10.0,1.0,0.620731143264639,0.6207317073170732,False
liar2_finance,6,66,5,emotion_aware,46,linear_svm,word_char,0.1,0.05,0.6335200981305301,0.6335365853658537,False
liar2_finance,6,66,5,emotion_aware,47,linear_svm,word_char,0.1,0.1,0.6396115014662953,0.6396341463414634,False
liar2_finance,6,66,5,emotion_aware,48,linear_svm,word_char,0.1,0.25,0.6487757867074366,0.6487804878048781,True
liar2_finance,6,66,5,emotion_aware,49,linear_svm,word_char,0.1,0.5,0.6444898567763961,0.6445121951219512,False
liar2_finance,6,66,5,emotion_aware,50,linear_svm,word_char,0.1,1.0,0.6420623910818255,0.6420731707317073,False
liar2_finance,6,66,5,emotion_aware,51,linear_svm,word_char,1.0,0.05,0.6249597015741206,0.625,False
liar2_finance,6,66,5,emotion_aware,52,linear_svm,word_char,1.0,0.1,0.6273657333703722,0.6274390243902439,False
liar2_finance,6,66,5,emotion_aware,53,linear_svm,word_char,1.0,0.25,0.6267737617135207,0.6268292682926829,False
liar2_finance,6,66,5,emotion_aware,54,linear_svm,word_char,1.0,0.5,0.6267737617135207,0.6268292682926829,False
liar2_finance,6,66,5,emotion_aware,55,linear_svm,word_char,1.0,1.0,0.6261693363810357,0.626219512195122,False
liar2_finance,6,66,5,emotion_aware,56,linear_svm,word_char,10.0,0.05,0.6176509412038114,0.6176829268292683,False
liar2_finance,6,66,5,emotion_aware,57,linear_svm,word_char,10.0,0.1,0.6213007718333804,0.6213414634146341,False
liar2_finance,6,66,5,emotion_aware,58,linear_svm,word_char,10.0,0.25,0.6225293980943527,0.6225609756097561,False
liar2_finance,6,66,5,emotion_aware,59,linear_svm,word_char,10.0,0.5,0.6212906327775256,0.6213414634146341,False
liar2_finance,6,66,5,emotion_aware,60,linear_svm,word_char,10.0,1.0,0.6212906327775256,0.6213414634146341,False
liar2_finance,7,77,1,text_only,1,logistic_regression,word,0.1,,0.6403174123844515,0.6404151404151404,False
liar2_finance,7,77,1,text_only,2,logistic_regression,word,1.0,,0.6488018020604671,0.6489621489621489,False
liar2_finance,7,77,1,text_only,3,logistic_regression,word,10.0,,0.6330496075862313,0.6330891330891331,False
liar2_finance,7,77,1,text_only,4,logistic_regression,word_char,0.1,,0.647066980794465,0.647130647130647,False
liar2_finance,7,77,1,text_only,5,logistic_regression,word_char,1.0,,0.6580870348309296,0.6581196581196581,True
liar2_finance,7,77,1,text_only,6,logistic_regression,word_char,10.0,,0.6318668970028345,0.6318681318681318,False
liar2_finance,7,77,1,text_only,7,linear_svm,word,0.1,,0.6481817083484354,0.6483516483516483,False
liar2_finance,7,77,1,text_only,8,linear_svm,word,1.0,,0.6330397590770136,0.6330891330891331,False
liar2_finance,7,77,1,text_only,9,linear_svm,word,10.0,,0.6202635251180764,0.6202686202686203,False
liar2_finance,7,77,1,text_only,10,linear_svm,word_char,0.1,,0.658057974472146,0.6581196581196581,False
liar2_finance,7,77,1,text_only,11,linear_svm,word_char,1.0,,0.6233176134794424,0.6233211233211233,False
liar2_finance,7,77,1,text_only,12,linear_svm,word_char,10.0,,0.6172159745483021,0.6172161172161172,False
liar2_finance,7,77,1,emotion_aware,1,logistic_regression,word,0.1,0.05,0.657429357605952,0.6575091575091576,False
liar2_finance,7,77,1,emotion_aware,2,logistic_regression,word,0.1,0.1,0.6434655173184924,0.6434676434676435,False
liar2_finance,7,77,1,emotion_aware,3,logistic_regression,word,0.1,0.25,0.6141636141636142,0.6141636141636142,False
liar2_finance,7,77,1,emotion_aware,4,logistic_regression,word,0.1,0.5,0.6055454491232255,0.6056166056166057,False
liar2_finance,7,77,1,emotion_aware,5,logistic_regression,word,0.1,1.0,0.6030893937970556,0.6031746031746033,False
liar2_finance,7,77,1,emotion_aware,6,logistic_regression,word,1.0,0.05,0.658623154175877,0.6587301587301588,False
liar2_finance,7,77,1,emotion_aware,7,logistic_regression,word,1.0,0.1,0.6592263502630731,0.6593406593406594,False
liar2_finance,7,77,1,emotion_aware,8,logistic_regression,word,1.0,0.25,0.6525162338570198,0.6526251526251525,False
liar2_finance,7,77,1,emotion_aware,9,logistic_regression,word,1.0,0.5,0.654270584725537,0.6544566544566545,False
liar2_finance,7,77,1,emotion_aware,10,logistic_regression,word,1.0,1.0,0.6524664789085319,0.6526251526251526,False
liar2_finance,7,77,1,emotion_aware,11,logistic_regression,word,10.0,0.05,0.6281739468819925,0.6282051282051282,False
liar2_finance,7,77,1,emotion_aware,12,logistic_regression,word,10.0,0.1,0.6323997154858884,0.6324786324786325,False
liar2_finance,7,77,1,emotion_aware,13,logistic_regression,word,10.0,0.25,0.6372712468982631,0.6373626373626373,False
liar2_finance,7,77,1,emotion_aware,14,logistic_regression,word,10.0,0.5,0.636653413189726,0.6367521367521367,False
liar2_finance,7,77,1,emotion_aware,15,logistic_regression,word,10.0,1.0,0.6366382410279907,0.6367521367521367,False
liar2_finance,7,77,1,emotion_aware,16,logistic_regression,word_char,0.1,0.05,0.6507056451612903,0.6507936507936507,False
liar2_finance,7,77,1,emotion_aware,17,logistic_regression,word_char,0.1,0.1,0.658057974472146,0.6581196581196581,False
liar2_finance,7,77,1,emotion_aware,18,logistic_regression,word_char,0.1,0.25,0.6470880300590445,0.647130647130647,False
liar2_finance,7,77,1,emotion_aware,19,logistic_regression,word_char,0.1,0.5,0.6340808760320777,0.6343101343101343,False
liar2_finance,7,77,1,emotion_aware,20,logistic_regression,word_char,0.1,1.0,0.6261930651202126,0.6263736263736264,False
liar2_finance,7,77,1,emotion_aware,21,logistic_regression,word_char,1.0,0.05,0.6592791959918883,0.6593406593406594,False
liar2_finance,7,77,1,emotion_aware,22,logistic_regression,word_char,1.0,0.1,0.6573864418066108,0.6575091575091575,False
liar2_finance,7,77,1,emotion_aware,23,logistic_regression,word_char,1.0,0.25,0.6517857142857143,0.652014652014652,False
liar2_finance,7,77,1,emotion_aware,24,logistic_regression,word_char,1.0,0.5,0.6506056085918854,0.6507936507936508,False
liar2_finance,7,77,1,emotion_aware,25,logistic_regression,word_char,1.0,1.0,0.6493839498806683,0.6495726495726496,False
liar2_finance,7,77,1,emotion_aware,26,logistic_regression,word_char,10.0,0.05,0.6355201320331291,0.6355311355311355,False
liar2_finance,7,77,1,emotion_aware,27,logistic_regression,word_char,10.0,0.1,0.6361221066756122,0.6361416361416361,False
liar2_finance,7,77,1,emotion_aware,28,logistic_regression,word_char,10.0,0.25,0.6348765432098765,0.6349206349206349,False
liar2_finance,7,77,1,emotion_aware,29,logistic_regression,word_char,10.0,0.5,0.6367130058466017,0.6367521367521367,False
liar2_finance,7,77,1,emotion_aware,30,logistic_regression,word_char,10.0,1.0,0.636721672241027,0.6367521367521367,False
liar2_finance,7,77,1,emotion_aware,31,linear_svm,word,0.1,0.05,0.6641119939869,0.6642246642246643,True
liar2_finance,7,77,1,emotion_aware,32,linear_svm,word,0.1,0.1,0.6580197296309829,0.6581196581196582,False
liar2_finance,7,77,1,emotion_aware,33,linear_svm,word,0.1,0.25,0.6512948497932483,0.6514041514041513,False
liar2_finance,7,77,1,emotion_aware,34,linear_svm,word,0.1,0.5,0.6530287412304714,0.6532356532356532,False
liar2_finance,7,77,1,emotion_aware,35,linear_svm,word,0.1,1.0,0.6505852816616718,0.6507936507936508,False
liar2_finance,7,77,1,emotion_aware,36,linear_svm,word,1.0,0.05,0.6269528432592733,0.626984126984127,False
liar2_finance,7,77,1,emotion_aware,37,linear_svm,word,1.0,0.1,0.6287707997852925,0.6288156288156288,False
liar2_finance,7,77,1,emotion_aware,38,linear_svm,word,1.0,0.25,0.6311911010378146,0.6312576312576312,False
liar2_finance,7,77,1,emotion_aware,39,linear_svm,word,1.0,0.5,0.631178452082187,0.6312576312576312,False
liar2_finance,7,77,1,emotion_aware,40,linear_svm,word,1.0,1.0,0.6305742931539992,0.6306471306471306,False
liar2_finance,7,77,1,emotion_aware,41,linear_svm,word,10.0,0.05,0.6207907862269093,0.6208791208791209,False
liar2_finance,7,77,1,emotion_aware,42,linear_svm,word,10.0,0.1,0.6165593129361245,0.6166056166056166,False
liar2_finance,7,77,1,emotion_aware,43,linear_svm,word,10.0,0.25,0.6153479141847957,0.6153846153846154,False
liar2_finance,7,77,1,emotion_aware,44,linear_svm,word,10.0,0.5,0.6147326162843794,0.6147741147741148,False
liar2_finance,7,77,1,emotion_aware,45,linear_svm,word,10.0,1.0,0.614117015566291,0.6141636141636142,False
liar2_finance,7,77,1,emotion_aware,46,linear_svm,word_char,0.1,0.05,0.6567983715225221,0.6568986568986569,False
liar2_finance,7,77,1,emotion_aware,47,linear_svm,word_char,0.1,0.1,0.657370090102183,0.6575091575091575,False
liar2_finance,7,77,1,emotion_aware,48,linear_svm,word_char,0.1,0.25,0.6548292832114039,0.6550671550671551,False
liar2_finance,7,77,1,emotion_aware,49,linear_svm,word_char,0.1,0.5,0.6542071412266869,0.6544566544566545,False
liar2_finance,7,77,1,emotion_aware,50,linear_svm,word_char,0.1,1.0,0.6523855967208652,0.6526251526251526,False
liar2_finance,7,77,1,emotion_aware,51,linear_svm,word_char,1.0,0.05,0.6318515290971825,0.6318681318681318,False
liar2_finance,7,77,1,emotion_aware,52,linear_svm,word_char,1.0,0.1,0.6342990939494879,0.6343101343101343,False
liar2_finance,7,77,1,emotion_aware,53,linear_svm,word_char,1.0,0.25,0.6354820901314095,0.6355311355311355,False
liar2_finance,7,77,1,emotion_aware,54,linear_svm,word_char,1.0,0.5,0.6378887862037959,0.6379731379731379,False
liar2_finance,7,77,1,emotion_aware,55,linear_svm,word_char,1.0,1.0,0.6372712468982631,0.6373626373626373,False
liar2_finance,7,77,1,emotion_aware,56,linear_svm,word_char,10.0,0.05,0.6178260480648816,0.6178266178266179,False
liar2_finance,7,77,1,emotion_aware,57,linear_svm,word_char,10.0,0.1,0.6166056166056166,0.6166056166056166,False
liar2_finance,7,77,1,emotion_aware,58,linear_svm,word_char,10.0,0.25,0.6153794547015887,0.6153846153846154,False
liar2_finance,7,77,1,emotion_aware,59,linear_svm,word_char,10.0,0.5,0.6184301498884641,0.6184371184371185,False
liar2_finance,7,77,1,emotion_aware,60,linear_svm,word_char,10.0,1.0,0.6190425075139545,0.6190476190476191,False
liar2_finance,7,77,2,text_only,1,logistic_regression,word,0.1,,0.6483495513278281,0.6483516483516484,False
liar2_finance,7,77,2,text_only,2,logistic_regression,word,1.0,,0.6611265662025666,0.6611721611721613,True
liar2_finance,7,77,2,text_only,3,logistic_regression,word,10.0,,0.6495721271393643,0.6495726495726496,False
liar2_finance,7,77,2,text_only,4,logistic_regression,word_char,0.1,,0.6544566544566545,0.6544566544566545,False
liar2_finance,7,77,2,text_only,5,logistic_regression,word_char,1.0,,0.6593325332279778,0.6593406593406593,False
liar2_finance,7,77,2,text_only,6,logistic_regression,word_char,10.0,,0.6440716438159594,0.644078144078144,False
liar2_finance,7,77,2,text_only,7,linear_svm,word,0.1,,0.6574528545595453,0.6575091575091575,False
liar2_finance,7,77,2,text_only,8,linear_svm,word,1.0,,0.6477410164503513,0.6477411477411478,False
liar2_finance,7,77,2,text_only,9,linear_svm,word,10.0,,0.6379719235865353,0.6379731379731379,False
liar2_finance,7,77,2,text_only,10,linear_svm,word_char,0.1,,0.6581069153884689,0.6581196581196581,False
liar2_finance,7,77,2,text_only,11,linear_svm,word_char,1.0,,0.6428559448534962,0.6428571428571429,False
liar2_finance,7,77,2,text_only,12,linear_svm,word_char,10.0,,0.6379427758637464,0.6379731379731379,False
liar2_finance,7,77,2,emotion_aware,1,logistic_regression,word,0.1,0.05,0.6514040214785972,0.6514041514041514,False
liar2_finance,7,77,2,emotion_aware,2,logistic_regression,word,0.1,0.1,0.6312570815194705,0.6312576312576312,False
liar2_finance,7,77,2,emotion_aware,3,logistic_regression,word,0.1,0.25,0.6233198597856532,0.6233211233211233,False
liar2_finance,7,77,2,emotion_aware,4,logistic_regression,word,0.1,0.5,0.6049882907560149,0.6050061050061051,False
liar2_finance,7,77,2,emotion_aware,5,logistic_regression,word,0.1,1.0,0.60008856355945,0.6001221001221001,False
liar2_finance,7,77,2,emotion_aware,6,logistic_regression,word,1.0,0.05,0.6611568800148196,0.6611721611721612,False
liar2_finance,7,77,2,emotion_aware,7,logistic_regression,word,1.0,0.1,0.6538449927041579,0.6538461538461539,False
liar2_finance,7,77,2,emotion_aware,8,logistic_regression,word,1.0,0.25,0.6471117074807111,0.647130647130647,False
liar2_finance,7,77,2,emotion_aware,9,logistic_regression,word,1.0,0.5,0.6519959745051995,0.652014652014652,False
liar2_finance,7,77,2,emotion_aware,10,logistic_regression,word,1.0,1.0,0.6538357032877457,0.6538461538461539,False
liar2_finance,7,77,2,emotion_aware,11,logistic_regression,word,10.0,0.05,0.6556776556776557,0.6556776556776557,False
liar2_finance,7,77,2,emotion_aware,12,logistic_regression,word,10.0,0.1,0.6544437751962024,0.6544566544566545,False
liar2_finance,7,77,2,emotion_aware,13,logistic_regression,word,10.0,0.25,0.657493711150115,0.6575091575091575,False
liar2_finance,7,77,2,emotion_aware,14,logistic_regression,word,10.0,0.5,0.6575080086543783,0.6575091575091575,False
liar2_finance,7,77,2,emotion_aware,15,logistic_regression,word,10.0,1.0,0.6575080086543783,0.6575091575091575,False
liar2_finance,7,77,2,emotion_aware,16,logistic_regression,word_char,0.1,0.05,0.6581196581196581,0.6581196581196581,False
liar2_finance,7,77,2,emotion_aware,17,logistic_regression,word_char,0.1,0.1,0.6587239260602424,0.6587301587301587,False
liar2_finance,7,77,2,emotion_aware,18,logistic_regression,word_char,0.1,0.25,0.6459075343231602,0.645909645909646,False
liar2_finance,7,77,2,emotion_aware,19,logistic_regression,word_char,0.1,0.5,0.6402691320324166,0.6404151404151404,False
liar2_finance,7,77,2,emotion_aware,20,logistic_regression,word_char,0.1,1.0,0.6275390994854331,0.6275946275946276,False
liar2_finance,7,77,2,emotion_aware,21,logistic_regression,word_char,1.0,0.05,0.6630031605939531,0.663003663003663,False
liar2_finance,7,77,2,emotion_aware,22,logistic_regression,word_char,1.0,0.1,0.6642201588664662,0.6642246642246642,False
liar2_finance,7,77,2,emotion_aware,23,logistic_regression,word_char,1.0,0.25,0.66361102921746,0.6636141636141636,False
liar2_finance,7,77,2,emotion_aware,24,logistic_regression,word_char,1.0,0.5,0.6568986568986569,0.6568986568986569,False
liar2_finance,7,77,2,emotion_aware,25,logistic_regression,word_char,1.0,1.0,0.6575090298590072,0.6575091575091575,False
liar2_finance,7,77,2,emotion_aware,26,logistic_regression,word_char,10.0,0.05,0.644662686816398,0.6446886446886446,False
liar2_finance,7,77,2,emotion_aware,27,logistic_regression,word_char,10.0,0.1,0.6483091787439614,0.6483516483516483,False
liar2_finance,7,77,2,emotion_aware,28,logistic_regression,word_char,10.0,0.25,0.6519814461671962,0.652014652014652,False
liar2_finance,7,77,2,emotion_aware,29,logistic_regression,word_char,10.0,0.5,0.6495538409929553,0.6495726495726496,False
liar2_finance,7,77,2,emotion_aware,30,logistic_regression,word_char,10.0,1.0,0.6483259580863321,0.6483516483516483,False
liar2_finance,7,77,2,emotion_aware,31,linear_svm,word,0.1,0.05,0.6611690040212164,0.6611721611721612,False
liar2_finance,7,77,2,emotion_aware,32,linear_svm,word,0.1,0.1,0.6526250231546793,0.6526251526251526,False
liar2_finance,7,77,2,emotion_aware,33,linear_svm,word,0.1,0.25,0.6464820678742561,0.6465201465201464,False
liar2_finance,7,77,2,emotion_aware,34,linear_svm,word,0.1,0.5,0.650161114476075,0.6501831501831502,False
liar2_finance,7,77,2,emotion_aware,35,linear_svm,word,0.1,1.0,0.6513749157136579,0.6514041514041514,False
liar2_finance,7,77,2,emotion_aware,36,linear_svm,word,1.0,0.05,0.6526250231546793,0.6526251526251526,False
liar2_finance,7,77,2,emotion_aware,37,linear_svm,word,1.0,0.1,0.6514009032362424,0.6514041514041514,False
liar2_finance,7,77,2,emotion_aware,38,linear_svm,word,1.0,0.25,0.650780635003936,0.6507936507936508,False
liar2_finance,7,77,2,emotion_aware,39,linear_svm,word,1.0,0.5,0.6520016817346914,0.652014652014652,False
liar2_finance,7,77,2,emotion_aware,40,linear_svm,word,1.0,1.0,0.6526146652041045,0.6526251526251526,False
liar2_finance,7,77,2,emotion_aware,41,linear_svm,word,10.0,0.05,0.6373577715757837,0.6373626373626373,False
liar2_finance,7,77,2,emotion_aware,42,linear_svm,word,10.0,0.1,0.6343099980134497,0.6343101343101343,False
liar2_finance,7,77,2,emotion_aware,43,linear_svm,word,10.0,0.25,0.6336996336996337,0.6336996336996337,False
liar2_finance,7,77,2,emotion_aware,44,linear_svm,word,10.0,0.5,0.6336990876021229,0.6336996336996337,False
liar2_finance,7,77,2,emotion_aware,45,linear_svm,word,10.0,1.0,0.6330879023195747,0.6330891330891331,False
liar2_finance,7,77,2,emotion_aware,46,linear_svm,word_char,0.1,0.05,0.6642246642246642,0.6642246642246642,False
liar2_finance,7,77,2,emotion_aware,47,linear_svm,word_char,0.1,0.1,0.6648250460405156,0.6648351648351648,True
liar2_finance,7,77,2,emotion_aware,48,linear_svm,word_char,0.1,0.25,0.6623779363030545,0.6623931623931624,False
liar2_finance,7,77,2,emotion_aware,49,linear_svm,word_char,0.1,0.5,0.6556694421874185,0.6556776556776557,False
liar2_finance,7,77,2,emotion_aware,50,linear_svm,word_char,0.1,1.0,0.655659174773566,0.6556776556776557,False
liar2_finance,7,77,2,emotion_aware,51,linear_svm,word_char,1.0,0.05,0.6471174948116696,0.6471306471306472,False
liar2_finance,7,77,2,emotion_aware,52,linear_svm,word_char,1.0,0.1,0.6520016817346914,0.652014652014652,False
liar2_finance,7,77,2,emotion_aware,53,linear_svm,word_char,1.0,0.25,0.6489463171324708,0.648962148962149,False
liar2_finance,7,77,2,emotion_aware,54,linear_svm,word_char,1.0,0.5,0.6452831482677661,0.6452991452991452,False
liar2_finance,7,77,2,emotion_aware,55,linear_svm,word_char,1.0,1.0,0.645890640724589,0.6459096459096458,False
liar2_finance,7,77,2,emotion_aware,56,linear_svm,word_char,10.0,0.05,0.6391832462840523,0.6391941391941391,False
liar2_finance,7,77,2,emotion_aware,57,linear_svm,word_char,10.0,0.1,0.6373539869846216,0.6373626373626373,False
liar2_finance,7,77,2,emotion_aware,58,linear_svm,word_char,10.0,0.25,0.6410170780251809,0.641025641025641,False
liar2_finance,7,77,2,emotion_aware,59,linear_svm,word_char,10.0,0.5,0.6434591387188873,0.6434676434676434,False
liar2_finance,7,77,2,emotion_aware,60,linear_svm,word_char,10.0,1.0,0.6434591387188873,0.6434676434676434,False
liar2_finance,7,77,3,text_only,1,logistic_regression,word,0.1,,0.6517857142857143,0.652014652014652,False
liar2_finance,7,77,3,text_only,2,logistic_regression,word,1.0,,0.6634605094527259,0.6636141636141637,True
liar2_finance,7,77,3,text_only,3,logistic_regression,word,10.0,,0.6366805031845115,0.6367521367521367,False
liar2_finance,7,77,3,text_only,4,logistic_regression,word_char,0.1,,0.6554922434367542,0.6556776556776557,False
liar2_finance,7,77,3,text_only,5,logistic_regression,word_char,1.0,,0.647066980794465,0.647130647130647,False
liar2_finance,7,77,3,text_only,6,logistic_regression,word_char,10.0,,0.6269528432592733,0.626984126984127,False
liar2_finance,7,77,3,text_only,7,linear_svm,word,0.1,,0.6603591199368699,0.6605616605616605,False
liar2_finance,7,77,3,text_only,8,linear_svm,word,1.0,,0.6342936416736522,0.6343101343101343,False
liar2_finance,7,77,3,text_only,9,linear_svm,word,10.0,,0.6092091136824526,0.6092796092796093,False
liar2_finance,7,77,3,text_only,10,linear_svm,word_char,0.1,,0.6489044409478406,0.6489621489621489,False
liar2_finance,7,77,3,text_only,11,linear_svm,word_char,1.0,,0.6226296082562774,0.6227106227106227,False
liar2_finance,7,77,3,text_only,12,linear_svm,word_char,10.0,,0.6184301498884641,0.6184371184371185,False
liar2_finance,7,77,3,emotion_aware,1,logistic_regression,word,0.1,0.05,0.6537520760984448,0.6538461538461537,False
liar2_finance,7,77,3,emotion_aware,2,logistic_regression,word,0.1,0.1,0.6519892293562661,0.652014652014652,False
liar2_finance,7,77,3,emotion_aware,3,logistic_regression,word,0.1,0.25,0.6288150754368179,0.6288156288156288,False
liar2_finance,7,77,3,emotion_aware,4,logistic_regression,word,0.1,0.5,0.6184301498884641,0.6184371184371185,False
liar2_finance,7,77,3,emotion_aware,5,logistic_regression,word,0.1,1.0,0.6208167962236678,0.6208791208791209,False
liar2_finance,7,77,3,emotion_aware,6,logistic_regression,word,1.0,0.05,0.6678277466300847,0.667887667887668,False
liar2_finance,7,77,3,emotion_aware,7,logistic_regression,word,1.0,0.1,0.6660012681712502,0.6660561660561661,False
liar2_finance,7,77,3,emotion_aware,8,logistic_regression,word,1.0,0.25,0.6659783575943952,0.6660561660561661,False
liar2_finance,7,77,3,emotion_aware,9,logistic_regression,word,1.0,0.5,0.6640243092900691,0.6642246642246642,False
liar2_finance,7,77,3,emotion_aware,10,logistic_regression,word,1.0,1.0,0.663936077351776,0.6642246642246642,False
liar2_finance,7,77,3,emotion_aware,11,logistic_regression,word,10.0,0.05,0.6476590719048739,0.6477411477411477,False
liar2_finance,7,77,3,emotion_aware,12,logistic_regression,word,10.0,0.1,0.6451720547052422,0.6452991452991452,False
liar2_finance,7,77,3,emotion_aware,13,logistic_regression,word,10.0,0.25,0.6452027446440854,0.6452991452991452,False
liar2_finance,7,77,3,emotion_aware,14,logistic_regression,word,10.0,0.5,0.6439506159951053,0.644078144078144,False
liar2_finance,7,77,3,emotion_aware,15,logistic_regression,word,10.0,1.0,0.6439506159951053,0.644078144078144,False
liar2_finance,7,77,3,emotion_aware,16,logistic_regression,word_char,0.1,0.05,0.6611053433065612,0.6611721611721613,False
liar2_finance,7,77,3,emotion_aware,17,logistic_regression,word_char,0.1,0.1,0.6549590019845627,0.6550671550671551,False
liar2_finance,7,77,3,emotion_aware,18,logistic_regression,word_char,0.1,0.25,0.6483180929689563,0.6483516483516483,False
liar2_finance,7,77,3,emotion_aware,19,logistic_regression,word_char,0.1,0.5,0.639713864764268,0.6398046398046398,False
liar2_finance,7,77,3,emotion_aware,20,logistic_regression,word_char,0.1,1.0,0.6366219837342841,0.6367521367521367,False
liar2_finance,7,77,3,emotion_aware,21,logistic_regression,word_char,1.0,0.05,0.6641265201732867,0.6642246642246643,False
liar2_finance,7,77,3,emotion_aware,22,logistic_regression,word_char,1.0,0.1,0.6677445143123053,0.667887667887668,False
liar2_finance,7,77,3,emotion_aware,23,logistic_regression,word_char,1.0,0.25,0.6665548158488135,0.6666666666666667,False
liar2_finance,7,77,3,emotion_aware,24,logistic_regression,word_char,1.0,0.5,0.6677905944986691,0.667887667887668,False
liar2_finance,7,77,3,emotion_aware,25,logistic_regression,word_char,1.0,1.0,0.66719964330703,0.6672771672771673,False
liar2_finance,7,77,3,emotion_aware,26,logistic_regression,word_char,10.0,0.05,0.6391348253916065,0.6391941391941391,False
liar2_finance,7,77,3,emotion_aware,27,logistic_regression,word_char,10.0,0.1,0.6372972086365263,0.6373626373626373,False
liar2_finance,7,77,3,emotion_aware,28,logistic_regression,word_char,10.0,0.25,0.6378596250917623,0.6379731379731379,False
liar2_finance,7,77,3,emotion_aware,29,logistic_regression,word_char,10.0,0.5,0.6372972086365263,0.6373626373626373,False
liar2_finance,7,77,3,emotion_aware,30,logistic_regression,word_char,10.0,1.0,0.6372972086365263,0.6373626373626373,False
liar2_finance,7,77,3,emotion_aware,31,linear_svm,word,0.1,0.05,0.6690376175969294,0.6691086691086692,False
liar2_finance,7,77,3,emotion_aware,32,linear_svm,word,0.1,0.1,0.6678381477378288,0.667887667887668,False
liar2_finance,7,77,3,emotion_aware,33,linear_svm,word,0.1,0.25,0.6616192125434605,0.6617826617826618,False
liar2_finance,7,77,3,emotion_aware,34,linear_svm,word,0.1,0.5,0.666403573687917,0.6666666666666666,False
liar2_finance,7,77,3,emotion_aware,35,linear_svm,word,0.1,1.0,0.6651336445139494,0.6654456654456654,False
liar2_finance,7,77,3,emotion_aware,36,linear_svm,word,1.0,0.05,0.640920716112532,0.641025641025641,False
liar2_finance,7,77,3,emotion_aware,37,linear_svm,word,1.0,0.1,0.6427121260423833,0.6428571428571428,False
liar2_finance,7,77,3,emotion_aware,38,linear_svm,word,1.0,0.25,0.6402691320324166,0.6404151404151404,False
liar2_finance,7,77,3,emotion_aware,39,linear_svm,word,1.0,0.5,0.6365666980525231,0.6367521367521367,False
liar2_finance,7,77,3,emotion_aware,40,linear_svm,word,1.0,1.0,0.6365666980525231,0.6367521367521367,False
liar2_finance,7,77,3,emotion_aware,41,linear_svm,word,10.0,0.05,0.611623759305211,0.6117216117216118,False
liar2_finance,7,77,3,emotion_aware,42,linear_svm,word,10.0,0.1,0.6079598325062034,0.6080586080586081,False
liar2_finance,7,77,3,emotion_aware,43,linear_svm,word,10.0,0.25,0.6091654052925518,0.6092796092796093,False
liar2_finance,7,77,3,emotion_aware,44,linear_svm,word,10.0,0.5,0.6085627526968309,0.6086691086691087,False
liar2_finance,7,77,3,emotion_aware,45,linear_svm,word,10.0,1.0,0.6091654052925518,0.6092796092796093,False
liar2_finance,7,77,3,emotion_aware,46,linear_svm,word_char,0.1,0.05,0.6640623951243741,0.6642246642246643,False
liar2_finance,7,77,3,emotion_aware,47,linear_svm,word_char,0.1,0.1,0.6707721852946387,0.670940170940171,True
liar2_finance,7,77,3,emotion_aware,48,linear_svm,word_char,0.1,0.25,0.667708830548926,0.667887667887668,False
liar2_finance,7,77,3,emotion_aware,49,linear_svm,word_char,0.1,0.5,0.6671251863007907,0.6672771672771673,False
liar2_finance,7,77,3,emotion_aware,50,linear_svm,word_char,0.1,1.0,0.668997637710727,0.6691086691086692,False
liar2_finance,7,77,3,emotion_aware,51,linear_svm,word_char,1.0,0.05,0.6323860111662531,0.6324786324786325,False
liar2_finance,7,77,3,emotion_aware,52,linear_svm,word_char,1.0,0.1,0.6323997154858884,0.6324786324786325,False
liar2_finance,7,77,3,emotion_aware,53,linear_svm,word_char,1.0,0.25,0.6342249290658917,0.6343101343101343,False
liar2_finance,7,77,3,emotion_aware,54,linear_svm,word_char,1.0,0.5,0.6311911010378146,0.6312576312576312,False
liar2_finance,7,77,3,emotion_aware,55,linear_svm,word_char,1.0,1.0,0.631178452082187,0.6312576312576312,False
liar2_finance,7,77,3,emotion_aware,56,linear_svm,word_char,10.0,0.05,0.6214439076757917,0.6214896214896215,False
liar2_finance,7,77,3,emotion_aware,57,linear_svm,word_char,10.0,0.1,0.6287707997852925,0.6288156288156288,False
liar2_finance,7,77,3,emotion_aware,58,linear_svm,word_char,10.0,0.25,0.6275274364785877,0.6275946275946276,False
liar2_finance,7,77,3,emotion_aware,59,linear_svm,word_char,10.0,0.5,0.6275274364785877,0.6275946275946276,False
liar2_finance,7,77,3,emotion_aware,60,linear_svm,word_char,10.0,1.0,0.6275274364785877,0.6275946275946276,False
liar2_finance,7,77,4,text_only,1,logistic_regression,word,0.1,,0.6379427758637464,0.6379731379731379,False
liar2_finance,7,77,4,text_only,2,logistic_regression,word,1.0,,0.6305742931539992,0.6306471306471306,False
liar2_finance,7,77,4,text_only,3,logistic_regression,word,10.0,,0.6147418070320808,0.6147741147741148,False
liar2_finance,7,77,4,text_only,4,logistic_regression,word_char,0.1,,0.6385750173314747,0.6385836385836385,False
liar2_finance,7,77,4,text_only,5,logistic_regression,word_char,1.0,,0.6373539869846216,0.6373626373626373,False
liar2_finance,7,77,4,text_only,6,logistic_regression,word_char,10.0,,0.6257629862808758,0.6257631257631258,False
liar2_finance,7,77,4,text_only,7,linear_svm,word,0.1,,0.6311911010378146,0.6312576312576312,False
liar2_finance,7,77,4,text_only,8,linear_svm,word,1.0,,0.6086654623019815,0.6086691086691087,False
liar2_finance,7,77,4,text_only,9,linear_svm,word,10.0,,0.5964517265220397,0.5964590964590964,False
liar2_finance,7,77,4,text_only,10,linear_svm,word_char,0.1,,0.6391832462840523,0.6391941391941391,True
liar2_finance,7,77,4,text_only,11,linear_svm,word_char,1.0,,0.6135529695200561,0.6135531135531136,False
liar2_finance,7,77,4,text_only,12,linear_svm,word_char,10.0,,0.6043950146102928,0.6043956043956044,False
liar2_finance,7,77,4,emotion_aware,1,logistic_regression,word,0.1,0.05,0.6422125043052227,0.6422466422466422,False
liar2_finance,7,77,4,emotion_aware,2,logistic_regression,word,0.1,0.1,0.62881064834693,0.6288156288156288,False
liar2_finance,7,77,4,emotion_aware,3,logistic_regression,word,0.1,0.25,0.6172159745483021,0.6172161172161172,False
liar2_finance,7,77,4,emotion_aware,4,logistic_regression,word,0.1,0.5,0.6072887128978675,0.6074481074481075,False
liar2_finance,7,77,4,emotion_aware,5,logistic_regression,word,0.1,1.0,0.5937371209479356,0.594017094017094,False
liar2_finance,7,77,4,emotion_aware,6,logistic_regression,word,1.0,0.05,0.641597536860429,0.6416361416361416,False
liar2_finance,7,77,4,emotion_aware,7,logistic_regression,word,1.0,0.1,0.6495094238339496,0.6495726495726495,False
liar2_finance,7,77,4,emotion_aware,8,logistic_regression,word,1.0,0.25,0.6427291772849684,0.6428571428571428,False
liar2_finance,7,77,4,emotion_aware,9,logistic_regression,word,1.0,0.5,0.6457908300225492,0.6459096459096458,False
liar2_finance,7,77,4,emotion_aware,10,logistic_regression,word,1.0,1.0,0.6409051862987223,0.641025641025641,False
liar2_finance,7,77,4,emotion_aware,11,logistic_regression,word,10.0,0.05,0.6245307892803591,0.6245421245421245,False
liar2_finance,7,77,4,emotion_aware,12,logistic_regression,word,10.0,0.1,0.6263379737795158,0.6263736263736264,False
liar2_finance,7,77,4,emotion_aware,13,logistic_regression,word,10.0,0.25,0.6238957383140226,0.6239316239316239,False
liar2_finance,7,77,4,emotion_aware,14,logistic_regression,word,10.0,0.5,0.6256893251295892,0.6257631257631258,False
liar2_finance,7,77,4,emotion_aware,15,logistic_regression,word,10.0,1.0,0.6256893251295892,0.6257631257631258,False
liar2_finance,7,77,4,emotion_aware,16,logistic_regression,word_char,0.1,0.05,0.6537520760984448,0.6538461538461537,True
liar2_finance,7,77,4,emotion_aware,17,logistic_regression,word_char,0.1,0.1,0.6470880300590445,0.647130647130647,False
liar2_finance,7,77,4,emotion_aware,18,logistic_regression,word_char,0.1,0.25,0.6372972086365263,0.6373626373626373,False
liar2_finance,7,77,4,emotion_aware,19,logistic_regression,word_char,0.1,0.5,0.6266500238935211,0.626984126984127,False
liar2_finance,7,77,4,emotion_aware,20,logistic_regression,word_char,0.1,1.0,0.6174981534949304,0.6178266178266179,False
liar2_finance,7,77,4,emotion_aware,21,logistic_regression,word_char,1.0,0.05,0.6416360080699415,0.6416361416361417,False
liar2_finance,7,77,4,emotion_aware,22,logistic_regression,word_char,1.0,0.1,0.6434655173184924,0.6434676434676435,False
liar2_finance,7,77,4,emotion_aware,23,logistic_regression,word_char,1.0,0.25,0.6434336220379695,0.6434676434676434,False
liar2_finance,7,77,4,emotion_aware,24,logistic_regression,word_char,1.0,0.5,0.648914910930587,0.6489621489621489,False
liar2_finance,7,77,4,emotion_aware,25,logistic_regression,word_char,1.0,1.0,0.6501256428923698,0.6501831501831501,False
liar2_finance,7,77,4,emotion_aware,26,logistic_regression,word_char,10.0,0.05,0.6263686131386861,0.6263736263736264,False
liar2_finance,7,77,4,emotion_aware,27,logistic_regression,word_char,10.0,0.1,0.6318614086123903,0.6318681318681318,False
liar2_finance,7,77,4,emotion_aware,28,logistic_regression,word_char,10.0,0.25,0.6361394663044888,0.6361416361416361,False
liar2_finance,7,77,4,emotion_aware,29,logistic_regression,word_char,10.0,0.5,0.6361416361416361,0.6361416361416361,False
liar2_finance,7,77,4,emotion_aware,30,logistic_regression,word_char,10.0,1.0,0.6343089076363149,0.6343101343101343,False
liar2_finance,7,77,4,emotion_aware,31,linear_svm,word,0.1,0.05,0.6477116048455003,0.6477411477411477,False
liar2_finance,7,77,4,emotion_aware,32,linear_svm,word,0.1,0.1,0.6489243333811697,0.6489621489621489,False
liar2_finance,7,77,4,emotion_aware,33,linear_svm,word,0.1,0.25,0.6444766327396731,0.6446886446886446,False
liar2_finance,7,77,4,emotion_aware,34,linear_svm,word,0.1,0.5,0.6408709088522713,0.641025641025641,False
liar2_finance,7,77,4,emotion_aware,35,linear_svm,word,0.1,1.0,0.639029330465628,0.6391941391941391,False
liar2_finance,7,77,4,emotion_aware,36,linear_svm,word,1.0,0.05,0.619657977900466,0.6196581196581197,False
liar2_finance,7,77,4,emotion_aware,37,linear_svm,word,1.0,0.1,0.6263686131386861,0.6263736263736264,False
liar2_finance,7,77,4,emotion_aware,38,linear_svm,word,1.0,0.25,0.6245184736523319,0.6245421245421245,False
liar2_finance,7,77,4,emotion_aware,39,linear_svm,word,1.0,0.5,0.6263379737795158,0.6263736263736264,False
liar2_finance,7,77,4,emotion_aware,40,linear_svm,word,1.0,1.0,0.6263463304667278,0.6263736263736264,False
liar2_finance,7,77,4,emotion_aware,41,linear_svm,word,10.0,0.05,0.60256276940107,0.6025641025641025,False
liar2_finance,7,77,4,emotion_aware,42,linear_svm,word,10.0,0.1,0.6049988911645381,0.605006105006105,False
liar2_finance,7,77,4,emotion_aware,43,linear_svm,word,10.0,0.25,0.6031692786603693,0.6031746031746031,False
liar2_finance,7,77,4,emotion_aware,44,linear_svm,word,10.0,0.5,0.6019482610562473,0.6019536019536019,False
liar2_finance,7,77,4,emotion_aware,45,linear_svm,word,10.0,1.0,0.6019482610562473,0.6019536019536019,False
liar2_finance,7,77,4,emotion_aware,46,linear_svm,word_char,0.1,0.05,0.6434628595963934,0.6434676434676434,False
liar2_finance,7,77,4,emotion_aware,47,linear_svm,word_char,0.1,0.1,0.6465189608037167,0.6465201465201466,False
liar2_finance,7,77,4,emotion_aware,48,linear_svm,word_char,0.1,0.25,0.6458568486910674,0.6459096459096458,False
liar2_finance,7,77,4,emotion_aware,49,linear_svm,word_char,0.1,0.5,0.6495094238339496,0.6495726495726495,False
liar2_finance,7,77,4,emotion_aware,50,linear_svm,word_char,0.1,1.0,0.6488929232455364,0.6489621489621489,False
liar2_finance,7,77,4,emotion_aware,51,linear_svm,word_char,1.0,0.05,0.6178243387694798,0.6178266178266179,False
liar2_finance,7,77,4,emotion_aware,52,linear_svm,word_char,1.0,0.1,0.6202663557741477,0.6202686202686203,False
liar2_finance,7,77,4,emotion_aware,53,linear_svm,word_char,1.0,0.25,0.6257518273640001,0.6257631257631258,False
liar2_finance,7,77,4,emotion_aware,54,linear_svm,word_char,1.0,0.5,0.6257518273640001,0.6257631257631258,False
liar2_finance,7,77,4,emotion_aware,55,linear_svm,word_char,1.0,1.0,0.6257462476560081,0.6257631257631258,False
liar2_finance,7,77,4,emotion_aware,56,linear_svm,word_char,10.0,0.05,0.6080533490768569,0.6080586080586081,False
liar2_finance,7,77,4,emotion_aware,57,linear_svm,word_char,10.0,0.1,0.6147739711961382,0.6147741147741148,False
liar2_finance,7,77,4,emotion_aware,58,linear_svm,word_char,10.0,0.25,0.6178214899098325,0.6178266178266179,False
liar2_finance,7,77,4,emotion_aware,59,linear_svm,word_char,10.0,0.5,0.6178214899098325,0.6178266178266179,False
liar2_finance,7,77,4,emotion_aware,60,linear_svm,word_char,10.0,1.0,0.6184301498884641,0.6184371184371185,False
liar2_finance,7,77,5,text_only,1,logistic_regression,word,0.1,,0.6524390243902439,0.6524390243902439,False
liar2_finance,7,77,5,text_only,2,logistic_regression,word,1.0,,0.6579236496472491,0.6579268292682927,True
liar2_finance,7,77,5,text_only,3,logistic_regression,word,10.0,,0.6414500836586726,0.6414634146341464,False
liar2_finance,7,77,5,text_only,4,logistic_regression,word_char,0.1,,0.6572844530115894,0.6573170731707317,False
liar2_finance,7,77,5,text_only,5,logistic_regression,word_char,1.0,,0.6499250285605483,0.65,False
liar2_finance,7,77,5,text_only,6,logistic_regression,word_char,10.0,,0.6364637185256816,0.6365853658536585,False
liar2_finance,7,77,5,text_only,7,linear_svm,word,0.1,,0.6554774292354879,0.6554878048780488,False
liar2_finance,7,77,5,text_only,8,linear_svm,word,1.0,,0.6408471153735326,0.6408536585365854,False
liar2_finance,7,77,5,text_only,9,linear_svm,word,10.0,,0.6182904121975741,0.6182926829268293,False
liar2_finance,7,77,5,text_only,10,linear_svm,word_char,0.1,,0.6474975419431516,0.6475609756097561,False
liar2_finance,7,77,5,text_only,11,linear_svm,word_char,1.0,,0.6322567761891357,0.6323170731707317,False
liar2_finance,7,77,5,text_only,12,linear_svm,word_char,10.0,,0.6242645144493622,0.624390243902439,False
liar2_finance,7,77,5,emotion_aware,1,logistic_regression,word,0.1,0.05,0.6633825944170771,0.6634146341463415,False
liar2_finance,7,77,5,emotion_aware,2,logistic_regression,word,0.1,0.1,0.6439003206443822,0.6439024390243903,False
liar2_finance,7,77,5,emotion_aware,3,logistic_regression,word,0.1,0.25,0.6243449909938585,0.624390243902439,False
liar2_finance,7,77,5,emotion_aware,4,logistic_regression,word,0.1,0.5,0.6315489554552745,0.6317073170731707,False
liar2_finance,7,77,5,emotion_aware,5,logistic_regression,word,0.1,1.0,0.623471240321933,0.623780487804878,False
liar2_finance,7,77,5,emotion_aware,6,logistic_regression,word,1.0,0.05,0.663414133572477,0.6634146341463415,False
liar2_finance,7,77,5,emotion_aware,7,logistic_regression,word,1.0,0.1,0.6700943527771323,0.6701219512195122,False
liar2_finance,7,77,5,emotion_aware,8,logistic_regression,word,1.0,0.25,0.6681959643203552,0.6682926829268293,False
liar2_finance,7,77,5,emotion_aware,9,logistic_regression,word,1.0,0.5,0.666875,0.6670731707317072,False
liar2_finance,7,77,5,emotion_aware,10,logistic_regression,word,1.0,1.0,0.6620136628975402,0.6621951219512195,False
liar2_finance,7,77,5,emotion_aware,11,logistic_regression,word,10.0,0.05,0.6469405867740663,0.6469512195121951,False
liar2_finance,7,77,5,emotion_aware,12,logistic_regression,word,10.0,0.1,0.650609626193347,0.650609756097561,False
liar2_finance,7,77,5,emotion_aware,13,logistic_regression,word,10.0,0.25,0.6530486514904267,0.6530487804878049,False
liar2_finance,7,77,5,emotion_aware,14,logistic_regression,word,10.0,0.5,0.6579236496472491,0.6579268292682927,False
liar2_finance,7,77,5,emotion_aware,15,logistic_regression,word,10.0,1.0,0.6591401315684291,0.6591463414634147,False
liar2_finance,7,77,5,emotion_aware,16,logistic_regression,word_char,0.1,0.05,0.6707317073170732,0.6707317073170732,True
liar2_finance,7,77,5,emotion_aware,17,logistic_regression,word_char,0.1,0.1,0.6701071099644206,0.6701219512195122,False
liar2_finance,7,77,5,emotion_aware,18,logistic_regression,word_char,0.1,0.25,0.6548364689976038,0.6548780487804878,False
liar2_finance,7,77,5,emotion_aware,19,logistic_regression,word_char,0.1,0.5,0.6444422627740212,0.6445121951219512,False
liar2_finance,7,77,5,emotion_aware,20,logistic_regression,word_char,0.1,1.0,0.6364291017406352,0.6365853658536585,False
liar2_finance,7,77,5,emotion_aware,21,logistic_regression,word_char,1.0,0.05,0.6627897075976426,0.6628048780487805,False
liar2_finance,7,77,5,emotion_aware,22,logistic_regression,word_char,1.0,0.1,0.6640212673005959,0.6640243902439025,False
liar2_finance,7,77,5,emotion_aware,23,logistic_regression,word_char,1.0,0.25,0.6634101289279601,0.6634146341463415,False
liar2_finance,7,77,5,emotion_aware,24,logistic_regression,word_char,1.0,0.5,0.662122762757045,0.6621951219512195,False
liar2_finance,7,77,5,emotion_aware,25,logistic_regression,word_char,1.0,1.0,0.6602869122992963,0.6603658536585366,False
liar2_finance,7,77,5,emotion_aware,26,logistic_regression,word_char,10.0,0.05,0.6413866146230007,0.6414634146341464,False
liar2_finance,7,77,5,emotion_aware,27,logistic_regression,word_char,10.0,0.1,0.634696200559357,0.6347560975609756,False
liar2_finance,7,77,5,emotion_aware,28,logistic_regression,word_char,10.0,0.25,0.6310963265418422,0.6310975609756098,False
liar2_finance,7,77,5,emotion_aware,29,logistic_regression,word_char,10.0,0.5,0.637800030042044,0.6378048780487805,False
liar2_finance,7,77,5,emotion_aware,30,logistic_regression,word_char,10.0,1.0,0.639019558560421,0.6390243902439025,False
liar2_finance,7,77,5,emotion_aware,31,linear_svm,word,0.1,0.05,0.6640092746587722,0.6640243902439025,False
liar2_finance,7,77,5,emotion_aware,32,linear_svm,word,0.1,0.1,0.6682527193192517,0.6682926829268293,False
liar2_finance,7,77,5,emotion_aware,33,linear_svm,word,0.1,0.25,0.667548319497298,0.6676829268292683,False
liar2_finance,7,77,5,emotion_aware,34,linear_svm,word,0.1,0.5,0.6656343616202773,0.6658536585365853,False
liar2_finance,7,77,5,emotion_aware,35,linear_svm,word,0.1,1.0,0.6619940476190476,0.6621951219512195,False
liar2_finance,7,77,5,emotion_aware,36,linear_svm,word,1.0,0.05,0.6463409374493418,0.6463414634146342,False
liar2_finance,7,77,5,emotion_aware,37,linear_svm,word,1.0,0.1,0.6457315755991879,0.6457317073170732,False
liar2_finance,7,77,5,emotion_aware,38,linear_svm,word,1.0,0.25,0.6499869864287042,0.65,False
liar2_finance,7,77,5,emotion_aware,39,linear_svm,word,1.0,0.5,0.6512148437441905,0.651219512195122,False
liar2_finance,7,77,5,emotion_aware,40,linear_svm,word,1.0,1.0,0.6530455555245718,0.6530487804878049,False
liar2_finance,7,77,5,emotion_aware,41,linear_svm,word,10.0,0.05,0.6249931680046223,0.625,False
liar2_finance,7,77,5,emotion_aware,42,linear_svm,word,10.0,0.1,0.6237635616414926,0.623780487804878,False
liar2_finance,7,77,5,emotion_aware,43,linear_svm,word,10.0,0.25,0.6261960243635178,0.626219512195122,False
liar2_finance,7,77,5,emotion_aware,44,linear_svm,word,10.0,0.5,0.6255741177030533,0.625609756097561,False
liar2_finance,7,77,5,emotion_aware,45,linear_svm,word,10.0,1.0,0.6261882407622589,0.626219512195122,False
liar2_finance,7,77,5,emotion_aware,46,linear_svm,word_char,0.1,0.05,0.6652338206199695,0.6652439024390244,False
liar2_finance,7,77,5,emotion_aware,47,linear_svm,word_char,0.1,0.1,0.6676818148186843,0.6676829268292683,False
liar2_finance,7,77,5,emotion_aware,48,linear_svm,word_char,0.1,0.25,0.6658357675306827,0.6658536585365854,False
liar2_finance,7,77,5,emotion_aware,49,linear_svm,word_char,0.1,0.5,0.6620966254291851,0.6621951219512195,False
liar2_finance,7,77,5,emotion_aware,50,linear_svm,word_char,0.1,1.0,0.6596568898727172,0.6597560975609756,False
liar2_finance,7,77,5,emotion_aware,51,linear_svm,word_char,1.0,0.05,0.6310118167703307,0.6310975609756098,False
liar2_finance,7,77,5,emotion_aware,52,linear_svm,word_char,1.0,0.1,0.6304328424810353,0.6304878048780488,False
liar2_finance,7,77,5,emotion_aware,53,linear_svm,word_char,1.0,0.25,0.6310941319725235,0.6310975609756098,False
liar2_finance,7,77,5,emotion_aware,54,linear_svm,word_char,1.0,0.5,0.6323158428177369,0.6323170731707317,False
liar2_finance,7,77,5,emotion_aware,55,linear_svm,word_char,1.0,1.0,0.6329246455957501,0.6329268292682927,False
liar2_finance,7,77,5,emotion_aware,56,linear_svm,word_char,10.0,0.05,0.6290895672513228,0.6292682926829268,False
liar2_finance,7,77,5,emotion_aware,57,linear_svm,word_char,10.0,0.1,0.6328197987515695,0.6329268292682927,False
liar2_finance,7,77,5,emotion_aware,58,linear_svm,word_char,10.0,0.25,0.634716847549428,0.6347560975609756,False
liar2_finance,7,77,5,emotion_aware,59,linear_svm,word_char,10.0,0.5,0.6310480399845457,0.6310975609756098,False
liar2_finance,7,77,5,emotion_aware,60,linear_svm,word_char,10.0,1.0,0.6310579178086878,0.6310975609756098,False
liar2_finance,8,88,1,text_only,1,logistic_regression,word,0.1,,0.6379719235865353,0.6379731379731379,False
liar2_finance,8,88,1,text_only,2,logistic_regression,word,1.0,,0.6495595882731805,0.6495726495726496,False
liar2_finance,8,88,1,text_only,3,logistic_regression,word,10.0,,0.6501819767539372,0.6501831501831502,False
liar2_finance,8,88,1,text_only,4,logistic_regression,word_char,0.1,,0.6556776556776557,0.6556776556776557,False
liar2_finance,8,88,1,text_only,5,logistic_regression,word_char,1.0,,0.6581150708458565,0.6581196581196581,False
liar2_finance,8,88,1,text_only,6,logistic_regression,word_char,10.0,,0.6532227284654469,0.6532356532356532,False
liar2_finance,8,88,1,text_only,7,linear_svm,word,0.1,,0.6483432601062997,0.6483516483516484,False
liar2_finance,8,88,1,text_only,8,linear_svm,word,1.0,,0.6452979554869764,0.6452991452991453,False
liar2_finance,8,88,1,text_only,9,linear_svm,word,10.0,,0.6398041028087542,0.6398046398046398,False
liar2_finance,8,88,1,text_only,10,linear_svm,word_char,0.1,,0.6605571060541005,0.6605616605616605,True
liar2_finance,8,88,1,text_only,11,linear_svm,word_char,1.0,,0.6477032006277129,0.6477411477411477,False
liar2_finance,8,88,1,text_only,12,linear_svm,word_char,10.0,,0.6324737011592958,0.6324786324786325,False
liar2_finance,8,88,1,emotion_aware,1,logistic_regression,word,0.1,0.05,0.6605611545113006,0.6605616605616605,False
liar2_finance,8,88,1,emotion_aware,2,logistic_regression,word,0.1,0.1,0.6385642401878564,0.6385836385836385,False
liar2_finance,8,88,1,emotion_aware,3,logistic_regression,word,0.1,0.25,0.6245419846047939,0.6245421245421245,False
liar2_finance,8,88,1,emotion_aware,4,logistic_regression,word,0.1,0.5,0.6147107865010215,0.6147741147741148,False
liar2_finance,8,88,1,emotion_aware,5,logistic_regression,word,0.1,1.0,0.6043106572007569,0.6043956043956045,False
liar2_finance,8,88,1,emotion_aware,6,logistic_regression,word,1.0,0.05,0.661171024604599,0.6611721611721612,False
liar2_finance,8,88,1,emotion_aware,7,logistic_regression,word,1.0,0.1,0.660553563574831,0.6605616605616605,False
liar2_finance,8,88,1,emotion_aware,8,logistic_regression,word,1.0,0.25,0.6562870033376381,0.6562881562881563,False
liar2_finance,8,88,1,emotion_aware,9,logistic_regression,word,1.0,0.5,0.648346930012881,0.6483516483516484,False
liar2_finance,8,88,1,emotion_aware,10,logistic_regression,word,1.0,1.0,0.6501830198025152,0.6501831501831502,False
liar2_finance,8,88,1,emotion_aware,11,logistic_regression,word,10.0,0.05,0.6538305422854104,0.6538461538461539,False
liar2_finance,8,88,1,emotion_aware,12,logistic_regression,word,10.0,0.1,0.6544314102028889,0.6544566544566545,False
liar2_finance,8,88,1,emotion_aware,13,logistic_regression,word,10.0,0.25,0.6520063511468591,0.652014652014652,False
liar2_finance,8,88,1,emotion_aware,14,logistic_regression,word,10.0,0.5,0.6532351362633431,0.6532356532356532,False
liar2_finance,8,88,1,emotion_aware,15,logistic_regression,word,10.0,1.0,0.6544561393046693,0.6544566544566545,False
liar2_finance,8,88,1,emotion_aware,16,logistic_regression,word_char,0.1,0.05,0.6684980449437448,0.6684981684981685,False
liar2_finance,8,88,1,emotion_aware,17,logistic_regression,word_char,0.1,0.1,0.6666587153090966,0.6666666666666666,False
liar2_finance,8,88,1,emotion_aware,18,logistic_regression,word_char,0.1,0.25,0.6471301210567117,0.6471306471306472,False
liar2_finance,8,88,1,emotion_aware,19,logistic_regression,word_char,0.1,0.5,0.6336553945249597,0.6336996336996337,False
liar2_finance,8,88,1,emotion_aware,20,logistic_regression,word_char,0.1,1.0,0.6195388641351904,0.6196581196581197,False
liar2_finance,8,88,1,emotion_aware,21,logistic_regression,word_char,1.0,0.05,0.6690770944256497,0.6691086691086692,True
liar2_finance,8,88,1,emotion_aware,22,logistic_regression,word_char,1.0,0.1,0.6654331957730016,0.6654456654456654,False
liar2_finance,8,88,1,emotion_aware,23,logistic_regression,word_char,1.0,0.25,0.6593279621192243,0.6593406593406593,False
liar2_finance,8,88,1,emotion_aware,24,logistic_regression,word_char,1.0,0.5,0.6562849536287294,0.6562881562881563,False
liar2_finance,8,88,1,emotion_aware,25,logistic_regression,word_char,1.0,1.0,0.6514009032362424,0.6514041514041514,False
liar2_finance,8,88,1,emotion_aware,26,logistic_regression,word_char,10.0,0.05,0.6568966108441656,0.6568986568986569,False
liar2_finance,8,88,1,emotion_aware,27,logistic_regression,word_char,10.0,0.1,0.658730031535089,0.6587301587301587,False
liar2_finance,8,88,1,emotion_aware,28,logistic_regression,word_char,10.0,0.25,0.6593401514699744,0.6593406593406593,False
liar2_finance,8,88,1,emotion_aware,29,logistic_regression,word_char,10.0,0.5,0.6568904725342716,0.6568986568986569,False
liar2_finance,8,88,1,emotion_aware,30,logistic_regression,word_char,10.0,1.0,0.6568904725342716,0.6568986568986569,False
liar2_finance,8,88,1,emotion_aware,31,linear_svm,word,0.1,0.05,0.6611659731009563,0.6611721611721612,False
liar2_finance,8,88,1,emotion_aware,32,linear_svm,word,0.1,0.1,0.6642241636352795,0.6642246642246642,False
liar2_finance,8,88,1,emotion_aware,33,linear_svm,word,0.1,0.25,0.6562870033376381,0.6562881562881563,False
liar2_finance,8,88,1,emotion_aware,34,linear_svm,word,0.1,0.5,0.648958878039999,0.648962148962149,False
liar2_finance,8,88,1,emotion_aware,35,linear_svm,word,0.1,1.0,0.6471222297594466,0.6471306471306472,False
liar2_finance,8,88,1,emotion_aware,36,linear_svm,word,1.0,0.05,0.6422381083720341,0.6422466422466422,False
liar2_finance,8,88,1,emotion_aware,37,linear_svm,word,1.0,0.1,0.6446695739684669,0.6446886446886446,False
liar2_finance,8,88,1,emotion_aware,38,linear_svm,word,1.0,0.25,0.6471222297594466,0.6471306471306472,False
liar2_finance,8,88,1,emotion_aware,39,linear_svm,word,1.0,0.5,0.6483432601062997,0.6483516483516484,False
liar2_finance,8,88,1,emotion_aware,40,linear_svm,word,1.0,1.0,0.6483432601062997,0.6483516483516484,False
liar2_finance,8,88,1,emotion_aware,41,linear_svm,word,10.0,0.05,0.6373604748068227,0.6373626373626373,False
liar2_finance,8,88,1,emotion_aware,42,linear_svm,word,10.0,0.1,0.6361410936847756,0.6361416361416361,False
liar2_finance,8,88,1,emotion_aware,43,linear_svm,word,10.0,0.25,0.6355309996895316,0.6355311355311355,False
liar2_finance,8,88,1,emotion_aware,44,linear_svm,word,10.0,0.5,0.6349206349206349,0.6349206349206349,False
liar2_finance,8,88,1,emotion_aware,45,linear_svm,word,10.0,1.0,0.6367520013656136,0.6367521367521367,False
liar2_finance,8,88,1,emotion_aware,46,linear_svm,word_char,0.1,0.05,0.6672671222077979,0.6672771672771673,False
liar2_finance,8,88,1,emotion_aware,47,linear_svm,word_char,0.1,0.1,0.6642201588664662,0.6642246642246642,False
liar2_finance,8,88,1,emotion_aware,48,linear_svm,word_char,0.1,0.25,0.6568966108441656,0.6568986568986569,False
liar2_finance,8,88,1,emotion_aware,49,linear_svm,word_char,0.1,0.5,0.6562880281829251,0.6562881562881563,False
liar2_finance,8,88,1,emotion_aware,50,linear_svm,word_char,0.1,1.0,0.6532351362633431,0.6532356532356532,False
liar2_finance,8,88,1,emotion_aware,51,linear_svm,word_char,1.0,0.05,0.649570559830162,0.6495726495726496,False
liar2_finance,8,88,1,emotion_aware,52,linear_svm,word_char,1.0,0.1,0.6514040214785972,0.6514041514041514,False
liar2_finance,8,88,1,emotion_aware,53,linear_svm,word_char,1.0,0.25,0.6507936507936508,0.6507936507936508,False
liar2_finance,8,88,1,emotion_aware,54,linear_svm,word_char,1.0,0.5,0.6507936507936508,0.6507936507936508,False
liar2_finance,8,88,1,emotion_aware,55,linear_svm,word_char,1.0,1.0,0.6507936507936508,0.6507936507936508,False
liar2_finance,8,88,1,emotion_aware,56,linear_svm,word_char,10.0,0.05,0.644662686816398,0.6446886446886446,False
liar2_finance,8,88,1,emotion_aware,57,linear_svm,word_char,10.0,0.1,0.6428538150493903,0.6428571428571428,False
liar2_finance,8,88,1,emotion_aware,58,linear_svm,word_char,10.0,0.25,0.6391929289032756,0.6391941391941391,False
liar2_finance,8,88,1,emotion_aware,59,linear_svm,word_char,10.0,0.5,0.6367509182697952,0.6367521367521367,False
liar2_finance,8,88,1,emotion_aware,60,linear_svm,word_char,10.0,1.0,0.6367520013656136,0.6367521367521367,False
liar2_finance,8,88,2,text_only,1,logistic_regression,word,0.1,,0.6477252608442359,0.6477411477411478,False
liar2_finance,8,88,2,text_only,2,logistic_regression,word,1.0,,0.6514009032362424,0.6514041514041514,True
liar2_finance,8,88,2,text_only,3,logistic_regression,word,10.0,,0.6348765432098765,0.6349206349206349,False
liar2_finance,8,88,2,text_only,4,logistic_regression,word_char,0.1,,0.6501016433301434,0.6501831501831501,False
liar2_finance,8,88,2,text_only,5,logistic_regression,word_char,1.0,,0.6422418419922714,0.6422466422466422,False
liar2_finance,8,88,2,text_only,6,logistic_regression,word_char,10.0,,0.6324698655972091,0.6324786324786325,False
liar2_finance,8,88,2,text_only,7,linear_svm,word,0.1,,0.6501819767539372,0.6501831501831502,False
liar2_finance,8,88,2,text_only,8,linear_svm,word,1.0,,0.6342990939494879,0.6343101343101343,False
liar2_finance,8,88,2,text_only,9,linear_svm,word,10.0,,0.6056142537461405,0.6056166056166056,False
liar2_finance,8,88,2,text_only,10,linear_svm,word_char,0.1,,0.6446754013501586,0.6446886446886446,False
liar2_finance,8,88,2,text_only,11,linear_svm,word_char,1.0,,0.6288150754368179,0.6288156288156288,False
liar2_finance,8,88,2,text_only,12,linear_svm,word_char,10.0,,0.6201729218362283,0.6202686202686203,False
liar2_finance,8,88,2,emotion_aware,1,logistic_regression,word,0.1,0.05,0.650791568332496,0.6507936507936508,False
liar2_finance,8,88,2,emotion_aware,2,logistic_regression,word,0.1,0.1,0.6318515290971825,0.6318681318681318,False
liar2_finance,8,88,2,emotion_aware,3,logistic_regression,word,0.1,0.25,0.6105000298169241,0.6105006105006106,False
liar2_finance,8,88,2,emotion_aware,4,logistic_regression,word,0.1,0.5,0.6176983786105443,0.6178266178266179,False
liar2_finance,8,88,2,emotion_aware,5,logistic_regression,word,0.1,1.0,0.612637116699889,0.612942612942613,False
liar2_finance,8,88,2,emotion_aware,6,logistic_regression,word,1.0,0.05,0.6556771423459956,0.6556776556776557,False
liar2_finance,8,88,2,emotion_aware,7,logistic_regression,word,1.0,0.1,0.6532335853371638,0.6532356532356532,False
liar2_finance,8,88,2,emotion_aware,8,logistic_regression,word,1.0,0.25,0.6433634323294535,0.6434676434676434,False
liar2_finance,8,88,2,emotion_aware,9,logistic_regression,word,1.0,0.5,0.6475802431111122,0.6477411477411477,False
liar2_finance,8,88,2,emotion_aware,10,logistic_regression,word,1.0,1.0,0.6475203096335707,0.6477411477411478,False
liar2_finance,8,88,2,emotion_aware,11,logistic_regression,word,10.0,0.05,0.6416253224513346,0.6416361416361416,False
liar2_finance,8,88,2,emotion_aware,12,logistic_regression,word,10.0,0.1,0.6422381083720341,0.6422466422466422,False
liar2_finance,8,88,2,emotion_aware,13,logistic_regression,word,10.0,0.25,0.6416360080699415,0.6416361416361417,False
liar2_finance,8,88,2,emotion_aware,14,logistic_regression,word,10.0,0.5,0.6410256410256411,0.6410256410256411,False
liar2_finance,8,88,2,emotion_aware,15,logistic_regression,word,10.0,1.0,0.6404150063938595,0.6404151404151404,False
liar2_finance,8,88,2,emotion_aware,16,logistic_regression,word_char,0.1,0.05,0.6562726548618801,0.6562881562881563,False
liar2_finance,8,88,2,emotion_aware,17,logistic_regression,word_char,0.1,0.1,0.6470548763303048,0.647130647130647,False
liar2_finance,8,88,2,emotion_aware,18,logistic_regression,word_char,0.1,0.25,0.6379427758637464,0.6379731379731379,False
liar2_finance,8,88,2,emotion_aware,19,logistic_regression,word_char,0.1,0.5,0.6403174123844515,0.6404151404151404,False
liar2_finance,8,88,2,emotion_aware,20,logistic_regression,word_char,0.1,1.0,0.6365016345323634,0.6367521367521367,False
liar2_finance,8,88,2,emotion_aware,21,logistic_regression,word_char,1.0,0.05,0.6471117074807111,0.647130647130647,False
liar2_finance,8,88,2,emotion_aware,22,logistic_regression,word_char,1.0,0.1,0.6471117074807111,0.647130647130647,False
liar2_finance,8,88,2,emotion_aware,23,logistic_regression,word_char,1.0,0.25,0.654394309912919,0.6544566544566545,False
liar2_finance,8,88,2,emotion_aware,24,logistic_regression,word_char,1.0,0.5,0.6561650030964739,0.6562881562881563,False
liar2_finance,8,88,2,emotion_aware,25,logistic_regression,word_char,1.0,1.0,0.6549270960922162,0.6550671550671551,False
liar2_finance,8,88,2,emotion_aware,26,logistic_regression,word_char,10.0,0.05,0.6373577715757837,0.6373626373626373,False
liar2_finance,8,88,2,emotion_aware,27,logistic_regression,word_char,10.0,0.1,0.6410235003138245,0.641025641025641,False
liar2_finance,8,88,2,emotion_aware,28,logistic_regression,word_char,10.0,0.25,0.6458964480809142,0.6459096459096458,False
liar2_finance,8,88,2,emotion_aware,29,logistic_regression,word_char,10.0,0.5,0.6471174948116696,0.6471306471306472,False
liar2_finance,8,88,2,emotion_aware,30,logistic_regression,word_char,10.0,1.0,0.6477252608442359,0.6477411477411478,False
liar2_finance,8,88,2,emotion_aware,31,linear_svm,word,0.1,0.05,0.6556771423459956,0.6556776556776557,False
liar2_finance,8,88,2,emotion_aware,32,linear_svm,word,0.1,0.1,0.655045427013931,0.6550671550671551,False
liar2_finance,8,88,2,emotion_aware,33,linear_svm,word,0.1,0.25,0.6463396944074132,0.6465201465201464,False
liar2_finance,8,88,2,emotion_aware,34,linear_svm,word,0.1,0.5,0.6481203007518797,0.6483516483516484,False
liar2_finance,8,88,2,emotion_aware,35,linear_svm,word,0.1,1.0,0.6469200923084726,0.647130647130647,False
liar2_finance,8,88,2,emotion_aware,36,linear_svm,word,1.0,0.05,0.6428538150493903,0.6428571428571428,False
liar2_finance,8,88,2,emotion_aware,37,linear_svm,word,1.0,0.1,0.6336947187634178,0.6336996336996337,False
liar2_finance,8,88,2,emotion_aware,38,linear_svm,word,1.0,0.25,0.6312438873118484,0.6312576312576312,False
liar2_finance,8,88,2,emotion_aware,39,linear_svm,word,1.0,0.5,0.6312306921599733,0.6312576312576312,False
liar2_finance,8,88,2,emotion_aware,40,linear_svm,word,1.0,1.0,0.6324589064072459,0.6324786324786325,False
liar2_finance,8,88,2,emotion_aware,41,linear_svm,word,10.0,0.05,0.6025461781795451,0.6025641025641025,False
liar2_finance,8,88,2,emotion_aware,42,linear_svm,word,10.0,0.1,0.6068088836937464,0.6068376068376069,False
liar2_finance,8,88,2,emotion_aware,43,linear_svm,word,10.0,0.25,0.6061741174786586,0.6062271062271063,False
liar2_finance,8,88,2,emotion_aware,44,linear_svm,word,10.0,0.5,0.6061741174786586,0.6062271062271063,False
liar2_finance,8,88,2,emotion_aware,45,linear_svm,word,10.0,1.0,0.6067789837190474,0.6068376068376069,False
liar2_finance,8,88,2,emotion_aware,46,linear_svm,word_char,0.1,0.05,0.6458837772397095,0.6459096459096458,False
liar2_finance,8,88,2,emotion_aware,47,linear_svm,word_char,0.1,0.1,0.6471117074807111,0.647130647130647,False
liar2_finance,8,88,2,emotion_aware,48,linear_svm,word_char,0.1,0.25,0.6568249835599158,0.6568986568986569,True
liar2_finance,8,88,2,emotion_aware,49,linear_svm,word_char,0.1,0.5,0.6549095968072416,0.6550671550671551,False
liar2_finance,8,88,2,emotion_aware,50,linear_svm,word_char,0.1,1.0,0.6549270960922162,0.6550671550671551,False
liar2_finance,8,88,2,emotion_aware,51,linear_svm,word_char,1.0,0.05,0.6367509182697952,0.6367521367521367,False
liar2_finance,8,88,2,emotion_aware,52,linear_svm,word_char,1.0,0.1,0.6385750173314747,0.6385836385836385,False
liar2_finance,8,88,2,emotion_aware,53,linear_svm,word_char,1.0,0.25,0.6415879177673993,0.6416361416361416,False
liar2_finance,8,88,2,emotion_aware,54,linear_svm,word_char,1.0,0.5,0.6403764041069722,0.6404151404151404,False
liar2_finance,8,88,2,emotion_aware,55,linear_svm,word_char,1.0,1.0,0.6397611379495438,0.6398046398046398,False
liar2_finance,8,88,2,emotion_aware,56,linear_svm,word_char,10.0,0.05,0.6232468411173843,0.6233211233211233,False
liar2_finance,8,88,2,emotion_aware,57,linear_svm,word_char,10.0,0.1,0.6244400825406412,0.6245421245421245,False
liar2_finance,8,88,2,emotion_aware,58,linear_svm,word_char,10.0,0.25,0.6281318091417942,0.6282051282051282,False
liar2_finance,8,88,2,emotion_aware,59,linear_svm,word_char,10.0,0.5,0.6262794665012407,0.6263736263736264,False
liar2_finance,8,88,2,emotion_aware,60,linear_svm,word_char,10.0,1.0,0.6268972147900831,0.626984126984127,False
liar2_finance,8,88,3,text_only,1,logistic_regression,word,0.1,,0.6312306921599733,0.6312576312576312,False
liar2_finance,8,88,3,text_only,2,logistic_regression,word,1.0,,0.6378077715162731,0.6379731379731379,False
liar2_finance,8,88,3,text_only,3,logistic_regression,word,10.0,,0.6238508716599789,0.6239316239316239,False
liar2_finance,8,88,3,text_only,4,logistic_regression,word_char,0.1,,0.6468521347831795,0.6471306471306472,False
liar2_finance,8,88,3,text_only,5,logistic_regression,word_char,1.0,,0.6511637534755959,0.6514041514041514,False
liar2_finance,8,88,3,text_only,6,logistic_regression,word_char,10.0,,0.6415237772830766,0.6416361416361416,False
liar2_finance,8,88,3,text_only,7,linear_svm,word,0.1,,0.6384089780247808,0.6385836385836385,False
liar2_finance,8,88,3,text_only,8,linear_svm,word,1.0,,0.6256111679726171,0.6257631257631258,False
liar2_finance,8,88,3,text_only,9,linear_svm,word,10.0,,0.6171840142775193,0.6172161172161172,False
liar2_finance,8,88,3,text_only,10,linear_svm,word_char,0.1,,0.6518070114460717,0.652014652014652,True
liar2_finance,8,88,3,text_only,11,linear_svm,word_char,1.0,,0.6286362477011262,0.6288156288156288,False
liar2_finance,8,88,3,text_only,12,linear_svm,word_char,10.0,,0.6226003444856203,0.6227106227106227,False
liar2_finance,8,88,3,emotion_aware,1,logistic_regression,word,0.1,0.05,0.6383679838176743,0.6385836385836385,False
liar2_finance,8,88,3,emotion_aware,2,logistic_regression,word,0.1,0.1,0.6458457592747227,0.6459096459096458,False
liar2_finance,8,88,3,emotion_aware,3,logistic_regression,word,0.1,0.25,0.6177986975035485,0.6178266178266179,False
liar2_finance,8,88,3,emotion_aware,4,logistic_regression,word,0.1,0.5,0.6170412693772398,0.6172161172161172,False
liar2_finance,8,88,3,emotion_aware,5,logistic_regression,word,0.1,1.0,0.6095954560560742,0.6098901098901099,False
liar2_finance,8,88,3,emotion_aware,6,logistic_regression,word,1.0,0.05,0.644645732689211,0.6446886446886446,False
liar2_finance,8,88,3,emotion_aware,7,logistic_regression,word,1.0,0.1,0.6494702228717574,0.6495726495726495,False
liar2_finance,8,88,3,emotion_aware,8,logistic_regression,word,1.0,0.25,0.6476149321255159,0.6477411477411477,False
liar2_finance,8,88,3,emotion_aware,9,logistic_regression,word,1.0,0.5,0.6414531962299682,0.6416361416361416,False
liar2_finance,8,88,3,emotion_aware,10,logistic_regression,word,1.0,1.0,0.6426108507587102,0.6428571428571428,False
liar2_finance,8,88,3,emotion_aware,11,logistic_regression,word,10.0,0.05,0.6378434224444209,0.6379731379731379,False
liar2_finance,8,88,3,emotion_aware,12,logistic_regression,word,10.0,0.1,0.6421265972296789,0.6422466422466422,False
liar2_finance,8,88,3,emotion_aware,13,logistic_regression,word,10.0,0.25,0.6415237772830766,0.6416361416361416,False
liar2_finance,8,88,3,emotion_aware,14,logistic_regression,word,10.0,0.5,0.6378434224444209,0.6379731379731379,False
liar2_finance,8,88,3,emotion_aware,15,logistic_regression,word,10.0,1.0,0.6390476350274333,0.6391941391941391,False
liar2_finance,8,88,3,emotion_aware,16,logistic_regression,word_char,0.1,0.05,0.6561485930971996,0.6562881562881563,False
liar2_finance,8,88,3,emotion_aware,17,logistic_regression,word_char,0.1,0.1,0.6474508875033338,0.6477411477411478,False
liar2_finance,8,88,3,emotion_aware,18,logistic_regression,word_char,0.1,0.25,0.6487420763246154,0.648962148962149,False
liar2_finance,8,88,3,emotion_aware,19,logistic_regression,word_char,0.1,0.5,0.6402111784981892,0.6404151404151404,False
liar2_finance,8,88,3,emotion_aware,20,logistic_regression,word_char,0.1,1.0,0.6315647923128429,0.6318681318681318,False
liar2_finance,8,88,3,emotion_aware,21,logistic_regression,word_char,1.0,0.05,0.6604153491868415,0.6605616605616605,False
liar2_finance,8,88,3,emotion_aware,22,logistic_regression,word_char,1.0,0.1,0.6628749972036003,0.6630036630036631,True
liar2_finance,8,88,3,emotion_aware,23,logistic_regression,word_char,1.0,0.25,0.6584723942650164,0.6587301587301587,False
liar2_finance,8,88,3,emotion_aware,24,logistic_regression,word_char,1.0,0.5,0.6559546313799622,0.6562881562881563,False
liar2_finance,8,88,3,emotion_aware,25,logistic_regression,word_char,1.0,1.0,0.6541343846622178,0.6544566544566545,False
liar2_finance,8,88,3,emotion_aware,26,logistic_regression,word_char,10.0,0.05,0.6470275066548359,0.647130647130647,False
liar2_finance,8,88,3,emotion_aware,27,logistic_regression,word_char,10.0,0.1,0.6476454107739024,0.6477411477411477,False
liar2_finance,8,88,3,emotion_aware,28,logistic_regression,word_char,10.0,0.25,0.6440079552211264,0.644078144078144,False
liar2_finance,8,88,3,emotion_aware,29,logistic_regression,word_char,10.0,0.5,0.6408521606056945,0.641025641025641,False
liar2_finance,8,88,3,emotion_aware,30,logistic_regression,word_char,10.0,1.0,0.6408521606056945,0.641025641025641,False
liar2_finance,8,88,3,emotion_aware,31,linear_svm,word,0.1,0.05,0.6476937454033891,0.6477411477411477,False
liar2_finance,8,88,3,emotion_aware,32,linear_svm,word,0.1,0.1,0.6500411080722831,0.6501831501831501,False
liar2_finance,8,88,3,emotion_aware,33,linear_svm,word,0.1,0.25,0.6464240777089939,0.6465201465201464,False
liar2_finance,8,88,3,emotion_aware,34,linear_svm,word,0.1,0.5,0.6420112781954888,0.6422466422466422,False
liar2_finance,8,88,3,emotion_aware,35,linear_svm,word,0.1,1.0,0.6431612166789766,0.6434676434676435,False
liar2_finance,8,88,3,emotion_aware,36,linear_svm,word,1.0,0.05,0.6269105671356917,0.626984126984127,False
liar2_finance,8,88,3,emotion_aware,37,linear_svm,word,1.0,0.1,0.6311647022332506,0.6312576312576312,False
liar2_finance,8,88,3,emotion_aware,38,linear_svm,word,1.0,0.25,0.6323202162058967,0.6324786324786325,False
liar2_finance,8,88,3,emotion_aware,39,linear_svm,word,1.0,0.5,0.6323202162058967,0.6324786324786325,False
liar2_finance,8,88,3,emotion_aware,40,linear_svm,word,1.0,1.0,0.6323202162058967,0.6324786324786325,False
liar2_finance,8,88,3,emotion_aware,41,linear_svm,word,10.0,0.05,0.6183482148016399,0.6184371184371185,False
liar2_finance,8,88,3,emotion_aware,42,linear_svm,word,10.0,0.1,0.6176807033504597,0.6178266178266179,False
liar2_finance,8,88,3,emotion_aware,43,linear_svm,word,10.0,0.25,0.6195388641351904,0.6196581196581197,False
liar2_finance,8,88,3,emotion_aware,44,linear_svm,word,10.0,0.5,0.6183174800714188,0.6184371184371185,False
liar2_finance,8,88,3,emotion_aware,45,linear_svm,word,10.0,1.0,0.618936270160238,0.6190476190476191,False
liar2_finance,8,88,3,emotion_aware,46,linear_svm,word_char,0.1,0.05,0.6591760299625469,0.6593406593406593,False
liar2_finance,8,88,3,emotion_aware,47,linear_svm,word_char,0.1,0.1,0.6585559398510259,0.6587301587301587,False
liar2_finance,8,88,3,emotion_aware,48,linear_svm,word_char,0.1,0.25,0.6590478748405291,0.6593406593406593,False
liar2_finance,8,88,3,emotion_aware,49,linear_svm,word_char,0.1,0.5,0.6577747599185177,0.6581196581196581,False
liar2_finance,8,88,3,emotion_aware,50,linear_svm,word_char,0.1,1.0,0.6547324453457879,0.6550671550671551,False
liar2_finance,8,88,3,emotion_aware,51,linear_svm,word_char,1.0,0.05,0.6360195425748953,0.6361416361416361,False
liar2_finance,8,88,3,emotion_aware,52,linear_svm,word_char,1.0,0.1,0.6293862093258609,0.6294261294261294,False
liar2_finance,8,88,3,emotion_aware,53,linear_svm,word_char,1.0,0.25,0.6324517825832846,0.6324786324786325,False
liar2_finance,8,88,3,emotion_aware,54,linear_svm,word_char,1.0,0.5,0.6330583613728693,0.6330891330891331,False
liar2_finance,8,88,3,emotion_aware,55,linear_svm,word_char,1.0,1.0,0.6348857979087428,0.6349206349206349,False
liar2_finance,8,88,3,emotion_aware,56,linear_svm,word_char,10.0,0.05,0.6293530511478966,0.6294261294261294,False
liar2_finance,8,88,3,emotion_aware,57,linear_svm,word_char,10.0,0.1,0.6263379737795158,0.6263736263736264,False
liar2_finance,8,88,3,emotion_aware,58,linear_svm,word_char,10.0,0.25,0.6220255991112817,0.6221001221001221,False
liar2_finance,8,88,3,emotion_aware,59,linear_svm,word_char,10.0,0.5,0.6220379981681972,0.6221001221001221,False
liar2_finance,8,88,3,emotion_aware,60,linear_svm,word_char,10.0,1.0,0.621421328879876,0.6214896214896215,False
liar2_finance,8,88,4,text_only,1,logistic_regression,word,0.1,,0.6373188405797101,0.6373626373626373,False
liar2_finance,8,88,4,text_only,2,logistic_regression,word,1.0,,0.6404150063938595,0.6404151404151404,False
liar2_finance,8,88,4,text_only,3,logistic_regression,word,10.0,,0.6312554322951531,0.6312576312576312,False
liar2_finance,8,88,4,text_only,4,logistic_regression,word_char,0.1,,0.6434336220379695,0.6434676434676434,True
liar2_finance,8,88,4,text_only,5,logistic_regression,word_char,1.0,,0.6410208243881494,0.641025641025641,False
liar2_finance,8,88,4,text_only,6,logistic_regression,word_char,10.0,,0.6245408651023934,0.6245421245421245,False
liar2_finance,8,88,4,text_only,7,linear_svm,word,0.1,,0.6410208243881494,0.641025641025641,False
liar2_finance,8,88,4,text_only,8,linear_svm,word,1.0,,0.6263463304667278,0.6263736263736264,False
liar2_finance,8,88,4,text_only,9,linear_svm,word,10.0,,0.6184199099265988,0.6184371184371185,False
liar2_finance,8,88,4,text_only,10,linear_svm,word_char,0.1,,0.6404042843676935,0.6404151404151404,False
liar2_finance,8,88,4,text_only,11,linear_svm,word_char,1.0,,0.6220932204495349,0.6221001221001221,False
liar2_finance,8,88,4,text_only,12,linear_svm,word_char,10.0,,0.6104982877554763,0.6105006105006106,False
liar2_finance,8,88,4,emotion_aware,1,logistic_regression,word,0.1,0.05,0.655659174773566,0.6556776556776557,True
liar2_finance,8,88,4,emotion_aware,2,logistic_regression,word,0.1,0.1,0.6269728654476412,0.626984126984127,False
liar2_finance,8,88,4,emotion_aware,3,logistic_regression,word,0.1,0.25,0.6153754407412653,0.6153846153846154,False
liar2_finance,8,88,4,emotion_aware,4,logistic_regression,word,0.1,0.5,0.6152377685475873,0.6153846153846154,False
liar2_finance,8,88,4,emotion_aware,5,logistic_regression,word,0.1,1.0,0.6041099426058182,0.6043956043956044,False
liar2_finance,8,88,4,emotion_aware,6,logistic_regression,word,1.0,0.05,0.6538449927041579,0.6538461538461539,False
liar2_finance,8,88,4,emotion_aware,7,logistic_regression,word,1.0,0.1,0.6544561393046693,0.6544566544566545,False
liar2_finance,8,88,4,emotion_aware,8,logistic_regression,word,1.0,0.25,0.6470417183622829,0.647130647130647,False
liar2_finance,8,88,4,emotion_aware,9,logistic_regression,word,1.0,0.5,0.6440079552211264,0.644078144078144,False
liar2_finance,8,88,4,emotion_aware,10,logistic_regression,word,1.0,1.0,0.6458061485463751,0.6459096459096458,False
liar2_finance,8,88,4,emotion_aware,11,logistic_regression,word,10.0,0.05,0.6397509322891893,0.6398046398046398,False
liar2_finance,8,88,4,emotion_aware,12,logistic_regression,word,10.0,0.1,0.636735754250122,0.6367521367521367,False
liar2_finance,8,88,4,emotion_aware,13,logistic_regression,word,10.0,0.25,0.6397783251231528,0.6398046398046398,False
liar2_finance,8,88,4,emotion_aware,14,logistic_regression,word,10.0,0.5,0.6403849831091848,0.6404151404151404,False
liar2_finance,8,88,4,emotion_aware,15,logistic_regression,word,10.0,1.0,0.6403849831091848,0.6404151404151404,False
liar2_finance,8,88,4,emotion_aware,16,logistic_regression,word_char,0.1,0.05,0.6544484118405653,0.6544566544566545,False
liar2_finance,8,88,4,emotion_aware,17,logistic_regression,word_char,0.1,0.1,0.6483511240980381,0.6483516483516484,False
liar2_finance,8,88,4,emotion_aware,18,logistic_regression,word_char,0.1,0.25,0.6300316659510519,0.63003663003663,False
liar2_finance,8,88,4,emotion_aware,19,logistic_regression,word_char,0.1,0.5,0.6335767207129819,0.6336996336996337,False
liar2_finance,8,88,4,emotion_aware,20,logistic_regression,word_char,0.1,1.0,0.6230849758126744,0.6233211233211233,False
liar2_finance,8,88,4,emotion_aware,21,logistic_regression,word_char,1.0,0.05,0.6514009032362424,0.6514041514041514,False
liar2_finance,8,88,4,emotion_aware,22,logistic_regression,word_char,1.0,0.1,0.6501673734207056,0.6501831501831502,False
liar2_finance,8,88,4,emotion_aware,23,logistic_regression,word_char,1.0,0.25,0.6495392107017028,0.6495726495726495,False
liar2_finance,8,88,4,emotion_aware,24,logistic_regression,word_char,1.0,0.5,0.6477189582071472,0.6477411477411477,False
liar2_finance,8,88,4,emotion_aware,25,logistic_regression,word_char,1.0,1.0,0.6434415963930867,0.6434676434676434,False
liar2_finance,8,88,4,emotion_aware,26,logistic_regression,word_char,10.0,0.05,0.6318668970028345,0.6318681318681318,False
liar2_finance,8,88,4,emotion_aware,27,logistic_regression,word_char,10.0,0.1,0.6324786324786325,0.6324786324786325,False
liar2_finance,8,88,4,emotion_aware,28,logistic_regression,word_char,10.0,0.25,0.6343099980134497,0.6343101343101343,False
liar2_finance,8,88,4,emotion_aware,29,logistic_regression,word_char,10.0,0.5,0.632476440797487,0.6324786324786325,False
liar2_finance,8,88,4,emotion_aware,30,logistic_regression,word_char,10.0,1.0,0.6312576312576312,0.6312576312576312,False
liar2_finance,8,88,4,emotion_aware,31,linear_svm,word,0.1,0.05,0.6538449927041579,0.6538461538461539,False
liar2_finance,8,88,4,emotion_aware,32,linear_svm,word,0.1,0.1,0.6538398319788147,0.6538461538461539,False
liar2_finance,8,88,4,emotion_aware,33,linear_svm,word,0.1,0.25,0.6482488647632967,0.6483516483516483,False
liar2_finance,8,88,4,emotion_aware,34,linear_svm,word,0.1,0.5,0.6439506159951053,0.644078144078144,False
liar2_finance,8,88,4,emotion_aware,35,linear_svm,word,0.1,1.0,0.6433139638940926,0.6434676434676434,False
liar2_finance,8,88,4,emotion_aware,36,linear_svm,word,1.0,0.05,0.6342609246042115,0.6343101343101343,False
liar2_finance,8,88,4,emotion_aware,37,linear_svm,word,1.0,0.1,0.6367130058466017,0.6367521367521367,False
liar2_finance,8,88,4,emotion_aware,38,linear_svm,word,1.0,0.25,0.6354592611784091,0.6355311355311355,False
liar2_finance,8,88,4,emotion_aware,39,linear_svm,word,1.0,0.5,0.6348422422932911,0.6349206349206349,False
liar2_finance,8,88,4,emotion_aware,40,linear_svm,word,1.0,1.0,0.6348422422932911,0.6349206349206349,False
liar2_finance,8,88,4,emotion_aware,41,linear_svm,word,10.0,0.05,0.62209998125263,0.6221001221001221,False
liar2_finance,8,88,4,emotion_aware,42,linear_svm,word,10.0,0.1,0.6202680541475342,0.6202686202686203,False
liar2_finance,8,88,4,emotion_aware,43,linear_svm,word,10.0,0.25,0.6263730693541654,0.6263736263736264,False
liar2_finance,8,88,4,emotion_aware,44,linear_svm,word,10.0,0.5,0.6275940723954917,0.6275946275946276,False
liar2_finance,8,88,4,emotion_aware,45,linear_svm,word,10.0,1.0,0.6275924067881513,0.6275946275946276,False
liar2_finance,8,88,4,emotion_aware,46,linear_svm,word_char,0.1,0.05,0.6538449927041579,0.6538461538461539,False
liar2_finance,8,88,4,emotion_aware,47,linear_svm,word_char,0.1,0.1,0.6507749077490774,0.6507936507936508,False
liar2_finance,8,88,4,emotion_aware,48,linear_svm,word_char,0.1,0.25,0.6513749157136579,0.6514041514041514,False
liar2_finance,8,88,4,emotion_aware,49,linear_svm,word_char,0.1,0.5,0.646490501222781,0.6465201465201464,False
liar2_finance,8,88,4,emotion_aware,50,linear_svm,word_char,0.1,1.0,0.644645732689211,0.6446886446886446,False
liar2_finance,8,88,4,emotion_aware,51,linear_svm,word_char,1.0,0.05,0.6269828757358737,0.626984126984127,False
liar2_finance,8,88,4,emotion_aware,52,linear_svm,word_char,1.0,0.1,0.6294193615716764,0.6294261294261294,False
liar2_finance,8,88,4,emotion_aware,53,linear_svm,word_char,1.0,0.25,0.6318570177822057,0.6318681318681318,False
liar2_finance,8,88,4,emotion_aware,54,linear_svm,word_char,1.0,0.5,0.6288017938503376,0.6288156288156288,False
liar2_finance,8,88,4,emotion_aware,55,linear_svm,word_char,1.0,1.0,0.6294149416149235,0.6294261294261294,False
liar2_finance,8,88,4,emotion_aware,56,linear_svm,word_char,10.0,0.05,0.6135460558070365,0.6135531135531136,False
liar2_finance,8,88,4,emotion_aware,57,linear_svm,word_char,10.0,0.1,0.6110993703603069,0.6111111111111112,False
liar2_finance,8,88,4,emotion_aware,58,linear_svm,word_char,10.0,0.25,0.6147418070320808,0.6147741147741148,False
liar2_finance,8,88,4,emotion_aware,59,linear_svm,word_char,10.0,0.5,0.6171920048455481,0.6172161172161172,False
liar2_finance,8,88,4,emotion_aware,60,linear_svm,word_char,10.0,1.0,0.6165690319175425,0.6166056166056166,False
liar2_finance,8,88,5,text_only,1,logistic_regression,word,0.1,,0.6499370053207076,0.65,False
liar2_finance,8,88,5,text_only,2,logistic_regression,word,1.0,,0.6487052551408987,0.6487804878048781,False
liar2_finance,8,88,5,text_only,3,logistic_regression,word,10.0,,0.6358909993584916,0.6359756097560976,False
liar2_finance,8,88,5,text_only,4,logistic_regression,word_char,0.1,,0.6597515433728292,0.6597560975609756,True
liar2_finance,8,88,5,text_only,5,logistic_regression,word_char,1.0,,0.6542218821012189,0.6542682926829269,False
liar2_finance,8,88,5,text_only,6,logistic_regression,word_char,10.0,,0.6414372849895367,0.6414634146341464,False
liar2_finance,8,88,5,text_only,7,linear_svm,word,0.1,,0.6450327342833044,0.6451219512195122,False
liar2_finance,8,88,5,text_only,8,linear_svm,word,1.0,,0.6261181737614039,0.626219512195122,False
liar2_finance,8,88,5,text_only,9,linear_svm,word,10.0,,0.6115436258580729,0.6115853658536585,False
liar2_finance,8,88,5,text_only,10,linear_svm,word_char,0.1,,0.6499578325170046,0.65,False
liar2_finance,8,88,5,text_only,11,linear_svm,word_char,1.0,,0.6279934553026922,0.6280487804878049,False
liar2_finance,8,88,5,text_only,12,linear_svm,word_char,10.0,,0.6109177450542913,0.6109756097560975,False
liar2_finance,8,88,5,emotion_aware,1,logistic_regression,word,0.1,0.05,0.6511774916371544,0.651219512195122,False
liar2_finance,8,88,5,emotion_aware,2,logistic_regression,word,0.1,0.1,0.6341267527708205,0.6341463414634146,False
liar2_finance,8,88,5,emotion_aware,3,logistic_regression,word,0.1,0.25,0.6201105104667415,0.6201219512195122,False
liar2_finance,8,88,5,emotion_aware,4,logistic_regression,word,0.1,0.5,0.6174199172467985,0.6176829268292683,False
liar2_finance,8,88,5,emotion_aware,5,logistic_regression,word,0.1,1.0,0.600252902743712,0.600609756097561,False
liar2_finance,8,88,5,emotion_aware,6,logistic_regression,word,1.0,0.05,0.6591097124876967,0.6591463414634147,False
liar2_finance,8,88,5,emotion_aware,7,logistic_regression,word,1.0,0.1,0.6560648247304919,0.6560975609756098,False
liar2_finance,8,88,5,emotion_aware,8,logistic_regression,word,1.0,0.25,0.6534312361319664,0.6536585365853659,False
liar2_finance,8,88,5,emotion_aware,9,logistic_regression,word,1.0,0.5,0.6478301629438641,0.6481707317073171,False
liar2_finance,8,88,5,emotion_aware,10,logistic_regression,word,1.0,1.0,0.6411298425812213,0.6414634146341464,False
liar2_finance,8,88,5,emotion_aware,11,logistic_regression,word,10.0,0.05,0.643270267948871,0.6432926829268293,False
liar2_finance,8,88,5,emotion_aware,12,logistic_regression,word,10.0,0.1,0.6438891987358245,0.6439024390243903,False
liar2_finance,8,88,5,emotion_aware,13,logistic_regression,word,10.0,0.25,0.6457094456039214,0.6457317073170732,False
liar2_finance,8,88,5,emotion_aware,14,logistic_regression,word,10.0,0.5,0.643876487132465,0.6439024390243903,False
liar2_finance,8,88,5,emotion_aware,15,logistic_regression,word,10.0,1.0,0.6426489136384188,0.6426829268292683,False
liar2_finance,8,88,5,emotion_aware,16,logistic_regression,word_char,0.1,0.05,0.6633966125491548,0.6634146341463415,False
liar2_finance,8,88,5,emotion_aware,17,logistic_regression,word_char,0.1,0.1,0.6615399375064841,0.6615853658536586,False
liar2_finance,8,88,5,emotion_aware,18,logistic_regression,word_char,0.1,0.25,0.6444644748941987,0.6445121951219512,False
liar2_finance,8,88,5,emotion_aware,19,logistic_regression,word_char,0.1,0.5,0.6400892114546555,0.6402439024390244,False
liar2_finance,8,88,5,emotion_aware,20,logistic_regression,word_char,0.1,1.0,0.6204585096946642,0.6207317073170732,False
liar2_finance,8,88,5,emotion_aware,21,logistic_regression,word_char,1.0,0.05,0.6621343222084879,0.6621951219512195,False
liar2_finance,8,88,5,emotion_aware,22,logistic_regression,word_char,1.0,0.1,0.6639582963781916,0.6640243902439025,True
liar2_finance,8,88,5,emotion_aware,23,logistic_regression,word_char,1.0,0.25,0.6626843544261614,0.6628048780487805,False
liar2_finance,8,88,5,emotion_aware,24,logistic_regression,word_char,1.0,0.5,0.6601928926494784,0.6603658536585366,False
liar2_finance,8,88,5,emotion_aware,25,logistic_regression,word_char,1.0,1.0,0.6607934956155819,0.6609756097560976,False
liar2_finance,8,88,5,emotion_aware,26,logistic_regression,word_char,10.0,0.05,0.643270267948871,0.6432926829268293,False
liar2_finance,8,88,5,emotion_aware,27,logistic_regression,word_char,10.0,0.1,0.645673610225353,0.6457317073170732,False
liar2_finance,8,88,5,emotion_aware,28,logistic_regression,word_char,10.0,0.25,0.6457020683244248,0.6457317073170732,False
liar2_finance,8,88,5,emotion_aware,29,logistic_regression,word_char,10.0,0.5,0.6450960882039292,0.6451219512195122,False
liar2_finance,8,88,5,emotion_aware,30,logistic_regression,word_char,10.0,1.0,0.6444962016806972,0.6445121951219512,False
liar2_finance,8,88,5,emotion_aware,31,linear_svm,word,0.1,0.05,0.6603202616056066,0.6603658536585366,False
liar2_finance,8,88,5,emotion_aware,32,linear_svm,word,0.1,0.1,0.6535962003870417,0.6536585365853659,False
liar2_finance,8,88,5,emotion_aware,33,linear_svm,word,0.1,0.25,0.6496743701388114,0.65,False
liar2_finance,8,88,5,emotion_aware,34,linear_svm,word,0.1,0.5,0.644764814120085,0.6451219512195122,False
liar2_finance,8,88,5,emotion_aware,35,linear_svm,word,0.1,1.0,0.6441405379130718,0.6445121951219512,False
liar2_finance,8,88,5,emotion_aware,36,linear_svm,word,1.0,0.05,0.6377510040160642,0.6378048780487805,False
liar2_finance,8,88,5,emotion_aware,37,linear_svm,word,1.0,0.1,0.6359364907963415,0.6359756097560976,False
liar2_finance,8,88,5,emotion_aware,38,linear_svm,word,1.0,0.25,0.6353636844954461,0.6353658536585366,False
liar2_finance,8,88,5,emotion_aware,39,linear_svm,word,1.0,0.5,0.6365718535043688,0.6365853658536585,False
liar2_finance,8,88,5,emotion_aware,40,linear_svm,word,1.0,1.0,0.6377914110429448,0.6378048780487805,False
liar2_finance,8,88,5,emotion_aware,41,linear_svm,word,10.0,0.05,0.6176418420926401,0.6176829268292683,False
liar2_finance,8,88,5,emotion_aware,42,linear_svm,word,10.0,0.1,0.6243226398563692,0.624390243902439,False
liar2_finance,8,88,5,emotion_aware,43,linear_svm,word,10.0,0.25,0.623718790893361,0.623780487804878,False
liar2_finance,8,88,5,emotion_aware,44,linear_svm,word,10.0,0.5,0.623718790893361,0.623780487804878,False
liar2_finance,8,88,5,emotion_aware,45,linear_svm,word,10.0,1.0,0.6231029081675912,0.6231707317073171,False
liar2_finance,8,88,5,emotion_aware,46,linear_svm,word_char,0.1,0.05,0.6603202616056066,0.6603658536585366,False
liar2_finance,8,88,5,emotion_aware,47,linear_svm,word_char,0.1,0.1,0.6633425361766946,0.6634146341463415,False
liar2_finance,8,88,5,emotion_aware,48,linear_svm,word_char,0.1,0.25,0.6638712977170224,0.6640243902439025,False
liar2_finance,8,88,5,emotion_aware,49,linear_svm,word_char,0.1,0.5,0.6613525583285059,0.6615853658536586,False
liar2_finance,8,88,5,emotion_aware,50,linear_svm,word_char,0.1,1.0,0.6607086777074765,0.6609756097560975,False
liar2_finance,8,88,5,emotion_aware,51,linear_svm,word_char,1.0,0.05,0.634716847549428,0.6347560975609756,False
liar2_finance,8,88,5,emotion_aware,52,linear_svm,word_char,1.0,0.1,0.6340804933665933,0.6341463414634146,False
liar2_finance,8,88,5,emotion_aware,53,linear_svm,word_char,1.0,0.25,0.6402353417094993,0.6402439024390244,False
liar2_finance,8,88,5,emotion_aware,54,linear_svm,word_char,1.0,0.5,0.640239087078798,0.6402439024390244,False
liar2_finance,8,88,5,emotion_aware,55,linear_svm,word_char,1.0,1.0,0.6408471153735326,0.6408536585365854,False
liar2_finance,8,88,5,emotion_aware,56,linear_svm,word_char,10.0,0.05,0.6200980802258916,0.6201219512195122,False
liar2_finance,8,88,5,emotion_aware,57,linear_svm,word_char,10.0,0.1,0.6169911462300076,0.6170731707317073,False
liar2_finance,8,88,5,emotion_aware,58,linear_svm,word_char,10.0,0.25,0.6236930428880894,0.623780487804878,False
liar2_finance,8,88,5,emotion_aware,59,linear_svm,word_char,10.0,0.5,0.6237064770695901,0.623780487804878,False
liar2_finance,8,88,5,emotion_aware,60,linear_svm,word_char,10.0,1.0,0.6243226398563692,0.624390243902439,False
liar2_finance,9,99,1,text_only,1,logistic_regression,word,0.1,,0.6494550628154193,0.6495726495726495,False
liar2_finance,9,99,1,text_only,2,logistic_regression,word,1.0,,0.6537778912699463,0.6538461538461537,False
liar2_finance,9,99,1,text_only,3,logistic_regression,word,10.0,,0.640231571685607,0.6404151404151404,False
liar2_finance,9,99,1,text_only,4,logistic_regression,word_char,0.1,,0.6647150740674319,0.6648351648351649,False
liar2_finance,9,99,1,text_only,5,logistic_regression,word_char,1.0,,0.6671073116615548,0.6672771672771673,False
liar2_finance,9,99,1,text_only,6,logistic_regression,word_char,10.0,,0.651091920856302,0.6514041514041514,False
liar2_finance,9,99,1,text_only,7,linear_svm,word,0.1,,0.6513229290427782,0.6514041514041513,False
liar2_finance,9,99,1,text_only,8,linear_svm,word,1.0,,0.6413151620711897,0.6416361416361416,False
liar2_finance,9,99,1,text_only,9,linear_svm,word,10.0,,0.6305610719279874,0.6306471306471306,False
liar2_finance,9,99,1,text_only,10,linear_svm,word_char,0.1,,0.668890977443609,0.6691086691086692,True
liar2_finance,9,99,1,text_only,11,linear_svm,word_char,1.0,,0.6432549029552734,0.6434676434676434,False
liar2_finance,9,99,1,text_only,12,linear_svm,word_char,10.0,,0.6378434224444209,0.6379731379731379,False
liar2_finance,9,99,1,emotion_aware,1,logistic_regression,word,0.1,0.05,0.6586933954088241,0.6587301587301587,False
liar2_finance,9,99,1,emotion_aware,2,logistic_regression,word,0.1,0.1,0.633664680175996,0.6336996336996337,False
liar2_finance,9,99,1,emotion_aware,3,logistic_regression,word,0.1,0.25,0.6171120841511903,0.6172161172161172,False
liar2_finance,9,99,1,emotion_aware,4,logistic_regression,word,0.1,0.5,0.6217040669941255,0.6221001221001221,False
liar2_finance,9,99,1,emotion_aware,5,logistic_regression,word,0.1,1.0,0.6142736707440728,0.6147741147741148,False
liar2_finance,9,99,1,emotion_aware,6,logistic_regression,word,1.0,0.05,0.6653613523573201,0.6654456654456655,False
liar2_finance,9,99,1,emotion_aware,7,logistic_regression,word,1.0,0.1,0.6659654067475296,0.6660561660561661,False
liar2_finance,9,99,1,emotion_aware,8,logistic_regression,word,1.0,0.25,0.6640037593984962,0.6642246642246642,False
liar2_finance,9,99,1,emotion_aware,9,logistic_regression,word,1.0,0.5,0.6578727899062626,0.6581196581196581,False
liar2_finance,9,99,1,emotion_aware,10,logistic_regression,word,1.0,1.0,0.6535102593116138,0.6538461538461539,False
liar2_finance,9,99,1,emotion_aware,11,logistic_regression,word,10.0,0.05,0.6476716812394339,0.6477411477411477,False
liar2_finance,9,99,1,emotion_aware,12,logistic_regression,word,10.0,0.1,0.654943564386337,0.6550671550671551,False
liar2_finance,9,99,1,emotion_aware,13,logistic_regression,word,10.0,0.25,0.6567139021479713,0.6568986568986569,False
liar2_finance,9,99,1,emotion_aware,14,logistic_regression,word,10.0,0.5,0.6567139021479713,0.6568986568986569,False
liar2_finance,9,99,1,emotion_aware,15,logistic_regression,word,10.0,1.0,0.6567328473816332,0.6568986568986569,False
liar2_finance,9,99,1,emotion_aware,16,logistic_regression,word_char,0.1,0.05,0.6769574043317059,0.6770451770451771,True
liar2_finance,9,99,1,emotion_aware,17,logistic_regression,word_char,0.1,0.1,0.6671579514877056,0.6672771672771673,False
liar2_finance,9,99,1,emotion_aware,18,logistic_regression,word_char,0.1,0.25,0.6494388557878017,0.6495726495726495,False
liar2_finance,9,99,1,emotion_aware,19,logistic_regression,word_char,0.1,0.5,0.641432872289367,0.6416361416361416,False
liar2_finance,9,99,1,emotion_aware,20,logistic_regression,word_char,0.1,1.0,0.6314823140508201,0.6318681318681318,False
liar2_finance,9,99,1,emotion_aware,21,logistic_regression,word_char,1.0,0.05,0.6717911328240584,0.6721611721611722,False
liar2_finance,9,99,1,emotion_aware,22,logistic_regression,word_char,1.0,0.1,0.6754844258059461,0.6758241758241759,False
liar2_finance,9,99,1,emotion_aware,23,logistic_regression,word_char,1.0,0.25,0.6670030046608613,0.6672771672771672,False
liar2_finance,9,99,1,emotion_aware,24,logistic_regression,word_char,1.0,0.5,0.6711933161401247,0.6715506715506716,False
liar2_finance,9,99,1,emotion_aware,25,logistic_regression,word_char,1.0,1.0,0.6706454384265268,0.670940170940171,False
liar2_finance,9,99,1,emotion_aware,26,logistic_regression,word_char,10.0,0.05,0.6560511264566733,0.6562881562881563,False
liar2_finance,9,99,1,emotion_aware,27,logistic_regression,word_char,10.0,0.1,0.6578727899062626,0.6581196581196581,False
liar2_finance,9,99,1,emotion_aware,28,logistic_regression,word_char,10.0,0.25,0.666403573687917,0.6666666666666666,False
liar2_finance,9,99,1,emotion_aware,29,logistic_regression,word_char,10.0,0.5,0.6687748569211369,0.6691086691086691,False
liar2_finance,9,99,1,emotion_aware,30,logistic_regression,word_char,10.0,1.0,0.6706208637900526,0.6709401709401709,False
liar2_finance,9,99,1,emotion_aware,31,linear_svm,word,0.1,0.05,0.6659903113309711,0.6660561660561661,False
liar2_finance,9,99,1,emotion_aware,32,linear_svm,word,0.1,0.1,0.6635086904309628,0.6636141636141637,False
liar2_finance,9,99,1,emotion_aware,33,linear_svm,word,0.1,0.25,0.6602937490301866,0.6605616605616605,False
liar2_finance,9,99,1,emotion_aware,34,linear_svm,word,0.1,0.5,0.6559803002488582,0.6562881562881563,False
liar2_finance,9,99,1,emotion_aware,35,linear_svm,word,0.1,1.0,0.6547324453457879,0.6550671550671551,False
liar2_finance,9,99,1,emotion_aware,36,linear_svm,word,1.0,0.05,0.646393493415379,0.6465201465201464,False
liar2_finance,9,99,1,emotion_aware,37,linear_svm,word,1.0,0.1,0.6530075187969925,0.6532356532356532,False
liar2_finance,9,99,1,emotion_aware,38,linear_svm,word,1.0,0.25,0.6492458247281149,0.6495726495726496,False
liar2_finance,9,99,1,emotion_aware,39,linear_svm,word,1.0,0.5,0.6504413619167717,0.6507936507936508,False
liar2_finance,9,99,1,emotion_aware,40,linear_svm,word,1.0,1.0,0.6510388081642094,0.6514041514041514,False
liar2_finance,9,99,1,emotion_aware,41,linear_svm,word,10.0,0.05,0.6281650765724041,0.6282051282051282,False
liar2_finance,9,99,1,emotion_aware,42,linear_svm,word,10.0,0.1,0.6336073200992556,0.6336996336996337,False
liar2_finance,9,99,1,emotion_aware,43,linear_svm,word,10.0,0.25,0.6293397862153527,0.6294261294261294,False
liar2_finance,9,99,1,emotion_aware,44,linear_svm,word,10.0,0.5,0.6287220843672456,0.6288156288156288,False
liar2_finance,9,99,1,emotion_aware,45,linear_svm,word,10.0,1.0,0.6281185005027179,0.6282051282051282,False
liar2_finance,9,99,1,emotion_aware,46,linear_svm,word_char,0.1,0.05,0.6736379754996776,0.673992673992674,False
liar2_finance,9,99,1,emotion_aware,47,linear_svm,word_char,0.1,0.1,0.6766536246242716,0.6770451770451771,False
liar2_finance,9,99,1,emotion_aware,48,linear_svm,word_char,0.1,0.25,0.6670258584515814,0.6672771672771672,False
liar2_finance,9,99,1,emotion_aware,49,linear_svm,word_char,0.1,0.5,0.6705953022775988,0.670940170940171,False
liar2_finance,9,99,1,emotion_aware,50,linear_svm,word_char,0.1,1.0,0.6706208637900526,0.6709401709401709,False
liar2_finance,9,99,1,emotion_aware,51,linear_svm,word_char,1.0,0.05,0.6524073763977499,0.6526251526251526,False
liar2_finance,9,99,1,emotion_aware,52,linear_svm,word_char,1.0,0.1,0.652985258333495,0.6532356532356532,False
liar2_finance,9,99,1,emotion_aware,53,linear_svm,word_char,1.0,0.25,0.655381722957094,0.6556776556776557,False
liar2_finance,9,99,1,emotion_aware,54,linear_svm,word_char,1.0,0.5,0.6566509070130707,0.6568986568986569,False
liar2_finance,9,99,1,emotion_aware,55,linear_svm,word_char,1.0,1.0,0.6560511264566733,0.6562881562881563,False
liar2_finance,9,99,1,emotion_aware,56,linear_svm,word_char,10.0,0.05,0.6463196474540773,0.6465201465201464,False
liar2_finance,9,99,1,emotion_aware,57,linear_svm,word_char,10.0,0.1,0.6450979536628998,0.6452991452991452,False
liar2_finance,9,99,1,emotion_aware,58,linear_svm,word_char,10.0,0.25,0.6469200923084726,0.647130647130647,False
liar2_finance,9,99,1,emotion_aware,59,linear_svm,word_char,10.0,0.5,0.6499847288276103,0.6501831501831502,False
liar2_finance,9,99,1,emotion_aware,60,linear_svm,word_char,10.0,1.0,0.6481622911694511,0.6483516483516483,False
liar2_finance,9,99,2,text_only,1,logistic_regression,word,0.1,,0.6495538409929553,0.6495726495726496,False
liar2_finance,9,99,2,text_only,2,logistic_regression,word,1.0,,0.6538305422854104,0.6538461538461539,True
liar2_finance,9,99,2,text_only,3,logistic_regression,word,10.0,,0.6342990939494879,0.6343101343101343,False
liar2_finance,9,99,2,text_only,4,logistic_regression,word_char,0.1,,0.6398024918114906,0.6398046398046398,False
liar2_finance,9,99,2,text_only,5,logistic_regression,word_char,1.0,,0.6459091180153855,0.645909645909646,False
liar2_finance,9,99,2,text_only,6,logistic_regression,word_char,10.0,,0.6379503331314356,0.6379731379731379,False
liar2_finance,9,99,2,text_only,7,linear_svm,word,0.1,,0.652603270745003,0.6526251526251526,False
liar2_finance,9,99,2,text_only,8,linear_svm,word,1.0,,0.6373577715757837,0.6373626373626373,False
liar2_finance,9,99,2,text_only,9,linear_svm,word,10.0,,0.6104721549636803,0.6105006105006106,False
liar2_finance,9,99,2,text_only,10,linear_svm,word_char,0.1,,0.6446886446886447,0.6446886446886447,False
liar2_finance,9,99,2,text_only,11,linear_svm,word_char,1.0,,0.6361280742348704,0.6361416361416361,False
liar2_finance,9,99,2,text_only,12,linear_svm,word_char,10.0,,0.6226543663639306,0.6227106227106227,False
liar2_finance,9,99,2,emotion_aware,1,logistic_regression,word,0.1,0.05,0.6592410877394437,0.6593406593406594,False
liar2_finance,9,99,2,emotion_aware,2,logistic_regression,word,0.1,0.1,0.6410251058500804,0.641025641025641,False
liar2_finance,9,99,2,emotion_aware,3,logistic_regression,word,0.1,0.25,0.6190453472718138,0.6190476190476191,False
liar2_finance,9,99,2,emotion_aware,4,logistic_regression,word,0.1,0.5,0.6110054188266478,0.6111111111111112,False
liar2_finance,9,99,2,emotion_aware,5,logistic_regression,word,0.1,1.0,0.6073074546909996,0.6074481074481075,False
liar2_finance,9,99,2,emotion_aware,6,logistic_regression,word,1.0,0.05,0.6635989925912894,0.6636141636141636,False
liar2_finance,9,99,2,emotion_aware,7,logistic_regression,word,1.0,0.1,0.6642066420664207,0.6642246642246642,False
liar2_finance,9,99,2,emotion_aware,8,logistic_regression,word,1.0,0.25,0.6550515985736453,0.6550671550671551,False
liar2_finance,9,99,2,emotion_aware,9,logistic_regression,word,1.0,0.5,0.655659174773566,0.6556776556776557,False
liar2_finance,9,99,2,emotion_aware,10,logistic_regression,word,1.0,1.0,0.653824348879467,0.6538461538461539,False
liar2_finance,9,99,2,emotion_aware,11,logistic_regression,word,10.0,0.05,0.633697449299821,0.6336996336996337,False
liar2_finance,9,99,2,emotion_aware,12,logistic_regression,word,10.0,0.1,0.6367520013656136,0.6367521367521367,False
liar2_finance,9,99,2,emotion_aware,13,logistic_regression,word,10.0,0.25,0.6288150754368179,0.6288156288156288,False
liar2_finance,9,99,2,emotion_aware,14,logistic_regression,word,10.0,0.5,0.6275946275946276,0.6275946275946276,False
liar2_finance,9,99,2,emotion_aware,15,logistic_regression,word,10.0,1.0,0.6282049896330398,0.6282051282051282,False
liar2_finance,9,99,2,emotion_aware,16,logistic_regression,word_char,0.1,0.05,0.6581176193464995,0.6581196581196581,False
liar2_finance,9,99,2,emotion_aware,17,logistic_regression,word_char,0.1,0.1,0.6574804338272541,0.6575091575091575,False
liar2_finance,9,99,2,emotion_aware,18,logistic_regression,word_char,0.1,0.25,0.6427984312251944,0.6428571428571428,False
liar2_finance,9,99,2,emotion_aware,19,logistic_regression,word_char,0.1,0.5,0.6342707403396881,0.6343101343101343,False
liar2_finance,9,99,2,emotion_aware,20,logistic_regression,word_char,0.1,1.0,0.6177986975035485,0.6178266178266179,False
liar2_finance,9,99,2,emotion_aware,21,logistic_regression,word_char,1.0,0.05,0.6556756023418318,0.6556776556776557,False
liar2_finance,9,99,2,emotion_aware,22,logistic_regression,word_char,1.0,0.1,0.6642166546153903,0.6642246642246642,False
liar2_finance,9,99,2,emotion_aware,23,logistic_regression,word_char,1.0,0.25,0.6568966108441656,0.6568986568986569,False
liar2_finance,9,99,2,emotion_aware,24,logistic_regression,word_char,1.0,0.5,0.6556756023418318,0.6556776556776557,False
liar2_finance,9,99,2,emotion_aware,25,logistic_regression,word_char,1.0,1.0,0.6556756023418318,0.6556776556776557,False
liar2_finance,9,99,2,emotion_aware,26,logistic_regression,word_char,10.0,0.05,0.6379697646569034,0.6379731379731379,False
liar2_finance,9,99,2,emotion_aware,27,logistic_regression,word_char,10.0,0.1,0.6361280742348704,0.6361416361416361,False
liar2_finance,9,99,2,emotion_aware,28,logistic_regression,word_char,10.0,0.25,0.63733614427653,0.6373626373626373,False
liar2_finance,9,99,2,emotion_aware,29,logistic_regression,word_char,10.0,0.5,0.6397783251231528,0.6398046398046398,False
liar2_finance,9,99,2,emotion_aware,30,logistic_regression,word_char,10.0,1.0,0.6391714112658995,0.6391941391941391,False
liar2_finance,9,99,2,emotion_aware,31,linear_svm,word,0.1,0.05,0.664192623494663,0.6642246642246643,False
liar2_finance,9,99,2,emotion_aware,32,linear_svm,word,0.1,0.1,0.6666264090177134,0.6666666666666667,True
liar2_finance,9,99,2,emotion_aware,33,linear_svm,word,0.1,0.25,0.654394309912919,0.6544566544566545,False
liar2_finance,9,99,2,emotion_aware,34,linear_svm,word,0.1,0.5,0.6556360708534622,0.6556776556776557,False
liar2_finance,9,99,2,emotion_aware,35,linear_svm,word,0.1,1.0,0.656231652615016,0.6562881562881563,False
liar2_finance,9,99,2,emotion_aware,36,linear_svm,word,1.0,0.05,0.6343099980134497,0.6343101343101343,False
liar2_finance,9,99,2,emotion_aware,37,linear_svm,word,1.0,0.1,0.6343099980134497,0.6343101343101343,False
liar2_finance,9,99,2,emotion_aware,38,linear_svm,word,1.0,0.25,0.6318679946612857,0.6318681318681318,False
liar2_finance,9,99,2,emotion_aware,39,linear_svm,word,1.0,0.5,0.6318668970028345,0.6318681318681318,False
liar2_finance,9,99,2,emotion_aware,40,linear_svm,word,1.0,1.0,0.6300316659510519,0.63003663003663,False
liar2_finance,9,99,2,emotion_aware,41,linear_svm,word,10.0,0.05,0.609251064540369,0.6092796092796093,False
liar2_finance,9,99,2,emotion_aware,42,linear_svm,word,10.0,0.1,0.6141429050654144,0.6141636141636142,False
liar2_finance,9,99,2,emotion_aware,43,linear_svm,word,10.0,0.25,0.6147567410618942,0.6147741147741148,False
liar2_finance,9,99,2,emotion_aware,44,linear_svm,word,10.0,0.5,0.6153639718215365,0.6153846153846154,False
liar2_finance,9,99,2,emotion_aware,45,linear_svm,word,10.0,1.0,0.6147567410618942,0.6147741147741148,False
liar2_finance,9,99,2,emotion_aware,46,linear_svm,word_char,0.1,0.05,0.6562870033376381,0.6562881562881563,False
liar2_finance,9,99,2,emotion_aware,47,linear_svm,word_char,0.1,0.1,0.6648340405548194,0.6648351648351648,False
liar2_finance,9,99,2,emotion_aware,48,linear_svm,word_char,0.1,0.25,0.6599510332111711,0.6599511599511599,False
liar2_finance,9,99,2,emotion_aware,49,linear_svm,word_char,0.1,0.5,0.6581191484286482,0.6581196581196581,False
liar2_finance,9,99,2,emotion_aware,50,linear_svm,word_char,0.1,1.0,0.6575090298590072,0.6575091575091575,False
liar2_finance,9,99,2,emotion_aware,51,linear_svm,word_char,1.0,0.05,0.6367520013656136,0.6367521367521367,False
liar2_finance,9,99,2,emotion_aware,52,linear_svm,word_char,1.0,0.1,0.6349200906434492,0.6349206349206349,False
liar2_finance,9,99,2,emotion_aware,53,linear_svm,word_char,1.0,0.25,0.6349200906434492,0.6349206349206349,False
liar2_finance,9,99,2,emotion_aware,54,linear_svm,word_char,1.0,0.5,0.6349206349206349,0.6349206349206349,False
liar2_finance,9,99,2,emotion_aware,55,linear_svm,word_char,1.0,1.0,0.6349206349206349,0.6349206349206349,False
liar2_finance,9,99,2,emotion_aware,56,linear_svm,word_char,10.0,0.05,0.6287707997852925,0.6288156288156288,False
liar2_finance,9,99,2,emotion_aware,57,linear_svm,word_char,10.0,0.1,0.6299571886784856,0.63003663003663,False
liar2_finance,9,99,2,emotion_aware,58,linear_svm,word_char,10.0,0.25,0.6299698795180723,0.63003663003663,False
liar2_finance,9,99,2,emotion_aware,59,linear_svm,word_char,10.0,0.5,0.6281185005027179,0.6282051282051282,False
liar2_finance,9,99,2,emotion_aware,60,linear_svm,word_char,10.0,1.0,0.6281318091417942,0.6282051282051282,False
liar2_finance,9,99,3,text_only,1,logistic_regression,word,0.1,,0.6464978800726833,0.6465201465201464,False
liar2_finance,9,99,3,text_only,2,logistic_regression,word,1.0,,0.6574630696209727,0.6575091575091575,False
liar2_finance,9,99,3,text_only,3,logistic_regression,word,10.0,,0.6459075343231602,0.645909645909646,False
liar2_finance,9,99,3,text_only,4,logistic_regression,word_char,0.1,,0.6593081525636764,0.6593406593406593,True
liar2_finance,9,99,3,text_only,5,logistic_regression,word_char,1.0,,0.6556525006262002,0.6556776556776557,False
liar2_finance,9,99,3,text_only,6,logistic_regression,word_char,10.0,,0.6471048676630208,0.647130647130647,False
liar2_finance,9,99,3,text_only,7,linear_svm,word,0.1,,0.6543824567525129,0.6544566544566544,False
liar2_finance,9,99,3,text_only,8,linear_svm,word,1.0,,0.646509474785899,0.6465201465201466,False
liar2_finance,9,99,3,text_only,9,linear_svm,word,10.0,,0.6184301498884641,0.6184371184371185,False
liar2_finance,9,99,3,text_only,10,linear_svm,word_char,0.1,,0.6544314102028889,0.6544566544566545,False
liar2_finance,9,99,3,text_only,11,linear_svm,word_char,1.0,,0.6471048676630208,0.647130647130647,False
liar2_finance,9,99,3,text_only,12,linear_svm,word_char,10.0,,0.6306073420793177,0.6306471306471306,False
liar2_finance,9,99,3,emotion_aware,1,logistic_regression,word,0.1,0.05,0.6593081525636764,0.6593406593406593,False
liar2_finance,9,99,3,emotion_aware,2,logistic_regression,word,0.1,0.1,0.6348765432098765,0.6349206349206349,False
liar2_finance,9,99,3,emotion_aware,3,logistic_regression,word,0.1,0.25,0.6178175014349716,0.6178266178266179,False
liar2_finance,9,99,3,emotion_aware,4,logistic_regression,word,0.1,0.5,0.6083466531882791,0.6086691086691087,False
liar2_finance,9,99,3,emotion_aware,5,logistic_regression,word,0.1,1.0,0.6022366165765517,0.6025641025641025,False
liar2_finance,9,99,3,emotion_aware,6,logistic_regression,word,1.0,0.05,0.6543695719602978,0.6544566544566544,False
liar2_finance,9,99,3,emotion_aware,7,logistic_regression,word,1.0,0.1,0.6556263149340725,0.6556776556776557,False
liar2_finance,9,99,3,emotion_aware,8,logistic_regression,word,1.0,0.25,0.6505852816616718,0.6507936507936508,False
liar2_finance,9,99,3,emotion_aware,9,logistic_regression,word,1.0,0.5,0.6438093128023337,0.644078144078144,False
liar2_finance,9,99,3,emotion_aware,10,logistic_regression,word,1.0,1.0,0.6437848655362974,0.6440781440781441,False
liar2_finance,9,99,3,emotion_aware,11,logistic_regression,word,10.0,0.05,0.6477399661204568,0.6477411477411478,False
liar2_finance,9,99,3,emotion_aware,12,logistic_regression,word,10.0,0.1,0.6477305128695401,0.6477411477411478,False
liar2_finance,9,99,3,emotion_aware,13,logistic_regression,word,10.0,0.25,0.6489327084682195,0.6489621489621489,False
liar2_finance,9,99,3,emotion_aware,14,logistic_regression,word,10.0,0.5,0.6489243333811697,0.6489621489621489,False
liar2_finance,9,99,3,emotion_aware,15,logistic_regression,word,10.0,1.0,0.6489243333811697,0.6489621489621489,False
liar2_finance,9,99,3,emotion_aware,16,logistic_regression,word_char,0.1,0.05,0.66719964330703,0.6672771672771673,True
liar2_finance,9,99,3,emotion_aware,17,logistic_regression,word_char,0.1,0.1,0.6581013082858101,0.6581196581196581,False
liar2_finance,9,99,3,emotion_aware,18,logistic_regression,word_char,0.1,0.25,0.6452291972272289,0.6452991452991452,False
liar2_finance,9,99,3,emotion_aware,19,logistic_regression,word_char,0.1,0.5,0.6305467478651836,0.6306471306471306,False
liar2_finance,9,99,3,emotion_aware,20,logistic_regression,word_char,0.1,1.0,0.6182423298871041,0.6184371184371185,False
liar2_finance,9,99,3,emotion_aware,21,logistic_regression,word_char,1.0,0.05,0.6599226410726926,0.6599511599511599,False
liar2_finance,9,99,3,emotion_aware,22,logistic_regression,word_char,1.0,0.1,0.6605004175116307,0.6605616605616607,False
liar2_finance,9,99,3,emotion_aware,23,logistic_regression,word_char,1.0,0.25,0.664174597896702,0.6642246642246643,False
liar2_finance,9,99,3,emotion_aware,24,logistic_regression,word_char,1.0,0.5,0.6586506433185867,0.6587301587301588,False
liar2_finance,9,99,3,emotion_aware,25,logistic_regression,word_char,1.0,1.0,0.6568474982144481,0.6568986568986569,False
liar2_finance,9,99,3,emotion_aware,26,logistic_regression,word_char,10.0,0.05,0.646509474785899,0.6465201465201466,False
liar2_finance,9,99,3,emotion_aware,27,logistic_regression,word_char,10.0,0.1,0.6483327742368332,0.6483516483516484,False
liar2_finance,9,99,3,emotion_aware,28,logistic_regression,word_char,10.0,0.25,0.6532227284654469,0.6532356532356532,False
liar2_finance,9,99,3,emotion_aware,29,logistic_regression,word_char,10.0,0.5,0.6544314102028889,0.6544566544566545,False
liar2_finance,9,99,3,emotion_aware,30,logistic_regression,word_char,10.0,1.0,0.6544236816326896,0.6544566544566545,False
liar2_finance,9,99,3,emotion_aware,31,linear_svm,word,0.1,0.05,0.6568121898263027,0.656898656898657,False
liar2_finance,9,99,3,emotion_aware,32,linear_svm,word,0.1,0.1,0.6549867861806824,0.655067155067155,False
liar2_finance,9,99,3,emotion_aware,33,linear_svm,word,0.1,0.25,0.6456053179346002,0.645909645909646,False
liar2_finance,9,99,3,emotion_aware,34,linear_svm,word,0.1,0.5,0.6448383561050813,0.6452991452991452,False
liar2_finance,9,99,3,emotion_aware,35,linear_svm,word,0.1,1.0,0.6443020631850419,0.6446886446886447,False
liar2_finance,9,99,3,emotion_aware,36,linear_svm,word,1.0,0.05,0.6422466422466423,0.6422466422466423,False
liar2_finance,9,99,3,emotion_aware,37,linear_svm,word,1.0,0.1,0.6416328024512685,0.6416361416361416,False
liar2_finance,9,99,3,emotion_aware,38,linear_svm,word,1.0,0.25,0.6422125043052227,0.6422466422466422,False
liar2_finance,9,99,3,emotion_aware,39,linear_svm,word,1.0,0.5,0.6434336220379695,0.6434676434676434,False
liar2_finance,9,99,3,emotion_aware,40,linear_svm,word,1.0,1.0,0.6434336220379695,0.6434676434676434,False
liar2_finance,9,99,3,emotion_aware,41,linear_svm,word,10.0,0.05,0.6251475955345642,0.6251526251526252,False
liar2_finance,9,99,3,emotion_aware,42,linear_svm,word,10.0,0.1,0.6239226531692372,0.6239316239316239,False
liar2_finance,9,99,3,emotion_aware,43,linear_svm,word,10.0,0.25,0.6263736263736264,0.6263736263736264,False
liar2_finance,9,99,3,emotion_aware,44,linear_svm,word,10.0,0.5,0.6239310632715129,0.6239316239316239,False
liar2_finance,9,99,3,emotion_aware,45,linear_svm,word,10.0,1.0,0.6239316239316239,0.6239316239316239,False
liar2_finance,9,99,3,emotion_aware,46,linear_svm,word_char,0.1,0.05,0.6605292702964229,0.6605616605616605,False
liar2_finance,9,99,3,emotion_aware,47,linear_svm,word_char,0.1,0.1,0.6592791959918883,0.6593406593406594,False
liar2_finance,9,99,3,emotion_aware,48,linear_svm,word_char,0.1,0.25,0.664152563982124,0.6642246642246643,False
liar2_finance,9,99,3,emotion_aware,49,linear_svm,word_char,0.1,0.5,0.6586078805167476,0.6587301587301587,False
liar2_finance,9,99,3,emotion_aware,50,linear_svm,word_char,0.1,1.0,0.6592410877394437,0.6593406593406594,False
liar2_finance,9,99,3,emotion_aware,51,linear_svm,word_char,1.0,0.05,0.6446801690657403,0.6446886446886446,False
liar2_finance,9,99,3,emotion_aware,52,linear_svm,word_char,1.0,0.1,0.6495470485096435,0.6495726495726496,False
liar2_finance,9,99,3,emotion_aware,53,linear_svm,word_char,1.0,0.25,0.6507681389329549,0.6507936507936508,False
liar2_finance,9,99,3,emotion_aware,54,linear_svm,word_char,1.0,0.5,0.6532103197795776,0.6532356532356532,False
liar2_finance,9,99,3,emotion_aware,55,linear_svm,word_char,1.0,1.0,0.6532025638999429,0.6532356532356532,False
liar2_finance,9,99,3,emotion_aware,56,linear_svm,word_char,10.0,0.05,0.6367292549969715,0.6367521367521367,False
liar2_finance,9,99,3,emotion_aware,57,linear_svm,word_char,10.0,0.1,0.6348857979087428,0.6349206349206349,False
liar2_finance,9,99,3,emotion_aware,58,linear_svm,word_char,10.0,0.25,0.6349010399194901,0.6349206349206349,False
liar2_finance,9,99,3,emotion_aware,59,linear_svm,word_char,10.0,0.5,0.636735754250122,0.6367521367521367,False
liar2_finance,9,99,3,emotion_aware,60,linear_svm,word_char,10.0,1.0,0.6373431734317343,0.6373626373626373,False
liar2_finance,9,99,4,text_only,1,logistic_regression,word,0.1,,0.6305467478651836,0.6306471306471306,False
liar2_finance,9,99,4,text_only,2,logistic_regression,word,1.0,,0.6311647022332506,0.6312576312576312,False
liar2_finance,9,99,4,text_only,3,logistic_regression,word,10.0,,0.6122105597525616,0.6123321123321124,False
liar2_finance,9,99,4,text_only,4,logistic_regression,word_char,0.1,,0.6330780558658469,0.6330891330891331,False
liar2_finance,9,99,4,text_only,5,logistic_regression,word_char,1.0,,0.6336859807733595,0.6336996336996337,False
liar2_finance,9,99,4,text_only,6,logistic_regression,word_char,10.0,,0.6251503897834835,0.6251526251526252,False
liar2_finance,9,99,4,text_only,7,linear_svm,word,0.1,,0.6342380191723066,0.6343101343101343,True
liar2_finance,9,99,4,text_only,8,linear_svm,word,1.0,,0.6085779291005619,0.6086691086691087,False
liar2_finance,9,99,4,text_only,9,linear_svm,word,10.0,,0.5982181200047716,0.5982905982905984,False
liar2_finance,9,99,4,text_only,10,linear_svm,word_char,0.1,,0.6330660205935796,0.6330891330891331,False
liar2_finance,9,99,4,text_only,11,linear_svm,word_char,1.0,,0.6147705252925901,0.6147741147741148,False
liar2_finance,9,99,4,text_only,12,linear_svm,word_char,10.0,,0.6001183741151292,0.6001221001221001,False
liar2_finance,9,99,4,emotion_aware,1,logistic_regression,word,0.1,0.05,0.6440398023673425,0.644078144078144,False
liar2_finance,9,99,4,emotion_aware,2,logistic_regression,word,0.1,0.1,0.6312554322951531,0.6312576312576312,False
liar2_finance,9,99,4,emotion_aware,3,logistic_regression,word,0.1,0.25,0.6147705252925901,0.6147741147741148,False
liar2_finance,9,99,4,emotion_aware,4,logistic_regression,word,0.1,0.5,0.6054660293360974,0.6056166056166057,False
liar2_finance,9,99,4,emotion_aware,5,logistic_regression,word,0.1,1.0,0.6035367087559573,0.6037851037851039,False
liar2_finance,9,99,4,emotion_aware,6,logistic_regression,word,1.0,0.05,0.6311498512448458,0.6312576312576312,False
liar2_finance,9,99,4,emotion_aware,7,logistic_regression,word,1.0,0.1,0.6391714112658995,0.6391941391941391,False
liar2_finance,9,99,4,emotion_aware,8,logistic_regression,word,1.0,0.25,0.636653413189726,0.6367521367521367,False
liar2_finance,9,99,4,emotion_aware,9,logistic_regression,word,1.0,0.5,0.6323383121676944,0.6324786324786325,False
liar2_finance,9,99,4,emotion_aware,10,logistic_regression,word,1.0,1.0,0.6329018244194393,0.6330891330891331,False
liar2_finance,9,99,4,emotion_aware,11,logistic_regression,word,10.0,0.05,0.6182821859427171,0.6184371184371185,False
liar2_finance,9,99,4,emotion_aware,12,logistic_regression,word,10.0,0.1,0.6224381860036969,0.6227106227106227,False
liar2_finance,9,99,4,emotion_aware,13,logistic_regression,word,10.0,0.25,0.621839515589131,0.6221001221001221,False
liar2_finance,9,99,4,emotion_aware,14,logistic_regression,word,10.0,0.5,0.621839515589131,0.6221001221001221,False
liar2_finance,9,99,4,emotion_aware,15,logistic_regression,word,10.0,1.0,0.6211908712207117,0.6214896214896215,False
liar2_finance,9,99,4,emotion_aware,16,logistic_regression,word_char,0.1,0.05,0.6482992152518188,0.6483516483516483,True
liar2_finance,9,99,4,emotion_aware,17,logistic_regression,word_char,0.1,0.1,0.641597536860429,0.6416361416361416,False
liar2_finance,9,99,4,emotion_aware,18,logistic_regression,word_char,0.1,0.25,0.6330036433532569,0.6330891330891331,False
liar2_finance,9,99,4,emotion_aware,19,logistic_regression,word_char,0.1,0.5,0.6267502758858088,0.626984126984127,False
liar2_finance,9,99,4,emotion_aware,20,logistic_regression,word_char,0.1,1.0,0.6138850057513536,0.6141636141636142,False
liar2_finance,9,99,4,emotion_aware,21,logistic_regression,word_char,1.0,0.05,0.6428346456692913,0.6428571428571428,False
liar2_finance,9,99,4,emotion_aware,22,logistic_regression,word_char,1.0,0.1,0.6440557238037553,0.644078144078144,False
liar2_finance,9,99,4,emotion_aware,23,logistic_regression,word_char,1.0,0.25,0.6398046398046398,0.6398046398046398,False
liar2_finance,9,99,4,emotion_aware,24,logistic_regression,word_char,1.0,0.5,0.6410063737001006,0.641025641025641,False
liar2_finance,9,99,4,emotion_aware,25,logistic_regression,word_char,1.0,1.0,0.6391552713535154,0.6391941391941391,False
liar2_finance,9,99,4,emotion_aware,26,logistic_regression,word_char,10.0,0.05,0.6202227589908749,0.6202686202686203,False
liar2_finance,9,99,4,emotion_aware,27,logistic_regression,word_char,10.0,0.1,0.621469305602147,0.6214896214896215,False
liar2_finance,9,99,4,emotion_aware,28,logistic_regression,word_char,10.0,0.25,0.6275746393827575,0.6275946275946276,False
liar2_finance,9,99,4,emotion_aware,29,logistic_regression,word_char,10.0,0.5,0.6300360784781442,0.63003663003663,False
liar2_finance,9,99,4,emotion_aware,30,logistic_regression,word_char,10.0,1.0,0.6318679946612857,0.6318681318681318,False
liar2_finance,9,99,4,emotion_aware,31,linear_svm,word,0.1,0.05,0.6323712093533065,0.6324786324786325,False
liar2_finance,9,99,4,emotion_aware,32,linear_svm,word,0.1,0.1,0.644645732689211,0.6446886446886446,False
liar2_finance,9,99,4,emotion_aware,33,linear_svm,word,0.1,0.25,0.6366382410279907,0.6367521367521367,False
liar2_finance,9,99,4,emotion_aware,34,linear_svm,word,0.1,0.5,0.6316999767694986,0.6318681318681318,False
liar2_finance,9,99,4,emotion_aware,35,linear_svm,word,0.1,1.0,0.6298374105011932,0.63003663003663,False
liar2_finance,9,99,4,emotion_aware,36,linear_svm,word,1.0,0.05,0.6157773026746367,0.615995115995116,False
liar2_finance,9,99,4,emotion_aware,37,linear_svm,word,1.0,0.1,0.6175249764260733,0.6178266178266179,False
liar2_finance,9,99,4,emotion_aware,38,linear_svm,word,1.0,0.25,0.6150540522393071,0.6153846153846154,False
liar2_finance,9,99,4,emotion_aware,39,linear_svm,word,1.0,0.5,0.6138037652058687,0.6141636141636142,False
liar2_finance,9,99,4,emotion_aware,40,linear_svm,word,1.0,1.0,0.6138037652058687,0.6141636141636142,False
liar2_finance,9,99,4,emotion_aware,41,linear_svm,word,10.0,0.05,0.6049411709447876,0.6050061050061051,False
liar2_finance,9,99,4,emotion_aware,42,linear_svm,word,10.0,0.1,0.6025461781795451,0.6025641025641025,False
liar2_finance,9,99,4,emotion_aware,43,linear_svm,word,10.0,0.25,0.6012894553698667,0.6013431013431014,False
liar2_finance,9,99,4,emotion_aware,44,linear_svm,word,10.0,0.5,0.5994632313472894,0.5995115995115996,False
liar2_finance,9,99,4,emotion_aware,45,linear_svm,word,10.0,1.0,0.6000790232428976,0.6001221001221002,False
liar2_finance,9,99,4,emotion_aware,46,linear_svm,word_char,0.1,0.05,0.640999415546464,0.641025641025641,False
liar2_finance,9,99,4,emotion_aware,47,linear_svm,word_char,0.1,0.1,0.6440482939773424,0.644078144078144,False
liar2_finance,9,99,4,emotion_aware,48,linear_svm,word_char,0.1,0.25,0.6416135675348273,0.6416361416361416,False
liar2_finance,9,99,4,emotion_aware,49,linear_svm,word_char,0.1,0.5,0.6391455867130034,0.6391941391941391,False
liar2_finance,9,99,4,emotion_aware,50,linear_svm,word_char,0.1,1.0,0.6385060325043952,0.6385836385836385,False
liar2_finance,9,99,4,emotion_aware,51,linear_svm,word_char,1.0,0.05,0.6147567410618942,0.6147741147741148,False
liar2_finance,9,99,4,emotion_aware,52,linear_svm,word_char,1.0,0.1,0.6184301498884641,0.6184371184371185,False
liar2_finance,9,99,4,emotion_aware,53,linear_svm,word_char,1.0,0.25,0.620872196929178,0.6208791208791209,False
liar2_finance,9,99,4,emotion_aware,54,linear_svm,word_char,1.0,0.5,0.6233142439698919,0.6233211233211233,False
liar2_finance,9,99,4,emotion_aware,55,linear_svm,word_char,1.0,1.0,0.6245352674902488,0.6245421245421245,False
liar2_finance,9,99,4,emotion_aware,56,linear_svm,word_char,10.0,0.05,0.6001207587675896,0.6001221001221001,False
liar2_finance,9,99,4,emotion_aware,57,linear_svm,word_char,10.0,0.1,0.6019482610562473,0.6019536019536019,False
liar2_finance,9,99,4,emotion_aware,58,linear_svm,word_char,10.0,0.25,0.6050024245076162,0.605006105006105,False
liar2_finance,9,99,4,emotion_aware,59,linear_svm,word_char,10.0,0.5,0.6043902962644911,0.6043956043956044,False
liar2_finance,9,99,4,emotion_aware,60,linear_svm,word_char,10.0,1.0,0.6043902962644911,0.6043956043956044,False
liar2_finance,9,99,5,text_only,1,logistic_regression,word,0.1,,0.6414500836586726,0.6414634146341464,False
liar2_finance,9,99,5,text_only,2,logistic_regression,word,1.0,,0.6426744241385876,0.6426829268292683,False
liar2_finance,9,99,5,text_only,3,logistic_regression,word,10.0,,0.6414292853573214,0.6414634146341464,False
liar2_finance,9,99,5,text_only,4,logistic_regression,word_char,0.1,,0.6487783984437743,0.6487804878048781,False
liar2_finance,9,99,5,text_only,5,logistic_regression,word_char,1.0,,0.6493682120864971,0.649390243902439,False
liar2_finance,9,99,5,text_only,6,logistic_regression,word_char,10.0,,0.6457305218525791,0.6457317073170732,False
liar2_finance,9,99,5,text_only,7,linear_svm,word,0.1,,0.6463283138129763,0.6463414634146342,False
liar2_finance,9,99,5,text_only,8,linear_svm,word,1.0,,0.6353392796322159,0.6353658536585366,False
liar2_finance,9,99,5,text_only,9,linear_svm,word,10.0,,0.6164221988457267,0.6164634146341463,False
liar2_finance,9,99,5,text_only,10,linear_svm,word_char,0.1,,0.6511863116061017,0.651219512195122,True
liar2_finance,9,99,5,text_only,11,linear_svm,word_char,1.0,,0.6329262833525927,0.6329268292682927,False
liar2_finance,9,99,5,text_only,12,linear_svm,word_char,10.0,,0.6201206800587895,0.6201219512195122,False
liar2_finance,9,99,5,emotion_aware,1,logistic_regression,word,0.1,0.05,0.6451214234405465,0.6451219512195122,False
liar2_finance,9,99,5,emotion_aware,2,logistic_regression,word,0.1,0.1,0.6273657333703722,0.6274390243902439,False
liar2_finance,9,99,5,emotion_aware,3,logistic_regression,word,0.1,0.25,0.6089472965678917,0.6091463414634146,False
liar2_finance,9,99,5,emotion_aware,4,logistic_regression,word,0.1,0.5,0.6115528700906344,0.6115853658536585,False
liar2_finance,9,99,5,emotion_aware,5,logistic_regression,word,0.1,1.0,0.6067036613591367,0.6067073170731707,False
liar2_finance,9,99,5,emotion_aware,6,logistic_regression,word,1.0,0.05,0.6548775355109094,0.6548780487804878,False
liar2_finance,9,99,5,emotion_aware,7,logistic_regression,word,1.0,0.1,0.6548775355109094,0.6548780487804878,False
liar2_finance,9,99,5,emotion_aware,8,logistic_regression,word,1.0,0.25,0.6512112126403959,0.651219512195122,False
liar2_finance,9,99,5,emotion_aware,9,logistic_regression,word,1.0,0.5,0.6481235025968313,0.6481707317073171,False
liar2_finance,9,99,5,emotion_aware,10,logistic_regression,word,1.0,1.0,0.6450791960364053,0.6451219512195122,False
liar2_finance,9,99,5,emotion_aware,11,logistic_regression,word,10.0,0.05,0.6402417622948382,0.6402439024390244,False
liar2_finance,9,99,5,emotion_aware,12,logistic_regression,word,10.0,0.1,0.6402433674053649,0.6402439024390244,False
liar2_finance,9,99,5,emotion_aware,13,logistic_regression,word,10.0,0.25,0.6451198400942302,0.6451219512195122,False
liar2_finance,9,99,5,emotion_aware,14,logistic_regression,word,10.0,0.5,0.6463367296706827,0.6463414634146342,False
liar2_finance,9,99,5,emotion_aware,15,logistic_regression,word,10.0,1.0,0.6475562581890597,0.6475609756097561,False
liar2_finance,9,99,5,emotion_aware,16,logistic_regression,word_char,0.1,0.05,0.6505805252149663,0.650609756097561,False
liar2_finance,9,99,5,emotion_aware,17,logistic_regression,word_char,0.1,0.1,0.6493869849325637,0.649390243902439,False
liar2_finance,9,99,5,emotion_aware,18,logistic_regression,word_char,0.1,0.25,0.6359743916454212,0.6359756097560976,False
liar2_finance,9,99,5,emotion_aware,19,logistic_regression,word_char,0.1,0.5,0.6323158428177369,0.6323170731707317,False
liar2_finance,9,99,5,emotion_aware,20,logistic_regression,word_char,0.1,1.0,0.6268203883495146,0.6268292682926829,False
liar2_finance,9,99,5,emotion_aware,21,logistic_regression,word_char,1.0,0.05,0.6603556249277287,0.6603658536585366,False
liar2_finance,9,99,5,emotion_aware,22,logistic_regression,word_char,1.0,0.1,0.6603505734753832,0.6603658536585366,False
liar2_finance,9,99,5,emotion_aware,23,logistic_regression,word_char,1.0,0.25,0.6615852400302052,0.6615853658536586,True
liar2_finance,9,99,5,emotion_aware,24,logistic_regression,word_char,1.0,0.5,0.6518260319939024,0.651829268292683,False
liar2_finance,9,99,5,emotion_aware,25,logistic_regression,word_char,1.0,1.0,0.6524369567933183,0.6524390243902439,False
liar2_finance,9,99,5,emotion_aware,26,logistic_regression,word_char,10.0,0.05,0.6420730376535684,0.6420731707317073,False
liar2_finance,9,99,5,emotion_aware,27,logistic_regression,word_char,10.0,0.1,0.6432914893007896,0.6432926829268293,False
liar2_finance,9,99,5,emotion_aware,28,logistic_regression,word_char,10.0,0.25,0.6499979178936222,0.65,False
liar2_finance,9,99,5,emotion_aware,29,logistic_regression,word_char,10.0,0.5,0.6493901135448072,0.649390243902439,False
liar2_finance,9,99,5,emotion_aware,30,logistic_regression,word_char,10.0,1.0,0.65,0.65,False
liar2_finance,9,99,5,emotion_aware,31,linear_svm,word,0.1,0.05,0.6530383313893674,0.6530487804878049,False
liar2_finance,9,99,5,emotion_aware,32,linear_svm,word,0.1,0.1,0.6536539007809444,0.6536585365853659,False
liar2_finance,9,99,5,emotion_aware,33,linear_svm,word,0.1,0.25,0.6505992335432469,0.650609756097561,False
liar2_finance,9,99,5,emotion_aware,34,linear_svm,word,0.1,0.5,0.6481412967696956,0.6481707317073171,False
liar2_finance,9,99,5,emotion_aware,35,linear_svm,word,0.1,1.0,0.6438685419195165,0.6439024390243903,False
liar2_finance,9,99,5,emotion_aware,36,linear_svm,word,1.0,0.05,0.633529908895574,0.6335365853658537,False
liar2_finance,9,99,5,emotion_aware,37,linear_svm,word,1.0,0.1,0.6353463302615845,0.6353658536585366,False
liar2_finance,9,99,5,emotion_aware,38,linear_svm,word,1.0,0.25,0.639623293235705,0.6396341463414634,False
liar2_finance,9,99,5,emotion_aware,39,linear_svm,word,1.0,0.5,0.6420570675584378,0.6420731707317073,False
liar2_finance,9,99,5,emotion_aware,40,linear_svm,word,1.0,1.0,0.6402246402246403,0.6402439024390244,False
liar2_finance,9,99,5,emotion_aware,41,linear_svm,word,10.0,0.05,0.6145372647200145,0.6146341463414634,False
liar2_finance,9,99,5,emotion_aware,42,linear_svm,word,10.0,0.1,0.6175792739778145,0.6176829268292683,False
liar2_finance,9,99,5,emotion_aware,43,linear_svm,word,10.0,0.25,0.6133019142998257,0.6134146341463415,False
liar2_finance,9,99,5,emotion_aware,44,linear_svm,word,10.0,0.5,0.6133174459374828,0.6134146341463415,False
liar2_finance,9,99,5,emotion_aware,45,linear_svm,word,10.0,1.0,0.6133019142998257,0.6134146341463415,False
liar2_finance,9,99,5,emotion_aware,46,linear_svm,word_char,0.1,0.05,0.6609675423567485,0.6609756097560976,False
liar2_finance,9,99,5,emotion_aware,47,linear_svm,word_char,0.1,0.1,0.6609735929422542,0.6609756097560976,False
liar2_finance,9,99,5,emotion_aware,48,linear_svm,word_char,0.1,0.25,0.6603556249277287,0.6603658536585366,False
liar2_finance,9,99,5,emotion_aware,49,linear_svm,word_char,0.1,0.5,0.6518281032320528,0.651829268292683,False
liar2_finance,9,99,5,emotion_aware,50,linear_svm,word_char,0.1,1.0,0.6518229250904705,0.651829268292683,False
liar2_finance,9,99,5,emotion_aware,51,linear_svm,word_char,1.0,0.05,0.634132738427217,0.6341463414634146,False
liar2_finance,9,99,5,emotion_aware,52,linear_svm,word_char,1.0,0.1,0.6390158004949553,0.6390243902439025,False
liar2_finance,9,99,5,emotion_aware,53,linear_svm,word_char,1.0,0.25,0.6396179334361786,0.6396341463414634,False
liar2_finance,9,99,5,emotion_aware,54,linear_svm,word_char,1.0,0.5,0.6377914110429448,0.6378048780487805,False
liar2_finance,9,99,5,emotion_aware,55,linear_svm,word_char,1.0,1.0,0.6408428421587652,0.6408536585365854,False
liar2_finance,9,99,5,emotion_aware,56,linear_svm,word_char,10.0,0.05,0.6225496083128619,0.6225609756097561,False
liar2_finance,9,99,5,emotion_aware,57,linear_svm,word_char,10.0,0.1,0.6201150303526499,0.6201219512195122,False
liar2_finance,9,99,5,emotion_aware,58,linear_svm,word_char,10.0,0.25,0.6262127024176154,0.626219512195122,False
liar2_finance,9,99,5,emotion_aware,59,linear_svm,word_char,10.0,0.5,0.6274278040051028,0.6274390243902439,False
liar2_finance,9,99,5,emotion_aware,60,linear_svm,word_char,10.0,1.0,0.6268203883495146,0.6268292682926829,False
liar2_finance,10,110,1,text_only,1,logistic_regression,word,0.1,,0.6397853069439785,0.6398046398046398,False
liar2_finance,10,110,1,text_only,2,logistic_regression,word,1.0,,0.6403924894003634,0.6404151404151404,False
liar2_finance,10,110,1,text_only,3,logistic_regression,word,10.0,,0.6324780845607967,0.6324786324786325,False
liar2_finance,10,110,1,text_only,4,logistic_regression,word_char,0.1,,0.6324698655972091,0.6324786324786325,False
liar2_finance,10,110,1,text_only,5,logistic_regression,word_char,1.0,,0.6355277394606598,0.6355311355311355,False
liar2_finance,10,110,1,text_only,6,logistic_regression,word_char,10.0,,0.6294193615716764,0.6294261294261294,False
liar2_finance,10,110,1,text_only,7,linear_svm,word,0.1,,0.6416253224513346,0.6416361416361416,True
liar2_finance,10,110,1,text_only,8,linear_svm,word,1.0,,0.6312570815194705,0.6312576312576312,False
liar2_finance,10,110,1,text_only,9,linear_svm,word,10.0,,0.6202680541475342,0.6202686202686203,False
liar2_finance,10,110,1,text_only,10,linear_svm,word_char,0.1,,0.6379568105383568,0.6379731379731379,False
liar2_finance,10,110,1,text_only,11,linear_svm,word_char,1.0,,0.6227083727788156,0.6227106227106227,False
liar2_finance,10,110,1,text_only,12,linear_svm,word_char,10.0,,0.6141354262336145,0.6141636141636142,False
liar2_finance,10,110,1,emotion_aware,1,logistic_regression,word,0.1,0.05,0.6507186665414089,0.6507936507936507,False
liar2_finance,10,110,1,emotion_aware,2,logistic_regression,word,0.1,0.1,0.6281883602324778,0.6282051282051282,False
liar2_finance,10,110,1,emotion_aware,3,logistic_regression,word,0.1,0.25,0.6061623728893168,0.6062271062271063,False
liar2_finance,10,110,1,emotion_aware,4,logistic_regression,word,0.1,0.5,0.615382321764812,0.6153846153846154,False
liar2_finance,10,110,1,emotion_aware,5,logistic_regression,word,0.1,1.0,0.6043478260869566,0.6043956043956045,False
liar2_finance,10,110,1,emotion_aware,6,logistic_regression,word,1.0,0.05,0.6495094238339496,0.6495726495726495,False
liar2_finance,10,110,1,emotion_aware,7,logistic_regression,word,1.0,0.1,0.6489327084682195,0.6489621489621489,False
liar2_finance,10,110,1,emotion_aware,8,logistic_regression,word,1.0,0.25,0.65074158181257,0.6507936507936507,False
liar2_finance,10,110,1,emotion_aware,9,logistic_regression,word,1.0,0.5,0.6494974031377075,0.6495726495726495,False
liar2_finance,10,110,1,emotion_aware,10,logistic_regression,word,1.0,1.0,0.6476716812394339,0.6477411477411477,False
liar2_finance,10,110,1,emotion_aware,11,logistic_regression,word,10.0,0.05,0.6477347143770302,0.6477411477411478,False
liar2_finance,10,110,1,emotion_aware,12,logistic_regression,word,10.0,0.1,0.6459048948046372,0.645909645909646,False
liar2_finance,10,110,1,emotion_aware,13,logistic_regression,word,10.0,0.25,0.6422418419922714,0.6422466422466422,False
liar2_finance,10,110,1,emotion_aware,14,logistic_regression,word,10.0,0.5,0.6440620919795312,0.644078144078144,False
liar2_finance,10,110,1,emotion_aware,15,logistic_regression,word,10.0,1.0,0.6446754013501586,0.6446886446886446,False
liar2_finance,10,110,1,emotion_aware,16,logistic_regression,word_char,0.1,0.05,0.6501725890368224,0.6501831501831502,False
liar2_finance,10,110,1,emotion_aware,17,logistic_regression,word_char,0.1,0.1,0.6532103197795776,0.6532356532356532,False
liar2_finance,10,110,1,emotion_aware,18,logistic_regression,word_char,0.1,0.25,0.6397998067840275,0.6398046398046398,False
liar2_finance,10,110,1,emotion_aware,19,logistic_regression,word_char,0.1,0.5,0.6336450158873113,0.6336996336996337,False
liar2_finance,10,110,1,emotion_aware,20,logistic_regression,word_char,0.1,1.0,0.6263535726266354,0.6263736263736264,False
liar2_finance,10,110,1,emotion_aware,21,logistic_regression,word_char,1.0,0.05,0.6391940047177775,0.6391941391941391,False
liar2_finance,10,110,1,emotion_aware,22,logistic_regression,word_char,1.0,0.1,0.6416360080699415,0.6416361416361417,False
liar2_finance,10,110,1,emotion_aware,23,logistic_regression,word_char,1.0,0.25,0.6403924894003634,0.6404151404151404,False
liar2_finance,10,110,1,emotion_aware,24,logistic_regression,word_char,1.0,0.5,0.644645732689211,0.6446886446886446,False
liar2_finance,10,110,1,emotion_aware,25,logistic_regression,word_char,1.0,1.0,0.6477189582071472,0.6477411477411477,False
liar2_finance,10,110,1,emotion_aware,26,logistic_regression,word_char,10.0,0.05,0.6306403850920334,0.6306471306471306,False
liar2_finance,10,110,1,emotion_aware,27,logistic_regression,word_char,10.0,0.1,0.6361329566377685,0.6361416361416361,False
liar2_finance,10,110,1,emotion_aware,28,logistic_regression,word_char,10.0,0.25,0.6397853069439785,0.6398046398046398,False
liar2_finance,10,110,1,emotion_aware,29,logistic_regression,word_char,10.0,0.5,0.6397853069439785,0.6398046398046398,False
liar2_finance,10,110,1,emotion_aware,30,logistic_regression,word_char,10.0,1.0,0.6397853069439785,0.6398046398046398,False
liar2_finance,10,110,1,emotion_aware,31,linear_svm,word,0.1,0.05,0.6489044409478406,0.6489621489621489,False
liar2_finance,10,110,1,emotion_aware,32,linear_svm,word,0.1,0.1,0.6507514761137949,0.6507936507936507,False
liar2_finance,10,110,1,emotion_aware,33,linear_svm,word,0.1,0.25,0.6549734091633532,0.655067155067155,True
liar2_finance,10,110,1,emotion_aware,34,linear_svm,word,0.1,0.5,0.6501016433301434,0.6501831501831501,False
liar2_finance,10,110,1,emotion_aware,35,linear_svm,word,0.1,1.0,0.6482630272952854,0.6483516483516483,False
liar2_finance,10,110,1,emotion_aware,36,linear_svm,word,1.0,0.05,0.6428559448534962,0.6428571428571429,False
liar2_finance,10,110,1,emotion_aware,37,linear_svm,word,1.0,0.1,0.6459048948046372,0.645909645909646,False
liar2_finance,10,110,1,emotion_aware,38,linear_svm,word,1.0,0.25,0.6391832462840523,0.6391941391941391,False
liar2_finance,10,110,1,emotion_aware,39,linear_svm,word,1.0,0.5,0.6391832462840523,0.6391941391941391,False
liar2_finance,10,110,1,emotion_aware,40,linear_svm,word,1.0,1.0,0.6391832462840523,0.6391941391941391,False
liar2_finance,10,110,1,emotion_aware,41,linear_svm,word,10.0,0.05,0.6239226531692372,0.6239316239316239,False
liar2_finance,10,110,1,emotion_aware,42,linear_svm,word,10.0,0.1,0.6233041350795383,0.6233211233211233,False
liar2_finance,10,110,1,emotion_aware,43,linear_svm,word,10.0,0.25,0.6257317396365539,0.6257631257631258,False
liar2_finance,10,110,1,emotion_aware,44,linear_svm,word,10.0,0.5,0.6263463304667278,0.6263736263736264,False
liar2_finance,10,110,1,emotion_aware,45,linear_svm,word,10.0,1.0,0.6263463304667278,0.6263736263736264,False
liar2_finance,10,110,1,emotion_aware,46,linear_svm,word_char,0.1,0.05,0.6410208243881494,0.641025641025641,False
liar2_finance,10,110,1,emotion_aware,47,linear_svm,word_char,0.1,0.1,0.6440716438159594,0.644078144078144,False
liar2_finance,10,110,1,emotion_aware,48,linear_svm,word_char,0.1,0.25,0.6421820947154957,0.6422466422466422,False
liar2_finance,10,110,1,emotion_aware,49,linear_svm,word_char,0.1,0.5,0.6464377861922391,0.6465201465201464,False
liar2_finance,10,110,1,emotion_aware,50,linear_svm,word_char,0.1,1.0,0.647066980794465,0.647130647130647,False
liar2_finance,10,110,1,emotion_aware,51,linear_svm,word_char,1.0,0.05,0.6214873642764817,0.6214896214896215,False
liar2_finance,10,110,1,emotion_aware,52,linear_svm,word_char,1.0,0.1,0.6202635251180764,0.6202686202686203,False
liar2_finance,10,110,1,emotion_aware,53,linear_svm,word_char,1.0,0.25,0.6263736263736264,0.6263736263736264,False
liar2_finance,10,110,1,emotion_aware,54,linear_svm,word_char,1.0,0.5,0.6275940723954917,0.6275946275946276,False
liar2_finance,10,110,1,emotion_aware,55,linear_svm,word_char,1.0,1.0,0.6282038810526139,0.6282051282051282,False
liar2_finance,10,110,1,emotion_aware,56,linear_svm,word_char,10.0,0.05,0.6141584370974668,0.6141636141636142,False
liar2_finance,10,110,1,emotion_aware,57,linear_svm,word_char,10.0,0.1,0.611707139619761,0.6117216117216118,False
liar2_finance,10,110,1,emotion_aware,58,linear_svm,word_char,10.0,0.25,0.6147567410618942,0.6147741147741148,False
liar2_finance,10,110,1,emotion_aware,59,linear_svm,word_char,10.0,0.5,0.6141544103944122,0.6141636141636142,False
liar2_finance,10,110,1,emotion_aware,60,linear_svm,word_char,10.0,1.0,0.6147624846112302,0.6147741147741148,False
liar2_finance,10,110,2,text_only,1,logistic_regression,word,0.1,,0.6371673627684964,0.6373626373626373,False
liar2_finance,10,110,2,text_only,2,logistic_regression,word,1.0,,0.6296915849917032,0.63003663003663,False
liar2_finance,10,110,2,text_only,3,logistic_regression,word,10.0,,0.6281040817353667,0.6282051282051282,False
liar2_finance,10,110,2,text_only,4,logistic_regression,word_char,0.1,,0.642786713215024,0.6428571428571428,True
liar2_finance,10,110,2,text_only,5,logistic_regression,word_char,1.0,,0.6389894847070117,0.6391941391941391,False
liar2_finance,10,110,2,text_only,6,logistic_regression,word_char,10.0,,0.6182821859427171,0.6184371184371185,False
liar2_finance,10,110,2,text_only,7,linear_svm,word,0.1,,0.6352558486157689,0.6355311355311355,False
liar2_finance,10,110,2,text_only,8,linear_svm,word,1.0,,0.6250721350636801,0.6251526251526252,False
liar2_finance,10,110,2,text_only,9,linear_svm,word,10.0,,0.6029378200700817,0.6031746031746033,False
liar2_finance,10,110,2,text_only,10,linear_svm,word_char,0.1,,0.6389894847070117,0.6391941391941391,False
liar2_finance,10,110,2,text_only,11,linear_svm,word_char,1.0,,0.6169989964658145,0.6172161172161172,False
liar2_finance,10,110,2,text_only,12,linear_svm,word_char,10.0,,0.6091957108155623,0.6092796092796093,False
liar2_finance,10,110,2,emotion_aware,1,logistic_regression,word,0.1,0.05,0.642562858213952,0.6428571428571428,False
liar2_finance,10,110,2,emotion_aware,2,logistic_regression,word,0.1,0.1,0.6239041496201052,0.6239316239316239,False
liar2_finance,10,110,2,emotion_aware,3,logistic_regression,word,0.1,0.25,0.6086677959847709,0.6086691086691087,False
liar2_finance,10,110,2,emotion_aware,4,logistic_regression,word,0.1,0.5,0.6054260131824467,0.6056166056166057,False
liar2_finance,10,110,2,emotion_aware,5,logistic_regression,word,0.1,1.0,0.5980509009324826,0.5982905982905983,False
liar2_finance,10,110,2,emotion_aware,6,logistic_regression,word,1.0,0.05,0.6468273685624119,0.6471306471306472,False
liar2_finance,10,110,2,emotion_aware,7,logistic_regression,word,1.0,0.1,0.648621515174917,0.648962148962149,True
liar2_finance,10,110,2,emotion_aware,8,logistic_regression,word,1.0,0.25,0.6375645098038485,0.6379731379731379,False
liar2_finance,10,110,2,emotion_aware,9,logistic_regression,word,1.0,0.5,0.6327330967306524,0.6330891330891331,False
liar2_finance,10,110,2,emotion_aware,10,logistic_regression,word,1.0,1.0,0.6321358649587546,0.6324786324786325,False
liar2_finance,10,110,2,emotion_aware,11,logistic_regression,word,10.0,0.05,0.6237291169451074,0.6239316239316239,False
liar2_finance,10,110,2,emotion_aware,12,logistic_regression,word,10.0,0.1,0.6255508530040578,0.6257631257631258,False
liar2_finance,10,110,2,emotion_aware,13,logistic_regression,word,10.0,0.25,0.6267023844292039,0.626984126984127,False
liar2_finance,10,110,2,emotion_aware,14,logistic_regression,word,10.0,0.5,0.6273006958784422,0.6275946275946276,False
liar2_finance,10,110,2,emotion_aware,15,logistic_regression,word,10.0,1.0,0.626676763023461,0.626984126984127,False
liar2_finance,10,110,2,emotion_aware,16,logistic_regression,word_char,0.1,0.05,0.6440302488217953,0.644078144078144,False
liar2_finance,10,110,2,emotion_aware,17,logistic_regression,word_char,0.1,0.1,0.6426332428693915,0.6428571428571428,False
liar2_finance,10,110,2,emotion_aware,18,logistic_regression,word_char,0.1,0.25,0.6310590692124105,0.6312576312576312,False
liar2_finance,10,110,2,emotion_aware,19,logistic_regression,word_char,0.1,0.5,0.6224854966204776,0.6227106227106227,False
liar2_finance,10,110,2,emotion_aware,20,logistic_regression,word_char,0.1,1.0,0.6138850057513536,0.6141636141636142,False
liar2_finance,10,110,2,emotion_aware,21,logistic_regression,word_char,1.0,0.05,0.6468521347831795,0.6471306471306472,False
liar2_finance,10,110,2,emotion_aware,22,logistic_regression,word_char,1.0,0.1,0.641939166051165,0.6422466422466422,False
liar2_finance,10,110,2,emotion_aware,23,logistic_regression,word_char,1.0,0.25,0.6408114433864739,0.641025641025641,False
liar2_finance,10,110,2,emotion_aware,24,logistic_regression,word_char,1.0,0.5,0.6347442041534104,0.6349206349206349,False
liar2_finance,10,110,2,emotion_aware,25,logistic_regression,word_char,1.0,1.0,0.6377883225968843,0.6379731379731379,False
liar2_finance,10,110,2,emotion_aware,26,logistic_regression,word_char,10.0,0.05,0.6200851086679285,0.6202686202686203,False
liar2_finance,10,110,2,emotion_aware,27,logistic_regression,word_char,10.0,0.1,0.6213066999583854,0.6214896214896215,False
liar2_finance,10,110,2,emotion_aware,28,logistic_regression,word_char,10.0,0.25,0.6230849758126744,0.6233211233211233,False
liar2_finance,10,110,2,emotion_aware,29,logistic_regression,word_char,10.0,0.5,0.6206855789758267,0.6208791208791209,False
liar2_finance,10,110,2,emotion_aware,30,logistic_regression,word_char,10.0,1.0,0.6200851086679285,0.6202686202686203,False
liar2_finance,10,110,2,emotion_aware,31,linear_svm,word,0.1,0.05,0.6461771431065686,0.6465201465201466,False
liar2_finance,10,110,2,emotion_aware,32,linear_svm,word,0.1,0.1,0.6479101982326247,0.6483516483516484,False
liar2_finance,10,110,2,emotion_aware,33,linear_svm,word,0.1,0.25,0.6356195879366975,0.6361416361416361,False
liar2_finance,10,110,2,emotion_aware,34,linear_svm,word,0.1,0.5,0.6314526128359538,0.6318681318681318,False
liar2_finance,10,110,2,emotion_aware,35,linear_svm,word,0.1,1.0,0.6326749922295327,0.6330891330891331,False
liar2_finance,10,110,2,emotion_aware,36,linear_svm,word,1.0,0.05,0.6255050453249391,0.6257631257631258,False
liar2_finance,10,110,2,emotion_aware,37,linear_svm,word,1.0,0.1,0.6243067425037192,0.6245421245421245,False
liar2_finance,10,110,2,emotion_aware,38,linear_svm,word,1.0,0.25,0.623660068896889,0.6239316239316239,False
liar2_finance,10,110,2,emotion_aware,39,linear_svm,word,1.0,0.5,0.6242327483787701,0.6245421245421245,False
liar2_finance,10,110,2,emotion_aware,40,linear_svm,word,1.0,1.0,0.6248567660153499,0.6251526251526252,False
liar2_finance,10,110,2,emotion_aware,41,linear_svm,word,10.0,0.05,0.6017612393110763,0.601953601953602,False
liar2_finance,10,110,2,emotion_aware,42,linear_svm,word,10.0,0.1,0.6005396480206193,0.6007326007326008,False
liar2_finance,10,110,2,emotion_aware,43,linear_svm,word,10.0,0.25,0.601820036508107,0.601953601953602,False
liar2_finance,10,110,2,emotion_aware,44,linear_svm,word,10.0,0.5,0.601820036508107,0.601953601953602,False
liar2_finance,10,110,2,emotion_aware,45,linear_svm,word,10.0,1.0,0.601820036508107,0.601953601953602,False
liar2_finance,10,110,2,emotion_aware,46,linear_svm,word_char,0.1,0.05,0.6450068728586429,0.6452991452991453,False
liar2_finance,10,110,2,emotion_aware,47,linear_svm,word_char,0.1,0.1,0.641939166051165,0.6422466422466422,False
liar2_finance,10,110,2,emotion_aware,48,linear_svm,word_char,0.1,0.25,0.6395676691729324,0.6398046398046398,False
liar2_finance,10,110,2,emotion_aware,49,linear_svm,word_char,0.1,0.5,0.6401897094873018,0.6404151404151404,False
liar2_finance,10,110,2,emotion_aware,50,linear_svm,word_char,0.1,1.0,0.6371462540332746,0.6373626373626373,False
liar2_finance,10,110,2,emotion_aware,51,linear_svm,word_char,1.0,0.05,0.6151551179140791,0.6153846153846154,False
liar2_finance,10,110,2,emotion_aware,52,linear_svm,word_char,1.0,0.1,0.6169521426080535,0.6172161172161172,False
liar2_finance,10,110,2,emotion_aware,53,linear_svm,word_char,1.0,0.25,0.621285799522673,0.6214896214896215,False
liar2_finance,10,110,2,emotion_aware,54,linear_svm,word_char,1.0,0.5,0.6212406015037594,0.6214896214896215,False
liar2_finance,10,110,2,emotion_aware,55,linear_svm,word_char,1.0,1.0,0.6206414424305847,0.6208791208791209,False
liar2_finance,10,110,2,emotion_aware,56,linear_svm,word_char,10.0,0.05,0.6091654052925518,0.6092796092796093,False
liar2_finance,10,110,2,emotion_aware,57,linear_svm,word_char,10.0,0.1,0.6084903567317557,0.6086691086691087,False
liar2_finance,10,110,2,emotion_aware,58,linear_svm,word_char,10.0,0.25,0.6078691957633604,0.6080586080586081,False
liar2_finance,10,110,2,emotion_aware,59,linear_svm,word_char,10.0,0.5,0.6096688337187486,0.6098901098901099,False
liar2_finance,10,110,2,emotion_aware,60,linear_svm,word_char,10.0,1.0,0.6096688337187486,0.6098901098901099,False
liar2_finance,10,110,3,text_only,1,logistic_regression,word,0.1,,0.6227016228223841,0.6227106227106227,False
liar2_finance,10,110,3,text_only,2,logistic_regression,word,1.0,,0.6282016638719293,0.6282051282051282,False
liar2_finance,10,110,3,text_only,3,logistic_regression,word,10.0,,0.6367411701167702,0.6367521367521367,False
liar2_finance,10,110,3,text_only,4,logistic_regression,word_char,0.1,,0.62881064834693,0.6288156288156288,False
liar2_finance,10,110,3,text_only,5,logistic_regression,word_char,1.0,,0.6391940047177775,0.6391941391941391,False
liar2_finance,10,110,3,text_only,6,logistic_regression,word_char,10.0,,0.6440769501702364,0.6440781440781441,True
liar2_finance,10,110,3,text_only,7,linear_svm,word,0.1,,0.6269806512738076,0.626984126984127,False
liar2_finance,10,110,3,text_only,8,linear_svm,word,1.0,,0.6318515290971825,0.6318681318681318,False
liar2_finance,10,110,3,text_only,9,linear_svm,word,10.0,,0.620872196929178,0.6208791208791209,False
liar2_finance,10,110,3,text_only,10,linear_svm,word_char,0.1,,0.6398041028087542,0.6398046398046398,False
liar2_finance,10,110,3,text_only,11,linear_svm,word_char,1.0,,0.6428570097460234,0.6428571428571429,False
liar2_finance,10,110,3,text_only,12,linear_svm,word_char,10.0,,0.6239114391143912,0.6239316239316239,False
liar2_finance,10,110,3,emotion_aware,1,logistic_regression,word,0.1,0.05,0.6300360784781442,0.63003663003663,False
liar2_finance,10,110,3,emotion_aware,2,logistic_regression,word,0.1,0.1,0.6239310632715129,0.6239316239316239,False
liar2_finance,10,110,3,emotion_aware,3,logistic_regression,word,0.1,0.25,0.6123319678439741,0.6123321123321124,False
liar2_finance,10,110,3,emotion_aware,4,logistic_regression,word,0.1,0.5,0.6055319206044583,0.6056166056166057,False
liar2_finance,10,110,3,emotion_aware,5,logistic_regression,word,0.1,1.0,0.5949323745933915,0.5952380952380952,False
liar2_finance,10,110,3,emotion_aware,6,logistic_regression,word,1.0,0.05,0.6379568105383568,0.6379731379731379,False
liar2_finance,10,110,3,emotion_aware,7,logistic_regression,word,1.0,0.1,0.6354820901314095,0.6355311355311355,False
liar2_finance,10,110,3,emotion_aware,8,logistic_regression,word,1.0,0.25,0.6354820901314095,0.6355311355311355,False
liar2_finance,10,110,3,emotion_aware,9,logistic_regression,word,1.0,0.5,0.6305974280226176,0.6306471306471306,False
liar2_finance,10,110,3,emotion_aware,10,logistic_regression,word,1.0,1.0,0.6293862093258609,0.6294261294261294,False
liar2_finance,10,110,3,emotion_aware,11,logistic_regression,word,10.0,0.05,0.6373431734317343,0.6373626373626373,False
liar2_finance,10,110,3,emotion_aware,12,logistic_regression,word,10.0,0.1,0.6434671119327331,0.6434676434676435,False
liar2_finance,10,110,3,emotion_aware,13,logistic_regression,word,10.0,0.25,0.6465200147742693,0.6465201465201466,False
liar2_finance,10,110,3,emotion_aware,14,logistic_regression,word,10.0,0.5,0.6459075343231602,0.645909645909646,False
liar2_finance,10,110,3,emotion_aware,15,logistic_regression,word,10.0,1.0,0.6446865258208263,0.6446886446886447,False
liar2_finance,10,110,3,emotion_aware,16,logistic_regression,word_char,0.1,0.05,0.6416295967752456,0.6416361416361416,False
liar2_finance,10,110,3,emotion_aware,17,logistic_regression,word_char,0.1,0.1,0.63733614427653,0.6373626373626373,False
liar2_finance,10,110,3,emotion_aware,18,logistic_regression,word_char,0.1,0.25,0.6257016040017849,0.6257631257631258,False
liar2_finance,10,110,3,emotion_aware,19,logistic_regression,word_char,0.1,0.5,0.6232030163265048,0.6233211233211233,False
liar2_finance,10,110,3,emotion_aware,20,logistic_regression,word_char,0.1,1.0,0.6168149434657781,0.6172161172161172,False
liar2_finance,10,110,3,emotion_aware,21,logistic_regression,word_char,1.0,0.05,0.651397784938101,0.6514041514041514,False
liar2_finance,10,110,3,emotion_aware,22,logistic_regression,word_char,1.0,0.1,0.650780635003936,0.6507936507936508,False
liar2_finance,10,110,3,emotion_aware,23,logistic_regression,word_char,1.0,0.25,0.650676473746376,0.6507936507936507,False
liar2_finance,10,110,3,emotion_aware,24,logistic_regression,word_char,1.0,0.5,0.6439506159951053,0.644078144078144,False
liar2_finance,10,110,3,emotion_aware,25,logistic_regression,word_char,1.0,1.0,0.6457908300225492,0.6459096459096458,False
liar2_finance,10,110,3,emotion_aware,26,logistic_regression,word_char,10.0,0.05,0.6428506202956025,0.6428571428571428,False
liar2_finance,10,110,3,emotion_aware,27,logistic_regression,word_char,10.0,0.1,0.6434591387188873,0.6434676434676434,False
liar2_finance,10,110,3,emotion_aware,28,logistic_regression,word_char,10.0,0.25,0.6495595882731805,0.6495726495726496,False
liar2_finance,10,110,3,emotion_aware,29,logistic_regression,word_char,10.0,0.5,0.6489515509531812,0.648962148962149,False
liar2_finance,10,110,3,emotion_aware,30,logistic_regression,word_char,10.0,1.0,0.6477252608442359,0.6477411477411478,False
liar2_finance,10,110,3,emotion_aware,31,linear_svm,word,0.1,0.05,0.6361280742348704,0.6361416361416361,False
liar2_finance,10,110,3,emotion_aware,32,linear_svm,word,0.1,0.1,0.6336553945249597,0.6336996336996337,False
liar2_finance,10,110,3,emotion_aware,33,linear_svm,word,0.1,0.25,0.6354592611784091,0.6355311355311355,False
liar2_finance,10,110,3,emotion_aware,34,linear_svm,word,0.1,0.5,0.6305742931539992,0.6306471306471306,False
liar2_finance,10,110,3,emotion_aware,35,linear_svm,word,0.1,1.0,0.6262794665012407,0.6263736263736264,False
liar2_finance,10,110,3,emotion_aware,36,linear_svm,word,1.0,0.05,0.6397998067840275,0.6398046398046398,False
liar2_finance,10,110,3,emotion_aware,37,linear_svm,word,1.0,0.1,0.6440780114221054,0.6440781440781441,False
liar2_finance,10,110,3,emotion_aware,38,linear_svm,word,1.0,0.25,0.6452990130981875,0.6452991452991453,False
liar2_finance,10,110,3,emotion_aware,39,linear_svm,word,1.0,0.5,0.6422466422466423,0.6422466422466423,False
liar2_finance,10,110,3,emotion_aware,40,linear_svm,word,1.0,1.0,0.6422466422466423,0.6422466422466423,False
liar2_finance,10,110,3,emotion_aware,41,linear_svm,word,10.0,0.05,0.6226965601965602,0.6227106227106227,False
liar2_finance,10,110,3,emotion_aware,42,linear_svm,word,10.0,0.1,0.6257618704191336,0.6257631257631258,False
liar2_finance,10,110,3,emotion_aware,43,linear_svm,word,10.0,0.25,0.6336996336996337,0.6336996336996337,False
liar2_finance,10,110,3,emotion_aware,44,linear_svm,word,10.0,0.5,0.6361410936847756,0.6361416361416361,False
liar2_finance,10,110,3,emotion_aware,45,linear_svm,word,10.0,1.0,0.6367509182697952,0.6367521367521367,False
liar2_finance,10,110,3,emotion_aware,46,linear_svm,word_char,0.1,0.05,0.6501767614177439,0.6501831501831502,False
liar2_finance,10,110,3,emotion_aware,47,linear_svm,word_char,0.1,0.1,0.6526146652041045,0.6526251526251526,True
liar2_finance,10,110,3,emotion_aware,48,linear_svm,word_char,0.1,0.25,0.6500411080722831,0.6501831501831501,False
liar2_finance,10,110,3,emotion_aware,49,linear_svm,word_char,0.1,0.5,0.6457385257675218,0.6459096459096458,False
liar2_finance,10,110,3,emotion_aware,50,linear_svm,word_char,0.1,1.0,0.6475981140623165,0.6477411477411477,False
liar2_finance,10,110,3,emotion_aware,51,linear_svm,word_char,1.0,0.05,0.6404139342200157,0.6404151404151404,False
liar2_finance,10,110,3,emotion_aware,52,linear_svm,word_char,1.0,0.1,0.639190777255025,0.6391941391941391,False
liar2_finance,10,110,3,emotion_aware,53,linear_svm,word_char,1.0,0.25,0.6428559448534962,0.6428571428571429,False
liar2_finance,10,110,3,emotion_aware,54,linear_svm,word_char,1.0,0.5,0.6385787891799055,0.6385836385836385,False
liar2_finance,10,110,3,emotion_aware,55,linear_svm,word_char,1.0,1.0,0.6385701676963813,0.6385836385836385,False
liar2_finance,10,110,3,emotion_aware,56,linear_svm,word_char,10.0,0.05,0.6245408651023934,0.6245421245421245,False
liar2_finance,10,110,3,emotion_aware,57,linear_svm,word_char,10.0,0.1,0.6306458916860942,0.6306471306471306,False
liar2_finance,10,110,3,emotion_aware,58,linear_svm,word_char,10.0,0.25,0.632476440797487,0.6324786324786325,False
liar2_finance,10,110,3,emotion_aware,59,linear_svm,word_char,10.0,0.5,0.6330857142644164,0.6330891330891331,False
liar2_finance,10,110,3,emotion_aware,60,linear_svm,word_char,10.0,1.0,0.632476440797487,0.6324786324786325,False
liar2_finance,10,110,4,text_only,1,logistic_regression,word,0.1,,0.6477399661204568,0.6477411477411478,False
liar2_finance,10,110,4,text_only,2,logistic_regression,word,1.0,,0.6439814115791769,0.644078144078144,False
liar2_finance,10,110,4,text_only,3,logistic_regression,word,10.0,,0.6251168560467693,0.6251526251526252,False
liar2_finance,10,110,4,text_only,4,logistic_regression,word_char,0.1,,0.6562880281829251,0.6562881562881563,True
liar2_finance,10,110,4,text_only,5,logistic_regression,word_char,1.0,,0.6477399661204568,0.6477411477411478,False
liar2_finance,10,110,4,text_only,6,logistic_regression,word_char,10.0,,0.631248835250356,0.6312576312576312,False
liar2_finance,10,110,4,text_only,7,linear_svm,word,0.1,,0.6482761397340061,0.6483516483516483,False
liar2_finance,10,110,4,text_only,8,linear_svm,word,1.0,,0.6190016103059581,0.6190476190476191,False
liar2_finance,10,110,4,text_only,9,linear_svm,word,10.0,,0.6055172146401986,0.6056166056166057,False
liar2_finance,10,110,4,text_only,10,linear_svm,word_char,0.1,,0.6489557378973871,0.648962148962149,False
liar2_finance,10,110,4,text_only,11,linear_svm,word_char,1.0,,0.6287957061388796,0.6288156288156288,False
liar2_finance,10,110,4,text_only,12,linear_svm,word_char,10.0,,0.6165690319175425,0.6166056166056166,False
liar2_finance,10,110,4,emotion_aware,1,logistic_regression,word,0.1,0.05,0.6433777915632755,0.6434676434676434,False
liar2_finance,10,110,4,emotion_aware,2,logistic_regression,word,0.1,0.1,0.6373280333742362,0.6373626373626373,False
liar2_finance,10,110,4,emotion_aware,3,logistic_regression,word,0.1,0.25,0.6190016103059581,0.6190476190476191,False
liar2_finance,10,110,4,emotion_aware,4,logistic_regression,word,0.1,0.5,0.6133765925291752,0.6135531135531136,False
liar2_finance,10,110,4,emotion_aware,5,logistic_regression,word,0.1,1.0,0.6066030094232808,0.6068376068376069,False
liar2_finance,10,110,4,emotion_aware,6,logistic_regression,word,1.0,0.05,0.6537221256762002,0.6538461538461539,False
liar2_finance,10,110,4,emotion_aware,7,logistic_regression,word,1.0,0.1,0.6469785464568244,0.647130647130647,False
liar2_finance,10,110,4,emotion_aware,8,logistic_regression,word,1.0,0.25,0.6518817905906742,0.6520146520146519,False
liar2_finance,10,110,4,emotion_aware,9,logistic_regression,word,1.0,0.5,0.6457385257675218,0.6459096459096458,False
liar2_finance,10,110,4,emotion_aware,10,logistic_regression,word,1.0,1.0,0.6451720547052422,0.6452991452991452,False
liar2_finance,10,110,4,emotion_aware,11,logistic_regression,word,10.0,0.05,0.6306161541274309,0.6306471306471306,False
liar2_finance,10,110,4,emotion_aware,12,logistic_regression,word,10.0,0.1,0.6299814660461842,0.63003663003663,False
liar2_finance,10,110,4,emotion_aware,13,logistic_regression,word,10.0,0.25,0.6263597003888266,0.6263736263736264,False
liar2_finance,10,110,4,emotion_aware,14,logistic_regression,word,10.0,0.5,0.6281939035312823,0.6282051282051282,False
liar2_finance,10,110,4,emotion_aware,15,logistic_regression,word,10.0,1.0,0.6287957061388796,0.6288156288156288,False
liar2_finance,10,110,4,emotion_aware,16,logistic_regression,word_char,0.1,0.05,0.6562593302045349,0.6562881562881563,True
liar2_finance,10,110,4,emotion_aware,17,logistic_regression,word_char,0.1,0.1,0.6452693976000616,0.6452991452991452,False
liar2_finance,10,110,4,emotion_aware,18,logistic_regression,word_char,0.1,0.25,0.633664680175996,0.6336996336996337,False
liar2_finance,10,110,4,emotion_aware,19,logistic_regression,word_char,0.1,0.5,0.6330167771662041,0.6330891330891331,False
liar2_finance,10,110,4,emotion_aware,20,logistic_regression,word_char,0.1,1.0,0.6255921820227242,0.6257631257631258,False
liar2_finance,10,110,4,emotion_aware,21,logistic_regression,word_char,1.0,0.05,0.6526146652041045,0.6526251526251526,False
liar2_finance,10,110,4,emotion_aware,22,logistic_regression,word_char,1.0,0.1,0.6507749077490774,0.6507936507936508,False
liar2_finance,10,110,4,emotion_aware,23,logistic_regression,word_char,1.0,0.25,0.6489515509531812,0.648962148962149,False
liar2_finance,10,110,4,emotion_aware,24,logistic_regression,word_char,1.0,0.5,0.6440302488217953,0.644078144078144,False
liar2_finance,10,110,4,emotion_aware,25,logistic_regression,word_char,1.0,1.0,0.644645732689211,0.6446886446886446,False
liar2_finance,10,110,4,emotion_aware,26,logistic_regression,word_char,10.0,0.05,0.62881064834693,0.6288156288156288,False
liar2_finance,10,110,4,emotion_aware,27,logistic_regression,word_char,10.0,0.1,0.6263713982858173,0.6263736263736264,False
liar2_finance,10,110,4,emotion_aware,28,logistic_regression,word_char,10.0,0.25,0.6263647138629433,0.6263736263736264,False
liar2_finance,10,110,4,emotion_aware,29,logistic_regression,word_char,10.0,0.5,0.6306436890681728,0.6306471306471306,False
liar2_finance,10,110,4,emotion_aware,30,logistic_regression,word_char,10.0,1.0,0.6294226764700511,0.6294261294261294,False
liar2_finance,10,110,4,emotion_aware,31,linear_svm,word,0.1,0.05,0.651244919959177,0.6514041514041514,False
liar2_finance,10,110,4,emotion_aware,32,linear_svm,word,0.1,0.1,0.6518817905906742,0.6520146520146519,False
liar2_finance,10,110,4,emotion_aware,33,linear_svm,word,0.1,0.25,0.6524664789085319,0.6526251526251526,False
liar2_finance,10,110,4,emotion_aware,34,linear_svm,word,0.1,0.5,0.6481622911694511,0.6483516483516483,False
liar2_finance,10,110,4,emotion_aware,35,linear_svm,word,0.1,1.0,0.6456983625240729,0.6459096459096458,False
liar2_finance,10,110,4,emotion_aware,36,linear_svm,word,1.0,0.05,0.626328502415459,0.6263736263736264,False
liar2_finance,10,110,4,emotion_aware,37,linear_svm,word,1.0,0.1,0.6305610719279874,0.6306471306471306,False
liar2_finance,10,110,4,emotion_aware,38,linear_svm,word,1.0,0.25,0.6256614156055497,0.6257631257631258,False
liar2_finance,10,110,4,emotion_aware,39,linear_svm,word,1.0,0.5,0.6281318091417942,0.6282051282051282,False
liar2_finance,10,110,4,emotion_aware,40,linear_svm,word,1.0,1.0,0.627514661871083,0.6275946275946276,False
liar2_finance,10,110,4,emotion_aware,41,linear_svm,word,10.0,0.05,0.6049529519514605,0.6050061050061051,False
liar2_finance,10,110,4,emotion_aware,42,linear_svm,word,10.0,0.1,0.6012502148247534,0.6013431013431014,False
liar2_finance,10,110,4,emotion_aware,43,linear_svm,word,10.0,0.25,0.6030893937970556,0.6031746031746033,False
liar2_finance,10,110,4,emotion_aware,44,linear_svm,word,10.0,0.5,0.6018681303933542,0.601953601953602,False
liar2_finance,10,110,4,emotion_aware,45,linear_svm,word,10.0,1.0,0.6018681303933542,0.601953601953602,False
liar2_finance,10,110,4,emotion_aware,46,linear_svm,word_char,0.1,0.05,0.6507749077490774,0.6507936507936508,False
liar2_finance,10,110,4,emotion_aware,47,linear_svm,word_char,0.1,0.1,0.6477189582071472,0.6477411477411477,False
liar2_finance,10,110,4,emotion_aware,48,linear_svm,word_char,0.1,0.25,0.651382192610539,0.6514041514041514,False
liar2_finance,10,110,4,emotion_aware,49,linear_svm,word_char,0.1,0.5,0.6446547397707161,0.6446886446886446,False
liar2_finance,10,110,4,emotion_aware,50,linear_svm,word_char,0.1,1.0,0.646490501222781,0.6465201465201464,False
liar2_finance,10,110,4,emotion_aware,51,linear_svm,word_char,1.0,0.05,0.6190425075139545,0.6190476190476191,False
liar2_finance,10,110,4,emotion_aware,52,linear_svm,word_char,1.0,0.1,0.6202595621286777,0.6202686202686203,False
liar2_finance,10,110,4,emotion_aware,53,linear_svm,word_char,1.0,0.25,0.6263647138629433,0.6263736263736264,False
liar2_finance,10,110,4,emotion_aware,54,linear_svm,word_char,1.0,0.5,0.6245106360138346,0.6245421245421245,False
liar2_finance,10,110,4,emotion_aware,55,linear_svm,word_char,1.0,1.0,0.6239114391143912,0.6239316239316239,False
liar2_finance,10,110,4,emotion_aware,56,linear_svm,word_char,10.0,0.05,0.6233097511967179,0.6233211233211233,False
liar2_finance,10,110,4,emotion_aware,57,linear_svm,word_char,10.0,0.1,0.6233097511967179,0.6233211233211233,False
liar2_finance,10,110,4,emotion_aware,58,linear_svm,word_char,10.0,0.25,0.6233097511967179,0.6233211233211233,False
liar2_finance,10,110,4,emotion_aware,59,linear_svm,word_char,10.0,0.5,0.624538626077564,0.6245421245421245,False
liar2_finance,10,110,4,emotion_aware,60,linear_svm,word_char,10.0,1.0,0.6257618704191336,0.6257631257631258,False
liar2_finance,10,110,5,text_only,1,logistic_regression,word,0.1,,0.6579114393531238,0.6579268292682927,False
liar2_finance,10,110,5,text_only,2,logistic_regression,word,1.0,,0.6481706008962674,0.6481707317073171,False
liar2_finance,10,110,5,text_only,3,logistic_regression,word,10.0,,0.6377704005140287,0.6378048780487805,False
liar2_finance,10,110,5,text_only,4,logistic_regression,word_char,0.1,,0.6548734292993214,0.6548780487804878,False
liar2_finance,10,110,5,text_only,5,logistic_regression,word_char,1.0,,0.6584751271421538,0.6585365853658537,False
liar2_finance,10,110,5,text_only,6,logistic_regression,word_char,10.0,,0.6475352903468575,0.6475609756097561,False
liar2_finance,10,110,5,text_only,7,linear_svm,word,0.1,,0.649999479475728,0.65,False
liar2_finance,10,110,5,text_only,8,linear_svm,word,1.0,,0.6432861841995188,0.6432926829268293,False
liar2_finance,10,110,5,text_only,9,linear_svm,word,10.0,,0.6225608352769316,0.6225609756097561,False
liar2_finance,10,110,5,text_only,10,linear_svm,word_char,0.1,,0.6584857950319798,0.6585365853658537,True
liar2_finance,10,110,5,text_only,11,linear_svm,word_char,1.0,,0.6426489136384188,0.6426829268292683,False
liar2_finance,10,110,5,text_only,12,linear_svm,word_char,10.0,,0.6340679741051027,0.6341463414634146,False
liar2_finance,10,110,5,emotion_aware,1,logistic_regression,word,0.1,0.05,0.6609509021329633,0.6609756097560976,False
liar2_finance,10,110,5,emotion_aware,2,logistic_regression,word,0.1,0.1,0.6475352903468575,0.6475609756097561,False
liar2_finance,10,110,5,emotion_aware,3,logistic_regression,word,0.1,0.25,0.6176509412038114,0.6176829268292683,False
liar2_finance,10,110,5,emotion_aware,4,logistic_regression,word,0.1,0.5,0.6286352020185682,0.6286585365853659,False
liar2_finance,10,110,5,emotion_aware,5,logistic_regression,word,0.1,1.0,0.620070956876648,0.6201219512195122,False
liar2_finance,10,110,5,emotion_aware,6,logistic_regression,word,1.0,0.05,0.6530486514904267,0.6530487804878049,False
liar2_finance,10,110,5,emotion_aware,7,logistic_regression,word,1.0,0.1,0.6615751738507889,0.6615853658536586,False
liar2_finance,10,110,5,emotion_aware,8,logistic_regression,word,1.0,0.25,0.6633825944170771,0.6634146341463415,False
liar2_finance,10,110,5,emotion_aware,9,logistic_regression,word,1.0,0.5,0.6657935172748219,0.6658536585365854,False
liar2_finance,10,110,5,emotion_aware,10,logistic_regression,word,1.0,1.0,0.6676175526789736,0.6676829268292683,False
liar2_finance,10,110,5,emotion_aware,11,logistic_regression,word,10.0,0.05,0.6402246402246403,0.6402439024390244,False
liar2_finance,10,110,5,emotion_aware,12,logistic_regression,word,10.0,0.1,0.6438939653531316,0.6439024390243903,False
liar2_finance,10,110,5,emotion_aware,13,logistic_regression,word,10.0,0.25,0.643289367279217,0.6432926829268293,False
liar2_finance,10,110,5,emotion_aware,14,logistic_regression,word,10.0,0.5,0.6420719730248949,0.6420731707317073,False
liar2_finance,10,110,5,emotion_aware,15,logistic_regression,word,10.0,1.0,0.6414634146341464,0.6414634146341464,False
liar2_finance,10,110,5,emotion_aware,16,logistic_regression,word_char,0.1,0.05,0.6628037497151054,0.6628048780487805,False
liar2_finance,10,110,5,emotion_aware,17,logistic_regression,word_char,0.1,0.1,0.6652407908312652,0.6652439024390244,False
liar2_finance,10,110,5,emotion_aware,18,logistic_regression,word_char,0.1,0.25,0.6566969781585481,0.6567073170731708,False
liar2_finance,10,110,5,emotion_aware,19,logistic_regression,word_char,0.1,0.5,0.6481643218514912,0.6481707317073171,False
liar2_finance,10,110,5,emotion_aware,20,logistic_regression,word_char,0.1,1.0,0.6317023874501593,0.6317073170731707,False
liar2_finance,10,110,5,emotion_aware,21,logistic_regression,word_char,1.0,0.05,0.6566704259938698,0.6567073170731708,False
liar2_finance,10,110,5,emotion_aware,22,logistic_regression,word_char,1.0,0.1,0.6615751738507889,0.6615853658536586,False
liar2_finance,10,110,5,emotion_aware,23,logistic_regression,word_char,1.0,0.25,0.6634126318419502,0.6634146341463415,False
liar2_finance,10,110,5,emotion_aware,24,logistic_regression,word_char,1.0,0.5,0.6658536585365854,0.6658536585365854,False
liar2_finance,10,110,5,emotion_aware,25,logistic_regression,word_char,1.0,1.0,0.6634126318419502,0.6634146341463415,False
liar2_finance,10,110,5,emotion_aware,26,logistic_regression,word_char,10.0,0.05,0.6487548914183217,0.6487804878048781,False
liar2_finance,10,110,5,emotion_aware,27,logistic_regression,word_char,10.0,0.1,0.6530383313893674,0.6530487804878049,False
liar2_finance,10,110,5,emotion_aware,28,logistic_regression,word_char,10.0,0.25,0.6578982105507785,0.6579268292682927,False
liar2_finance,10,110,5,emotion_aware,29,logistic_regression,word_char,10.0,0.5,0.6548528967756425,0.6548780487804878,False
liar2_finance,10,110,5,emotion_aware,30,logistic_regression,word_char,10.0,1.0,0.6536502950694841,0.6536585365853659,False
liar2_finance,10,110,5,emotion_aware,31,linear_svm,word,0.1,0.05,0.6603596659814222,0.6603658536585366,False
liar2_finance,10,110,5,emotion_aware,32,linear_svm,word,0.1,0.1,0.6664355101092261,0.6664634146341464,False
liar2_finance,10,110,5,emotion_aware,33,linear_svm,word,0.1,0.25,0.6651660948874571,0.6652439024390244,False
liar2_finance,10,110,5,emotion_aware,34,linear_svm,word,0.1,0.5,0.6706489287164681,0.6707317073170732,True
liar2_finance,10,110,5,emotion_aware,35,linear_svm,word,0.1,1.0,0.6688126726793513,0.6689024390243903,False
liar2_finance,10,110,5,emotion_aware,36,linear_svm,word,1.0,0.05,0.6396179334361786,0.6396341463414634,False
liar2_finance,10,110,5,emotion_aware,37,linear_svm,word,1.0,0.1,0.639623293235705,0.6396341463414634,False
liar2_finance,10,110,5,emotion_aware,38,linear_svm,word,1.0,0.25,0.6365805015236671,0.6365853658536585,False
liar2_finance,10,110,5,emotion_aware,39,linear_svm,word,1.0,0.5,0.6378048780487805,0.6378048780487805,False
liar2_finance,10,110,5,emotion_aware,40,linear_svm,word,1.0,1.0,0.6384144997079491,0.6384146341463415,False
liar2_finance,10,110,5,emotion_aware,41,linear_svm,word,10.0,0.05,0.6170452635602535,0.6170731707317073,False
liar2_finance,10,110,5,emotion_aware,42,linear_svm,word,10.0,0.1,0.6195116292558436,0.6195121951219512,False
liar2_finance,10,110,5,emotion_aware,43,linear_svm,word,10.0,0.25,0.6213401963346843,0.6213414634146341,False
liar2_finance,10,110,5,emotion_aware,44,linear_svm,word,10.0,0.5,0.6219506572734343,0.6219512195121951,False
liar2_finance,10,110,5,emotion_aware,45,linear_svm,word,10.0,1.0,0.6225597126105791,0.6225609756097561,False
liar2_finance,10,110,5,emotion_aware,46,linear_svm,word_char,0.1,0.05,0.6585116999900349,0.6585365853658537,False
liar2_finance,10,110,5,emotion_aware,47,linear_svm,word_char,0.1,0.1,0.6615822202392572,0.6615853658536586,False
liar2_finance,10,110,5,emotion_aware,48,linear_svm,word_char,0.1,0.25,0.6646341463414634,0.6646341463414634,False
liar2_finance,10,110,5,emotion_aware,49,linear_svm,word_char,0.1,0.5,0.6615792003944152,0.6615853658536586,False
liar2_finance,10,110,5,emotion_aware,50,linear_svm,word_char,0.1,1.0,0.6634021193530395,0.6634146341463415,False
liar2_finance,10,110,5,emotion_aware,51,linear_svm,word_char,1.0,0.05,0.6450960882039292,0.6451219512195122,False
liar2_finance,10,110,5,emotion_aware,52,linear_svm,word_char,1.0,0.1,0.6481329232654758,0.6481707317073171,False
liar2_finance,10,110,5,emotion_aware,53,linear_svm,word_char,1.0,0.25,0.6481329232654758,0.6481707317073171,False
liar2_finance,10,110,5,emotion_aware,54,linear_svm,word_char,1.0,0.5,0.6457094456039214,0.6457317073170732,False
liar2_finance,10,110,5,emotion_aware,55,linear_svm,word_char,1.0,1.0,0.6463156892753934,0.6463414634146342,False
liar2_finance,10,110,5,emotion_aware,56,linear_svm,word_char,10.0,0.05,0.630982174304205,0.6310975609756098,False
liar2_finance,10,110,5,emotion_aware,57,linear_svm,word_char,10.0,0.1,0.630982174304205,0.6310975609756098,False
liar2_finance,10,110,5,emotion_aware,58,linear_svm,word_char,10.0,0.25,0.6303949088929253,0.6304878048780488,False
liar2_finance,10,110,5,emotion_aware,59,linear_svm,word_char,10.0,0.5,0.6303949088929253,0.6304878048780488,False
liar2_finance,10,110,5,emotion_aware,60,linear_svm,word_char,10.0,1.0,0.6316147276754569,0.6317073170731707,False
factors_finance,1,11,1,text_only,1,logistic_regression,word,0.1,,0.5790325844970654,0.5793269230769231,False
factors_finance,1,11,1,text_only,2,logistic_regression,word,1.0,,0.5814889336016096,0.5817307692307692,False
factors_finance,1,11,1,text_only,3,logistic_regression,word,10.0,,0.5671476137624861,0.5673076923076923,False
factors_finance,1,11,1,text_only,4,logistic_regression,word_char,0.1,,0.5861941334320347,0.5865384615384616,True
factors_finance,1,11,1,text_only,5,logistic_regression,word_char,1.0,,0.5664960748442674,0.5673076923076923,False
factors_finance,1,11,1,text_only,6,logistic_regression,word_char,10.0,,0.5493323291718565,0.5504807692307692,False
factors_finance,1,11,1,text_only,7,linear_svm,word,0.1,,0.5816437406080222,0.5817307692307692,False
factors_finance,1,11,1,text_only,8,linear_svm,word,1.0,,0.5767665556788752,0.5769230769230769,False
factors_finance,1,11,1,text_only,9,linear_svm,word,10.0,,0.5325734408303215,0.5336538461538461,False
factors_finance,1,11,1,text_only,10,linear_svm,word_char,0.1,,0.5664960748442674,0.5673076923076923,False
factors_finance,1,11,1,text_only,11,linear_svm,word_char,1.0,,0.5596661403113017,0.5600961538461539,False
factors_finance,1,11,1,text_only,12,linear_svm,word_char,10.0,,0.5668170774036794,0.5673076923076923,False
factors_finance,1,11,1,emotion_aware,1,logistic_regression,word,0.1,0.05,0.5765707411862682,0.5769230769230769,False
factors_finance,1,11,1,emotion_aware,2,logistic_regression,word,0.1,0.1,0.5597883597883597,0.5600961538461539,False
factors_finance,1,11,1,emotion_aware,3,logistic_regression,word,0.1,0.25,0.5620039338192757,0.5625,False
factors_finance,1,11,1,emotion_aware,4,logistic_regression,word,0.1,0.5,0.557037037037037,0.5576923076923077,False
factors_finance,1,11,1,emotion_aware,5,logistic_regression,word,0.1,1.0,0.568392193685626,0.5697115384615384,False
factors_finance,1,11,1,emotion_aware,6,logistic_regression,word,1.0,0.05,0.5741033160387998,0.5745192307692307,False
factors_finance,1,11,1,emotion_aware,7,logistic_regression,word,1.0,0.1,0.5860696517412936,0.5865384615384616,False
factors_finance,1,11,1,emotion_aware,8,logistic_regression,word,1.0,0.25,0.5834389669323423,0.5841346153846154,False
factors_finance,1,11,1,emotion_aware,9,logistic_regression,word,1.0,0.5,0.5925043616361497,0.59375,False
factors_finance,1,11,1,emotion_aware,10,logistic_regression,word,1.0,1.0,0.5805576802725818,0.5817307692307692,False
factors_finance,1,11,1,emotion_aware,11,logistic_regression,word,10.0,0.05,0.5717590450633849,0.5721153846153846,False
factors_finance,1,11,1,emotion_aware,12,logistic_regression,word,10.0,0.1,0.5663052543786489,0.5673076923076923,False
factors_finance,1,11,1,emotion_aware,13,logistic_regression,word,10.0,0.25,0.5656108597285068,0.5673076923076923,False
factors_finance,1,11,1,emotion_aware,14,logistic_regression,word,10.0,0.5,0.568392193685626,0.5697115384615384,False
factors_finance,1,11,1,emotion_aware,15,logistic_regression,word,10.0,1.0,0.5681518984405356,0.5697115384615384,False
factors_finance,1,11,1,emotion_aware,16,logistic_regression,word_char,0.1,0.05,0.5862994056291773,0.5865384615384616,False
factors_finance,1,11,1,emotion_aware,17,logistic_regression,word_char,0.1,0.1,0.574398723751062,0.5745192307692308,False
factors_finance,1,11,1,emotion_aware,18,logistic_regression,word_char,0.1,0.25,0.574398723751062,0.5745192307692308,False
factors_finance,1,11,1,emotion_aware,19,logistic_regression,word_char,0.1,0.5,0.5643374163199889,0.5649038461538461,False
factors_finance,1,11,1,emotion_aware,20,logistic_regression,word_char,0.1,1.0,0.5732146272757308,0.5745192307692308,False
factors_finance,1,11,1,emotion_aware,21,logistic_regression,word_char,1.0,0.05,0.5593602945006859,0.5600961538461539,False
factors_finance,1,11,1,emotion_aware,22,logistic_regression,word_char,1.0,0.1,0.5669473489405015,0.5673076923076923,False
factors_finance,1,11,1,emotion_aware,23,logistic_regression,word_char,1.0,0.25,0.5838436406742418,0.5841346153846154,False
factors_finance,1,11,1,emotion_aware,24,logistic_regression,word_char,1.0,0.5,0.6019277276127842,0.6033653846153846,True
factors_finance,1,11,1,emotion_aware,25,logistic_regression,word_char,1.0,1.0,0.5920314286211679,0.59375,False
factors_finance,1,11,1,emotion_aware,26,logistic_regression,word_char,10.0,0.05,0.5566675933648411,0.5576923076923077,False
factors_finance,1,11,1,emotion_aware,27,logistic_regression,word_char,10.0,0.1,0.5635697600955213,0.5649038461538461,False
factors_finance,1,11,1,emotion_aware,28,logistic_regression,word_char,10.0,0.25,0.5605089625708182,0.5625,False
factors_finance,1,11,1,emotion_aware,29,logistic_regression,word_char,10.0,0.5,0.5468094476508356,0.5480769230769231,False
factors_finance,1,11,1,emotion_aware,30,logistic_regression,word_char,10.0,1.0,0.549541098468398,0.5504807692307692,False
factors_finance,1,11,1,emotion_aware,31,linear_svm,word,0.1,0.05,0.5812565081568899,0.5817307692307693,False
factors_finance,1,11,1,emotion_aware,32,linear_svm,word,0.1,0.1,0.5860696517412936,0.5865384615384616,False
factors_finance,1,11,1,emotion_aware,33,linear_svm,word,0.1,0.25,0.5782521797062827,0.5793269230769231,False
factors_finance,1,11,1,emotion_aware,34,linear_svm,word,0.1,0.5,0.5775473373296117,0.5793269230769231,False
factors_finance,1,11,1,emotion_aware,35,linear_svm,word,0.1,1.0,0.572977016893714,0.5745192307692307,False
factors_finance,1,11,1,emotion_aware,36,linear_svm,word,1.0,0.05,0.5719570847206807,0.5721153846153846,False
factors_finance,1,11,1,emotion_aware,37,linear_svm,word,1.0,0.1,0.5711240848855528,0.5721153846153846,False
factors_finance,1,11,1,emotion_aware,38,linear_svm,word,1.0,0.25,0.5585016615341789,0.5600961538461539,False
factors_finance,1,11,1,emotion_aware,39,linear_svm,word,1.0,0.5,0.5488514246278222,0.5504807692307693,False
factors_finance,1,11,1,emotion_aware,40,linear_svm,word,1.0,1.0,0.5516306237396564,0.5528846153846154,False
factors_finance,1,11,1,emotion_aware,41,linear_svm,word,10.0,0.05,0.5562152133580704,0.5576923076923077,False
factors_finance,1,11,1,emotion_aware,42,linear_svm,word,10.0,0.1,0.5366515837104072,0.5384615384615384,False
factors_finance,1,11,1,emotion_aware,43,linear_svm,word,10.0,0.25,0.5414781297134238,0.5432692307692307,False
factors_finance,1,11,1,emotion_aware,44,linear_svm,word,10.0,0.5,0.5417439703153989,0.5432692307692307,False
factors_finance,1,11,1,emotion_aware,45,linear_svm,word,10.0,1.0,0.5465677179962894,0.548076923076923,False
factors_finance,1,11,1,emotion_aware,46,linear_svm,word_char,0.1,0.05,0.5666666666666667,0.5673076923076923,False
factors_finance,1,11,1,emotion_aware,47,linear_svm,word_char,0.1,0.1,0.5645994159655361,0.5649038461538461,False
factors_finance,1,11,1,emotion_aware,48,linear_svm,word_char,0.1,0.25,0.5910058295549181,0.5913461538461539,False
factors_finance,1,11,1,emotion_aware,49,linear_svm,word_char,0.1,0.5,0.5968594590516866,0.5985576923076923,False
factors_finance,1,11,1,emotion_aware,50,linear_svm,word_char,0.1,1.0,0.5869349359811863,0.5889423076923077,False
factors_finance,1,11,1,emotion_aware,51,linear_svm,word_char,1.0,0.05,0.5548537484021354,0.5552884615384616,False
factors_finance,1,11,1,emotion_aware,52,linear_svm,word_char,1.0,0.1,0.5591765829931382,0.5600961538461537,False
factors_finance,1,11,1,emotion_aware,53,linear_svm,word_char,1.0,0.25,0.5460202470511748,0.5480769230769231,False
factors_finance,1,11,1,emotion_aware,54,linear_svm,word_char,1.0,0.5,0.5343760692682871,0.5360576923076923,False
factors_finance,1,11,1,emotion_aware,55,linear_svm,word_char,1.0,1.0,0.5298127249647882,0.53125,False
factors_finance,1,11,1,emotion_aware,56,linear_svm,word_char,10.0,0.05,0.5666666666666667,0.5673076923076923,False
factors_finance,1,11,1,emotion_aware,57,linear_svm,word_char,10.0,0.1,0.5516306237396564,0.5528846153846154,False
factors_finance,1,11,1,emotion_aware,58,linear_svm,word_char,10.0,0.25,0.5363611033714126,0.5384615384615384,False
factors_finance,1,11,1,emotion_aware,59,linear_svm,word_char,10.0,0.5,0.5386232325871729,0.5408653846153846,False
factors_finance,1,11,1,emotion_aware,60,linear_svm,word_char,10.0,1.0,0.5363611033714126,0.5384615384615384,False
factors_finance,1,11,2,text_only,1,logistic_regression,word,0.1,,0.6072148881554822,0.6076555023923444,False
factors_finance,1,11,2,text_only,2,logistic_regression,word,1.0,,0.6026433938061206,0.6028708133971292,False
factors_finance,1,11,2,text_only,3,logistic_regression,word,10.0,,0.5813181466960478,0.5813397129186603,False
factors_finance,1,11,2,text_only,4,logistic_regression,word_char,0.1,,0.6195976304266949,0.6196172248803828,True
factors_finance,1,11,2,text_only,5,logistic_regression,word_char,1.0,,0.6052428240277024,0.6052631578947368,False
factors_finance,1,11,2,text_only,6,logistic_regression,word_char,10.0,,0.5789088078393663,0.5789473684210527,False
factors_finance,1,11,2,text_only,7,linear_svm,word,0.1,,0.6049896049896051,0.6052631578947368,False
factors_finance,1,11,2,text_only,8,linear_svm,word,1.0,,0.5813181466960478,0.5813397129186603,False
factors_finance,1,11,2,text_only,9,linear_svm,word,10.0,,0.5884790622066534,0.5885167464114833,False
factors_finance,1,11,2,text_only,10,linear_svm,word_char,0.1,,0.6124401913875598,0.6124401913875598,False
factors_finance,1,11,2,text_only,11,linear_svm,word_char,1.0,,0.5765526004017788,0.5765550239234449,False
factors_finance,1,11,2,text_only,12,linear_svm,word_char,10.0,,0.5621984512628561,0.562200956937799,False
factors_finance,1,11,2,emotion_aware,1,logistic_regression,word,0.1,0.05,0.6073318822316417,0.6076555023923444,False
factors_finance,1,11,2,emotion_aware,2,logistic_regression,word,0.1,0.1,0.5999633235720548,0.6004784688995215,False
factors_finance,1,11,2,emotion_aware,3,logistic_regression,word,0.1,0.25,0.5809343759846466,0.5813397129186603,False
factors_finance,1,11,2,emotion_aware,4,logistic_regression,word,0.1,0.5,0.5681818181818181,0.569377990430622,False
factors_finance,1,11,2,emotion_aware,5,logistic_regression,word,0.1,1.0,0.5408521822144776,0.5430622009569378,False
factors_finance,1,11,2,emotion_aware,6,logistic_regression,word,1.0,0.05,0.5931524103973433,0.5933014354066986,False
factors_finance,1,11,2,emotion_aware,7,logistic_regression,word,1.0,0.1,0.6074308227964083,0.6076555023923444,False
factors_finance,1,11,2,emotion_aware,8,logistic_regression,word,1.0,0.25,0.6069266055045872,0.6076555023923444,False
factors_finance,1,11,2,emotion_aware,9,logistic_regression,word,1.0,0.5,0.5937383182944853,0.5956937799043063,False
factors_finance,1,11,2,emotion_aware,10,logistic_regression,word,1.0,1.0,0.5812780656303972,0.5837320574162679,False
factors_finance,1,11,2,emotion_aware,11,logistic_regression,word,10.0,0.05,0.5813373167814198,0.5813397129186604,False
factors_finance,1,11,2,emotion_aware,12,logistic_regression,word,10.0,0.1,0.5789377289377289,0.5789473684210527,False
factors_finance,1,11,2,emotion_aware,13,logistic_regression,word,10.0,0.25,0.5883659681667239,0.5885167464114832,False
factors_finance,1,11,2,emotion_aware,14,logistic_regression,word,10.0,0.5,0.5953023402366016,0.5956937799043063,False
factors_finance,1,11,2,emotion_aware,15,logistic_regression,word,10.0,1.0,0.6074308227964083,0.6076555023923444,False
factors_finance,1,11,2,emotion_aware,16,logistic_regression,word_char,0.1,0.05,0.6172161172161172,0.6172248803827751,True
factors_finance,1,11,2,emotion_aware,17,logistic_regression,word_char,0.1,0.1,0.6049896049896051,0.6052631578947368,False
factors_finance,1,11,2,emotion_aware,18,logistic_regression,word_char,0.1,0.25,0.5877522935779816,0.5885167464114832,False
factors_finance,1,11,2,emotion_aware,19,logistic_regression,word_char,0.1,0.5,0.5716522740356937,0.5741626794258373,False
factors_finance,1,11,2,emotion_aware,20,logistic_regression,word_char,0.1,1.0,0.5507572056668295,0.5526315789473684,False
factors_finance,1,11,2,emotion_aware,21,logistic_regression,word_char,1.0,0.05,0.6004212960577908,0.6004784688995215,False
factors_finance,1,11,2,emotion_aware,22,logistic_regression,word_char,1.0,0.1,0.5980769230769231,0.5980861244019139,False
factors_finance,1,11,2,emotion_aware,23,logistic_regression,word_char,1.0,0.25,0.6051524259338772,0.6052631578947368,False
factors_finance,1,11,2,emotion_aware,24,logistic_regression,word_char,1.0,0.5,0.6115509052109864,0.6124401913875598,False
factors_finance,1,11,2,emotion_aware,25,logistic_regression,word_char,1.0,1.0,0.6061316418459275,0.6076555023923444,False
factors_finance,1,11,2,emotion_aware,26,logistic_regression,word_char,10.0,0.05,0.5861220331610606,0.5861244019138756,False
factors_finance,1,11,2,emotion_aware,27,logistic_regression,word_char,10.0,0.1,0.5860651749580708,0.5861244019138756,False
factors_finance,1,11,2,emotion_aware,28,logistic_regression,word_char,10.0,0.25,0.5932921245421245,0.5933014354066986,False
factors_finance,1,11,2,emotion_aware,29,logistic_regression,word_char,10.0,0.5,0.6028344437575841,0.6028708133971292,False
factors_finance,1,11,2,emotion_aware,30,logistic_regression,word_char,10.0,1.0,0.5930685358255452,0.5933014354066986,False
factors_finance,1,11,2,emotion_aware,31,linear_svm,word,0.1,0.05,0.5978559648158328,0.5980861244019139,False
factors_finance,1,11,2,emotion_aware,32,linear_svm,word,0.1,0.1,0.60009166165392,0.6004784688995215,False
factors_finance,1,11,2,emotion_aware,33,linear_svm,word,0.1,0.25,0.6040644105743563,0.6052631578947368,False
factors_finance,1,11,2,emotion_aware,34,linear_svm,word,0.1,0.5,0.5937383182944853,0.5956937799043063,False
factors_finance,1,11,2,emotion_aware,35,linear_svm,word,0.1,1.0,0.5787139689578713,0.5813397129186603,False
factors_finance,1,11,2,emotion_aware,36,linear_svm,word,1.0,0.05,0.5741529304029304,0.5741626794258373,False
factors_finance,1,11,2,emotion_aware,37,linear_svm,word,1.0,0.1,0.5813373167814198,0.5813397129186604,False
factors_finance,1,11,2,emotion_aware,38,linear_svm,word,1.0,0.25,0.5883659681667239,0.5885167464114832,False
factors_finance,1,11,2,emotion_aware,39,linear_svm,word,1.0,0.5,0.5955062613445715,0.5956937799043063,False
factors_finance,1,11,2,emotion_aware,40,linear_svm,word,1.0,1.0,0.6002931694943399,0.6004784688995215,False
factors_finance,1,11,2,emotion_aware,41,linear_svm,word,10.0,0.05,0.5836939350230098,0.5837320574162679,False
factors_finance,1,11,2,emotion_aware,42,linear_svm,word,10.0,0.1,0.5933014354066986,0.5933014354066986,False
factors_finance,1,11,2,emotion_aware,43,linear_svm,word,10.0,0.25,0.583732057416268,0.583732057416268,False
factors_finance,1,11,2,emotion_aware,44,linear_svm,word,10.0,0.5,0.5789088078393663,0.5789473684210527,False
factors_finance,1,11,2,emotion_aware,45,linear_svm,word,10.0,1.0,0.576533211229717,0.5765550239234449,False
factors_finance,1,11,2,emotion_aware,46,linear_svm,word_char,0.1,0.05,0.6100456150592652,0.6100478468899522,False
factors_finance,1,11,2,emotion_aware,47,linear_svm,word_char,0.1,0.1,0.6004761822999835,0.6004784688995215,False
factors_finance,1,11,2,emotion_aware,48,linear_svm,word_char,0.1,0.25,0.5979388526279629,0.5980861244019139,False
factors_finance,1,11,2,emotion_aware,49,linear_svm,word_char,0.1,0.5,0.6065656565656565,0.6076555023923444,False
factors_finance,1,11,2,emotion_aware,50,linear_svm,word_char,0.1,1.0,0.6061316418459275,0.6076555023923444,False
factors_finance,1,11,2,emotion_aware,51,linear_svm,word_char,1.0,0.05,0.583732057416268,0.583732057416268,False
factors_finance,1,11,2,emotion_aware,52,linear_svm,word_char,1.0,0.1,0.5813373167814198,0.5813397129186604,False
factors_finance,1,11,2,emotion_aware,53,linear_svm,word_char,1.0,0.25,0.6004761822999835,0.6004784688995215,False
factors_finance,1,11,2,emotion_aware,54,linear_svm,word_char,1.0,0.5,0.6004578885613714,0.6004784688995215,False
factors_finance,1,11,2,emotion_aware,55,linear_svm,word_char,1.0,1.0,0.5980493165739404,0.5980861244019138,False
factors_finance,1,11,2,emotion_aware,56,linear_svm,word_char,10.0,0.05,0.5741236806557226,0.5741626794258373,False
factors_finance,1,11,2,emotion_aware,57,linear_svm,word_char,10.0,0.1,0.5813373167814198,0.5813397129186604,False
factors_finance,1,11,2,emotion_aware,58,linear_svm,word_char,10.0,0.25,0.5813373167814198,0.5813397129186604,False
factors_finance,1,11,2,emotion_aware,59,linear_svm,word_char,10.0,0.5,0.5837225274725275,0.5837320574162679,False
factors_finance,1,11,2,emotion_aware,60,linear_svm,word_char,10.0,1.0,0.5813373167814198,0.5813397129186604,False
factors_finance,1,11,3,text_only,1,logistic_regression,word,0.1,,0.5930685358255452,0.5933014354066986,False
factors_finance,1,11,3,text_only,2,logistic_regression,word,1.0,,0.6027889723392563,0.6028708133971292,True
factors_finance,1,11,3,text_only,3,logistic_regression,word,10.0,,0.6004578885613714,0.6004784688995215,False
factors_finance,1,11,3,text_only,4,logistic_regression,word_char,0.1,,0.6004761822999835,0.6004784688995215,False
factors_finance,1,11,3,text_only,5,logistic_regression,word_char,1.0,,0.5932921245421245,0.5933014354066986,False
factors_finance,1,11,3,text_only,6,logistic_regression,word_char,10.0,,0.5787930837054849,0.5789473684210527,False
factors_finance,1,11,3,text_only,7,linear_svm,word,0.1,,0.6004212960577908,0.6004784688995215,False
factors_finance,1,11,3,text_only,8,linear_svm,word,1.0,,0.5933014354066986,0.5933014354066986,False
factors_finance,1,11,3,text_only,9,linear_svm,word,10.0,,0.5789377289377289,0.5789473684210527,False
factors_finance,1,11,3,text_only,10,linear_svm,word_char,0.1,,0.5956729530950404,0.5956937799043063,False
factors_finance,1,11,3,text_only,11,linear_svm,word_char,1.0,,0.5883659681667239,0.5885167464114832,False
factors_finance,1,11,3,text_only,12,linear_svm,word_char,10.0,,0.5813373167814198,0.5813397129186604,False
factors_finance,1,11,3,emotion_aware,1,logistic_regression,word,0.1,0.05,0.5836462722110276,0.5837320574162679,False
factors_finance,1,11,3,emotion_aware,2,logistic_regression,word,0.1,0.1,0.5572921139258623,0.5574162679425838,False
factors_finance,1,11,3,emotion_aware,3,logistic_regression,word,0.1,0.25,0.5262181718263419,0.5263157894736843,False
factors_finance,1,11,3,emotion_aware,4,logistic_regression,word,0.1,0.5,0.5416745601194064,0.5430622009569378,False
factors_finance,1,11,3,emotion_aware,5,logistic_regression,word,0.1,1.0,0.5164793425527874,0.5191387559808612,False
factors_finance,1,11,3,emotion_aware,6,logistic_regression,word,1.0,0.05,0.5980769230769231,0.5980861244019139,False
factors_finance,1,11,3,emotion_aware,7,logistic_regression,word,1.0,0.1,0.5860651749580708,0.5861244019138756,False
factors_finance,1,11,3,emotion_aware,8,logistic_regression,word,1.0,0.25,0.5831212600591512,0.5837320574162679,False
factors_finance,1,11,3,emotion_aware,9,logistic_regression,word,1.0,0.5,0.5833887043189369,0.5837320574162679,False
factors_finance,1,11,3,emotion_aware,10,logistic_regression,word,1.0,1.0,0.5712181731700468,0.5717703349282297,False
factors_finance,1,11,3,emotion_aware,11,logistic_regression,word,10.0,0.05,0.5956914659203425,0.5956937799043063,False
factors_finance,1,11,3,emotion_aware,12,logistic_regression,word,10.0,0.1,0.6075746473713134,0.6076555023923444,True
factors_finance,1,11,3,emotion_aware,13,logistic_regression,word,10.0,0.25,0.5956359223578841,0.5956937799043063,False
factors_finance,1,11,3,emotion_aware,14,logistic_regression,word,10.0,0.5,0.581279801258164,0.5813397129186603,False
factors_finance,1,11,3,emotion_aware,15,logistic_regression,word,10.0,1.0,0.5884319472430848,0.5885167464114833,False
factors_finance,1,11,3,emotion_aware,16,logistic_regression,word_char,0.1,0.05,0.5980769230769231,0.5980861244019139,False
factors_finance,1,11,3,emotion_aware,17,logistic_regression,word_char,0.1,0.1,0.569220199244246,0.569377990430622,False
factors_finance,1,11,3,emotion_aware,18,logistic_regression,word_char,0.1,0.25,0.5572921139258623,0.5574162679425838,False
factors_finance,1,11,3,emotion_aware,19,logistic_regression,word_char,0.1,0.5,0.5467027765186507,0.5478468899521531,False
factors_finance,1,11,3,emotion_aware,20,logistic_regression,word_char,0.1,1.0,0.5164793425527874,0.5191387559808612,False
factors_finance,1,11,3,emotion_aware,21,logistic_regression,word_char,1.0,0.05,0.6028617216117216,0.6028708133971292,False
factors_finance,1,11,3,emotion_aware,22,logistic_regression,word_char,1.0,0.1,0.5908880176287097,0.5909090909090909,False
factors_finance,1,11,3,emotion_aware,23,logistic_regression,word_char,1.0,0.25,0.5832645764576457,0.5837320574162679,False
factors_finance,1,11,3,emotion_aware,24,logistic_regression,word_char,1.0,0.5,0.5736844517785111,0.5741626794258373,False
factors_finance,1,11,3,emotion_aware,25,logistic_regression,word_char,1.0,1.0,0.5736844517785111,0.5741626794258373,False
factors_finance,1,11,3,emotion_aware,26,logistic_regression,word_char,10.0,0.05,0.5788605971789704,0.5789473684210527,False
factors_finance,1,11,3,emotion_aware,27,logistic_regression,word_char,10.0,0.1,0.5861030821623787,0.5861244019138756,False
factors_finance,1,11,3,emotion_aware,28,logistic_regression,word_char,10.0,0.25,0.5956914659203425,0.5956937799043063,False
factors_finance,1,11,3,emotion_aware,29,logistic_regression,word_char,10.0,0.5,0.5861220331610606,0.5861244019138756,False
factors_finance,1,11,3,emotion_aware,30,logistic_regression,word_char,10.0,1.0,0.5861220331610606,0.5861244019138756,False
factors_finance,1,11,3,emotion_aware,31,linear_svm,word,0.1,0.05,0.5909067495407015,0.5909090909090908,False
factors_finance,1,11,3,emotion_aware,32,linear_svm,word,0.1,0.1,0.5811455368952663,0.5813397129186604,False
factors_finance,1,11,3,emotion_aware,33,linear_svm,word,0.1,0.25,0.5685779816513762,0.569377990430622,False
factors_finance,1,11,3,emotion_aware,34,linear_svm,word,0.1,0.5,0.5760090315703814,0.5765550239234449,False
factors_finance,1,11,3,emotion_aware,35,linear_svm,word,0.1,1.0,0.5733715596330275,0.5741626794258373,False
factors_finance,1,11,3,emotion_aware,36,linear_svm,word,1.0,0.05,0.5933014354066986,0.5933014354066986,False
factors_finance,1,11,3,emotion_aware,37,linear_svm,word,1.0,0.1,0.6052066697576975,0.6052631578947368,False
factors_finance,1,11,3,emotion_aware,38,linear_svm,word,1.0,0.25,0.5956729530950404,0.5956937799043063,False
factors_finance,1,11,3,emotion_aware,39,linear_svm,word,1.0,0.5,0.5860651749580708,0.5861244019138756,False
factors_finance,1,11,3,emotion_aware,40,linear_svm,word,1.0,1.0,0.5836462722110276,0.5837320574162679,False
factors_finance,1,11,3,emotion_aware,41,linear_svm,word,10.0,0.05,0.5764944275582573,0.5765550239234449,False
factors_finance,1,11,3,emotion_aware,42,linear_svm,word,10.0,0.1,0.5812222699298697,0.5813397129186603,False
factors_finance,1,11,3,emotion_aware,43,linear_svm,word,10.0,0.25,0.5907193531948032,0.5909090909090908,False
factors_finance,1,11,3,emotion_aware,44,linear_svm,word,10.0,0.5,0.5883659681667239,0.5885167464114832,False
factors_finance,1,11,3,emotion_aware,45,linear_svm,word,10.0,1.0,0.5883659681667239,0.5885167464114832,False
factors_finance,1,11,3,emotion_aware,46,linear_svm,word_char,0.1,0.05,0.6028708133971292,0.6028708133971292,False
factors_finance,1,11,3,emotion_aware,47,linear_svm,word_char,0.1,0.1,0.5861030821623787,0.5861244019138756,False
factors_finance,1,11,3,emotion_aware,48,linear_svm,word_char,0.1,0.25,0.5855907483710507,0.5861244019138756,False
factors_finance,1,11,3,emotion_aware,49,linear_svm,word_char,0.1,0.5,0.5736844517785111,0.5741626794258373,False
factors_finance,1,11,3,emotion_aware,50,linear_svm,word_char,0.1,1.0,0.5664273147697121,0.5669856459330144,False
factors_finance,1,11,3,emotion_aware,51,linear_svm,word_char,1.0,0.05,0.5908880176287097,0.5909090909090909,False
factors_finance,1,11,3,emotion_aware,52,linear_svm,word_char,1.0,0.1,0.5980861244019139,0.5980861244019139,False
factors_finance,1,11,3,emotion_aware,53,linear_svm,word_char,1.0,0.25,0.6075746473713134,0.6076555023923444,False
factors_finance,1,11,3,emotion_aware,54,linear_svm,word_char,1.0,0.5,0.5908880176287097,0.5909090909090909,False
factors_finance,1,11,3,emotion_aware,55,linear_svm,word_char,1.0,1.0,0.5956914659203425,0.5956937799043063,False
factors_finance,1,11,3,emotion_aware,56,linear_svm,word_char,10.0,0.05,0.5861030821623787,0.5861244019138756,False
factors_finance,1,11,3,emotion_aware,57,linear_svm,word_char,10.0,0.1,0.5860083011306711,0.5861244019138756,False
factors_finance,1,11,3,emotion_aware,58,linear_svm,word_char,10.0,0.25,0.6004761822999835,0.6004784688995215,False
factors_finance,1,11,3,emotion_aware,59,linear_svm,word_char,10.0,0.5,0.6004578885613714,0.6004784688995215,False
factors_finance,1,11,3,emotion_aware,60,linear_svm,word_char,10.0,1.0,0.5980769230769231,0.5980861244019139,False
factors_finance,1,11,4,text_only,1,logistic_regression,word,0.1,,0.6052608986796244,0.6052631578947368,True
factors_finance,1,11,4,text_only,2,logistic_regression,word,1.0,,0.6052066697576975,0.6052631578947368,False
factors_finance,1,11,4,text_only,3,logistic_regression,word,10.0,,0.6002931694943399,0.6004784688995215,False
factors_finance,1,11,4,text_only,4,logistic_regression,word_char,0.1,,0.6028617216117216,0.6028708133971292,False
factors_finance,1,11,4,text_only,5,logistic_regression,word_char,1.0,,0.6004761822999835,0.6004784688995215,False
factors_finance,1,11,4,text_only,6,logistic_regression,word_char,10.0,,0.5908880176287097,0.5909090909090909,False
factors_finance,1,11,4,text_only,7,linear_svm,word,0.1,,0.6004212960577908,0.6004784688995215,False
factors_finance,1,11,4,text_only,8,linear_svm,word,1.0,,0.6003663947330757,0.6004784688995215,False
factors_finance,1,11,4,text_only,9,linear_svm,word,10.0,,0.5908880176287097,0.5909090909090909,False
factors_finance,1,11,4,text_only,10,linear_svm,word_char,0.1,,0.5980769230769231,0.5980861244019139,False
factors_finance,1,11,4,text_only,11,linear_svm,word_char,1.0,,0.5956914659203425,0.5956937799043063,False
factors_finance,1,11,4,text_only,12,linear_svm,word_char,10.0,,0.5908505486579774,0.5909090909090909,False
factors_finance,1,11,4,emotion_aware,1,logistic_regression,word,0.1,0.05,0.5956914659203425,0.5956937799043063,False
factors_finance,1,11,4,emotion_aware,2,logistic_regression,word,0.1,0.1,0.5930685358255452,0.5933014354066986,False
factors_finance,1,11,4,emotion_aware,3,logistic_regression,word,0.1,0.25,0.571748275763386,0.5717703349282297,False
factors_finance,1,11,4,emotion_aware,4,logistic_regression,word,0.1,0.5,0.5733715596330275,0.5741626794258373,False
factors_finance,1,11,4,emotion_aware,5,logistic_regression,word,0.1,1.0,0.5854387020953364,0.5861244019138756,False
factors_finance,1,11,4,emotion_aware,6,logistic_regression,word,1.0,0.05,0.6052428240277024,0.6052631578947368,False
factors_finance,1,11,4,emotion_aware,7,logistic_regression,word,1.0,0.1,0.6100277594940331,0.6100478468899522,False
factors_finance,1,11,4,emotion_aware,8,logistic_regression,word,1.0,0.25,0.6098669857938767,0.6100478468899522,False
factors_finance,1,11,4,emotion_aware,9,logistic_regression,word,1.0,0.5,0.6170846215504409,0.6172248803827751,False
factors_finance,1,11,4,emotion_aware,10,logistic_regression,word,1.0,1.0,0.6098669857938767,0.6100478468899522,False
factors_finance,1,11,4,emotion_aware,11,logistic_regression,word,10.0,0.05,0.5908505486579774,0.5909090909090909,False
factors_finance,1,11,4,emotion_aware,12,logistic_regression,word,10.0,0.1,0.5861030821623787,0.5861244019138756,False
factors_finance,1,11,4,emotion_aware,13,logistic_regression,word,10.0,0.25,0.5908505486579774,0.5909090909090909,False
factors_finance,1,11,4,emotion_aware,14,logistic_regression,word,10.0,0.5,0.5956359223578841,0.5956937799043063,False
factors_finance,1,11,4,emotion_aware,15,logistic_regression,word,10.0,1.0,0.6027889723392563,0.6028708133971292,False
factors_finance,1,11,4,emotion_aware,16,logistic_regression,word_char,0.1,0.05,0.6076195709412276,0.6076555023923444,False
factors_finance,1,11,4,emotion_aware,17,logistic_regression,word_char,0.1,0.1,0.6124046981248712,0.6124401913875599,False
factors_finance,1,11,4,emotion_aware,18,logistic_regression,word_char,0.1,0.25,0.5980769230769231,0.5980861244019139,False
factors_finance,1,11,4,emotion_aware,19,logistic_regression,word_char,0.1,0.5,0.6027252948585824,0.6028708133971292,False
factors_finance,1,11,4,emotion_aware,20,logistic_regression,word_char,0.1,1.0,0.5928447011367803,0.5933014354066986,False
factors_finance,1,11,4,emotion_aware,21,logistic_regression,word_char,1.0,0.05,0.6099920434576043,0.6100478468899522,False
factors_finance,1,11,4,emotion_aware,22,logistic_regression,word_char,1.0,0.1,0.6052428240277024,0.6052631578947368,False
factors_finance,1,11,4,emotion_aware,23,logistic_regression,word_char,1.0,0.25,0.6315705128205128,0.631578947368421,True
factors_finance,1,11,4,emotion_aware,24,logistic_regression,word_char,1.0,0.5,0.6266575060116799,0.6267942583732058,False
factors_finance,1,11,4,emotion_aware,25,logistic_regression,word_char,1.0,1.0,0.6147244883354802,0.6148325358851674,False
factors_finance,1,11,4,emotion_aware,26,logistic_regression,word_char,10.0,0.05,0.6004578885613714,0.6004784688995215,False
factors_finance,1,11,4,emotion_aware,27,logistic_regression,word_char,10.0,0.1,0.6172248803827751,0.6172248803827751,False
factors_finance,1,11,4,emotion_aware,28,logistic_regression,word_char,10.0,0.25,0.6171459974354276,0.6172248803827751,False
factors_finance,1,11,4,emotion_aware,29,logistic_regression,word_char,10.0,0.5,0.6100277594940331,0.6100478468899522,False
factors_finance,1,11,4,emotion_aware,30,logistic_regression,word_char,10.0,1.0,0.6076465201465202,0.6076555023923444,False
factors_finance,1,11,4,emotion_aware,31,linear_svm,word,0.1,0.05,0.6052428240277024,0.6052631578947368,False
factors_finance,1,11,4,emotion_aware,32,linear_svm,word,0.1,0.1,0.6124313186813187,0.6124401913875598,False
factors_finance,1,11,4,emotion_aware,33,linear_svm,word,0.1,0.25,0.6122981793198213,0.6124401913875598,False
factors_finance,1,11,4,emotion_aware,34,linear_svm,word,0.1,0.5,0.6047541819723896,0.6052631578947368,False
factors_finance,1,11,4,emotion_aware,35,linear_svm,word,0.1,1.0,0.6002016002016002,0.6004784688995215,False
factors_finance,1,11,4,emotion_aware,36,linear_svm,word,1.0,0.05,0.5789088078393663,0.5789473684210527,False
factors_finance,1,11,4,emotion_aware,37,linear_svm,word,1.0,0.1,0.583732057416268,0.583732057416268,False
factors_finance,1,11,4,emotion_aware,38,linear_svm,word,1.0,0.25,0.5884790622066534,0.5885167464114833,False
factors_finance,1,11,4,emotion_aware,39,linear_svm,word,1.0,0.5,0.5956729530950404,0.5956937799043063,False
factors_finance,1,11,4,emotion_aware,40,linear_svm,word,1.0,1.0,0.5956729530950404,0.5956937799043063,False
factors_finance,1,11,4,emotion_aware,41,linear_svm,word,10.0,0.05,0.5789377289377289,0.5789473684210527,False
factors_finance,1,11,4,emotion_aware,42,linear_svm,word,10.0,0.1,0.5861030821623787,0.5861244019138756,False
factors_finance,1,11,4,emotion_aware,43,linear_svm,word,10.0,0.25,0.5811455368952663,0.5813397129186604,False
factors_finance,1,11,4,emotion_aware,44,linear_svm,word,10.0,0.5,0.5908505486579774,0.5909090909090909,False
factors_finance,1,11,4,emotion_aware,45,linear_svm,word,10.0,1.0,0.5908505486579774,0.5909090909090909,False
factors_finance,1,11,4,emotion_aware,46,linear_svm,word_char,0.1,0.05,0.6099920434576043,0.6100478468899522,False
factors_finance,1,11,4,emotion_aware,47,linear_svm,word_char,0.1,0.1,0.6052428240277024,0.6052631578947368,False
factors_finance,1,11,4,emotion_aware,48,linear_svm,word_char,0.1,0.25,0.629133538257231,0.6291866028708134,False
factors_finance,1,11,4,emotion_aware,49,linear_svm,word_char,0.1,0.5,0.6242965507370832,0.6244019138755981,False
factors_finance,1,11,4,emotion_aware,50,linear_svm,word_char,0.1,1.0,0.6171459974354276,0.6172248803827751,False
factors_finance,1,11,4,emotion_aware,51,linear_svm,word_char,1.0,0.05,0.6052608986796244,0.6052631578947368,False
factors_finance,1,11,4,emotion_aware,52,linear_svm,word_char,1.0,0.1,0.5980769230769231,0.5980861244019139,False
factors_finance,1,11,4,emotion_aware,53,linear_svm,word_char,1.0,0.25,0.6147774171575109,0.6148325358851675,False
factors_finance,1,11,4,emotion_aware,54,linear_svm,word_char,1.0,0.5,0.6076195709412276,0.6076555023923444,False
factors_finance,1,11,4,emotion_aware,55,linear_svm,word_char,1.0,1.0,0.6100277594940331,0.6100478468899522,False
factors_finance,1,11,4,emotion_aware,56,linear_svm,word_char,10.0,0.05,0.5835795259361044,0.5837320574162679,False
factors_finance,1,11,4,emotion_aware,57,linear_svm,word_char,10.0,0.1,0.5930685358255452,0.5933014354066986,False
factors_finance,1,11,4,emotion_aware,58,linear_svm,word_char,10.0,0.25,0.6124313186813187,0.6124401913875598,False
factors_finance,1,11,4,emotion_aware,59,linear_svm,word_char,10.0,0.5,0.6052428240277024,0.6052631578947368,False
factors_finance,1,11,4,emotion_aware,60,linear_svm,word_char,10.0,1.0,0.6052428240277024,0.6052631578947368,False
factors_finance,1,11,5,text_only,1,logistic_regression,word,0.1,,0.6290825819378847,0.6291866028708134,True
factors_finance,1,11,5,text_only,2,logistic_regression,word,1.0,,0.6242965507370832,0.6244019138755981,False
factors_finance,1,11,5,text_only,3,logistic_regression,word,10.0,,0.6148303314389061,0.6148325358851674,False
factors_finance,1,11,5,text_only,4,logistic_regression,word_char,0.1,,0.6028344437575841,0.6028708133971292,False
factors_finance,1,11,5,text_only,5,logistic_regression,word_char,1.0,,0.5980769230769231,0.5980861244019139,False
factors_finance,1,11,5,text_only,6,logistic_regression,word_char,10.0,,0.6028708133971292,0.6028708133971292,False
factors_finance,1,11,5,text_only,7,linear_svm,word,0.1,,0.6242965507370832,0.6244019138755981,False
factors_finance,1,11,5,text_only,8,linear_svm,word,1.0,,0.6124313186813187,0.6124401913875598,False
factors_finance,1,11,5,text_only,9,linear_svm,word,10.0,,0.5956914659203425,0.5956937799043063,False
factors_finance,1,11,5,text_only,10,linear_svm,word_char,0.1,,0.5980769230769231,0.5980861244019139,False
factors_finance,1,11,5,text_only,11,linear_svm,word_char,1.0,,0.5980769230769231,0.5980861244019139,False
factors_finance,1,11,5,text_only,12,linear_svm,word_char,10.0,,0.5860651749580708,0.5861244019138756,False
factors_finance,1,11,5,emotion_aware,1,logistic_regression,word,0.1,0.05,0.6287084739740629,0.6291866028708134,True
factors_finance,1,11,5,emotion_aware,2,logistic_regression,word,0.1,0.1,0.6169091533967236,0.6172248803827751,False
factors_finance,1,11,5,emotion_aware,3,logistic_regression,word,0.1,0.25,0.5882811068352575,0.5885167464114832,False
factors_finance,1,11,5,emotion_aware,4,logistic_regression,word,0.1,0.5,0.581049581049581,0.5813397129186603,False
factors_finance,1,11,5,emotion_aware,5,logistic_regression,word,0.1,1.0,0.557109557109557,0.5574162679425838,False
factors_finance,1,11,5,emotion_aware,6,logistic_regression,word,1.0,0.05,0.6147244883354802,0.6148325358851674,False
factors_finance,1,11,5,emotion_aware,7,logistic_regression,word,1.0,0.1,0.6075746473713134,0.6076555023923444,False
factors_finance,1,11,5,emotion_aware,8,logistic_regression,word,1.0,0.25,0.6004212960577908,0.6004784688995215,False
factors_finance,1,11,5,emotion_aware,9,logistic_regression,word,1.0,0.5,0.5978559648158328,0.5980861244019139,False
factors_finance,1,11,5,emotion_aware,10,logistic_regression,word,1.0,1.0,0.5905130188192833,0.5909090909090909,False
factors_finance,1,11,5,emotion_aware,11,logistic_regression,word,10.0,0.05,0.6148126949603641,0.6148325358851674,False
factors_finance,1,11,5,emotion_aware,12,logistic_regression,word,10.0,0.1,0.6100277594940331,0.6100478468899522,False
factors_finance,1,11,5,emotion_aware,13,logistic_regression,word,10.0,0.25,0.6122981793198213,0.6124401913875598,False
factors_finance,1,11,5,emotion_aware,14,logistic_regression,word,10.0,0.5,0.6075746473713134,0.6076555023923444,False
factors_finance,1,11,5,emotion_aware,15,logistic_regression,word,10.0,1.0,0.6052066697576975,0.6052631578947368,False
factors_finance,1,11,5,emotion_aware,16,logistic_regression,word_char,0.1,0.05,0.6075117370892018,0.6076555023923444,False
factors_finance,1,11,5,emotion_aware,17,logistic_regression,word_char,0.1,0.1,0.6170056807769837,0.6172248803827751,False
factors_finance,1,11,5,emotion_aware,18,logistic_regression,word_char,0.1,0.25,0.593217622275142,0.5933014354066986,False
factors_finance,1,11,5,emotion_aware,19,logistic_regression,word_char,0.1,0.5,0.5882811068352575,0.5885167464114832,False
factors_finance,1,11,5,emotion_aware,20,logistic_regression,word_char,0.1,1.0,0.559647314783007,0.5598086124401914,False
factors_finance,1,11,5,emotion_aware,21,logistic_regression,word_char,1.0,0.05,0.6124313186813187,0.6124401913875598,False
factors_finance,1,11,5,emotion_aware,22,logistic_regression,word_char,1.0,0.1,0.6124046981248712,0.6124401913875599,False
factors_finance,1,11,5,emotion_aware,23,logistic_regression,word_char,1.0,0.25,0.6171898253085147,0.6172248803827751,False
factors_finance,1,11,5,emotion_aware,24,logistic_regression,word_char,1.0,0.5,0.6027889723392563,0.6028708133971292,False
factors_finance,1,11,5,emotion_aware,25,logistic_regression,word_char,1.0,1.0,0.6099920434576043,0.6100478468899522,False
factors_finance,1,11,5,emotion_aware,26,logistic_regression,word_char,10.0,0.05,0.6124046981248712,0.6124401913875599,False
factors_finance,1,11,5,emotion_aware,27,logistic_regression,word_char,10.0,0.1,0.6052608986796244,0.6052631578947368,False
factors_finance,1,11,5,emotion_aware,28,logistic_regression,word_char,10.0,0.25,0.6171898253085147,0.6172248803827751,False
factors_finance,1,11,5,emotion_aware,29,logistic_regression,word_char,10.0,0.5,0.6076195709412276,0.6076555023923444,False
factors_finance,1,11,5,emotion_aware,30,logistic_regression,word_char,10.0,1.0,0.6099920434576043,0.6100478468899522,False
factors_finance,1,11,5,emotion_aware,31,linear_svm,word,0.1,0.05,0.6123603224033706,0.6124401913875599,False
factors_finance,1,11,5,emotion_aware,32,linear_svm,word,0.1,0.1,0.6074308227964083,0.6076555023923444,False
factors_finance,1,11,5,emotion_aware,33,linear_svm,word,0.1,0.25,0.5980032973071991,0.5980861244019139,False
factors_finance,1,11,5,emotion_aware,34,linear_svm,word,0.1,0.5,0.6026433938061206,0.6028708133971292,False
factors_finance,1,11,5,emotion_aware,35,linear_svm,word,0.1,1.0,0.5881773399014778,0.5885167464114833,False
factors_finance,1,11,5,emotion_aware,36,linear_svm,word,1.0,0.05,0.6172248803827751,0.6172248803827751,False
factors_finance,1,11,5,emotion_aware,37,linear_svm,word,1.0,0.1,0.6195976304266949,0.6196172248803828,False
factors_finance,1,11,5,emotion_aware,38,linear_svm,word,1.0,0.25,0.6076195709412276,0.6076555023923444,False
factors_finance,1,11,5,emotion_aware,39,linear_svm,word,1.0,0.5,0.6076195709412276,0.6076555023923444,False
factors_finance,1,11,5,emotion_aware,40,linear_svm,word,1.0,1.0,0.6052066697576975,0.6052631578947368,False
factors_finance,1,11,5,emotion_aware,41,linear_svm,word,10.0,0.05,0.5955803635322742,0.5956937799043063,False
factors_finance,1,11,5,emotion_aware,42,linear_svm,word,10.0,0.1,0.588507326007326,0.5885167464114833,False
factors_finance,1,11,5,emotion_aware,43,linear_svm,word,10.0,0.25,0.5932921245421245,0.5933014354066986,False
factors_finance,1,11,5,emotion_aware,44,linear_svm,word,10.0,0.5,0.5909067495407015,0.5909090909090908,False
factors_finance,1,11,5,emotion_aware,45,linear_svm,word,10.0,1.0,0.5933014354066986,0.5933014354066986,False
factors_finance,1,11,5,emotion_aware,46,linear_svm,word_char,0.1,0.05,0.6148303314389061,0.6148325358851674,False
factors_finance,1,11,5,emotion_aware,47,linear_svm,word_char,0.1,0.1,0.6219749524921583,0.6220095693779903,False
factors_finance,1,11,5,emotion_aware,48,linear_svm,word_char,0.1,0.25,0.6195627908574176,0.6196172248803827,False
factors_finance,1,11,5,emotion_aware,49,linear_svm,word_char,0.1,0.5,0.6051524259338772,0.6052631578947368,False
factors_finance,1,11,5,emotion_aware,50,linear_svm,word_char,0.1,1.0,0.6051524259338772,0.6052631578947368,False
factors_finance,1,11,5,emotion_aware,51,linear_svm,word_char,1.0,0.05,0.5980493165739404,0.5980861244019138,False
factors_finance,1,11,5,emotion_aware,52,linear_svm,word_char,1.0,0.1,0.6004761822999835,0.6004784688995215,False
factors_finance,1,11,5,emotion_aware,53,linear_svm,word_char,1.0,0.25,0.614459625905875,0.6148325358851675,False
factors_finance,1,11,5,emotion_aware,54,linear_svm,word_char,1.0,0.5,0.6122981793198213,0.6124401913875598,False
factors_finance,1,11,5,emotion_aware,55,linear_svm,word_char,1.0,1.0,0.6075746473713134,0.6076555023923444,False
factors_finance,1,11,5,emotion_aware,56,linear_svm,word_char,10.0,0.05,0.5908880176287097,0.5909090909090909,False
factors_finance,1,11,5,emotion_aware,57,linear_svm,word_char,10.0,0.1,0.6076555023923444,0.6076555023923444,False
factors_finance,1,11,5,emotion_aware,58,linear_svm,word_char,10.0,0.25,0.6076195709412276,0.6076555023923444,False
factors_finance,1,11,5,emotion_aware,59,linear_svm,word_char,10.0,0.5,0.6027889723392563,0.6028708133971292,False
factors_finance,1,11,5,emotion_aware,60,linear_svm,word_char,10.0,1.0,0.6003663947330757,0.6004784688995215,False
factors_finance,2,22,1,text_only,1,logistic_regression,word,0.1,,0.5566675933648411,0.5576923076923077,False
factors_finance,2,22,1,text_only,2,logistic_regression,word,1.0,,0.5816437406080222,0.5817307692307692,False
factors_finance,2,22,1,text_only,3,logistic_regression,word,10.0,,0.5744971019434026,0.5745192307692308,False
factors_finance,2,22,1,text_only,4,logistic_regression,word_char,0.1,,0.5925043616361497,0.59375,False
factors_finance,2,22,1,text_only,5,logistic_regression,word_char,1.0,,0.6101353696633114,0.6105769230769231,True
factors_finance,2,22,1,text_only,6,logistic_regression,word_char,10.0,,0.6007308217118805,0.6009615384615384,False
factors_finance,2,22,1,text_only,7,linear_svm,word,0.1,,0.5816437406080222,0.5817307692307692,False
factors_finance,2,22,1,text_only,8,linear_svm,word,1.0,,0.5744577561246251,0.5745192307692308,False
factors_finance,2,22,1,text_only,9,linear_svm,word,10.0,,0.5648812172415587,0.5649038461538461,False
factors_finance,2,22,1,text_only,10,linear_svm,word_char,0.1,,0.6005090824945043,0.6009615384615384,False
factors_finance,2,22,1,text_only,11,linear_svm,word_char,1.0,,0.5959203496843127,0.5961538461538461,False
factors_finance,2,22,1,text_only,12,linear_svm,word_char,10.0,,0.5912611258814009,0.5913461538461537,False
factors_finance,2,22,1,emotion_aware,1,logistic_regression,word,0.1,0.05,0.5622470454913389,0.5625,False
factors_finance,2,22,1,emotion_aware,2,logistic_regression,word,0.1,0.1,0.5791299320711085,0.5793269230769231,False
factors_finance,2,22,1,emotion_aware,3,logistic_regression,word,0.1,0.25,0.5547095139182207,0.5552884615384616,False
factors_finance,2,22,1,emotion_aware,4,logistic_regression,word,0.1,0.5,0.5354537091146843,0.5360576923076923,False
factors_finance,2,22,1,emotion_aware,5,logistic_regression,word,0.1,1.0,0.557037037037037,0.5576923076923077,False
factors_finance,2,22,1,emotion_aware,6,logistic_regression,word,1.0,0.05,0.567217662697954,0.5673076923076923,False
factors_finance,2,22,1,emotion_aware,7,logistic_regression,word,1.0,0.1,0.5862994056291773,0.5865384615384616,False
factors_finance,2,22,1,emotion_aware,8,logistic_regression,word,1.0,0.25,0.5766784615740419,0.5769230769230769,False
factors_finance,2,22,1,emotion_aware,9,logistic_regression,word,1.0,0.5,0.5838436406742418,0.5841346153846154,False
factors_finance,2,22,1,emotion_aware,10,logistic_regression,word,1.0,1.0,0.5741033160387998,0.5745192307692307,False
factors_finance,2,22,1,emotion_aware,11,logistic_regression,word,10.0,0.05,0.5817211011719021,0.5817307692307692,False
factors_finance,2,22,1,emotion_aware,12,logistic_regression,word,10.0,0.1,0.5793244922134582,0.5793269230769231,False
factors_finance,2,22,1,emotion_aware,13,logistic_regression,word,10.0,0.25,0.5837280998571321,0.5841346153846154,False
factors_finance,2,22,1,emotion_aware,14,logistic_regression,word,10.0,0.5,0.5812565081568899,0.5817307692307693,False
factors_finance,2,22,1,emotion_aware,15,logistic_regression,word,10.0,1.0,0.5860696517412936,0.5865384615384616,False
factors_finance,2,22,1,emotion_aware,16,logistic_regression,word_char,0.1,0.05,0.5834389669323423,0.5841346153846154,False
factors_finance,2,22,1,emotion_aware,17,logistic_regression,word_char,0.1,0.1,0.5886546968514181,0.5889423076923077,False
factors_finance,2,22,1,emotion_aware,18,logistic_regression,word_char,0.1,0.25,0.5790325844970654,0.5793269230769231,False
factors_finance,2,22,1,emotion_aware,19,logistic_regression,word_char,0.1,0.5,0.5591765829931382,0.5600961538461537,False
factors_finance,2,22,1,emotion_aware,20,logistic_regression,word_char,0.1,1.0,0.5644785322204677,0.5649038461538461,False
factors_finance,2,22,1,emotion_aware,21,logistic_regression,word_char,1.0,0.05,0.6030878653829473,0.6033653846153846,False
factors_finance,2,22,1,emotion_aware,22,logistic_regression,word_char,1.0,0.1,0.6078989215601238,0.6081730769230769,False
factors_finance,2,22,1,emotion_aware,23,logistic_regression,word_char,1.0,0.25,0.6175210339144765,0.6177884615384616,False
factors_finance,2,22,1,emotion_aware,24,logistic_regression,word_char,1.0,0.5,0.6127995375054198,0.6129807692307692,False
factors_finance,2,22,1,emotion_aware,25,logistic_regression,word_char,1.0,1.0,0.6075176393639989,0.6081730769230769,False
factors_finance,2,22,1,emotion_aware,26,logistic_regression,word_char,10.0,0.05,0.6031796502384739,0.6033653846153846,False
factors_finance,2,22,1,emotion_aware,27,logistic_regression,word_char,10.0,0.1,0.6128711555023785,0.6129807692307692,False
factors_finance,2,22,1,emotion_aware,28,logistic_regression,word_char,10.0,0.25,0.6151622377945836,0.6153846153846154,False
factors_finance,2,22,1,emotion_aware,29,logistic_regression,word_char,10.0,0.5,0.6102526140464514,0.6105769230769231,False
factors_finance,2,22,1,emotion_aware,30,logistic_regression,word_char,10.0,1.0,0.6077900594029626,0.6081730769230769,False
factors_finance,2,22,1,emotion_aware,31,linear_svm,word,0.1,0.05,0.5719570847206807,0.5721153846153846,False
factors_finance,2,22,1,emotion_aware,32,linear_svm,word,0.1,0.1,0.5958175256778013,0.5961538461538461,False
factors_finance,2,22,1,emotion_aware,33,linear_svm,word,0.1,0.25,0.5765707411862682,0.5769230769230769,False
factors_finance,2,22,1,emotion_aware,34,linear_svm,word,0.1,0.5,0.5761294954032836,0.5769230769230769,False
factors_finance,2,22,1,emotion_aware,35,linear_svm,word,0.1,1.0,0.5835932211235253,0.5841346153846154,False
factors_finance,2,22,1,emotion_aware,36,linear_svm,word,1.0,0.05,0.5744971019434026,0.5745192307692308,False
factors_finance,2,22,1,emotion_aware,37,linear_svm,word,1.0,0.1,0.5768839574664817,0.5769230769230769,False
factors_finance,2,22,1,emotion_aware,38,linear_svm,word,1.0,0.25,0.5813824373091514,0.5817307692307693,False
factors_finance,2,22,1,emotion_aware,39,linear_svm,word,1.0,0.5,0.5790325844970654,0.5793269230769231,False
factors_finance,2,22,1,emotion_aware,40,linear_svm,word,1.0,1.0,0.58157602663707,0.5817307692307692,False
factors_finance,2,22,1,emotion_aware,41,linear_svm,word,10.0,0.05,0.5672676837725381,0.5673076923076923,False
factors_finance,2,22,1,emotion_aware,42,linear_svm,word,10.0,0.1,0.5768839574664817,0.5769230769230769,False
factors_finance,2,22,1,emotion_aware,43,linear_svm,word,10.0,0.25,0.5769132977370963,0.5769230769230769,False
factors_finance,2,22,1,emotion_aware,44,linear_svm,word,10.0,0.5,0.5697090520354801,0.5697115384615384,False
factors_finance,2,22,1,emotion_aware,45,linear_svm,word,10.0,1.0,0.5672976908674849,0.5673076923076923,False
factors_finance,2,22,1,emotion_aware,46,linear_svm,word_char,0.1,0.05,0.6077900594029626,0.6081730769230769,False
factors_finance,2,22,1,emotion_aware,47,linear_svm,word_char,0.1,0.1,0.605440917923568,0.6057692307692307,False
factors_finance,2,22,1,emotion_aware,48,linear_svm,word_char,0.1,0.25,0.6126024513121288,0.6129807692307693,False
factors_finance,2,22,1,emotion_aware,49,linear_svm,word_char,0.1,0.5,0.6079895938719468,0.6081730769230769,False
factors_finance,2,22,1,emotion_aware,50,linear_svm,word_char,0.1,1.0,0.6050297570803325,0.6057692307692308,False
factors_finance,2,22,1,emotion_aware,51,linear_svm,word_char,1.0,0.05,0.600952314911125,0.6009615384615384,False
factors_finance,2,22,1,emotion_aware,52,linear_svm,word_char,1.0,0.1,0.6177862529253706,0.6177884615384616,True
factors_finance,2,22,1,emotion_aware,53,linear_svm,word_char,1.0,0.25,0.6150643101693347,0.6153846153846154,False
factors_finance,2,22,1,emotion_aware,54,linear_svm,word_char,1.0,0.5,0.6124769283288298,0.6129807692307692,False
factors_finance,2,22,1,emotion_aware,55,linear_svm,word_char,1.0,1.0,0.6077900594029626,0.6081730769230769,False
factors_finance,2,22,1,emotion_aware,56,linear_svm,word_char,10.0,0.05,0.5984439935956348,0.5985576923076923,False
factors_finance,2,22,1,emotion_aware,57,linear_svm,word_char,10.0,0.1,0.6057601183459307,0.6057692307692308,False
factors_finance,2,22,1,emotion_aware,58,linear_svm,word_char,10.0,0.25,0.6079895938719468,0.6081730769230769,False
factors_finance,2,22,1,emotion_aware,59,linear_svm,word_char,10.0,0.5,0.6129248516161844,0.6129807692307692,False
factors_finance,2,22,1,emotion_aware,60,linear_svm,word_char,10.0,1.0,0.6177332385526293,0.6177884615384615,False
factors_finance,2,22,2,text_only,1,logistic_regression,word,0.1,,0.6015572960929784,0.6028708133971292,False
factors_finance,2,22,2,text_only,2,logistic_regression,word,1.0,,0.6138579207381099,0.6148325358851674,False
factors_finance,2,22,2,text_only,3,logistic_regression,word,10.0,,0.6097776097776098,0.6100478468899522,False
factors_finance,2,22,2,text_only,4,logistic_regression,word_char,0.1,,0.6259379087216906,0.6267942583732058,False
factors_finance,2,22,2,text_only,5,logistic_regression,word_char,1.0,,0.614653893943645,0.6148325358851674,False
factors_finance,2,22,2,text_only,6,logistic_regression,word_char,10.0,,0.6147774171575109,0.6148325358851675,False
factors_finance,2,22,2,text_only,7,linear_svm,word,0.1,,0.6163465730478879,0.6172248803827751,False
factors_finance,2,22,2,text_only,8,linear_svm,word,1.0,,0.6098669857938767,0.6100478468899522,False
factors_finance,2,22,2,text_only,9,linear_svm,word,10.0,,0.6003663947330757,0.6004784688995215,False
factors_finance,2,22,2,text_only,10,linear_svm,word_char,0.1,,0.6048809830712383,0.6052631578947368,False
factors_finance,2,22,2,text_only,11,linear_svm,word_char,1.0,,0.6267600796758019,0.6267942583732058,True
factors_finance,2,22,2,text_only,12,linear_svm,word_char,10.0,,0.6121205178141826,0.6124401913875599,False
factors_finance,2,22,2,emotion_aware,1,logistic_regression,word,0.1,0.05,0.6154995975623778,0.6172248803827751,False
factors_finance,2,22,2,emotion_aware,2,logistic_regression,word,0.1,0.1,0.6090611247224342,0.6100478468899522,False
factors_finance,2,22,2,emotion_aware,3,logistic_regression,word,0.1,0.25,0.5821152785438499,0.5837320574162679,False
factors_finance,2,22,2,emotion_aware,4,logistic_regression,word,0.1,0.5,0.5738992714602471,0.5765550239234449,False
factors_finance,2,22,2,emotion_aware,5,logistic_regression,word,0.1,1.0,0.5704698757139988,0.5717703349282297,False
factors_finance,2,22,2,emotion_aware,6,logistic_regression,word,1.0,0.05,0.6234515127694612,0.6244019138755981,False
factors_finance,2,22,2,emotion_aware,7,logistic_regression,word,1.0,0.1,0.6213073394495412,0.6220095693779905,False
factors_finance,2,22,2,emotion_aware,8,logistic_regression,word,1.0,0.25,0.6042643287067586,0.6052631578947368,False
factors_finance,2,22,2,emotion_aware,9,logistic_regression,word,1.0,0.5,0.5919562670831706,0.5933014354066986,False
factors_finance,2,22,2,emotion_aware,10,logistic_regression,word,1.0,1.0,0.5800683142455294,0.5813397129186603,False
factors_finance,2,22,2,emotion_aware,11,logistic_regression,word,10.0,0.05,0.6120049504950495,0.6124401913875599,False
factors_finance,2,22,2,emotion_aware,12,logistic_regression,word,10.0,0.1,0.614459625905875,0.6148325358851675,False
factors_finance,2,22,2,emotion_aware,13,logistic_regression,word,10.0,0.25,0.6140350877192982,0.6148325358851674,False
factors_finance,2,22,2,emotion_aware,14,logistic_regression,word,10.0,0.5,0.6094017828990741,0.6100478468899522,False
factors_finance,2,22,2,emotion_aware,15,logistic_regression,word,10.0,1.0,0.6070798083316138,0.6076555023923444,False
factors_finance,2,22,2,emotion_aware,16,logistic_regression,word_char,0.1,0.05,0.6276329779591368,0.6291866028708133,False
factors_finance,2,22,2,emotion_aware,17,logistic_regression,word_char,0.1,0.1,0.6115509052109864,0.6124401913875598,False
factors_finance,2,22,2,emotion_aware,18,logistic_regression,word_char,0.1,0.25,0.5939998275812524,0.5956937799043063,False
factors_finance,2,22,2,emotion_aware,19,logistic_regression,word_char,0.1,0.5,0.58944049075526,0.5909090909090908,False
factors_finance,2,22,2,emotion_aware,20,logistic_regression,word_char,0.1,1.0,0.5704698757139988,0.5717703349282297,False
factors_finance,2,22,2,emotion_aware,21,logistic_regression,word_char,1.0,0.05,0.6216977889792645,0.6220095693779903,False
factors_finance,2,22,2,emotion_aware,22,logistic_regression,word_char,1.0,0.1,0.6262466469495839,0.6267942583732058,False
factors_finance,2,22,2,emotion_aware,23,logistic_regression,word_char,1.0,0.25,0.6138579207381099,0.6148325358851674,False
factors_finance,2,22,2,emotion_aware,24,logistic_regression,word_char,1.0,0.5,0.592545871559633,0.5933014354066986,False
factors_finance,2,22,2,emotion_aware,25,logistic_regression,word_char,1.0,1.0,0.5660891358831862,0.5669856459330143,False
factors_finance,2,22,2,emotion_aware,26,logistic_regression,word_char,10.0,0.05,0.6315452068594455,0.631578947368421,False
factors_finance,2,22,2,emotion_aware,27,logistic_regression,word_char,10.0,0.1,0.6266575060116799,0.6267942583732058,False
factors_finance,2,22,2,emotion_aware,28,logistic_regression,word_char,10.0,0.25,0.621585075174184,0.6220095693779903,False
factors_finance,2,22,2,emotion_aware,29,logistic_regression,word_char,10.0,0.5,0.6237796313813169,0.6244019138755981,False
factors_finance,2,22,2,emotion_aware,30,logistic_regression,word_char,10.0,1.0,0.6285722475420643,0.6291866028708134,False
factors_finance,2,22,2,emotion_aware,31,linear_svm,word,0.1,0.05,0.6186547167537855,0.6196172248803828,False
factors_finance,2,22,2,emotion_aware,32,linear_svm,word,0.1,0.1,0.6163465730478879,0.6172248803827751,False
factors_finance,2,22,2,emotion_aware,33,linear_svm,word,0.1,0.25,0.6038460875708649,0.6052631578947368,False
factors_finance,2,22,2,emotion_aware,34,linear_svm,word,0.1,0.5,0.5942423563604615,0.5956937799043063,False
factors_finance,2,22,2,emotion_aware,35,linear_svm,word,0.1,1.0,0.5825757575757575,0.5837320574162679,False
factors_finance,2,22,2,emotion_aware,36,linear_svm,word,1.0,0.05,0.614459625905875,0.6148325358851675,False
factors_finance,2,22,2,emotion_aware,37,linear_svm,word,1.0,0.1,0.612218251786696,0.6124401913875598,False
factors_finance,2,22,2,emotion_aware,38,linear_svm,word,1.0,0.25,0.6098669857938767,0.6100478468899522,False
factors_finance,2,22,2,emotion_aware,39,linear_svm,word,1.0,0.5,0.6075117370892018,0.6076555023923444,False
factors_finance,2,22,2,emotion_aware,40,linear_svm,word,1.0,1.0,0.614653893943645,0.6148325358851674,False
factors_finance,2,22,2,emotion_aware,41,linear_svm,word,10.0,0.05,0.5955803635322742,0.5956937799043063,False
factors_finance,2,22,2,emotion_aware,42,linear_svm,word,10.0,0.1,0.6027889723392563,0.6028708133971292,False
factors_finance,2,22,2,emotion_aware,43,linear_svm,word,10.0,0.25,0.5980032973071991,0.5980861244019139,False
factors_finance,2,22,2,emotion_aware,44,linear_svm,word,10.0,0.5,0.6027889723392563,0.6028708133971292,False
factors_finance,2,22,2,emotion_aware,45,linear_svm,word,10.0,1.0,0.6027889723392563,0.6028708133971292,False
factors_finance,2,22,2,emotion_aware,46,linear_svm,word_char,0.1,0.05,0.6216977889792645,0.6220095693779903,False
factors_finance,2,22,2,emotion_aware,47,linear_svm,word_char,0.1,0.1,0.6239176155737283,0.6244019138755981,False
factors_finance,2,22,2,emotion_aware,48,linear_svm,word_char,0.1,0.25,0.6161616161616161,0.6172248803827751,False
factors_finance,2,22,2,emotion_aware,49,linear_svm,word_char,0.1,0.5,0.592545871559633,0.5933014354066986,False
factors_finance,2,22,2,emotion_aware,50,linear_svm,word_char,0.1,1.0,0.5660891358831862,0.5669856459330143,False
factors_finance,2,22,2,emotion_aware,51,linear_svm,word_char,1.0,0.05,0.6267857142857143,0.6267942583732058,False
factors_finance,2,22,2,emotion_aware,52,linear_svm,word_char,1.0,0.1,0.6339189119571378,0.6339712918660287,True
factors_finance,2,22,2,emotion_aware,53,linear_svm,word_char,1.0,0.25,0.6166632276405989,0.6172248803827751,False
factors_finance,2,22,2,emotion_aware,54,linear_svm,word_char,1.0,0.5,0.6188296829029094,0.6196172248803828,False
factors_finance,2,22,2,emotion_aware,55,linear_svm,word_char,1.0,1.0,0.6188296829029094,0.6196172248803828,False
factors_finance,2,22,2,emotion_aware,56,linear_svm,word_char,10.0,0.05,0.6195105195362817,0.6196172248803828,False
factors_finance,2,22,2,emotion_aware,57,linear_svm,word_char,10.0,0.1,0.6220009157509158,0.6220095693779905,False
factors_finance,2,22,2,emotion_aware,58,linear_svm,word_char,10.0,0.25,0.6240382687405116,0.6244019138755981,False
factors_finance,2,22,2,emotion_aware,59,linear_svm,word_char,10.0,0.5,0.6143358987730589,0.6148325358851674,False
factors_finance,2,22,2,emotion_aware,60,linear_svm,word_char,10.0,1.0,0.6145656145656146,0.6148325358851674,False
factors_finance,2,22,3,text_only,1,logistic_regression,word,0.1,,0.5905130188192833,0.5909090909090909,False
factors_finance,2,22,3,text_only,2,logistic_regression,word,1.0,,0.5978559648158328,0.5980861244019139,False
factors_finance,2,22,3,text_only,3,logistic_regression,word,10.0,,0.588507326007326,0.5885167464114833,False
factors_finance,2,22,3,text_only,4,logistic_regression,word_char,0.1,,0.571748275763386,0.5717703349282297,False
factors_finance,2,22,3,text_only,5,logistic_regression,word_char,1.0,,0.5885167464114832,0.5885167464114832,False
factors_finance,2,22,3,text_only,6,logistic_regression,word_char,10.0,,0.5906255906255906,0.5909090909090908,False
factors_finance,2,22,3,text_only,7,linear_svm,word,0.1,,0.60009166165392,0.6004784688995215,False
factors_finance,2,22,3,text_only,8,linear_svm,word,1.0,,0.5908505486579774,0.5909090909090909,False
factors_finance,2,22,3,text_only,9,linear_svm,word,10.0,,0.5741529304029304,0.5741626794258373,False
factors_finance,2,22,3,text_only,10,linear_svm,word_char,0.1,,0.5909067495407015,0.5909090909090908,False
factors_finance,2,22,3,text_only,11,linear_svm,word_char,1.0,,0.592545871559633,0.5933014354066986,False
factors_finance,2,22,3,text_only,12,linear_svm,word_char,10.0,,0.6021330275229357,0.6028708133971292,True
factors_finance,2,22,3,emotion_aware,1,logistic_regression,word,0.1,0.05,0.6263751375137514,0.6267942583732058,False
factors_finance,2,22,3,emotion_aware,2,logistic_regression,word,0.1,0.1,0.5973394495412844,0.5980861244019139,False
factors_finance,2,22,3,emotion_aware,3,logistic_regression,word,0.1,0.25,0.572508733223019,0.5741626794258373,False
factors_finance,2,22,3,emotion_aware,4,logistic_regression,word,0.1,0.5,0.5616933997050148,0.5645933014354068,False
factors_finance,2,22,3,emotion_aware,5,logistic_regression,word,0.1,1.0,0.5629021879021878,0.5645933014354068,False
factors_finance,2,22,3,emotion_aware,6,logistic_regression,word,1.0,0.05,0.6243825658930258,0.6244019138755981,False
factors_finance,2,22,3,emotion_aware,7,logistic_regression,word,1.0,0.1,0.6192489473231932,0.6196172248803827,False
factors_finance,2,22,3,emotion_aware,8,logistic_regression,word,1.0,0.25,0.6021330275229357,0.6028708133971292,False
factors_finance,2,22,3,emotion_aware,9,logistic_regression,word,1.0,0.5,0.6061316418459275,0.6076555023923444,False
factors_finance,2,22,3,emotion_aware,10,logistic_regression,word,1.0,1.0,0.5965250965250966,0.5980861244019139,False
factors_finance,2,22,3,emotion_aware,11,logistic_regression,word,10.0,0.05,0.5813373167814198,0.5813397129186604,False
factors_finance,2,22,3,emotion_aware,12,logistic_regression,word,10.0,0.1,0.5933014354066986,0.5933014354066986,False
factors_finance,2,22,3,emotion_aware,13,logistic_regression,word,10.0,0.25,0.5908880176287097,0.5909090909090909,False
factors_finance,2,22,3,emotion_aware,14,logistic_regression,word,10.0,0.5,0.5979388526279629,0.5980861244019139,False
factors_finance,2,22,3,emotion_aware,15,logistic_regression,word,10.0,1.0,0.5979388526279629,0.5980861244019139,False
factors_finance,2,22,3,emotion_aware,16,logistic_regression,word_char,0.1,0.05,0.5932641893902969,0.5933014354066986,False
factors_finance,2,22,3,emotion_aware,17,logistic_regression,word_char,0.1,0.1,0.5953023402366016,0.5956937799043063,False
factors_finance,2,22,3,emotion_aware,18,logistic_regression,word_char,0.1,0.25,0.5919562670831706,0.5933014354066986,False
factors_finance,2,22,3,emotion_aware,19,logistic_regression,word_char,0.1,0.5,0.5719578424153167,0.5741626794258373,False
factors_finance,2,22,3,emotion_aware,20,logistic_regression,word_char,0.1,1.0,0.5552756738726614,0.5574162679425838,False
factors_finance,2,22,3,emotion_aware,21,logistic_regression,word_char,1.0,0.05,0.5932641893902969,0.5933014354066986,False
factors_finance,2,22,3,emotion_aware,22,logistic_regression,word_char,1.0,0.1,0.583732057416268,0.583732057416268,False
factors_finance,2,22,3,emotion_aware,23,logistic_regression,word_char,1.0,0.25,0.5973394495412844,0.5980861244019139,False
factors_finance,2,22,3,emotion_aware,24,logistic_regression,word_char,1.0,0.5,0.58944049075526,0.5909090909090908,False
factors_finance,2,22,3,emotion_aware,25,logistic_regression,word_char,1.0,1.0,0.5873737373737373,0.5885167464114833,False
factors_finance,2,22,3,emotion_aware,26,logistic_regression,word_char,10.0,0.05,0.6004212960577908,0.6004784688995215,False
factors_finance,2,22,3,emotion_aware,27,logistic_regression,word_char,10.0,0.1,0.6004761822999835,0.6004784688995215,False
factors_finance,2,22,3,emotion_aware,28,logistic_regression,word_char,10.0,0.25,0.5980861244019139,0.5980861244019139,False
factors_finance,2,22,3,emotion_aware,29,logistic_regression,word_char,10.0,0.5,0.5955062613445715,0.5956937799043063,False
factors_finance,2,22,3,emotion_aware,30,logistic_regression,word_char,10.0,1.0,0.5929659754840187,0.5933014354066986,False
factors_finance,2,22,3,emotion_aware,31,linear_svm,word,0.1,0.05,0.6264864245618055,0.6267942583732058,True
factors_finance,2,22,3,emotion_aware,32,linear_svm,word,0.1,0.1,0.6192489473231932,0.6196172248803827,False
factors_finance,2,22,3,emotion_aware,33,linear_svm,word,0.1,0.25,0.6040644105743563,0.6052631578947368,False
factors_finance,2,22,3,emotion_aware,34,linear_svm,word,0.1,0.5,0.6030800573194524,0.6052631578947368,False
factors_finance,2,22,3,emotion_aware,35,linear_svm,word,0.1,1.0,0.5962745774404967,0.5980861244019139,False
factors_finance,2,22,3,emotion_aware,36,linear_svm,word,1.0,0.05,0.5861220331610606,0.5861244019138756,False
factors_finance,2,22,3,emotion_aware,37,linear_svm,word,1.0,0.1,0.5861030821623787,0.5861244019138756,False
factors_finance,2,22,3,emotion_aware,38,linear_svm,word,1.0,0.25,0.6004578885613714,0.6004784688995215,False
factors_finance,2,22,3,emotion_aware,39,linear_svm,word,1.0,0.5,0.6050800776441083,0.605263157894737,False
factors_finance,2,22,3,emotion_aware,40,linear_svm,word,1.0,1.0,0.6050800776441083,0.605263157894737,False
factors_finance,2,22,3,emotion_aware,41,linear_svm,word,10.0,0.05,0.566923680158444,0.5669856459330144,False
factors_finance,2,22,3,emotion_aware,42,linear_svm,word,10.0,0.1,0.5955062613445715,0.5956937799043063,False
factors_finance,2,22,3,emotion_aware,43,linear_svm,word,10.0,0.25,0.5932641893902969,0.5933014354066986,False
factors_finance,2,22,3,emotion_aware,44,linear_svm,word,10.0,0.5,0.5932641893902969,0.5933014354066986,False
factors_finance,2,22,3,emotion_aware,45,linear_svm,word,10.0,1.0,0.5908880176287097,0.5909090909090909,False
factors_finance,2,22,3,emotion_aware,46,linear_svm,word_char,0.1,0.05,0.588507326007326,0.5885167464114833,False
factors_finance,2,22,3,emotion_aware,47,linear_svm,word_char,0.1,0.1,0.5908880176287097,0.5909090909090909,False
factors_finance,2,22,3,emotion_aware,48,linear_svm,word_char,0.1,0.25,0.599467532691083,0.6004784688995215,False
factors_finance,2,22,3,emotion_aware,49,linear_svm,word_char,0.1,0.5,0.5934577556787118,0.5956937799043063,False
factors_finance,2,22,3,emotion_aware,50,linear_svm,word_char,0.1,1.0,0.5965250965250966,0.5980861244019139,False
factors_finance,2,22,3,emotion_aware,51,linear_svm,word_char,1.0,0.05,0.614653893943645,0.6148325358851674,False
factors_finance,2,22,3,emotion_aware,52,linear_svm,word_char,1.0,0.1,0.614653893943645,0.6148325358851674,False
factors_finance,2,22,3,emotion_aware,53,linear_svm,word_char,1.0,0.25,0.6028617216117216,0.6028708133971292,False
factors_finance,2,22,3,emotion_aware,54,linear_svm,word_char,1.0,0.5,0.6028617216117216,0.6028708133971292,False
factors_finance,2,22,3,emotion_aware,55,linear_svm,word_char,1.0,1.0,0.5956359223578841,0.5956937799043063,False
factors_finance,2,22,3,emotion_aware,56,linear_svm,word_char,10.0,0.05,0.599816550577579,0.6004784688995215,False
factors_finance,2,22,3,emotion_aware,57,linear_svm,word_char,10.0,0.1,0.6147244883354802,0.6148325358851674,False
factors_finance,2,22,3,emotion_aware,58,linear_svm,word_char,10.0,0.25,0.6100277594940331,0.6100478468899522,False
factors_finance,2,22,3,emotion_aware,59,linear_svm,word_char,10.0,0.5,0.6124313186813187,0.6124401913875598,False
factors_finance,2,22,3,emotion_aware,60,linear_svm,word_char,10.0,1.0,0.6076555023923444,0.6076555023923444,False
factors_finance,2,22,4,text_only,1,logistic_regression,word,0.1,,0.6240382687405116,0.6244019138755981,True
factors_finance,2,22,4,text_only,2,logistic_regression,word,1.0,,0.6195105195362817,0.6196172248803828,False
factors_finance,2,22,4,text_only,3,logistic_regression,word,10.0,,0.6075746473713134,0.6076555023923444,False
factors_finance,2,22,4,text_only,4,logistic_regression,word_char,0.1,,0.5979388526279629,0.5980861244019139,False
factors_finance,2,22,4,text_only,5,logistic_regression,word_char,1.0,,0.6122981793198213,0.6124401913875598,False
factors_finance,2,22,4,text_only,6,logistic_regression,word_char,10.0,,0.6124313186813187,0.6124401913875598,False
factors_finance,2,22,4,text_only,7,linear_svm,word,0.1,,0.6219316724674848,0.6220095693779903,False
factors_finance,2,22,4,text_only,8,linear_svm,word,1.0,,0.6124313186813187,0.6124401913875598,False
factors_finance,2,22,4,text_only,9,linear_svm,word,10.0,,0.6051524259338772,0.6052631578947368,False
factors_finance,2,22,4,text_only,10,linear_svm,word_char,0.1,,0.6170846215504409,0.6172248803827751,False
factors_finance,2,22,4,text_only,11,linear_svm,word_char,1.0,,0.6076195709412276,0.6076555023923444,False
factors_finance,2,22,4,text_only,12,linear_svm,word_char,10.0,,0.5836939350230098,0.5837320574162679,False
factors_finance,2,22,4,emotion_aware,1,logistic_regression,word,0.1,0.05,0.6290825819378847,0.6291866028708134,False
factors_finance,2,22,4,emotion_aware,2,logistic_regression,word,0.1,0.1,0.6170056807769837,0.6172248803827751,False
factors_finance,2,22,4,emotion_aware,3,logistic_regression,word,0.1,0.25,0.5784745141180785,0.5789473684210527,False
factors_finance,2,22,4,emotion_aware,4,logistic_regression,word,0.1,0.5,0.5781651376146789,0.5789473684210527,False
factors_finance,2,22,4,emotion_aware,5,logistic_regression,word,0.1,1.0,0.5875725660264794,0.5885167464114833,False
factors_finance,2,22,4,emotion_aware,6,logistic_regression,word,1.0,0.05,0.6099920434576043,0.6100478468899522,False
factors_finance,2,22,4,emotion_aware,7,logistic_regression,word,1.0,0.1,0.629133538257231,0.6291866028708134,True
factors_finance,2,22,4,emotion_aware,8,logistic_regression,word,1.0,0.25,0.6240382687405116,0.6244019138755981,False
factors_finance,2,22,4,emotion_aware,9,logistic_regression,word,1.0,0.5,0.6069266055045872,0.6076555023923444,False
factors_finance,2,22,4,emotion_aware,10,logistic_regression,word,1.0,1.0,0.6070798083316138,0.6076555023923444,False
factors_finance,2,22,4,emotion_aware,11,logistic_regression,word,10.0,0.05,0.6243825658930258,0.6244019138755981,False
factors_finance,2,22,4,emotion_aware,12,logistic_regression,word,10.0,0.1,0.6124401913875598,0.6124401913875598,False
factors_finance,2,22,4,emotion_aware,13,logistic_regression,word,10.0,0.25,0.6076465201465202,0.6076555023923444,False
factors_finance,2,22,4,emotion_aware,14,logistic_regression,word,10.0,0.5,0.6076555023923444,0.6076555023923444,False
factors_finance,2,22,4,emotion_aware,15,logistic_regression,word,10.0,1.0,0.6028708133971292,0.6028708133971292,False
factors_finance,2,22,4,emotion_aware,16,logistic_regression,word_char,0.1,0.05,0.6195105195362817,0.6196172248803828,False
factors_finance,2,22,4,emotion_aware,17,logistic_regression,word_char,0.1,0.1,0.6124401913875598,0.6124401913875598,False
factors_finance,2,22,4,emotion_aware,18,logistic_regression,word_char,0.1,0.25,0.6002931694943399,0.6004784688995215,False
factors_finance,2,22,4,emotion_aware,19,logistic_regression,word_char,0.1,0.5,0.5973394495412844,0.5980861244019139,False
factors_finance,2,22,4,emotion_aware,20,logistic_regression,word_char,0.1,1.0,0.592545871559633,0.5933014354066986,False
factors_finance,2,22,4,emotion_aware,21,logistic_regression,word_char,1.0,0.05,0.6124046981248712,0.6124401913875599,False
factors_finance,2,22,4,emotion_aware,22,logistic_regression,word_char,1.0,0.1,0.6219316724674848,0.6220095693779903,False
factors_finance,2,22,4,emotion_aware,23,logistic_regression,word_char,1.0,0.25,0.6075746473713134,0.6076555023923444,False
factors_finance,2,22,4,emotion_aware,24,logistic_regression,word_char,1.0,0.5,0.6096703044885566,0.6100478468899522,False
factors_finance,2,22,4,emotion_aware,25,logistic_regression,word_char,1.0,1.0,0.614459625905875,0.6148325358851675,False
factors_finance,2,22,4,emotion_aware,26,logistic_regression,word_char,10.0,0.05,0.6172161172161172,0.6172248803827751,False
factors_finance,2,22,4,emotion_aware,27,logistic_regression,word_char,10.0,0.1,0.6099920434576043,0.6100478468899522,False
factors_finance,2,22,4,emotion_aware,28,logistic_regression,word_char,10.0,0.25,0.6052608986796244,0.6052631578947368,False
factors_finance,2,22,4,emotion_aware,29,logistic_regression,word_char,10.0,0.5,0.5909067495407015,0.5909090909090908,False
factors_finance,2,22,4,emotion_aware,30,logistic_regression,word_char,10.0,1.0,0.5909067495407015,0.5909090909090908,False
factors_finance,2,22,4,emotion_aware,31,linear_svm,word,0.1,0.05,0.6219316724674848,0.6220095693779903,False
factors_finance,2,22,4,emotion_aware,32,linear_svm,word,0.1,0.1,0.629133538257231,0.6291866028708134,False
factors_finance,2,22,4,emotion_aware,33,linear_svm,word,0.1,0.25,0.6262466469495839,0.6267942583732058,False
factors_finance,2,22,4,emotion_aware,34,linear_svm,word,0.1,0.5,0.6138579207381099,0.6148325358851674,False
factors_finance,2,22,4,emotion_aware,35,linear_svm,word,0.1,1.0,0.5996513021684646,0.6004784688995215,False
factors_finance,2,22,4,emotion_aware,36,linear_svm,word,1.0,0.05,0.6220095693779905,0.6220095693779905,False
factors_finance,2,22,4,emotion_aware,37,linear_svm,word,1.0,0.1,0.6124401913875598,0.6124401913875598,False
factors_finance,2,22,4,emotion_aware,38,linear_svm,word,1.0,0.25,0.6076465201465202,0.6076555023923444,False
factors_finance,2,22,4,emotion_aware,39,linear_svm,word,1.0,0.5,0.6076555023923444,0.6076555023923444,False
factors_finance,2,22,4,emotion_aware,40,linear_svm,word,1.0,1.0,0.6028617216117216,0.6028708133971292,False
factors_finance,2,22,4,emotion_aware,41,linear_svm,word,10.0,0.05,0.6004212960577908,0.6004784688995215,False
factors_finance,2,22,4,emotion_aware,42,linear_svm,word,10.0,0.1,0.6172161172161172,0.6172248803827751,False
factors_finance,2,22,4,emotion_aware,43,linear_svm,word,10.0,0.25,0.6028708133971292,0.6028708133971292,False
factors_finance,2,22,4,emotion_aware,44,linear_svm,word,10.0,0.5,0.5980769230769231,0.5980861244019139,False
factors_finance,2,22,4,emotion_aware,45,linear_svm,word,10.0,1.0,0.5932921245421245,0.5933014354066986,False
factors_finance,2,22,4,emotion_aware,46,linear_svm,word_char,0.1,0.05,0.6219749524921583,0.6220095693779903,False
factors_finance,2,22,4,emotion_aware,47,linear_svm,word_char,0.1,0.1,0.6242277102431818,0.6244019138755981,False
factors_finance,2,22,4,emotion_aware,48,linear_svm,word_char,0.1,0.25,0.6099920434576043,0.6100478468899522,False
factors_finance,2,22,4,emotion_aware,49,linear_svm,word_char,0.1,0.5,0.6072148881554822,0.6076555023923444,False
factors_finance,2,22,4,emotion_aware,50,linear_svm,word_char,0.1,1.0,0.6214549372950914,0.6220095693779905,False
factors_finance,2,22,4,emotion_aware,51,linear_svm,word_char,1.0,0.05,0.6076465201465202,0.6076555023923444,False
factors_finance,2,22,4,emotion_aware,52,linear_svm,word_char,1.0,0.1,0.6076465201465202,0.6076555023923444,False
factors_finance,2,22,4,emotion_aware,53,linear_svm,word_char,1.0,0.25,0.6004578885613714,0.6004784688995215,False
factors_finance,2,22,4,emotion_aware,54,linear_svm,word_char,1.0,0.5,0.5932921245421245,0.5933014354066986,False
factors_finance,2,22,4,emotion_aware,55,linear_svm,word_char,1.0,1.0,0.5908880176287097,0.5909090909090909,False
factors_finance,2,22,4,emotion_aware,56,linear_svm,word_char,10.0,0.05,0.5837225274725275,0.5837320574162679,False
factors_finance,2,22,4,emotion_aware,57,linear_svm,word_char,10.0,0.1,0.5980769230769231,0.5980861244019139,False
factors_finance,2,22,4,emotion_aware,58,linear_svm,word_char,10.0,0.25,0.5884790622066534,0.5885167464114833,False
factors_finance,2,22,4,emotion_aware,59,linear_svm,word_char,10.0,0.5,0.5980493165739404,0.5980861244019138,False
factors_finance,2,22,4,emotion_aware,60,linear_svm,word_char,10.0,1.0,0.5908880176287097,0.5909090909090909,False
factors_finance,2,22,5,text_only,1,logistic_regression,word,0.1,,0.6194408020934135,0.6196172248803828,False
factors_finance,2,22,5,text_only,2,logistic_regression,word,1.0,,0.6052428240277024,0.6052631578947368,False
factors_finance,2,22,5,text_only,3,logistic_regression,word,10.0,,0.6051524259338772,0.6052631578947368,False
factors_finance,2,22,5,text_only,4,logistic_regression,word_char,0.1,,0.6265805387575591,0.6267942583732058,False
factors_finance,2,22,5,text_only,5,logistic_regression,word_char,1.0,,0.626717347499542,0.6267942583732058,False
factors_finance,2,22,5,text_only,6,logistic_regression,word_char,10.0,,0.6240382687405116,0.6244019138755981,False
factors_finance,2,22,5,text_only,7,linear_svm,word,0.1,,0.6076465201465202,0.6076555023923444,False
factors_finance,2,22,5,text_only,8,linear_svm,word,1.0,,0.5979388526279629,0.5980861244019139,False
factors_finance,2,22,5,text_only,9,linear_svm,word,10.0,,0.5850771446440559,0.5861244019138756,False
factors_finance,2,22,5,text_only,10,linear_svm,word_char,0.1,,0.629133538257231,0.6291866028708134,True
factors_finance,2,22,5,text_only,11,linear_svm,word_char,1.0,,0.614459625905875,0.6148325358851675,False
factors_finance,2,22,5,text_only,12,linear_svm,word_char,10.0,,0.5974963890226288,0.5980861244019139,False
factors_finance,2,22,5,emotion_aware,1,logistic_regression,word,0.1,0.05,0.5979388526279629,0.5980861244019139,False
factors_finance,2,22,5,emotion_aware,2,logistic_regression,word,0.1,0.1,0.581049581049581,0.5813397129186603,False
factors_finance,2,22,5,emotion_aware,3,logistic_regression,word,0.1,0.25,0.5606292971240501,0.562200956937799,False
factors_finance,2,22,5,emotion_aware,4,logistic_regression,word,0.1,0.5,0.5854387020953364,0.5861244019138756,False
factors_finance,2,22,5,emotion_aware,5,logistic_regression,word,0.1,1.0,0.578706248854682,0.5789473684210527,False
factors_finance,2,22,5,emotion_aware,6,logistic_regression,word,1.0,0.05,0.6100277594940331,0.6100478468899522,False
factors_finance,2,22,5,emotion_aware,7,logistic_regression,word,1.0,0.1,0.6002016002016002,0.6004784688995215,False
factors_finance,2,22,5,emotion_aware,8,logistic_regression,word,1.0,0.25,0.6192489473231932,0.6196172248803827,False
factors_finance,2,22,5,emotion_aware,9,logistic_regression,word,1.0,0.5,0.621585075174184,0.6220095693779903,False
factors_finance,2,22,5,emotion_aware,10,logistic_regression,word,1.0,1.0,0.6194408020934135,0.6196172248803828,False
factors_finance,2,22,5,emotion_aware,11,logistic_regression,word,10.0,0.05,0.6075117370892018,0.6076555023923444,False
factors_finance,2,22,5,emotion_aware,12,logistic_regression,word,10.0,0.1,0.6099920434576043,0.6100478468899522,False
factors_finance,2,22,5,emotion_aware,13,logistic_regression,word,10.0,0.25,0.6100456150592652,0.6100478468899522,False
factors_finance,2,22,5,emotion_aware,14,logistic_regression,word,10.0,0.5,0.6052608986796244,0.6052631578947368,False
factors_finance,2,22,5,emotion_aware,15,logistic_regression,word,10.0,1.0,0.6052608986796244,0.6052631578947368,False
factors_finance,2,22,5,emotion_aware,16,logistic_regression,word_char,0.1,0.05,0.6242965507370832,0.6244019138755981,False
factors_finance,2,22,5,emotion_aware,17,logistic_regression,word_char,0.1,0.1,0.5978559648158328,0.5980861244019139,False
factors_finance,2,22,5,emotion_aware,18,logistic_regression,word_char,0.1,0.25,0.5902313182560839,0.5909090909090908,False
factors_finance,2,22,5,emotion_aware,19,logistic_regression,word_char,0.1,0.5,0.5781651376146789,0.5789473684210527,False
factors_finance,2,22,5,emotion_aware,20,logistic_regression,word_char,0.1,1.0,0.5858375858375858,0.5861244019138756,False
factors_finance,2,22,5,emotion_aware,21,logistic_regression,word_char,1.0,0.05,0.6172161172161172,0.6172248803827751,False
factors_finance,2,22,5,emotion_aware,22,logistic_regression,word_char,1.0,0.1,0.6123603224033706,0.6124401913875599,False
factors_finance,2,22,5,emotion_aware,23,logistic_regression,word_char,1.0,0.25,0.6099920434576043,0.6100478468899522,False
factors_finance,2,22,5,emotion_aware,24,logistic_regression,word_char,1.0,0.5,0.6220009157509158,0.6220095693779905,False
factors_finance,2,22,5,emotion_aware,25,logistic_regression,word_char,1.0,1.0,0.6338686131386861,0.6339712918660287,True
factors_finance,2,22,5,emotion_aware,26,logistic_regression,word_char,10.0,0.05,0.6191267571733936,0.6196172248803828,False
factors_finance,2,22,5,emotion_aware,27,logistic_regression,word_char,10.0,0.1,0.6121205178141826,0.6124401913875599,False
factors_finance,2,22,5,emotion_aware,28,logistic_regression,word_char,10.0,0.25,0.6073318822316417,0.6076555023923444,False
factors_finance,2,22,5,emotion_aware,29,logistic_regression,word_char,10.0,0.5,0.6075117370892018,0.6076555023923444,False
factors_finance,2,22,5,emotion_aware,30,logistic_regression,word_char,10.0,1.0,0.6027889723392563,0.6028708133971292,False
factors_finance,2,22,5,emotion_aware,31,linear_svm,word,0.1,0.05,0.6052066697576975,0.6052631578947368,False
factors_finance,2,22,5,emotion_aware,32,linear_svm,word,0.1,0.1,0.6073318822316417,0.6076555023923444,False
factors_finance,2,22,5,emotion_aware,33,linear_svm,word,0.1,0.25,0.6284188732701319,0.6291866028708134,False
factors_finance,2,22,5,emotion_aware,34,linear_svm,word,0.1,0.5,0.621585075174184,0.6220095693779903,False
factors_finance,2,22,5,emotion_aware,35,linear_svm,word,0.1,1.0,0.6147244883354802,0.6148325358851674,False
factors_finance,2,22,5,emotion_aware,36,linear_svm,word,1.0,0.05,0.6098669857938767,0.6100478468899522,False
factors_finance,2,22,5,emotion_aware,37,linear_svm,word,1.0,0.1,0.6123603224033706,0.6124401913875599,False
factors_finance,2,22,5,emotion_aware,38,linear_svm,word,1.0,0.25,0.6195976304266949,0.6196172248803828,False
factors_finance,2,22,5,emotion_aware,39,linear_svm,word,1.0,0.5,0.6148126949603641,0.6148325358851674,False
factors_finance,2,22,5,emotion_aware,40,linear_svm,word,1.0,1.0,0.6124313186813187,0.6124401913875598,False
factors_finance,2,22,5,emotion_aware,41,linear_svm,word,10.0,0.05,0.5879129697136438,0.5885167464114833,False
factors_finance,2,22,5,emotion_aware,42,linear_svm,word,10.0,0.1,0.5979388526279629,0.5980861244019139,False
factors_finance,2,22,5,emotion_aware,43,linear_svm,word,10.0,0.25,0.6098669857938767,0.6100478468899522,False
factors_finance,2,22,5,emotion_aware,44,linear_svm,word,10.0,0.5,0.6122981793198213,0.6124401913875598,False
factors_finance,2,22,5,emotion_aware,45,linear_svm,word,10.0,1.0,0.6122981793198213,0.6124401913875598,False
factors_finance,2,22,5,emotion_aware,46,linear_svm,word_char,0.1,0.05,0.6172161172161172,0.6172248803827751,False
factors_finance,2,22,5,emotion_aware,47,linear_svm,word_char,0.1,0.1,0.6123603224033706,0.6124401913875599,False
factors_finance,2,22,5,emotion_aware,48,linear_svm,word_char,0.1,0.25,0.6076195709412276,0.6076555023923444,False
factors_finance,2,22,5,emotion_aware,49,linear_svm,word_char,0.1,0.5,0.6243481645573243,0.6244019138755981,False
factors_finance,2,22,5,emotion_aware,50,linear_svm,word_char,0.1,1.0,0.6338686131386861,0.6339712918660287,False
factors_finance,2,22,5,emotion_aware,51,linear_svm,word_char,1.0,0.05,0.614459625905875,0.6148325358851675,False
factors_finance,2,22,5,emotion_aware,52,linear_svm,word_char,1.0,0.1,0.6169091533967236,0.6172248803827751,False
factors_finance,2,22,5,emotion_aware,53,linear_svm,word_char,1.0,0.25,0.6097776097776098,0.6100478468899522,False
factors_finance,2,22,5,emotion_aware,54,linear_svm,word_char,1.0,0.5,0.6099384571346786,0.6100478468899522,False
factors_finance,2,22,5,emotion_aware,55,linear_svm,word_char,1.0,1.0,0.6051524259338772,0.6052631578947368,False
factors_finance,2,22,5,emotion_aware,56,linear_svm,word_char,10.0,0.05,0.599816550577579,0.6004784688995215,False
factors_finance,2,22,5,emotion_aware,57,linear_svm,word_char,10.0,0.1,0.6074308227964083,0.6076555023923444,False
factors_finance,2,22,5,emotion_aware,58,linear_svm,word_char,10.0,0.25,0.6170056807769837,0.6172248803827751,False
factors_finance,2,22,5,emotion_aware,59,linear_svm,word_char,10.0,0.5,0.6219316724674848,0.6220095693779903,False
factors_finance,2,22,5,emotion_aware,60,linear_svm,word_char,10.0,1.0,0.6242965507370832,0.6244019138755981,False
factors_finance,3,33,1,text_only,1,logistic_regression,word,0.1,,0.6079895938719468,0.6081730769230769,False
factors_finance,3,33,1,text_only,2,logistic_regression,word,1.0,,0.6081164646797395,0.6081730769230769,False
factors_finance,3,33,1,text_only,3,logistic_regression,word,10.0,,0.6009246417013407,0.6009615384615385,False
factors_finance,3,33,1,text_only,4,logistic_regression,word_char,0.1,,0.6249653259361997,0.625,True
factors_finance,3,33,1,text_only,5,logistic_regression,word_char,1.0,,0.6032530475645494,0.6033653846153846,False
factors_finance,3,33,1,text_only,6,logistic_regression,word_char,10.0,,0.6055412937394482,0.6057692307692308,False
factors_finance,3,33,1,text_only,7,linear_svm,word,0.1,,0.6081164646797395,0.6081730769230769,False
factors_finance,3,33,1,text_only,8,linear_svm,word,1.0,,0.5913367080415135,0.5913461538461539,False
factors_finance,3,33,1,text_only,9,linear_svm,word,10.0,,0.5865002311604253,0.5865384615384615,False
factors_finance,3,33,1,text_only,10,linear_svm,word_char,0.1,,0.6081164646797395,0.6081730769230769,False
factors_finance,3,33,1,text_only,11,linear_svm,word_char,1.0,,0.598276809205771,0.5985576923076923,False
factors_finance,3,33,1,text_only,12,linear_svm,word_char,10.0,,0.5956959389101006,0.5961538461538461,False
factors_finance,3,33,1,emotion_aware,1,logistic_regression,word,0.1,0.05,0.6197616568321185,0.6201923076923077,False
factors_finance,3,33,1,emotion_aware,2,logistic_regression,word,0.1,0.1,0.6127099777373002,0.6129807692307692,False
factors_finance,3,33,1,emotion_aware,3,logistic_regression,word,0.1,0.25,0.5717590450633849,0.5721153846153846,False
factors_finance,3,33,1,emotion_aware,4,logistic_regression,word,0.1,0.5,0.5977185210920988,0.5985576923076923,False
factors_finance,3,33,1,emotion_aware,5,logistic_regression,word,0.1,1.0,0.5759429153924567,0.5769230769230769,False
factors_finance,3,33,1,emotion_aware,6,logistic_regression,word,1.0,0.05,0.6127099777373002,0.6129807692307692,False
factors_finance,3,33,1,emotion_aware,7,logistic_regression,word,1.0,0.1,0.6248612652608213,0.625,False
factors_finance,3,33,1,emotion_aware,8,logistic_regression,word,1.0,0.25,0.6318520189487931,0.6322115384615384,False
factors_finance,3,33,1,emotion_aware,9,logistic_regression,word,1.0,0.5,0.6321073713780367,0.6322115384615385,False
factors_finance,3,33,1,emotion_aware,10,logistic_regression,word,1.0,1.0,0.6345815996301434,0.6346153846153846,False
factors_finance,3,33,1,emotion_aware,11,logistic_regression,word,10.0,0.05,0.608062101533464,0.6081730769230769,False
factors_finance,3,33,1,emotion_aware,12,logistic_regression,word,10.0,0.1,0.6177685831017007,0.6177884615384616,False
factors_finance,3,33,1,emotion_aware,13,logistic_regression,word,10.0,0.25,0.6105409153952843,0.6105769230769231,False
factors_finance,3,33,1,emotion_aware,14,logistic_regression,word,10.0,0.5,0.6225416254890742,0.6225961538461539,False
factors_finance,3,33,1,emotion_aware,15,logistic_regression,word,10.0,1.0,0.6153757252155421,0.6153846153846154,False
factors_finance,3,33,1,emotion_aware,16,logistic_regression,word_char,0.1,0.05,0.6321924101544667,0.6322115384615384,False
factors_finance,3,33,1,emotion_aware,17,logistic_regression,word_char,0.1,0.1,0.6345815996301434,0.6346153846153846,False
factors_finance,3,33,1,emotion_aware,18,logistic_regression,word_char,0.1,0.25,0.5863854975952645,0.5865384615384615,False
factors_finance,3,33,1,emotion_aware,19,logistic_regression,word_char,0.1,0.5,0.6027019048776676,0.6033653846153846,False
factors_finance,3,33,1,emotion_aware,20,logistic_regression,word_char,0.1,1.0,0.5884071723244094,0.5889423076923077,False
factors_finance,3,33,1,emotion_aware,21,logistic_regression,word_char,1.0,0.05,0.6369164253469513,0.6370192307692308,False
factors_finance,3,33,1,emotion_aware,22,logistic_regression,word_char,1.0,0.1,0.6322094131923377,0.6322115384615384,False
factors_finance,3,33,1,emotion_aware,23,logistic_regression,word_char,1.0,0.25,0.6610087209806335,0.6610576923076923,False
factors_finance,3,33,1,emotion_aware,24,logistic_regression,word_char,1.0,0.5,0.6441567448849844,0.6442307692307692,False
factors_finance,3,33,1,emotion_aware,25,logistic_regression,word_char,1.0,1.0,0.6322094131923377,0.6322115384615384,False
factors_finance,3,33,1,emotion_aware,26,logistic_regression,word_char,10.0,0.05,0.6104328523862375,0.6105769230769231,False
factors_finance,3,33,1,emotion_aware,27,logistic_regression,word_char,10.0,0.1,0.6153490522422561,0.6153846153846154,False
factors_finance,3,33,1,emotion_aware,28,logistic_regression,word_char,10.0,0.25,0.6248612652608213,0.625,False
factors_finance,3,33,1,emotion_aware,29,logistic_regression,word_char,10.0,0.5,0.6224892634402076,0.6225961538461537,False
factors_finance,3,33,1,emotion_aware,30,logistic_regression,word_char,10.0,1.0,0.6225416254890742,0.6225961538461539,False
factors_finance,3,33,1,emotion_aware,31,linear_svm,word,0.1,0.05,0.6197616568321185,0.6201923076923077,False
factors_finance,3,33,1,emotion_aware,32,linear_svm,word,0.1,0.1,0.6297306669749162,0.6298076923076923,False
factors_finance,3,33,1,emotion_aware,33,linear_svm,word,0.1,0.25,0.6314427169286894,0.6322115384615385,False
factors_finance,3,33,1,emotion_aware,34,linear_svm,word,0.1,0.5,0.624783181849719,0.625,False
factors_finance,3,33,1,emotion_aware,35,linear_svm,word,0.1,1.0,0.6248612652608213,0.625,False
factors_finance,3,33,1,emotion_aware,36,linear_svm,word,1.0,0.05,0.6008785111547799,0.6009615384615385,False
factors_finance,3,33,1,emotion_aware,37,linear_svm,word,1.0,0.1,0.6081526983998566,0.6081730769230769,False
factors_finance,3,33,1,emotion_aware,38,linear_svm,word,1.0,0.25,0.6201835286503479,0.6201923076923077,False
factors_finance,3,33,1,emotion_aware,39,linear_svm,word,1.0,0.5,0.6177685831017007,0.6177884615384616,False
factors_finance,3,33,1,emotion_aware,40,linear_svm,word,1.0,1.0,0.6153490522422561,0.6153846153846154,False
factors_finance,3,33,1,emotion_aware,41,linear_svm,word,10.0,0.05,0.5985368136980127,0.5985576923076923,False
factors_finance,3,33,1,emotion_aware,42,linear_svm,word,10.0,0.1,0.6008139104698483,0.6009615384615385,False
factors_finance,3,33,1,emotion_aware,43,linear_svm,word,10.0,0.25,0.6081526983998566,0.6081730769230769,False
factors_finance,3,33,1,emotion_aware,44,linear_svm,word,10.0,0.5,0.6009246417013407,0.6009615384615385,False
factors_finance,3,33,1,emotion_aware,45,linear_svm,word,10.0,1.0,0.5984996908068496,0.5985576923076923,False
factors_finance,3,33,1,emotion_aware,46,linear_svm,word_char,0.1,0.05,0.6297734627831715,0.6298076923076923,False
factors_finance,3,33,1,emotion_aware,47,linear_svm,word_char,0.1,0.1,0.6370003525053887,0.6370192307692308,False
factors_finance,3,33,1,emotion_aware,48,linear_svm,word_char,0.1,0.25,0.6657707491604385,0.6658653846153846,True
factors_finance,3,33,1,emotion_aware,49,linear_svm,word_char,0.1,0.5,0.6465345332847804,0.6466346153846154,False
factors_finance,3,33,1,emotion_aware,50,linear_svm,word_char,0.1,1.0,0.6370171332813268,0.6370192307692307,False
factors_finance,3,33,1,emotion_aware,51,linear_svm,word_char,1.0,0.05,0.6007308217118805,0.6009615384615384,False
factors_finance,3,33,1,emotion_aware,52,linear_svm,word_char,1.0,0.1,0.6201132817015373,0.6201923076923077,False
factors_finance,3,33,1,emotion_aware,53,linear_svm,word_char,1.0,0.25,0.6175210339144765,0.6177884615384616,False
factors_finance,3,33,1,emotion_aware,54,linear_svm,word_char,1.0,0.5,0.6149485132477149,0.6153846153846154,False
factors_finance,3,33,1,emotion_aware,55,linear_svm,word_char,1.0,1.0,0.6149485132477149,0.6153846153846154,False
factors_finance,3,33,1,emotion_aware,56,linear_svm,word_char,10.0,0.05,0.5978861703913363,0.5985576923076923,False
factors_finance,3,33,1,emotion_aware,57,linear_svm,word_char,10.0,0.1,0.6030878653829473,0.6033653846153846,False
factors_finance,3,33,1,emotion_aware,58,linear_svm,word_char,10.0,0.25,0.6101353696633114,0.6105769230769231,False
factors_finance,3,33,1,emotion_aware,59,linear_svm,word_char,10.0,0.5,0.6126024513121288,0.6129807692307693,False
factors_finance,3,33,1,emotion_aware,60,linear_svm,word_char,10.0,1.0,0.6126024513121288,0.6129807692307693,False
factors_finance,3,33,2,text_only,1,logistic_regression,word,0.1,,0.5905130188192833,0.5909090909090909,False
factors_finance,3,33,2,text_only,2,logistic_regression,word,1.0,,0.5854387020953364,0.5861244019138756,False
factors_finance,3,33,2,text_only,3,logistic_regression,word,10.0,,0.5635942268419725,0.5645933014354068,False
factors_finance,3,33,2,text_only,4,logistic_regression,word_char,0.1,,0.5977546110665597,0.5980861244019139,True
factors_finance,3,33,2,text_only,5,logistic_regression,word_char,1.0,,0.5857236974019651,0.5861244019138756,False
factors_finance,3,33,2,text_only,6,logistic_regression,word_char,10.0,,0.5712181731700468,0.5717703349282297,False
factors_finance,3,33,2,text_only,7,linear_svm,word,0.1,,0.5854387020953364,0.5861244019138756,False
factors_finance,3,33,2,text_only,8,linear_svm,word,1.0,,0.5642341619887731,0.5645933014354068,False
factors_finance,3,33,2,text_only,9,linear_svm,word,10.0,,0.5593142647598093,0.5598086124401913,False
factors_finance,3,33,2,text_only,10,linear_svm,word_char,0.1,,0.5857236974019651,0.5861244019138756,False
factors_finance,3,33,2,text_only,11,linear_svm,word_char,1.0,,0.5666855666855667,0.5669856459330144,False
factors_finance,3,33,2,text_only,12,linear_svm,word_char,10.0,,0.5639544214411811,0.5645933014354068,False
factors_finance,3,33,2,emotion_aware,1,logistic_regression,word,0.1,0.05,0.5953023402366016,0.5956937799043063,False
factors_finance,3,33,2,emotion_aware,2,logistic_regression,word,0.1,0.1,0.5645833333333333,0.5645933014354068,False
factors_finance,3,33,2,emotion_aware,3,logistic_regression,word,0.1,0.25,0.5358745421245421,0.5358851674641149,False
factors_finance,3,33,2,emotion_aware,4,logistic_regression,word,0.1,0.5,0.5574137348832151,0.5574162679425838,False
factors_finance,3,33,2,emotion_aware,5,logistic_regression,word,0.1,1.0,0.5758534697738412,0.5765550239234449,False
factors_finance,3,33,2,emotion_aware,6,logistic_regression,word,1.0,0.05,0.5977546110665597,0.5980861244019139,False
factors_finance,3,33,2,emotion_aware,7,logistic_regression,word,1.0,0.1,0.6002016002016002,0.6004784688995215,False
factors_finance,3,33,2,emotion_aware,8,logistic_regression,word,1.0,0.25,0.5852675166176311,0.5861244019138756,False
factors_finance,3,33,2,emotion_aware,9,logistic_regression,word,1.0,0.5,0.6036092991177907,0.605263157894737,False
factors_finance,3,33,2,emotion_aware,10,logistic_regression,word,1.0,1.0,0.5919562670831706,0.5933014354066986,False
factors_finance,3,33,2,emotion_aware,11,logistic_regression,word,10.0,0.05,0.5928447011367803,0.5933014354066986,False
factors_finance,3,33,2,emotion_aware,12,logistic_regression,word,10.0,0.1,0.581049581049581,0.5813397129186603,False
factors_finance,3,33,2,emotion_aware,13,logistic_regression,word,10.0,0.25,0.5662682374523462,0.5669856459330143,False
factors_finance,3,33,2,emotion_aware,14,logistic_regression,word,10.0,0.5,0.5685779816513762,0.569377990430622,False
factors_finance,3,33,2,emotion_aware,15,logistic_regression,word,10.0,1.0,0.5635942268419725,0.5645933014354068,False
factors_finance,3,33,2,emotion_aware,16,logistic_regression,word_char,0.1,0.05,0.5883659681667239,0.5885167464114832,False
factors_finance,3,33,2,emotion_aware,17,logistic_regression,word_char,0.1,0.1,0.5789088078393663,0.5789473684210527,False
factors_finance,3,33,2,emotion_aware,18,logistic_regression,word_char,0.1,0.25,0.5430595857442924,0.5430622009569378,False
factors_finance,3,33,2,emotion_aware,19,logistic_regression,word_char,0.1,0.5,0.5454441391941391,0.5454545454545454,False
factors_finance,3,33,2,emotion_aware,20,logistic_regression,word_char,0.1,1.0,0.588054638797213,0.5885167464114833,False
factors_finance,3,33,2,emotion_aware,21,logistic_regression,word_char,1.0,0.05,0.5764362387290682,0.5765550239234449,False
factors_finance,3,33,2,emotion_aware,22,logistic_regression,word_char,1.0,0.1,0.5836939350230098,0.5837320574162679,False
factors_finance,3,33,2,emotion_aware,23,logistic_regression,word_char,1.0,0.25,0.5905130188192833,0.5909090909090909,False
factors_finance,3,33,2,emotion_aware,24,logistic_regression,word_char,1.0,0.5,0.5985461488472134,0.6004784688995215,False
factors_finance,3,33,2,emotion_aware,25,logistic_regression,word_char,1.0,1.0,0.6084140348860599,0.6100478468899522,False
factors_finance,3,33,2,emotion_aware,26,logistic_regression,word_char,10.0,0.05,0.5900621118012422,0.5909090909090908,False
factors_finance,3,33,2,emotion_aware,27,logistic_regression,word_char,10.0,0.1,0.5833887043189369,0.5837320574162679,False
factors_finance,3,33,2,emotion_aware,28,logistic_regression,word_char,10.0,0.25,0.5973394495412844,0.5980861244019139,False
factors_finance,3,33,2,emotion_aware,29,logistic_regression,word_char,10.0,0.5,0.5946707366754073,0.5956937799043063,False
factors_finance,3,33,2,emotion_aware,30,logistic_regression,word_char,10.0,1.0,0.599467532691083,0.6004784688995215,False
factors_finance,3,33,2,emotion_aware,31,linear_svm,word,0.1,0.05,0.5955062613445715,0.5956937799043063,False
factors_finance,3,33,2,emotion_aware,32,linear_svm,word,0.1,0.1,0.5953023402366016,0.5956937799043063,False
factors_finance,3,33,2,emotion_aware,33,linear_svm,word,0.1,0.25,0.5902313182560839,0.5909090909090908,False
factors_finance,3,33,2,emotion_aware,34,linear_svm,word,0.1,0.5,0.6157381871667587,0.6172248803827751,True
factors_finance,3,33,2,emotion_aware,35,linear_svm,word,0.1,1.0,0.5914683224100264,0.5933014354066986,False
factors_finance,3,33,2,emotion_aware,36,linear_svm,word,1.0,0.05,0.581049581049581,0.5813397129186603,False
factors_finance,3,33,2,emotion_aware,37,linear_svm,word,1.0,0.1,0.5858375858375858,0.5861244019138756,False
factors_finance,3,33,2,emotion_aware,38,linear_svm,word,1.0,0.25,0.5664273147697121,0.5669856459330144,False
factors_finance,3,33,2,emotion_aware,39,linear_svm,word,1.0,0.5,0.5593142647598093,0.5598086124401913,False
factors_finance,3,33,2,emotion_aware,40,linear_svm,word,1.0,1.0,0.5568455979690428,0.5574162679425837,False
factors_finance,3,33,2,emotion_aware,41,linear_svm,word,10.0,0.05,0.5541972477064221,0.5550239234449761,False
factors_finance,3,33,2,emotion_aware,42,linear_svm,word,10.0,0.1,0.5594455264062321,0.5598086124401913,False
factors_finance,3,33,2,emotion_aware,43,linear_svm,word,10.0,0.25,0.5736844517785111,0.5741626794258373,False
factors_finance,3,33,2,emotion_aware,44,linear_svm,word,10.0,0.5,0.5662682374523462,0.5669856459330143,False
factors_finance,3,33,2,emotion_aware,45,linear_svm,word,10.0,1.0,0.5712181731700468,0.5717703349282297,False
factors_finance,3,33,2,emotion_aware,46,linear_svm,word_char,0.1,0.05,0.5788605971789704,0.5789473684210527,False
factors_finance,3,33,2,emotion_aware,47,linear_svm,word_char,0.1,0.1,0.5836939350230098,0.5837320574162679,False
factors_finance,3,33,2,emotion_aware,48,linear_svm,word_char,0.1,0.25,0.5973394495412844,0.5980861244019139,False
factors_finance,3,33,2,emotion_aware,49,linear_svm,word_char,0.1,0.5,0.600814617083947,0.6028708133971292,False
factors_finance,3,33,2,emotion_aware,50,linear_svm,word_char,0.1,1.0,0.6084140348860599,0.6100478468899522,False
factors_finance,3,33,2,emotion_aware,51,linear_svm,word_char,1.0,0.05,0.5712181731700468,0.5717703349282297,False
factors_finance,3,33,2,emotion_aware,52,linear_svm,word_char,1.0,0.1,0.5691313908741067,0.569377990430622,False
factors_finance,3,33,2,emotion_aware,53,linear_svm,word_char,1.0,0.25,0.5879129697136438,0.5885167464114833,False
factors_finance,3,33,2,emotion_aware,54,linear_svm,word_char,1.0,0.5,0.5902313182560839,0.5909090909090908,False
factors_finance,3,33,2,emotion_aware,55,linear_svm,word_char,1.0,1.0,0.5879129697136438,0.5885167464114833,False
factors_finance,3,33,2,emotion_aware,56,linear_svm,word_char,10.0,0.05,0.5594455264062321,0.5598086124401913,False
factors_finance,3,33,2,emotion_aware,57,linear_svm,word_char,10.0,0.1,0.5736844517785111,0.5741626794258373,False
factors_finance,3,33,2,emotion_aware,58,linear_svm,word_char,10.0,0.25,0.5807998899707162,0.5813397129186603,False
factors_finance,3,33,2,emotion_aware,59,linear_svm,word_char,10.0,0.5,0.5829587155963303,0.583732057416268,False
factors_finance,3,33,2,emotion_aware,60,linear_svm,word_char,10.0,1.0,0.5806460859345888,0.5813397129186604,False
factors_finance,3,33,3,text_only,1,logistic_regression,word,0.1,,0.6291675013593567,0.6291866028708134,False
factors_finance,3,33,3,text_only,2,logistic_regression,word,1.0,,0.6074308227964083,0.6076555023923444,False
factors_finance,3,33,3,text_only,3,logistic_regression,word,10.0,,0.6240382687405116,0.6244019138755981,False
factors_finance,3,33,3,text_only,4,logistic_regression,word_char,0.1,,0.6217931097672714,0.6220095693779905,False
factors_finance,3,33,3,text_only,5,logistic_regression,word_char,1.0,,0.6310383566040764,0.631578947368421,True
factors_finance,3,33,3,text_only,6,logistic_regression,word_char,10.0,,0.6192489473231932,0.6196172248803827,False
factors_finance,3,33,3,text_only,7,linear_svm,word,0.1,,0.6122981793198213,0.6124401913875598,False
factors_finance,3,33,3,text_only,8,linear_svm,word,1.0,,0.62882759015783,0.6291866028708134,False
factors_finance,3,33,3,text_only,9,linear_svm,word,10.0,,0.5932641893902969,0.5933014354066986,False
factors_finance,3,33,3,text_only,10,linear_svm,word_char,0.1,,0.6262466469495839,0.6267942583732058,False
factors_finance,3,33,3,text_only,11,linear_svm,word_char,1.0,,0.6219749524921583,0.6220095693779903,False
factors_finance,3,33,3,text_only,12,linear_svm,word_char,10.0,,0.614653893943645,0.6148325358851674,False
factors_finance,3,33,3,emotion_aware,1,logistic_regression,word,0.1,0.05,0.6267942583732058,0.6267942583732058,False
factors_finance,3,33,3,emotion_aware,2,logistic_regression,word,0.1,0.1,0.6051524259338772,0.6052631578947368,False
factors_finance,3,33,3,emotion_aware,3,logistic_regression,word,0.1,0.25,0.5833887043189369,0.5837320574162679,False
factors_finance,3,33,3,emotion_aware,4,logistic_regression,word,0.1,0.5,0.5687461310956737,0.569377990430622,False
factors_finance,3,33,3,emotion_aware,5,logistic_regression,word,0.1,1.0,0.5429968116589104,0.5430622009569378,False
factors_finance,3,33,3,emotion_aware,6,logistic_regression,word,1.0,0.05,0.6195627908574176,0.6196172248803827,False
factors_finance,3,33,3,emotion_aware,7,logistic_regression,word,1.0,0.1,0.6196150478185471,0.6196172248803828,False
factors_finance,3,33,3,emotion_aware,8,logistic_regression,word,1.0,0.25,0.6100277594940331,0.6100478468899522,False
factors_finance,3,33,3,emotion_aware,9,logistic_regression,word,1.0,0.5,0.6052608986796244,0.6052631578947368,False
factors_finance,3,33,3,emotion_aware,10,logistic_regression,word,1.0,1.0,0.5980493165739404,0.5980861244019138,False
factors_finance,3,33,3,emotion_aware,11,logistic_regression,word,10.0,0.05,0.6311651998533186,0.631578947368421,False
factors_finance,3,33,3,emotion_aware,12,logistic_regression,word,10.0,0.1,0.6217931097672714,0.6220095693779905,False
factors_finance,3,33,3,emotion_aware,13,logistic_regression,word,10.0,0.25,0.6193536193536193,0.6196172248803828,False
factors_finance,3,33,3,emotion_aware,14,logistic_regression,word,10.0,0.5,0.6362886975636564,0.6363636363636364,False
factors_finance,3,33,3,emotion_aware,15,logistic_regression,word,10.0,1.0,0.6338686131386861,0.6339712918660287,False
factors_finance,3,33,3,emotion_aware,16,logistic_regression,word_char,0.1,0.05,0.6219316724674848,0.6220095693779903,False
factors_finance,3,33,3,emotion_aware,17,logistic_regression,word_char,0.1,0.1,0.6004578885613714,0.6004784688995215,False
factors_finance,3,33,3,emotion_aware,18,logistic_regression,word_char,0.1,0.25,0.5954135954135954,0.5956937799043063,False
factors_finance,3,33,3,emotion_aware,19,logistic_regression,word_char,0.1,0.5,0.6021330275229357,0.6028708133971292,False
factors_finance,3,33,3,emotion_aware,20,logistic_regression,word_char,0.1,1.0,0.5572109961464244,0.5574162679425838,False
factors_finance,3,33,3,emotion_aware,21,logistic_regression,word_char,1.0,0.05,0.6193536193536193,0.6196172248803828,False
factors_finance,3,33,3,emotion_aware,22,logistic_regression,word_char,1.0,0.1,0.6169091533967236,0.6172248803827751,False
factors_finance,3,33,3,emotion_aware,23,logistic_regression,word_char,1.0,0.25,0.6218710637810603,0.6220095693779905,False
factors_finance,3,33,3,emotion_aware,24,logistic_regression,word_char,1.0,0.5,0.636330334043089,0.6363636363636365,True
factors_finance,3,33,3,emotion_aware,25,logistic_regression,word_char,1.0,1.0,0.6193536193536193,0.6196172248803828,False
factors_finance,3,33,3,emotion_aware,26,logistic_regression,word_char,10.0,0.05,0.6217931097672714,0.6220095693779905,False
factors_finance,3,33,3,emotion_aware,27,logistic_regression,word_char,10.0,0.1,0.6147244883354802,0.6148325358851674,False
factors_finance,3,33,3,emotion_aware,28,logistic_regression,word_char,10.0,0.25,0.6315030225315992,0.631578947368421,False
factors_finance,3,33,3,emotion_aware,29,logistic_regression,word_char,10.0,0.5,0.6289296289296289,0.6291866028708134,False
factors_finance,3,33,3,emotion_aware,30,logistic_regression,word_char,10.0,1.0,0.6216977889792645,0.6220095693779903,False
factors_finance,3,33,3,emotion_aware,31,linear_svm,word,0.1,0.05,0.6171459974354276,0.6172248803827751,False
factors_finance,3,33,3,emotion_aware,32,linear_svm,word,0.1,0.1,0.6148303314389061,0.6148325358851674,False
factors_finance,3,33,3,emotion_aware,33,linear_svm,word,0.1,0.25,0.6027889723392563,0.6028708133971292,False
factors_finance,3,33,3,emotion_aware,34,linear_svm,word,0.1,0.5,0.6076465201465202,0.6076555023923444,False
factors_finance,3,33,3,emotion_aware,35,linear_svm,word,0.1,1.0,0.5909067495407015,0.5909090909090908,False
factors_finance,3,33,3,emotion_aware,36,linear_svm,word,1.0,0.05,0.6359552621928859,0.6363636363636365,False
factors_finance,3,33,3,emotion_aware,37,linear_svm,word,1.0,0.1,0.6216977889792645,0.6220095693779903,False
factors_finance,3,33,3,emotion_aware,38,linear_svm,word,1.0,0.25,0.621585075174184,0.6220095693779903,False
factors_finance,3,33,3,emotion_aware,39,linear_svm,word,1.0,0.5,0.6361553967381345,0.6363636363636364,False
factors_finance,3,33,3,emotion_aware,40,linear_svm,word,1.0,1.0,0.6361553967381345,0.6363636363636364,False
factors_finance,3,33,3,emotion_aware,41,linear_svm,word,10.0,0.05,0.6003663947330757,0.6004784688995215,False
factors_finance,3,33,3,emotion_aware,42,linear_svm,word,10.0,0.1,0.6024248258159148,0.6028708133971292,False
factors_finance,3,33,3,emotion_aware,43,linear_svm,word,10.0,0.25,0.6143358987730589,0.6148325358851674,False
factors_finance,3,33,3,emotion_aware,44,linear_svm,word,10.0,0.5,0.6166632276405989,0.6172248803827751,False
factors_finance,3,33,3,emotion_aware,45,linear_svm,word,10.0,1.0,0.6166632276405989,0.6172248803827751,False
factors_finance,3,33,3,emotion_aware,46,linear_svm,word_char,0.1,0.05,0.6193536193536193,0.6196172248803828,False
factors_finance,3,33,3,emotion_aware,47,linear_svm,word_char,0.1,0.1,0.6193536193536193,0.6196172248803828,False
factors_finance,3,33,3,emotion_aware,48,linear_svm,word_char,0.1,0.25,0.6243481645573243,0.6244019138755981,False
factors_finance,3,33,3,emotion_aware,49,linear_svm,word_char,0.1,0.5,0.6196150478185471,0.6196172248803828,False
factors_finance,3,33,3,emotion_aware,50,linear_svm,word_char,0.1,1.0,0.6193536193536193,0.6196172248803828,False
factors_finance,3,33,3,emotion_aware,51,linear_svm,word_char,1.0,0.05,0.614653893943645,0.6148325358851674,False
factors_finance,3,33,3,emotion_aware,52,linear_svm,word_char,1.0,0.1,0.6193536193536193,0.6196172248803828,False
factors_finance,3,33,3,emotion_aware,53,linear_svm,word_char,1.0,0.25,0.614653893943645,0.6148325358851674,False
factors_finance,3,33,3,emotion_aware,54,linear_svm,word_char,1.0,0.5,0.6315452068594455,0.631578947368421,False
factors_finance,3,33,3,emotion_aware,55,linear_svm,word_char,1.0,1.0,0.6338686131386861,0.6339712918660287,False
factors_finance,3,33,3,emotion_aware,56,linear_svm,word_char,10.0,0.05,0.6170846215504409,0.6172248803827751,False
factors_finance,3,33,3,emotion_aware,57,linear_svm,word_char,10.0,0.1,0.6095450403727242,0.6100478468899522,False
factors_finance,3,33,3,emotion_aware,58,linear_svm,word_char,10.0,0.25,0.6169091533967236,0.6172248803827751,False
factors_finance,3,33,3,emotion_aware,59,linear_svm,word_char,10.0,0.5,0.6170056807769837,0.6172248803827751,False
factors_finance,3,33,3,emotion_aware,60,linear_svm,word_char,10.0,1.0,0.6170056807769837,0.6172248803827751,False
factors_finance,3,33,4,text_only,1,logistic_regression,word,0.1,,0.6047541819723896,0.6052631578947368,False
factors_finance,3,33,4,text_only,2,logistic_regression,word,1.0,,0.6002016002016002,0.6004784688995215,False
factors_finance,3,33,4,text_only,3,logistic_regression,word,10.0,,0.5764362387290682,0.5765550239234449,False
factors_finance,3,33,4,text_only,4,logistic_regression,word_char,0.1,,0.6242965507370832,0.6244019138755981,True
factors_finance,3,33,4,text_only,5,logistic_regression,word_char,1.0,,0.609240492535687,0.6100478468899522,False
factors_finance,3,33,4,text_only,6,logistic_regression,word_char,10.0,,0.599816550577579,0.6004784688995215,False
factors_finance,3,33,4,text_only,7,linear_svm,word,0.1,,0.5953023402366016,0.5956937799043063,False
factors_finance,3,33,4,text_only,8,linear_svm,word,1.0,,0.581279801258164,0.5813397129186603,False
factors_finance,3,33,4,text_only,9,linear_svm,word,10.0,,0.5666855666855667,0.5669856459330144,False
factors_finance,3,33,4,text_only,10,linear_svm,word_char,0.1,,0.6094017828990741,0.6100478468899522,False
factors_finance,3,33,4,text_only,11,linear_svm,word_char,1.0,,0.5980032973071991,0.5980861244019139,False
factors_finance,3,33,4,text_only,12,linear_svm,word_char,10.0,,0.5980032973071991,0.5980861244019139,False
factors_finance,3,33,4,emotion_aware,1,logistic_regression,word,0.1,0.05,0.6025432466491007,0.6028708133971292,False
factors_finance,3,33,4,emotion_aware,2,logistic_regression,word,0.1,0.1,0.5932641893902969,0.5933014354066986,False
factors_finance,3,33,4,emotion_aware,3,logistic_regression,word,0.1,0.25,0.5594455264062321,0.5598086124401913,False
factors_finance,3,33,4,emotion_aware,4,logistic_regression,word,0.1,0.5,0.5619979042961928,0.562200956937799,False
factors_finance,3,33,4,emotion_aware,5,logistic_regression,word,0.1,1.0,0.5852675166176311,0.5861244019138756,False
factors_finance,3,33,4,emotion_aware,6,logistic_regression,word,1.0,0.05,0.5978559648158328,0.5980861244019139,False
factors_finance,3,33,4,emotion_aware,7,logistic_regression,word,1.0,0.1,0.5928447011367803,0.5933014354066986,False
factors_finance,3,33,4,emotion_aware,8,logistic_regression,word,1.0,0.25,0.5980032973071991,0.5980861244019139,False
factors_finance,3,33,4,emotion_aware,9,logistic_regression,word,1.0,0.5,0.6003663947330757,0.6004784688995215,False
factors_finance,3,33,4,emotion_aware,10,logistic_regression,word,1.0,1.0,0.5978559648158328,0.5980861244019139,False
factors_finance,3,33,4,emotion_aware,11,logistic_regression,word,10.0,0.05,0.5692892471148562,0.569377990430622,False
factors_finance,3,33,4,emotion_aware,12,logistic_regression,word,10.0,0.1,0.566923680158444,0.5669856459330144,False
factors_finance,3,33,4,emotion_aware,13,logistic_regression,word,10.0,0.25,0.566923680158444,0.5669856459330144,False
factors_finance,3,33,4,emotion_aware,14,logistic_regression,word,10.0,0.5,0.5572921139258623,0.5574162679425838,False
factors_finance,3,33,4,emotion_aware,15,logistic_regression,word,10.0,1.0,0.5595565328935312,0.5598086124401914,False
factors_finance,3,33,4,emotion_aware,16,logistic_regression,word_char,0.1,0.05,0.6145656145656146,0.6148325358851674,True
factors_finance,3,33,4,emotion_aware,17,logistic_regression,word_char,0.1,0.1,0.5977546110665597,0.5980861244019139,False
factors_finance,3,33,4,emotion_aware,18,logistic_regression,word_char,0.1,0.25,0.5902313182560839,0.5909090909090908,False
factors_finance,3,33,4,emotion_aware,19,logistic_regression,word_char,0.1,0.5,0.5857236974019651,0.5861244019138756,False
factors_finance,3,33,4,emotion_aware,20,logistic_regression,word_char,0.1,1.0,0.5950239344168315,0.5956937799043063,False
factors_finance,3,33,4,emotion_aware,21,logistic_regression,word_char,1.0,0.05,0.606755237374085,0.6076555023923444,False
factors_finance,3,33,4,emotion_aware,22,logistic_regression,word_char,1.0,0.1,0.6096703044885566,0.6100478468899522,False
factors_finance,3,33,4,emotion_aware,23,logistic_regression,word_char,1.0,0.25,0.5929659754840187,0.5933014354066986,False
factors_finance,3,33,4,emotion_aware,24,logistic_regression,word_char,1.0,0.5,0.5929659754840187,0.5933014354066986,False
factors_finance,3,33,4,emotion_aware,25,logistic_regression,word_char,1.0,1.0,0.599816550577579,0.6004784688995215,False
factors_finance,3,33,4,emotion_aware,26,logistic_regression,word_char,10.0,0.05,0.5973394495412844,0.5980861244019139,False
factors_finance,3,33,4,emotion_aware,27,logistic_regression,word_char,10.0,0.1,0.5923682338633809,0.5933014354066986,False
factors_finance,3,33,4,emotion_aware,28,logistic_regression,word_char,10.0,0.25,0.5999633235720548,0.6004784688995215,False
factors_finance,3,33,4,emotion_aware,29,logistic_regression,word_char,10.0,0.5,0.5950239344168315,0.5956937799043063,False
factors_finance,3,33,4,emotion_aware,30,logistic_regression,word_char,10.0,1.0,0.599467532691083,0.6004784688995215,False
factors_finance,3,33,4,emotion_aware,31,linear_svm,word,0.1,0.05,0.60009166165392,0.6004784688995215,False
factors_finance,3,33,4,emotion_aware,32,linear_svm,word,0.1,0.1,0.5977546110665597,0.5980861244019139,False
factors_finance,3,33,4,emotion_aware,33,linear_svm,word,0.1,0.25,0.6002016002016002,0.6004784688995215,False
factors_finance,3,33,4,emotion_aware,34,linear_svm,word,0.1,0.5,0.5978559648158328,0.5980861244019139,False
factors_finance,3,33,4,emotion_aware,35,linear_svm,word,0.1,1.0,0.5929659754840187,0.5933014354066986,False
factors_finance,3,33,4,emotion_aware,36,linear_svm,word,1.0,0.05,0.5741236806557226,0.5741626794258373,False
factors_finance,3,33,4,emotion_aware,37,linear_svm,word,1.0,0.1,0.5693385534720792,0.569377990430622,False
factors_finance,3,33,4,emotion_aware,38,linear_svm,word,1.0,0.25,0.569220199244246,0.569377990430622,False
factors_finance,3,33,4,emotion_aware,39,linear_svm,word,1.0,0.5,0.5618975618975619,0.562200956937799,False
factors_finance,3,33,4,emotion_aware,40,linear_svm,word,1.0,1.0,0.5547691039032435,0.5550239234449761,False
factors_finance,3,33,4,emotion_aware,41,linear_svm,word,10.0,0.05,0.5525060827250609,0.5526315789473684,False
factors_finance,3,33,4,emotion_aware,42,linear_svm,word,10.0,0.1,0.5476371798468876,0.5478468899521531,False
factors_finance,3,33,4,emotion_aware,43,linear_svm,word,10.0,0.25,0.5356193879420927,0.5358851674641149,False
factors_finance,3,33,4,emotion_aware,44,linear_svm,word,10.0,0.5,0.5381479891226564,0.5382775119617225,False
factors_finance,3,33,4,emotion_aware,45,linear_svm,word,10.0,1.0,0.5405751969225132,0.5406698564593302,False
factors_finance,3,33,4,emotion_aware,46,linear_svm,word_char,0.1,0.05,0.6069266055045872,0.6076555023923444,False
factors_finance,3,33,4,emotion_aware,47,linear_svm,word_char,0.1,0.1,0.6143358987730589,0.6148325358851674,False
factors_finance,3,33,4,emotion_aware,48,linear_svm,word_char,0.1,0.25,0.6002016002016002,0.6004784688995215,False
factors_finance,3,33,4,emotion_aware,49,linear_svm,word_char,0.1,0.5,0.5953023402366016,0.5956937799043063,False
factors_finance,3,33,4,emotion_aware,50,linear_svm,word_char,0.1,1.0,0.5973394495412844,0.5980861244019139,False
factors_finance,3,33,4,emotion_aware,51,linear_svm,word_char,1.0,0.05,0.5928447011367803,0.5933014354066986,False
factors_finance,3,33,4,emotion_aware,52,linear_svm,word_char,1.0,0.1,0.5928447011367803,0.5933014354066986,False
factors_finance,3,33,4,emotion_aware,53,linear_svm,word_char,1.0,0.25,0.6024248258159148,0.6028708133971292,False
factors_finance,3,33,4,emotion_aware,54,linear_svm,word_char,1.0,0.5,0.6094017828990741,0.6100478468899522,False
factors_finance,3,33,4,emotion_aware,55,linear_svm,word_char,1.0,1.0,0.6118715179861063,0.6124401913875598,False
factors_finance,3,33,4,emotion_aware,56,linear_svm,word_char,10.0,0.05,0.5978559648158328,0.5980861244019139,False
factors_finance,3,33,4,emotion_aware,57,linear_svm,word_char,10.0,0.1,0.5953023402366016,0.5956937799043063,False
factors_finance,3,33,4,emotion_aware,58,linear_svm,word_char,10.0,0.25,0.6049896049896051,0.6052631578947368,False
factors_finance,3,33,4,emotion_aware,59,linear_svm,word_char,10.0,0.5,0.6120049504950495,0.6124401913875599,False
factors_finance,3,33,4,emotion_aware,60,linear_svm,word_char,10.0,1.0,0.6120049504950495,0.6124401913875599,False
factors_finance,3,33,5,text_only,1,logistic_regression,word,0.1,,0.5421161599651302,0.5430622009569378,False
factors_finance,3,33,5,text_only,2,logistic_regression,word,1.0,,0.5356193879420927,0.5358851674641149,False
factors_finance,3,33,5,text_only,3,logistic_regression,word,10.0,,0.5405751969225132,0.5406698564593302,False
factors_finance,3,33,5,text_only,4,logistic_regression,word_char,0.1,,0.5612945406995751,0.562200956937799,False
factors_finance,3,33,5,text_only,5,logistic_regression,word_char,1.0,,0.5619979042961928,0.562200956937799,False
factors_finance,3,33,5,text_only,6,logistic_regression,word_char,10.0,,0.5285759267210535,0.5287081339712918,False
factors_finance,3,33,5,text_only,7,linear_svm,word,0.1,,0.5380633635473508,0.5382775119617225,False
factors_finance,3,33,5,text_only,8,linear_svm,word,1.0,,0.531003846858399,0.5311004784688995,False
factors_finance,3,33,5,text_only,9,linear_svm,word,10.0,,0.5402909840760683,0.5406698564593302,False
factors_finance,3,33,5,text_only,10,linear_svm,word_char,0.1,,0.564343961883819,0.5645933014354068,True
factors_finance,3,33,5,text_only,11,linear_svm,word_char,1.0,,0.5333619579218549,0.5334928229665072,False
factors_finance,3,33,5,text_only,12,linear_svm,word_char,10.0,,0.5310575360029306,0.5311004784688995,False
factors_finance,3,33,5,emotion_aware,1,logistic_regression,word,0.1,0.05,0.5447875828232112,0.5454545454545454,False
factors_finance,3,33,5,emotion_aware,2,logistic_regression,word,0.1,0.1,0.5541972477064221,0.5550239234449761,False
factors_finance,3,33,5,emotion_aware,3,logistic_regression,word,0.1,0.25,0.5363429983620219,0.5382775119617225,False
factors_finance,3,33,5,emotion_aware,4,logistic_regression,word,0.1,0.5,0.547910530191458,0.5502392344497608,False
factors_finance,3,33,5,emotion_aware,5,logistic_regression,word,0.1,1.0,0.5404068169323804,0.5406698564593302,False
factors_finance,3,33,5,emotion_aware,6,logistic_regression,word,1.0,0.05,0.5380633635473508,0.5382775119617225,False
factors_finance,3,33,5,emotion_aware,7,logistic_regression,word,1.0,0.1,0.5591627117866886,0.5598086124401913,False
factors_finance,3,33,5,emotion_aware,8,logistic_regression,word,1.0,0.25,0.5608714371824679,0.562200956937799,False
factors_finance,3,33,5,emotion_aware,9,logistic_regression,word,1.0,0.5,0.5507572056668295,0.5526315789473684,False
factors_finance,3,33,5,emotion_aware,10,logistic_regression,word,1.0,1.0,0.5510255659136468,0.5526315789473684,False
factors_finance,3,33,5,emotion_aware,11,logistic_regression,word,10.0,0.05,0.5405751969225132,0.5406698564593302,False
factors_finance,3,33,5,emotion_aware,12,logistic_regression,word,10.0,0.1,0.5497341400806748,0.5502392344497609,False
factors_finance,3,33,5,emotion_aware,13,logistic_regression,word,10.0,0.25,0.554524202420242,0.5550239234449761,False
factors_finance,3,33,5,emotion_aware,14,logistic_regression,word,10.0,0.5,0.5639544214411811,0.5645933014354068,False
factors_finance,3,33,5,emotion_aware,15,logistic_regression,word,10.0,1.0,0.5589908256880733,0.5598086124401914,False
factors_finance,3,33,5,emotion_aware,16,logistic_regression,word_char,0.1,0.05,0.5660891358831862,0.5669856459330143,False
factors_finance,3,33,5,emotion_aware,17,logistic_regression,word_char,0.1,0.1,0.5633838383838383,0.5645933014354068,False
factors_finance,3,33,5,emotion_aware,18,logistic_regression,word_char,0.1,0.25,0.5685779816513762,0.569377990430622,True
factors_finance,3,33,5,emotion_aware,19,logistic_regression,word_char,0.1,0.5,0.5635942268419725,0.5645933014354068,False
factors_finance,3,33,5,emotion_aware,20,logistic_regression,word_char,0.1,1.0,0.5426198046461,0.5430622009569378,False
factors_finance,3,33,5,emotion_aware,21,logistic_regression,word_char,1.0,0.05,0.5502289377289378,0.5502392344497608,False
factors_finance,3,33,5,emotion_aware,22,logistic_regression,word_char,1.0,0.1,0.559647314783007,0.5598086124401914,False
factors_finance,3,33,5,emotion_aware,23,logistic_regression,word_char,1.0,0.25,0.5543710021321961,0.5550239234449761,False
factors_finance,3,33,5,emotion_aware,24,logistic_regression,word_char,1.0,0.5,0.5426198046461,0.5430622009569378,False
factors_finance,3,33,5,emotion_aware,25,logistic_regression,word_char,1.0,1.0,0.5450796196586092,0.5454545454545454,False
factors_finance,3,33,5,emotion_aware,26,logistic_regression,word_char,10.0,0.05,0.531003846858399,0.5311004784688995,False
factors_finance,3,33,5,emotion_aware,27,logistic_regression,word_char,10.0,0.1,0.5358745421245421,0.5358851674641149,False
factors_finance,3,33,5,emotion_aware,28,logistic_regression,word_char,10.0,0.25,0.5478235984317317,0.5478468899521531,False
factors_finance,3,33,5,emotion_aware,29,logistic_regression,word_char,10.0,0.5,0.537957537957538,0.5382775119617225,False
factors_finance,3,33,5,emotion_aware,30,logistic_regression,word_char,10.0,1.0,0.5355023484935273,0.5358851674641147,False
factors_finance,3,33,5,emotion_aware,31,linear_svm,word,0.1,0.05,0.5428502716971193,0.5430622009569377,False
factors_finance,3,33,5,emotion_aware,32,linear_svm,word,0.1,0.1,0.5664273147697121,0.5669856459330144,False
factors_finance,3,33,5,emotion_aware,33,linear_svm,word,0.1,0.25,0.5510255659136468,0.5526315789473684,False
factors_finance,3,33,5,emotion_aware,34,linear_svm,word,0.1,0.5,0.5549685491157497,0.5574162679425837,False
factors_finance,3,33,5,emotion_aware,35,linear_svm,word,0.1,1.0,0.5560722179167026,0.5574162679425837,False
factors_finance,3,33,5,emotion_aware,36,linear_svm,word,1.0,0.05,0.5405015458605291,0.5406698564593302,False
factors_finance,3,33,5,emotion_aware,37,linear_svm,word,1.0,0.1,0.5472638811683734,0.5478468899521531,False
factors_finance,3,33,5,emotion_aware,38,linear_svm,word,1.0,0.25,0.5612945406995751,0.562200956937799,False
factors_finance,3,33,5,emotion_aware,39,linear_svm,word,1.0,0.5,0.5593142647598093,0.5598086124401913,False
factors_finance,3,33,5,emotion_aware,40,linear_svm,word,1.0,1.0,0.5616364563693774,0.562200956937799,False
factors_finance,3,33,5,emotion_aware,41,linear_svm,word,10.0,0.05,0.5595565328935312,0.5598086124401914,False
factors_finance,3,33,5,emotion_aware,42,linear_svm,word,10.0,0.1,0.554524202420242,0.5550239234449761,False
factors_finance,3,33,5,emotion_aware,43,linear_svm,word,10.0,0.25,0.5591627117866886,0.5598086124401913,False
factors_finance,3,33,5,emotion_aware,44,linear_svm,word,10.0,0.5,0.5591627117866886,0.5598086124401913,False
factors_finance,3,33,5,emotion_aware,45,linear_svm,word,10.0,1.0,0.556683005130851,0.5574162679425838,False
factors_finance,3,33,5,emotion_aware,46,linear_svm,word_char,0.1,0.05,0.5549322220186848,0.5550239234449761,False
factors_finance,3,33,5,emotion_aware,47,linear_svm,word_char,0.1,0.1,0.5620781451266639,0.562200956937799,False
factors_finance,3,33,5,emotion_aware,48,linear_svm,word_char,0.1,0.25,0.5518903889701035,0.5526315789473684,False
factors_finance,3,33,5,emotion_aware,49,linear_svm,word_char,0.1,0.5,0.5426198046461,0.5430622009569378,False
factors_finance,3,33,5,emotion_aware,50,linear_svm,word_char,0.1,1.0,0.5474091260634184,0.5478468899521531,False
factors_finance,3,33,5,emotion_aware,51,linear_svm,word_char,1.0,0.05,0.5356193879420927,0.5358851674641149,False
factors_finance,3,33,5,emotion_aware,52,linear_svm,word_char,1.0,0.1,0.5430386629654008,0.5430622009569378,False
factors_finance,3,33,5,emotion_aware,53,linear_svm,word_char,1.0,0.25,0.5429340203234578,0.5430622009569378,False
factors_finance,3,33,5,emotion_aware,54,linear_svm,word_char,1.0,0.5,0.5334260642590971,0.5334928229665071,False
factors_finance,3,33,5,emotion_aware,55,linear_svm,word_char,1.0,1.0,0.5381479891226564,0.5382775119617225,False
factors_finance,3,33,5,emotion_aware,56,linear_svm,word_char,10.0,0.05,0.5333619579218549,0.5334928229665072,False
factors_finance,3,33,5,emotion_aware,57,linear_svm,word_char,10.0,0.1,0.53825372749907,0.5382775119617225,False
factors_finance,3,33,5,emotion_aware,58,linear_svm,word_char,10.0,0.25,0.5478443021239333,0.5478468899521531,False
factors_finance,3,33,5,emotion_aware,59,linear_svm,word_char,10.0,0.5,0.5406277903702177,0.5406698564593302,False
factors_finance,3,33,5,emotion_aware,60,linear_svm,word_char,10.0,1.0,0.53825372749907,0.5382775119617225,False
factors_finance,4,44,1,text_only,1,logistic_regression,word,0.1,,0.5907407407407408,0.5913461538461539,False
factors_finance,4,44,1,text_only,2,logistic_regression,word,1.0,,0.5837280998571321,0.5841346153846154,False
factors_finance,4,44,1,text_only,3,logistic_regression,word,10.0,,0.5696891595924807,0.5697115384615384,False
factors_finance,4,44,1,text_only,4,logistic_regression,word_char,0.1,,0.6241312204614957,0.625,True
factors_finance,4,44,1,text_only,5,logistic_regression,word_char,1.0,,0.6103517657670159,0.6105769230769231,False
factors_finance,4,44,1,text_only,6,logistic_regression,word_char,10.0,,0.5913461538461539,0.5913461538461539,False
factors_finance,4,44,1,text_only,7,linear_svm,word,0.1,,0.5861941334320347,0.5865384615384616,False
factors_finance,4,44,1,text_only,8,linear_svm,word,1.0,,0.5648812172415587,0.5649038461538461,False
factors_finance,4,44,1,text_only,9,linear_svm,word,10.0,,0.5644785322204677,0.5649038461538461,False
factors_finance,4,44,1,text_only,10,linear_svm,word_char,0.1,,0.6126024513121288,0.6129807692307693,False
factors_finance,4,44,1,text_only,11,linear_svm,word_char,1.0,,0.5889399323914363,0.5889423076923077,False
factors_finance,4,44,1,text_only,12,linear_svm,word_char,10.0,,0.5840745299975149,0.5841346153846154,False
factors_finance,4,44,1,emotion_aware,1,logistic_regression,word,0.1,0.05,0.6050297570803325,0.6057692307692308,False
factors_finance,4,44,1,emotion_aware,2,logistic_regression,word,0.1,0.1,0.5950212085390446,0.5961538461538461,False
factors_finance,4,44,1,emotion_aware,3,logistic_regression,word,0.1,0.25,0.5736298097802484,0.5745192307692308,False
factors_finance,4,44,1,emotion_aware,4,logistic_regression,word,0.1,0.5,0.5956959389101006,0.5961538461538461,False
factors_finance,4,44,1,emotion_aware,5,logistic_regression,word,0.1,1.0,0.5960698185180904,0.5961538461538463,False
factors_finance,4,44,1,emotion_aware,6,logistic_regression,word,1.0,0.05,0.5932211235252935,0.59375,False
factors_finance,4,44,1,emotion_aware,7,logistic_regression,word,1.0,0.1,0.5978861703913363,0.5985576923076923,False
factors_finance,4,44,1,emotion_aware,8,logistic_regression,word,1.0,0.25,0.605440917923568,0.6057692307692307,False
factors_finance,4,44,1,emotion_aware,9,logistic_regression,word,1.0,0.5,0.6149485132477149,0.6153846153846154,False
factors_finance,4,44,1,emotion_aware,10,logistic_regression,word,1.0,1.0,0.609674728940784,0.6105769230769231,False
factors_finance,4,44,1,emotion_aware,11,logistic_regression,word,10.0,0.05,0.5672976908674849,0.5673076923076923,False
factors_finance,4,44,1,emotion_aware,12,logistic_regression,word,10.0,0.1,0.5744577561246251,0.5745192307692308,False
factors_finance,4,44,1,emotion_aware,13,logistic_regression,word,10.0,0.25,0.5816920943134536,0.5817307692307692,False
factors_finance,4,44,1,emotion_aware,14,logistic_regression,word,10.0,0.5,0.5767665556788752,0.5769230769230769,False
factors_finance,4,44,1,emotion_aware,15,logistic_regression,word,10.0,1.0,0.5791299320711085,0.5793269230769231,False
factors_finance,4,44,1,emotion_aware,16,logistic_regression,word_char,0.1,0.05,0.6168119804188512,0.6177884615384615,False
factors_finance,4,44,1,emotion_aware,17,logistic_regression,word_char,0.1,0.1,0.6212282014254977,0.6225961538461539,False
factors_finance,4,44,1,emotion_aware,18,logistic_regression,word_char,0.1,0.25,0.609674728940784,0.6105769230769231,False
factors_finance,4,44,1,emotion_aware,19,logistic_regression,word_char,0.1,0.5,0.6000370679269762,0.6009615384615385,False
factors_finance,4,44,1,emotion_aware,20,logistic_regression,word_char,0.1,1.0,0.5934657530285945,0.59375,False
factors_finance,4,44,1,emotion_aware,21,logistic_regression,word_char,1.0,0.05,0.6148148148148148,0.6153846153846154,False
factors_finance,4,44,1,emotion_aware,22,logistic_regression,word_char,1.0,0.1,0.6148148148148148,0.6153846153846154,False
factors_finance,4,44,1,emotion_aware,23,logistic_regression,word_char,1.0,0.25,0.6172908795297141,0.6177884615384616,False
factors_finance,4,44,1,emotion_aware,24,logistic_regression,word_char,1.0,0.5,0.6126024513121288,0.6129807692307693,False
factors_finance,4,44,1,emotion_aware,25,logistic_regression,word_char,1.0,1.0,0.6102526140464514,0.6105769230769231,False
factors_finance,4,44,1,emotion_aware,26,logistic_regression,word_char,10.0,0.05,0.5913083680073972,0.5913461538461539,False
factors_finance,4,44,1,emotion_aware,27,logistic_regression,word_char,10.0,0.1,0.6081164646797395,0.6081730769230769,False
factors_finance,4,44,1,emotion_aware,28,logistic_regression,word_char,10.0,0.25,0.6272983174091222,0.6274038461538463,True
factors_finance,4,44,1,emotion_aware,29,logistic_regression,word_char,10.0,0.5,0.6174148432212949,0.6177884615384616,False
factors_finance,4,44,1,emotion_aware,30,logistic_regression,word_char,10.0,1.0,0.6103517657670159,0.6105769230769231,False
factors_finance,4,44,1,emotion_aware,31,linear_svm,word,0.1,0.05,0.5932211235252935,0.59375,False
factors_finance,4,44,1,emotion_aware,32,linear_svm,word,0.1,0.1,0.6028490259270617,0.6033653846153846,False
factors_finance,4,44,1,emotion_aware,33,linear_svm,word,0.1,0.25,0.605440917923568,0.6057692307692307,False
factors_finance,4,44,1,emotion_aware,34,linear_svm,word,0.1,0.5,0.6073540056168389,0.6081730769230769,False
factors_finance,4,44,1,emotion_aware,35,linear_svm,word,0.1,1.0,0.6168119804188512,0.6177884615384615,False
factors_finance,4,44,1,emotion_aware,36,linear_svm,word,1.0,0.05,0.574516772124469,0.5745192307692307,False
factors_finance,4,44,1,emotion_aware,37,linear_svm,word,1.0,0.1,0.5769230769230769,0.5769230769230769,False
factors_finance,4,44,1,emotion_aware,38,linear_svm,word,1.0,0.25,0.5864524332447116,0.5865384615384615,False
factors_finance,4,44,1,emotion_aware,39,linear_svm,word,1.0,0.5,0.5816437406080222,0.5817307692307692,False
factors_finance,4,44,1,emotion_aware,40,linear_svm,word,1.0,1.0,0.5792077777199767,0.5793269230769231,False
factors_finance,4,44,1,emotion_aware,41,linear_svm,word,10.0,0.05,0.5694104721427126,0.5697115384615384,False
factors_finance,4,44,1,emotion_aware,42,linear_svm,word,10.0,0.1,0.5769132977370963,0.5769230769230769,False
factors_finance,4,44,1,emotion_aware,43,linear_svm,word,10.0,0.25,0.5768350479713328,0.5769230769230769,False
factors_finance,4,44,1,emotion_aware,44,linear_svm,word,10.0,0.5,0.574398723751062,0.5745192307692308,False
factors_finance,4,44,1,emotion_aware,45,linear_svm,word,10.0,1.0,0.5767665556788752,0.5769230769230769,False
factors_finance,4,44,1,emotion_aware,46,linear_svm,word_char,0.1,0.05,0.6172908795297141,0.6177884615384616,False
factors_finance,4,44,1,emotion_aware,47,linear_svm,word_char,0.1,0.1,0.6171491083366615,0.6177884615384615,False
factors_finance,4,44,1,emotion_aware,48,linear_svm,word_char,0.1,0.25,0.6196296296296296,0.6201923076923077,False
factors_finance,4,44,1,emotion_aware,49,linear_svm,word_char,0.1,0.5,0.6196296296296296,0.6201923076923077,False
factors_finance,4,44,1,emotion_aware,50,linear_svm,word_char,0.1,1.0,0.6076629771279458,0.6081730769230769,False
factors_finance,4,44,1,emotion_aware,51,linear_svm,word_char,1.0,0.05,0.5840745299975149,0.5841346153846154,False
factors_finance,4,44,1,emotion_aware,52,linear_svm,word_char,1.0,0.1,0.5936349396267203,0.59375,False
factors_finance,4,44,1,emotion_aware,53,linear_svm,word_char,1.0,0.25,0.6153757252155421,0.6153846153846154,False
factors_finance,4,44,1,emotion_aware,54,linear_svm,word_char,1.0,0.5,0.6105409153952843,0.6105769230769231,False
factors_finance,4,44,1,emotion_aware,55,linear_svm,word_char,1.0,1.0,0.6129248516161844,0.6129807692307692,False
factors_finance,4,44,1,emotion_aware,56,linear_svm,word_char,10.0,0.05,0.5768839574664817,0.5769230769230769,False
factors_finance,4,44,1,emotion_aware,57,linear_svm,word_char,10.0,0.1,0.5863854975952645,0.5865384615384615,False
factors_finance,4,44,1,emotion_aware,58,linear_svm,word_char,10.0,0.25,0.5983697066050007,0.5985576923076923,False
factors_finance,4,44,1,emotion_aware,59,linear_svm,word_char,10.0,0.5,0.6008785111547799,0.6009615384615385,False
factors_finance,4,44,1,emotion_aware,60,linear_svm,word_char,10.0,1.0,0.6009246417013407,0.6009615384615385,False
factors_finance,4,44,2,text_only,1,logistic_regression,word,0.1,,0.5980769230769231,0.5980861244019139,False
factors_finance,4,44,2,text_only,2,logistic_regression,word,1.0,,0.6052608986796244,0.6052631578947368,False
factors_finance,4,44,2,text_only,3,logistic_regression,word,10.0,,0.5954135954135954,0.5956937799043063,False
factors_finance,4,44,2,text_only,4,logistic_regression,word_char,0.1,,0.5931524103973433,0.5933014354066986,False
factors_finance,4,44,2,text_only,5,logistic_regression,word_char,1.0,,0.5980493165739404,0.5980861244019138,False
factors_finance,4,44,2,text_only,6,logistic_regression,word_char,10.0,,0.6075117370892018,0.6076555023923444,True
factors_finance,4,44,2,text_only,7,linear_svm,word,0.1,,0.6028708133971292,0.6028708133971292,False
factors_finance,4,44,2,text_only,8,linear_svm,word,1.0,,0.5929659754840187,0.5933014354066986,False
factors_finance,4,44,2,text_only,9,linear_svm,word,10.0,,0.5813373167814198,0.5813397129186604,False
factors_finance,4,44,2,text_only,10,linear_svm,word_char,0.1,,0.5956359223578841,0.5956937799043063,False
factors_finance,4,44,2,text_only,11,linear_svm,word_char,1.0,,0.5883659681667239,0.5885167464114832,False
factors_finance,4,44,2,text_only,12,linear_svm,word_char,10.0,,0.576533211229717,0.5765550239234449,False
factors_finance,4,44,2,emotion_aware,1,logistic_regression,word,0.1,0.05,0.6266575060116799,0.6267942583732058,False
factors_finance,4,44,2,emotion_aware,2,logistic_regression,word,0.1,0.1,0.6220095693779905,0.6220095693779905,False
factors_finance,4,44,2,emotion_aware,3,logistic_regression,word,0.1,0.25,0.577554723568459,0.5789473684210527,False
factors_finance,4,44,2,emotion_aware,4,logistic_regression,word,0.1,0.5,0.5532956425813569,0.5550239234449761,False
factors_finance,4,44,2,emotion_aware,5,logistic_regression,word,0.1,1.0,0.5514995725343264,0.5526315789473684,False
factors_finance,4,44,2,emotion_aware,6,logistic_regression,word,1.0,0.05,0.6028617216117216,0.6028708133971292,False
factors_finance,4,44,2,emotion_aware,7,logistic_regression,word,1.0,0.1,0.6171898253085147,0.6172248803827751,False
factors_finance,4,44,2,emotion_aware,8,logistic_regression,word,1.0,0.25,0.6171898253085147,0.6172248803827751,False
factors_finance,4,44,2,emotion_aware,9,logistic_regression,word,1.0,0.5,0.6075117370892018,0.6076555023923444,False
factors_finance,4,44,2,emotion_aware,10,logistic_regression,word,1.0,1.0,0.6003663947330757,0.6004784688995215,False
factors_finance,4,44,2,emotion_aware,11,logistic_regression,word,10.0,0.05,0.5930685358255452,0.5933014354066986,False
factors_finance,4,44,2,emotion_aware,12,logistic_regression,word,10.0,0.1,0.6051524259338772,0.6052631578947368,False
factors_finance,4,44,2,emotion_aware,13,logistic_regression,word,10.0,0.25,0.6147774171575109,0.6148325358851675,False
factors_finance,4,44,2,emotion_aware,14,logistic_regression,word,10.0,0.5,0.6052608986796244,0.6052631578947368,False
factors_finance,4,44,2,emotion_aware,15,logistic_regression,word,10.0,1.0,0.6076465201465202,0.6076555023923444,False
factors_finance,4,44,2,emotion_aware,16,logistic_regression,word_char,0.1,0.05,0.5980769230769231,0.5980861244019139,False
factors_finance,4,44,2,emotion_aware,17,logistic_regression,word_char,0.1,0.1,0.6196150478185471,0.6196172248803828,False
factors_finance,4,44,2,emotion_aware,18,logistic_regression,word_char,0.1,0.25,0.6051524259338772,0.6052631578947368,False
factors_finance,4,44,2,emotion_aware,19,logistic_regression,word_char,0.1,0.5,0.582776898189578,0.5837320574162679,False
factors_finance,4,44,2,emotion_aware,20,logistic_regression,word_char,0.1,1.0,0.5589908256880733,0.5598086124401914,False
factors_finance,4,44,2,emotion_aware,21,logistic_regression,word_char,1.0,0.05,0.6099920434576043,0.6100478468899522,False
factors_finance,4,44,2,emotion_aware,22,logistic_regression,word_char,1.0,0.1,0.6267857142857143,0.6267942583732058,True
factors_finance,4,44,2,emotion_aware,23,logistic_regression,word_char,1.0,0.25,0.6172161172161172,0.6172248803827751,False
factors_finance,4,44,2,emotion_aware,24,logistic_regression,word_char,1.0,0.5,0.6123603224033706,0.6124401913875599,False
factors_finance,4,44,2,emotion_aware,25,logistic_regression,word_char,1.0,1.0,0.6097776097776098,0.6100478468899522,False
factors_finance,4,44,2,emotion_aware,26,logistic_regression,word_char,10.0,0.05,0.6027252948585824,0.6028708133971292,False
factors_finance,4,44,2,emotion_aware,27,logistic_regression,word_char,10.0,0.1,0.6098669857938767,0.6100478468899522,False
factors_finance,4,44,2,emotion_aware,28,logistic_regression,word_char,10.0,0.25,0.6027252948585824,0.6028708133971292,False
factors_finance,4,44,2,emotion_aware,29,logistic_regression,word_char,10.0,0.5,0.6148126949603641,0.6148325358851674,False
factors_finance,4,44,2,emotion_aware,30,logistic_regression,word_char,10.0,1.0,0.6100456150592652,0.6100478468899522,False
factors_finance,4,44,2,emotion_aware,31,linear_svm,word,0.1,0.05,0.6100277594940331,0.6100478468899522,False
factors_finance,4,44,2,emotion_aware,32,linear_svm,word,0.1,0.1,0.6099920434576043,0.6100478468899522,False
factors_finance,4,44,2,emotion_aware,33,linear_svm,word,0.1,0.25,0.6243481645573243,0.6244019138755981,False
factors_finance,4,44,2,emotion_aware,34,linear_svm,word,0.1,0.5,0.6049896049896051,0.6052631578947368,False
factors_finance,4,44,2,emotion_aware,35,linear_svm,word,0.1,1.0,0.6002931694943399,0.6004784688995215,False
factors_finance,4,44,2,emotion_aware,36,linear_svm,word,1.0,0.05,0.5929659754840187,0.5933014354066986,False
factors_finance,4,44,2,emotion_aware,37,linear_svm,word,1.0,0.1,0.6025432466491007,0.6028708133971292,False
factors_finance,4,44,2,emotion_aware,38,linear_svm,word,1.0,0.25,0.6099384571346786,0.6100478468899522,False
factors_finance,4,44,2,emotion_aware,39,linear_svm,word,1.0,0.5,0.6076465201465202,0.6076555023923444,False
factors_finance,4,44,2,emotion_aware,40,linear_svm,word,1.0,1.0,0.6076465201465202,0.6076555023923444,False
factors_finance,4,44,2,emotion_aware,41,linear_svm,word,10.0,0.05,0.5955803635322742,0.5956937799043063,False
factors_finance,4,44,2,emotion_aware,42,linear_svm,word,10.0,0.1,0.6026433938061206,0.6028708133971292,False
factors_finance,4,44,2,emotion_aware,43,linear_svm,word,10.0,0.25,0.6148303314389061,0.6148325358851674,False
factors_finance,4,44,2,emotion_aware,44,linear_svm,word,10.0,0.5,0.6076465201465202,0.6076555023923444,False
factors_finance,4,44,2,emotion_aware,45,linear_svm,word,10.0,1.0,0.6028617216117216,0.6028708133971292,False
factors_finance,4,44,2,emotion_aware,46,linear_svm,word_char,0.1,0.05,0.6124046981248712,0.6124401913875599,False
factors_finance,4,44,2,emotion_aware,47,linear_svm,word_char,0.1,0.1,0.6220095693779905,0.6220095693779905,False
factors_finance,4,44,2,emotion_aware,48,linear_svm,word_char,0.1,0.25,0.6124046981248712,0.6124401913875599,False
factors_finance,4,44,2,emotion_aware,49,linear_svm,word_char,0.1,0.5,0.6122981793198213,0.6124401913875598,False
factors_finance,4,44,2,emotion_aware,50,linear_svm,word_char,0.1,1.0,0.6048809830712383,0.6052631578947368,False
factors_finance,4,44,2,emotion_aware,51,linear_svm,word_char,1.0,0.05,0.5907193531948032,0.5909090909090908,False
factors_finance,4,44,2,emotion_aware,52,linear_svm,word_char,1.0,0.1,0.6002931694943399,0.6004784688995215,False
factors_finance,4,44,2,emotion_aware,53,linear_svm,word_char,1.0,0.25,0.5955803635322742,0.5956937799043063,False
factors_finance,4,44,2,emotion_aware,54,linear_svm,word_char,1.0,0.5,0.5956914659203425,0.5956937799043063,False
factors_finance,4,44,2,emotion_aware,55,linear_svm,word_char,1.0,1.0,0.6004761822999835,0.6004784688995215,False
factors_finance,4,44,2,emotion_aware,56,linear_svm,word_char,10.0,0.05,0.5789377289377289,0.5789473684210527,False
factors_finance,4,44,2,emotion_aware,57,linear_svm,word_char,10.0,0.1,0.5885167464114832,0.5885167464114832,False
factors_finance,4,44,2,emotion_aware,58,linear_svm,word_char,10.0,0.25,0.5932921245421245,0.5933014354066986,False
factors_finance,4,44,2,emotion_aware,59,linear_svm,word_char,10.0,0.5,0.588507326007326,0.5885167464114833,False
factors_finance,4,44,2,emotion_aware,60,linear_svm,word_char,10.0,1.0,0.588507326007326,0.5885167464114833,False
factors_finance,4,44,3,text_only,1,logistic_regression,word,0.1,,0.5831212600591512,0.5837320574162679,False
factors_finance,4,44,3,text_only,2,logistic_regression,word,1.0,,0.5811455368952663,0.5813397129186604,False
factors_finance,4,44,3,text_only,3,logistic_regression,word,10.0,,0.5667848124459611,0.5669856459330143,False
factors_finance,4,44,3,text_only,4,logistic_regression,word_char,0.1,,0.5831212600591512,0.5837320574162679,False
factors_finance,4,44,3,text_only,5,logistic_regression,word_char,1.0,,0.5860083011306711,0.5861244019138756,False
factors_finance,4,44,3,text_only,6,logistic_regression,word_char,10.0,,0.5621984512628561,0.562200956937799,False
factors_finance,4,44,3,text_only,7,linear_svm,word,0.1,,0.5834936778449697,0.5837320574162679,False
factors_finance,4,44,3,text_only,8,linear_svm,word,1.0,,0.5619979042961928,0.562200956937799,False
factors_finance,4,44,3,text_only,9,linear_svm,word,10.0,,0.5620781451266639,0.562200956937799,False
factors_finance,4,44,3,text_only,10,linear_svm,word_char,0.1,,0.5907943323314727,0.5909090909090908,True
factors_finance,4,44,3,text_only,11,linear_svm,word_char,1.0,,0.5788605971789704,0.5789473684210527,False
factors_finance,4,44,3,text_only,12,linear_svm,word_char,10.0,,0.576533211229717,0.5765550239234449,False
factors_finance,4,44,3,emotion_aware,1,logistic_regression,word,0.1,0.05,0.5879129697136438,0.5885167464114833,False
factors_finance,4,44,3,emotion_aware,2,logistic_regression,word,0.1,0.1,0.578706248854682,0.5789473684210527,False
factors_finance,4,44,3,emotion_aware,3,logistic_regression,word,0.1,0.25,0.5687461310956737,0.569377990430622,False
factors_finance,4,44,3,emotion_aware,4,logistic_regression,word,0.1,0.5,0.5831212600591512,0.5837320574162679,False
factors_finance,4,44,3,emotion_aware,5,logistic_regression,word,0.1,1.0,0.5756783262504086,0.5765550239234449,False
factors_finance,4,44,3,emotion_aware,6,logistic_regression,word,1.0,0.05,0.5857236974019651,0.5861244019138756,False
factors_finance,4,44,3,emotion_aware,7,logistic_regression,word,1.0,0.1,0.5881773399014778,0.5885167464114833,False
factors_finance,4,44,3,emotion_aware,8,logistic_regression,word,1.0,0.25,0.5834936778449697,0.5837320574162679,False
factors_finance,4,44,3,emotion_aware,9,logistic_regression,word,1.0,0.5,0.5951724651717202,0.5956937799043063,False
factors_finance,4,44,3,emotion_aware,10,logistic_regression,word,1.0,1.0,0.5882811068352575,0.5885167464114832,False
factors_finance,4,44,3,emotion_aware,11,logistic_regression,word,10.0,0.05,0.5669633402970552,0.5669856459330144,False
factors_finance,4,44,3,emotion_aware,12,logistic_regression,word,10.0,0.1,0.5860651749580708,0.5861244019138756,False
factors_finance,4,44,3,emotion_aware,13,logistic_regression,word,10.0,0.25,0.566923680158444,0.5669856459330144,False
factors_finance,4,44,3,emotion_aware,14,logistic_regression,word,10.0,0.5,0.5621784048307243,0.562200956937799,False
factors_finance,4,44,3,emotion_aware,15,logistic_regression,word,10.0,1.0,0.5621784048307243,0.562200956937799,False
factors_finance,4,44,3,emotion_aware,16,logistic_regression,word_char,0.1,0.05,0.5855907483710507,0.5861244019138756,False
factors_finance,4,44,3,emotion_aware,17,logistic_regression,word_char,0.1,0.1,0.5733715596330275,0.5741626794258373,False
factors_finance,4,44,3,emotion_aware,18,logistic_regression,word_char,0.1,0.25,0.5665664117326916,0.5669856459330144,False
factors_finance,4,44,3,emotion_aware,19,logistic_regression,word_char,0.1,0.5,0.5974963890226288,0.5980861244019139,False
factors_finance,4,44,3,emotion_aware,20,logistic_regression,word_char,0.1,1.0,0.5712181731700468,0.5717703349282297,False
factors_finance,4,44,3,emotion_aware,21,logistic_regression,word_char,1.0,0.05,0.5735378407501662,0.5741626794258373,False
factors_finance,4,44,3,emotion_aware,22,logistic_regression,word_char,1.0,0.1,0.5806460859345888,0.5813397129186604,False
factors_finance,4,44,3,emotion_aware,23,logistic_regression,word_char,1.0,0.25,0.5905130188192833,0.5909090909090909,False
factors_finance,4,44,3,emotion_aware,24,logistic_regression,word_char,1.0,0.5,0.6027889723392563,0.6028708133971292,False
factors_finance,4,44,3,emotion_aware,25,logistic_regression,word_char,1.0,1.0,0.5954135954135954,0.5956937799043063,False
factors_finance,4,44,3,emotion_aware,26,logistic_regression,word_char,10.0,0.05,0.576533211229717,0.5765550239234449,False
factors_finance,4,44,3,emotion_aware,27,logistic_regression,word_char,10.0,0.1,0.5764944275582573,0.5765550239234449,False
factors_finance,4,44,3,emotion_aware,28,logistic_regression,word_char,10.0,0.25,0.569220199244246,0.569377990430622,False
factors_finance,4,44,3,emotion_aware,29,logistic_regression,word_char,10.0,0.5,0.5929659754840187,0.5933014354066986,False
factors_finance,4,44,3,emotion_aware,30,logistic_regression,word_char,10.0,1.0,0.5905130188192833,0.5909090909090909,False
factors_finance,4,44,3,emotion_aware,31,linear_svm,word,0.1,0.05,0.5833887043189369,0.5837320574162679,False
factors_finance,4,44,3,emotion_aware,32,linear_svm,word,0.1,0.1,0.5809343759846466,0.5813397129186603,False
factors_finance,4,44,3,emotion_aware,33,linear_svm,word,0.1,0.25,0.5858375858375858,0.5861244019138756,False
factors_finance,4,44,3,emotion_aware,34,linear_svm,word,0.1,0.5,0.5927046793681363,0.5933014354066986,False
factors_finance,4,44,3,emotion_aware,35,linear_svm,word,0.1,1.0,0.5906255906255906,0.5909090909090908,False
factors_finance,4,44,3,emotion_aware,36,linear_svm,word,1.0,0.05,0.566983167642497,0.5669856459330143,False
factors_finance,4,44,3,emotion_aware,37,linear_svm,word,1.0,0.1,0.5692892471148562,0.569377990430622,False
factors_finance,4,44,3,emotion_aware,38,linear_svm,word,1.0,0.25,0.5645035720827991,0.5645933014354068,False
factors_finance,4,44,3,emotion_aware,39,linear_svm,word,1.0,0.5,0.5644337570136265,0.5645933014354068,False
factors_finance,4,44,3,emotion_aware,40,linear_svm,word,1.0,1.0,0.5573529327586306,0.5574162679425837,False
factors_finance,4,44,3,emotion_aware,41,linear_svm,word,10.0,0.05,0.5429340203234578,0.5430622009569378,False
factors_finance,4,44,3,emotion_aware,42,linear_svm,word,10.0,0.1,0.5572921139258623,0.5574162679425838,False
factors_finance,4,44,3,emotion_aware,43,linear_svm,word,10.0,0.25,0.5573934693643934,0.5574162679425837,False
factors_finance,4,44,3,emotion_aware,44,linear_svm,word,10.0,0.5,0.5502289377289378,0.5502392344497608,False
factors_finance,4,44,3,emotion_aware,45,linear_svm,word,10.0,1.0,0.5526085338980625,0.5526315789473684,False
factors_finance,4,44,3,emotion_aware,46,linear_svm,word_char,0.1,0.05,0.5758534697738412,0.5765550239234449,False
factors_finance,4,44,3,emotion_aware,47,linear_svm,word_char,0.1,0.1,0.5804729214340199,0.5813397129186604,False
factors_finance,4,44,3,emotion_aware,48,linear_svm,word_char,0.1,0.25,0.5905130188192833,0.5909090909090909,False
factors_finance,4,44,3,emotion_aware,49,linear_svm,word_char,0.1,0.5,0.6051524259338772,0.6052631578947368,True
factors_finance,4,44,3,emotion_aware,50,linear_svm,word_char,0.1,1.0,0.5955062613445715,0.5956937799043063,False
factors_finance,4,44,3,emotion_aware,51,linear_svm,word_char,1.0,0.05,0.581279801258164,0.5813397129186603,False
factors_finance,4,44,3,emotion_aware,52,linear_svm,word_char,1.0,0.1,0.5716502075282668,0.5717703349282297,False
factors_finance,4,44,3,emotion_aware,53,linear_svm,word_char,1.0,0.25,0.5716502075282668,0.5717703349282297,False
factors_finance,4,44,3,emotion_aware,54,linear_svm,word_char,1.0,0.5,0.573811433153855,0.5741626794258373,False
factors_finance,4,44,3,emotion_aware,55,linear_svm,word_char,1.0,1.0,0.5786000687363959,0.5789473684210527,False
factors_finance,4,44,3,emotion_aware,56,linear_svm,word_char,10.0,0.05,0.5811455368952663,0.5813397129186604,False
factors_finance,4,44,3,emotion_aware,57,linear_svm,word_char,10.0,0.1,0.5740066414748655,0.5741626794258373,False
factors_finance,4,44,3,emotion_aware,58,linear_svm,word_char,10.0,0.25,0.5549322220186848,0.5550239234449761,False
factors_finance,4,44,3,emotion_aware,59,linear_svm,word_char,10.0,0.5,0.5667848124459611,0.5669856459330143,False
factors_finance,4,44,3,emotion_aware,60,linear_svm,word_char,10.0,1.0,0.5620781451266639,0.562200956937799,False
factors_finance,4,44,4,text_only,1,logistic_regression,word,0.1,,0.5784745141180785,0.5789473684210527,False
factors_finance,4,44,4,text_only,2,logistic_regression,word,1.0,,0.5807998899707162,0.5813397129186603,False
factors_finance,4,44,4,text_only,3,logistic_regression,word,10.0,,0.5760090315703814,0.5765550239234449,False
factors_finance,4,44,4,text_only,4,logistic_regression,word_char,0.1,,0.6069266055045872,0.6076555023923444,True
factors_finance,4,44,4,text_only,5,logistic_regression,word_char,1.0,,0.5999633235720548,0.6004784688995215,False
factors_finance,4,44,4,text_only,6,logistic_regression,word_char,10.0,,0.5906255906255906,0.5909090909090908,False
factors_finance,4,44,4,text_only,7,linear_svm,word,0.1,,0.5807998899707162,0.5813397129186603,False
factors_finance,4,44,4,text_only,8,linear_svm,word,1.0,,0.5735378407501662,0.5741626794258373,False
factors_finance,4,44,4,text_only,9,linear_svm,word,10.0,,0.5521984474807368,0.5526315789473684,False
factors_finance,4,44,4,text_only,10,linear_svm,word_char,0.1,,0.5927046793681363,0.5933014354066986,False
factors_finance,4,44,4,text_only,11,linear_svm,word_char,1.0,,0.5858375858375858,0.5861244019138756,False
factors_finance,4,44,4,text_only,12,linear_svm,word_char,10.0,,0.5621383064585372,0.562200956937799,False
factors_finance,4,44,4,emotion_aware,1,logistic_regression,word,0.1,0.05,0.6021330275229357,0.6028708133971292,False
factors_finance,4,44,4,emotion_aware,2,logistic_regression,word,0.1,0.1,0.5809343759846466,0.5813397129186603,False
factors_finance,4,44,4,emotion_aware,3,logistic_regression,word,0.1,0.25,0.5710608536130937,0.5717703349282297,False
factors_finance,4,44,4,emotion_aware,4,logistic_regression,word,0.1,0.5,0.5727542090635551,0.5741626794258373,False
factors_finance,4,44,4,emotion_aware,5,logistic_regression,word,0.1,1.0,0.5665664117326916,0.5669856459330144,False
factors_finance,4,44,4,emotion_aware,6,logistic_regression,word,1.0,0.05,0.5919562670831706,0.5933014354066986,False
factors_finance,4,44,4,emotion_aware,7,logistic_regression,word,1.0,0.1,0.6111583251027861,0.6124401913875599,False
factors_finance,4,44,4,emotion_aware,8,logistic_regression,word,1.0,0.25,0.6019595695371835,0.6028708133971292,False
factors_finance,4,44,4,emotion_aware,9,logistic_regression,word,1.0,0.5,0.5974963890226288,0.5980861244019139,False
factors_finance,4,44,4,emotion_aware,10,logistic_regression,word,1.0,1.0,0.5857236974019651,0.5861244019138756,False
factors_finance,4,44,4,emotion_aware,11,logistic_regression,word,10.0,0.05,0.5806460859345888,0.5813397129186604,False
factors_finance,4,44,4,emotion_aware,12,logistic_regression,word,10.0,0.1,0.5806460859345888,0.5813397129186604,False
factors_finance,4,44,4,emotion_aware,13,logistic_regression,word,10.0,0.25,0.5976347634763477,0.5980861244019138,False
factors_finance,4,44,4,emotion_aware,14,logistic_regression,word,10.0,0.5,0.6003663947330757,0.6004784688995215,False
factors_finance,4,44,4,emotion_aware,15,logistic_regression,word,10.0,1.0,0.6002931694943399,0.6004784688995215,False
factors_finance,4,44,4,emotion_aware,16,logistic_regression,word_char,0.1,0.05,0.6040644105743563,0.6052631578947368,False
factors_finance,4,44,4,emotion_aware,17,logistic_regression,word_char,0.1,0.1,0.6094017828990741,0.6100478468899522,False
factors_finance,4,44,4,emotion_aware,18,logistic_regression,word_char,0.1,0.25,0.5942423563604615,0.5956937799043063,False
factors_finance,4,44,4,emotion_aware,19,logistic_regression,word_char,0.1,0.5,0.5969696969696969,0.5980861244019138,False
factors_finance,4,44,4,emotion_aware,20,logistic_regression,word_char,0.1,1.0,0.5858375858375858,0.5861244019138756,False
factors_finance,4,44,4,emotion_aware,21,logistic_regression,word_char,1.0,0.05,0.599816550577579,0.6004784688995215,False
factors_finance,4,44,4,emotion_aware,22,logistic_regression,word_char,1.0,0.1,0.6072148881554822,0.6076555023923444,False
factors_finance,4,44,4,emotion_aware,23,logistic_regression,word_char,1.0,0.25,0.6237796313813169,0.6244019138755981,False
factors_finance,4,44,4,emotion_aware,24,logistic_regression,word_char,1.0,0.5,0.6216977889792645,0.6220095693779903,False
factors_finance,4,44,4,emotion_aware,25,logistic_regression,word_char,1.0,1.0,0.6147244883354802,0.6148325358851674,False
factors_finance,4,44,4,emotion_aware,26,logistic_regression,word_char,10.0,0.05,0.578706248854682,0.5789473684210527,False
factors_finance,4,44,4,emotion_aware,27,logistic_regression,word_char,10.0,0.1,0.581049581049581,0.5813397129186603,False
factors_finance,4,44,4,emotion_aware,28,logistic_regression,word_char,10.0,0.25,0.6075117370892018,0.6076555023923444,False
factors_finance,4,44,4,emotion_aware,29,logistic_regression,word_char,10.0,0.5,0.6124046981248712,0.6124401913875599,False
factors_finance,4,44,4,emotion_aware,30,logistic_regression,word_char,10.0,1.0,0.6100277594940331,0.6100478468899522,False
factors_finance,4,44,4,emotion_aware,31,linear_svm,word,0.1,0.05,0.5919562670831706,0.5933014354066986,False
factors_finance,4,44,4,emotion_aware,32,linear_svm,word,0.1,0.1,0.6109349145063431,0.6124401913875598,False
factors_finance,4,44,4,emotion_aware,33,linear_svm,word,0.1,0.25,0.599467532691083,0.6004784688995215,False
factors_finance,4,44,4,emotion_aware,34,linear_svm,word,0.1,0.5,0.5927046793681363,0.5933014354066986,False
factors_finance,4,44,4,emotion_aware,35,linear_svm,word,0.1,1.0,0.5833887043189369,0.5837320574162679,False
factors_finance,4,44,4,emotion_aware,36,linear_svm,word,1.0,0.05,0.582776898189578,0.5837320574162679,False
factors_finance,4,44,4,emotion_aware,37,linear_svm,word,1.0,0.1,0.5806460859345888,0.5813397129186604,False
factors_finance,4,44,4,emotion_aware,38,linear_svm,word,1.0,0.25,0.5903816067713855,0.5909090909090909,False
factors_finance,4,44,4,emotion_aware,39,linear_svm,word,1.0,0.5,0.5858375858375858,0.5861244019138756,False
factors_finance,4,44,4,emotion_aware,40,linear_svm,word,1.0,1.0,0.5859324450450347,0.5861244019138756,False
factors_finance,4,44,4,emotion_aware,41,linear_svm,word,10.0,0.05,0.5617770903153734,0.562200956937799,False
factors_finance,4,44,4,emotion_aware,42,linear_svm,word,10.0,0.1,0.578706248854682,0.5789473684210527,False
factors_finance,4,44,4,emotion_aware,43,linear_svm,word,10.0,0.25,0.5787930837054849,0.5789473684210527,False
factors_finance,4,44,4,emotion_aware,44,linear_svm,word,10.0,0.5,0.5764362387290682,0.5765550239234449,False
factors_finance,4,44,4,emotion_aware,45,linear_svm,word,10.0,1.0,0.5740749221469134,0.5741626794258373,False
factors_finance,4,44,4,emotion_aware,46,linear_svm,word_char,0.1,0.05,0.599816550577579,0.6004784688995215,False
factors_finance,4,44,4,emotion_aware,47,linear_svm,word_char,0.1,0.1,0.6072148881554822,0.6076555023923444,False
factors_finance,4,44,4,emotion_aware,48,linear_svm,word_char,0.1,0.25,0.6261009174311927,0.6267942583732058,True
factors_finance,4,44,4,emotion_aware,49,linear_svm,word_char,0.1,0.5,0.6216977889792645,0.6220095693779903,False
factors_finance,4,44,4,emotion_aware,50,linear_svm,word_char,0.1,1.0,0.6147244883354802,0.6148325358851674,False
factors_finance,4,44,4,emotion_aware,51,linear_svm,word_char,1.0,0.05,0.5836462722110276,0.5837320574162679,False
factors_finance,4,44,4,emotion_aware,52,linear_svm,word_char,1.0,0.1,0.5884319472430848,0.5885167464114833,False
factors_finance,4,44,4,emotion_aware,53,linear_svm,word_char,1.0,0.25,0.6124046981248712,0.6124401913875599,False
factors_finance,4,44,4,emotion_aware,54,linear_svm,word_char,1.0,0.5,0.6052428240277024,0.6052631578947368,False
factors_finance,4,44,4,emotion_aware,55,linear_svm,word_char,1.0,1.0,0.6076465201465202,0.6076555023923444,False
factors_finance,4,44,4,emotion_aware,56,linear_svm,word_char,10.0,0.05,0.5716502075282668,0.5717703349282297,False
factors_finance,4,44,4,emotion_aware,57,linear_svm,word_char,10.0,0.1,0.5813181466960478,0.5813397129186603,False
factors_finance,4,44,4,emotion_aware,58,linear_svm,word_char,10.0,0.25,0.6002931694943399,0.6004784688995215,False
factors_finance,4,44,4,emotion_aware,59,linear_svm,word_char,10.0,0.5,0.5956729530950404,0.5956937799043063,False
factors_finance,4,44,4,emotion_aware,60,linear_svm,word_char,10.0,1.0,0.5956729530950404,0.5956937799043063,False
factors_finance,4,44,5,text_only,1,logistic_regression,word,0.1,,0.6028617216117216,0.6028708133971292,False
factors_finance,4,44,5,text_only,2,logistic_regression,word,1.0,,0.6100277594940331,0.6100478468899522,False
factors_finance,4,44,5,text_only,3,logistic_regression,word,10.0,,0.5834936778449697,0.5837320574162679,False
factors_finance,4,44,5,text_only,4,logistic_regression,word_char,0.1,,0.6004761822999835,0.6004784688995215,False
factors_finance,4,44,5,text_only,5,logistic_regression,word_char,1.0,,0.6124046981248712,0.6124401913875599,False
factors_finance,4,44,5,text_only,6,logistic_regression,word_char,10.0,,0.5956729530950404,0.5956937799043063,False
factors_finance,4,44,5,text_only,7,linear_svm,word,0.1,,0.6148303314389061,0.6148325358851674,True
factors_finance,4,44,5,text_only,8,linear_svm,word,1.0,,0.5761450545673283,0.5765550239234449,False
factors_finance,4,44,5,text_only,9,linear_svm,word,10.0,,0.5667848124459611,0.5669856459330143,False
factors_finance,4,44,5,text_only,10,linear_svm,word_char,0.1,,0.6124046981248712,0.6124401913875599,False
factors_finance,4,44,5,text_only,11,linear_svm,word_char,1.0,,0.583732057416268,0.583732057416268,False
factors_finance,4,44,5,text_only,12,linear_svm,word_char,10.0,,0.5621984512628561,0.562200956937799,False
factors_finance,4,44,5,emotion_aware,1,logistic_regression,word,0.1,0.05,0.5956359223578841,0.5956937799043063,False
factors_finance,4,44,5,emotion_aware,2,logistic_regression,word,0.1,0.1,0.5931524103973433,0.5933014354066986,False
factors_finance,4,44,5,emotion_aware,3,logistic_regression,word,0.1,0.25,0.5715717205957296,0.5717703349282297,False
factors_finance,4,44,5,emotion_aware,4,logistic_regression,word,0.1,0.5,0.5829587155963303,0.583732057416268,False
factors_finance,4,44,5,emotion_aware,5,logistic_regression,word,0.1,1.0,0.575034893939655,0.5765550239234449,False
factors_finance,4,44,5,emotion_aware,6,logistic_regression,word,1.0,0.05,0.6124313186813187,0.6124401913875598,False
factors_finance,4,44,5,emotion_aware,7,logistic_regression,word,1.0,0.1,0.6004761822999835,0.6004784688995215,False
factors_finance,4,44,5,emotion_aware,8,logistic_regression,word,1.0,0.25,0.6027252948585824,0.6028708133971292,False
factors_finance,4,44,5,emotion_aware,9,logistic_regression,word,1.0,0.5,0.599467532691083,0.6004784688995215,False
factors_finance,4,44,5,emotion_aware,10,logistic_regression,word,1.0,1.0,0.6017676767676767,0.6028708133971292,False
factors_finance,4,44,5,emotion_aware,11,logistic_regression,word,10.0,0.05,0.5930685358255452,0.5933014354066986,False
factors_finance,4,44,5,emotion_aware,12,logistic_regression,word,10.0,0.1,0.5882811068352575,0.5885167464114832,False
factors_finance,4,44,5,emotion_aware,13,logistic_regression,word,10.0,0.25,0.5956359223578841,0.5956937799043063,False
factors_finance,4,44,5,emotion_aware,14,logistic_regression,word,10.0,0.5,0.6052608986796244,0.6052631578947368,False
factors_finance,4,44,5,emotion_aware,15,logistic_regression,word,10.0,1.0,0.6004578885613714,0.6004784688995215,False
factors_finance,4,44,5,emotion_aware,16,logistic_regression,word_char,0.1,0.05,0.6100456150592652,0.6100478468899522,False
factors_finance,4,44,5,emotion_aware,17,logistic_regression,word_char,0.1,0.1,0.5784745141180785,0.5789473684210527,False
factors_finance,4,44,5,emotion_aware,18,logistic_regression,word_char,0.1,0.25,0.5835795259361044,0.5837320574162679,False
factors_finance,4,44,5,emotion_aware,19,logistic_regression,word_char,0.1,0.5,0.582776898189578,0.5837320574162679,False
factors_finance,4,44,5,emotion_aware,20,logistic_regression,word_char,0.1,1.0,0.5873737373737373,0.5885167464114833,False
factors_finance,4,44,5,emotion_aware,21,logistic_regression,word_char,1.0,0.05,0.6004578885613714,0.6004784688995215,False
factors_finance,4,44,5,emotion_aware,22,logistic_regression,word_char,1.0,0.1,0.5980493165739404,0.5980861244019138,False
factors_finance,4,44,5,emotion_aware,23,logistic_regression,word_char,1.0,0.25,0.5979388526279629,0.5980861244019139,False
factors_finance,4,44,5,emotion_aware,24,logistic_regression,word_char,1.0,0.5,0.6193536193536193,0.6196172248803828,True
factors_finance,4,44,5,emotion_aware,25,logistic_regression,word_char,1.0,1.0,0.6002931694943399,0.6004784688995215,False
factors_finance,4,44,5,emotion_aware,26,logistic_regression,word_char,10.0,0.05,0.6028344437575841,0.6028708133971292,False
factors_finance,4,44,5,emotion_aware,27,logistic_regression,word_char,10.0,0.1,0.6099920434576043,0.6100478468899522,False
factors_finance,4,44,5,emotion_aware,28,logistic_regression,word_char,10.0,0.25,0.5955803635322742,0.5956937799043063,False
factors_finance,4,44,5,emotion_aware,29,logistic_regression,word_char,10.0,0.5,0.5860083011306711,0.5861244019138756,False
factors_finance,4,44,5,emotion_aware,30,logistic_regression,word_char,10.0,1.0,0.5883659681667239,0.5885167464114832,False
factors_finance,4,44,5,emotion_aware,31,linear_svm,word,0.1,0.05,0.6076555023923444,0.6076555023923444,False
factors_finance,4,44,5,emotion_aware,32,linear_svm,word,0.1,0.1,0.5956729530950404,0.5956937799043063,False
factors_finance,4,44,5,emotion_aware,33,linear_svm,word,0.1,0.25,0.6048809830712383,0.6052631578947368,False
factors_finance,4,44,5,emotion_aware,34,linear_svm,word,0.1,0.5,0.5967567815880745,0.5980861244019139,False
factors_finance,4,44,5,emotion_aware,35,linear_svm,word,0.1,1.0,0.6040644105743563,0.6052631578947368,False
factors_finance,4,44,5,emotion_aware,36,linear_svm,word,1.0,0.05,0.5834936778449697,0.5837320574162679,False
factors_finance,4,44,5,emotion_aware,37,linear_svm,word,1.0,0.1,0.5928447011367803,0.5933014354066986,False
factors_finance,4,44,5,emotion_aware,38,linear_svm,word,1.0,0.25,0.5979388526279629,0.5980861244019139,False
factors_finance,4,44,5,emotion_aware,39,linear_svm,word,1.0,0.5,0.6027252948585824,0.6028708133971292,False
factors_finance,4,44,5,emotion_aware,40,linear_svm,word,1.0,1.0,0.6004212960577908,0.6004784688995215,False
factors_finance,4,44,5,emotion_aware,41,linear_svm,word,10.0,0.05,0.5787930837054849,0.5789473684210527,False
factors_finance,4,44,5,emotion_aware,42,linear_svm,word,10.0,0.1,0.5837225274725275,0.5837320574162679,False
factors_finance,4,44,5,emotion_aware,43,linear_svm,word,10.0,0.25,0.5908505486579774,0.5909090909090909,False
factors_finance,4,44,5,emotion_aware,44,linear_svm,word,10.0,0.5,0.5885167464114832,0.5885167464114832,False
factors_finance,4,44,5,emotion_aware,45,linear_svm,word,10.0,1.0,0.5861220331610606,0.5861244019138756,False
factors_finance,4,44,5,emotion_aware,46,linear_svm,word_char,0.1,0.05,0.5980493165739404,0.5980861244019138,False
factors_finance,4,44,5,emotion_aware,47,linear_svm,word_char,0.1,0.1,0.5932641893902969,0.5933014354066986,False
factors_finance,4,44,5,emotion_aware,48,linear_svm,word_char,0.1,0.25,0.6002931694943399,0.6004784688995215,False
factors_finance,4,44,5,emotion_aware,49,linear_svm,word_char,0.1,0.5,0.6143358987730589,0.6148325358851674,False
factors_finance,4,44,5,emotion_aware,50,linear_svm,word_char,0.1,1.0,0.6049896049896051,0.6052631578947368,False
factors_finance,4,44,5,emotion_aware,51,linear_svm,word_char,1.0,0.05,0.5933014354066986,0.5933014354066986,False
factors_finance,4,44,5,emotion_aware,52,linear_svm,word_char,1.0,0.1,0.6004761822999835,0.6004784688995215,False
factors_finance,4,44,5,emotion_aware,53,linear_svm,word_char,1.0,0.25,0.5932641893902969,0.5933014354066986,False
factors_finance,4,44,5,emotion_aware,54,linear_svm,word_char,1.0,0.5,0.5932641893902969,0.5933014354066986,False
factors_finance,4,44,5,emotion_aware,55,linear_svm,word_char,1.0,1.0,0.5932921245421245,0.5933014354066986,False
factors_finance,4,44,5,emotion_aware,56,linear_svm,word_char,10.0,0.05,0.5789377289377289,0.5789473684210527,False
factors_finance,4,44,5,emotion_aware,57,linear_svm,word_char,10.0,0.1,0.5932921245421245,0.5933014354066986,False
factors_finance,4,44,5,emotion_aware,58,linear_svm,word_char,10.0,0.25,0.5909067495407015,0.5909090909090908,False
factors_finance,4,44,5,emotion_aware,59,linear_svm,word_char,10.0,0.5,0.5885167464114832,0.5885167464114832,False
factors_finance,4,44,5,emotion_aware,60,linear_svm,word_char,10.0,1.0,0.588507326007326,0.5885167464114833,False
factors_finance,5,55,1,text_only,1,logistic_regression,word,0.1,,0.6269187819314822,0.6274038461538461,False
factors_finance,5,55,1,text_only,2,logistic_regression,word,1.0,,0.6297306669749162,0.6298076923076923,True
factors_finance,5,55,1,text_only,3,logistic_regression,word,10.0,,0.6057601183459307,0.6057692307692308,False
factors_finance,5,55,1,text_only,4,logistic_regression,word_char,0.1,,0.6246877024151013,0.625,False
factors_finance,5,55,1,text_only,5,logistic_regression,word_char,1.0,,0.6081526983998566,0.6081730769230769,False
factors_finance,5,55,1,text_only,6,logistic_regression,word_char,10.0,,0.6129785328363815,0.6129807692307693,False
factors_finance,5,55,1,text_only,7,linear_svm,word,0.1,,0.6249219743382268,0.625,False
factors_finance,5,55,1,text_only,8,linear_svm,word,1.0,,0.5889399323914363,0.5889423076923077,False
factors_finance,5,55,1,text_only,9,linear_svm,word,10.0,,0.5960044395116537,0.5961538461538461,False
factors_finance,5,55,1,text_only,10,linear_svm,word_char,0.1,,0.6105679217807365,0.6105769230769231,False
factors_finance,5,55,1,text_only,11,linear_svm,word_char,1.0,,0.625,0.625,False
factors_finance,5,55,1,text_only,12,linear_svm,word_char,10.0,,0.6177862529253706,0.6177884615384616,False
factors_finance,5,55,1,emotion_aware,1,logistic_regression,word,0.1,0.05,0.6269187819314822,0.6274038461538461,False
factors_finance,5,55,1,emotion_aware,2,logistic_regression,word,0.1,0.1,0.6175210339144765,0.6177884615384616,False
factors_finance,5,55,1,emotion_aware,3,logistic_regression,word,0.1,0.25,0.5790325844970654,0.5793269230769231,False
factors_finance,5,55,1,emotion_aware,4,logistic_regression,word,0.1,0.5,0.5857629159623,0.5865384615384615,False
factors_finance,5,55,1,emotion_aware,5,logistic_regression,word,0.1,1.0,0.5778021353468923,0.5793269230769231,False
factors_finance,5,55,1,emotion_aware,6,logistic_regression,word,1.0,0.05,0.6128711555023785,0.6129807692307692,False
factors_finance,5,55,1,emotion_aware,7,logistic_regression,word,1.0,0.1,0.6394230769230769,0.6394230769230769,False
factors_finance,5,55,1,emotion_aware,8,logistic_regression,word,1.0,0.25,0.6321924101544667,0.6322115384615384,False
factors_finance,5,55,1,emotion_aware,9,logistic_regression,word,1.0,0.5,0.6416591993062581,0.6418269230769231,False
factors_finance,5,55,1,emotion_aware,10,logistic_regression,word,1.0,1.0,0.6318520189487931,0.6322115384615384,False
factors_finance,5,55,1,emotion_aware,11,logistic_regression,word,10.0,0.05,0.6129785328363815,0.6129807692307693,False
factors_finance,5,55,1,emotion_aware,12,logistic_regression,word,10.0,0.1,0.625,0.625,False
factors_finance,5,55,1,emotion_aware,13,logistic_regression,word,10.0,0.25,0.6274016931033486,0.6274038461538461,False
factors_finance,5,55,1,emotion_aware,14,logistic_regression,word,10.0,0.5,0.6322094131923377,0.6322115384615384,False
factors_finance,5,55,1,emotion_aware,15,logistic_regression,word,10.0,1.0,0.6393897364771152,0.6394230769230769,False
factors_finance,5,55,1,emotion_aware,16,logistic_regression,word_char,0.1,0.05,0.6319542024460058,0.6322115384615384,False
factors_finance,5,55,1,emotion_aware,17,logistic_regression,word_char,0.1,0.1,0.6249653259361997,0.625,False
factors_finance,5,55,1,emotion_aware,18,logistic_regression,word_char,0.1,0.25,0.5961538461538461,0.5961538461538461,False
factors_finance,5,55,1,emotion_aware,19,logistic_regression,word_char,0.1,0.5,0.5977185210920988,0.5985576923076923,False
factors_finance,5,55,1,emotion_aware,20,logistic_regression,word_char,0.1,1.0,0.5828594944559402,0.5841346153846154,False
factors_finance,5,55,1,emotion_aware,21,logistic_regression,word_char,1.0,0.05,0.6033080777432946,0.6033653846153846,False
factors_finance,5,55,1,emotion_aware,22,logistic_regression,word_char,1.0,0.1,0.634606938954765,0.6346153846153846,False
factors_finance,5,55,1,emotion_aware,23,logistic_regression,word_char,1.0,0.25,0.6442225458243764,0.6442307692307692,True
factors_finance,5,55,1,emotion_aware,24,logistic_regression,word_char,1.0,0.5,0.6439344869066346,0.6442307692307693,False
factors_finance,5,55,1,emotion_aware,25,logistic_regression,word_char,1.0,1.0,0.6319542024460058,0.6322115384615384,False
factors_finance,5,55,1,emotion_aware,26,logistic_regression,word_char,10.0,0.05,0.6009246417013407,0.6009615384615385,False
factors_finance,5,55,1,emotion_aware,27,logistic_regression,word_char,10.0,0.1,0.6129248516161844,0.6129807692307692,False
factors_finance,5,55,1,emotion_aware,28,logistic_regression,word_char,10.0,0.25,0.6417254793158659,0.6418269230769231,False
factors_finance,5,55,1,emotion_aware,29,logistic_regression,word_char,10.0,0.5,0.6369164253469513,0.6370192307692308,False
factors_finance,5,55,1,emotion_aware,30,logistic_regression,word_char,10.0,1.0,0.6417254793158659,0.6418269230769231,False
factors_finance,5,55,1,emotion_aware,31,linear_svm,word,0.1,0.05,0.6176802094712931,0.6177884615384615,False
factors_finance,5,55,1,emotion_aware,32,linear_svm,word,0.1,0.1,0.6442225458243764,0.6442307692307692,False
factors_finance,5,55,1,emotion_aware,33,linear_svm,word,0.1,0.25,0.6297306669749162,0.6298076923076923,False
factors_finance,5,55,1,emotion_aware,34,linear_svm,word,0.1,0.5,0.6414768027671254,0.6418269230769231,False
factors_finance,5,55,1,emotion_aware,35,linear_svm,word,0.1,1.0,0.634074074074074,0.6346153846153846,False
factors_finance,5,55,1,emotion_aware,36,linear_svm,word,1.0,0.05,0.6081526983998566,0.6081730769230769,False
factors_finance,5,55,1,emotion_aware,37,linear_svm,word,1.0,0.1,0.6153490522422561,0.6153846153846154,False
factors_finance,5,55,1,emotion_aware,38,linear_svm,word,1.0,0.25,0.6322094131923377,0.6322115384615384,False
factors_finance,5,55,1,emotion_aware,39,linear_svm,word,1.0,0.5,0.6321924101544667,0.6322115384615384,False
factors_finance,5,55,1,emotion_aware,40,linear_svm,word,1.0,1.0,0.632158399361964,0.6322115384615385,False
factors_finance,5,55,1,emotion_aware,41,linear_svm,word,10.0,0.05,0.5959203496843127,0.5961538461538461,False
factors_finance,5,55,1,emotion_aware,42,linear_svm,word,10.0,0.1,0.6081708127473924,0.6081730769230769,False
factors_finance,5,55,1,emotion_aware,43,linear_svm,word,10.0,0.25,0.6177332385526293,0.6177884615384615,False
factors_finance,5,55,1,emotion_aware,44,linear_svm,word,10.0,0.5,0.6153490522422561,0.6153846153846154,False
factors_finance,5,55,1,emotion_aware,45,linear_svm,word,10.0,1.0,0.6129785328363815,0.6129807692307693,False
factors_finance,5,55,1,emotion_aware,46,linear_svm,word_char,0.1,0.05,0.6128711555023785,0.6129807692307692,False
factors_finance,5,55,1,emotion_aware,47,linear_svm,word_char,0.1,0.1,0.6370171332813268,0.6370192307692307,False
factors_finance,5,55,1,emotion_aware,48,linear_svm,word_char,0.1,0.25,0.6418082948563106,0.6418269230769231,False
factors_finance,5,55,1,emotion_aware,49,linear_svm,word_char,0.1,0.5,0.6438273747541363,0.6442307692307693,False
factors_finance,5,55,1,emotion_aware,50,linear_svm,word_char,0.1,1.0,0.6366644108579593,0.6370192307692307,False
factors_finance,5,55,1,emotion_aware,51,linear_svm,word_char,1.0,0.05,0.6105409153952843,0.6105769230769231,False
factors_finance,5,55,1,emotion_aware,52,linear_svm,word_char,1.0,0.1,0.6033630926584035,0.6033653846153846,False
factors_finance,5,55,1,emotion_aware,53,linear_svm,word_char,1.0,0.25,0.6249913320851537,0.625,False
factors_finance,5,55,1,emotion_aware,54,linear_svm,word_char,1.0,0.5,0.6369164253469513,0.6370192307692308,False
factors_finance,5,55,1,emotion_aware,55,linear_svm,word_char,1.0,1.0,0.639348052248295,0.6394230769230769,False
factors_finance,5,55,1,emotion_aware,56,linear_svm,word_char,10.0,0.05,0.6057692307692307,0.6057692307692307,False
factors_finance,5,55,1,emotion_aware,57,linear_svm,word_char,10.0,0.1,0.6081526983998566,0.6081730769230769,False
factors_finance,5,55,1,emotion_aware,58,linear_svm,word_char,10.0,0.25,0.6177685831017007,0.6177884615384616,False
factors_finance,5,55,1,emotion_aware,59,linear_svm,word_char,10.0,0.5,0.6177685831017007,0.6177884615384616,False
factors_finance,5,55,1,emotion_aware,60,linear_svm,word_char,10.0,1.0,0.6201835286503479,0.6201923076923077,False
factors_finance,5,55,2,text_only,1,logistic_regression,word,0.1,,0.633364863702812,0.6339712918660287,False
factors_finance,5,55,2,text_only,2,logistic_regression,word,1.0,,0.6478719075754016,0.6483253588516746,True
factors_finance,5,55,2,text_only,3,logistic_regression,word,10.0,,0.6428026588209654,0.6435406698564594,False
factors_finance,5,55,2,text_only,4,logistic_regression,word_char,0.1,,0.630894495412844,0.631578947368421,False
factors_finance,5,55,2,text_only,5,logistic_regression,word_char,1.0,,0.6284188732701319,0.6291866028708134,False
factors_finance,5,55,2,text_only,6,logistic_regression,word_char,10.0,,0.6257575757575757,0.6267942583732058,False
factors_finance,5,55,2,text_only,7,linear_svm,word,0.1,,0.6478719075754016,0.6483253588516746,False
factors_finance,5,55,2,text_only,8,linear_svm,word,1.0,,0.6355292443954934,0.6363636363636364,False
factors_finance,5,55,2,text_only,9,linear_svm,word,10.0,,0.6138579207381099,0.6148325358851674,False
factors_finance,5,55,2,text_only,10,linear_svm,word_char,0.1,,0.6261009174311927,0.6267942583732058,False
factors_finance,5,55,2,text_only,11,linear_svm,word_char,1.0,,0.6303603831224016,0.631578947368421,False
factors_finance,5,55,2,text_only,12,linear_svm,word_char,10.0,,0.633213468453743,0.6339712918660287,False
factors_finance,5,55,2,emotion_aware,1,logistic_regression,word,0.1,0.05,0.6328597261689486,0.6339712918660287,False
factors_finance,5,55,2,emotion_aware,2,logistic_regression,word,0.1,0.1,0.5974963890226288,0.5980861244019139,False
factors_finance,5,55,2,emotion_aware,3,logistic_regression,word,0.1,0.25,0.5798367595448566,0.5813397129186603,False
factors_finance,5,55,2,emotion_aware,4,logistic_regression,word,0.1,0.5,0.5843903560447139,0.5861244019138756,False
factors_finance,5,55,2,emotion_aware,5,logistic_regression,word,0.1,1.0,0.582776898189578,0.5837320574162679,False
factors_finance,5,55,2,emotion_aware,6,logistic_regression,word,1.0,0.05,0.6570290848791908,0.6578947368421053,False
factors_finance,5,55,2,emotion_aware,7,logistic_regression,word,1.0,0.1,0.6619810395554102,0.6626794258373205,True
factors_finance,5,55,2,emotion_aware,8,logistic_regression,word,1.0,0.25,0.6193536193536193,0.6196172248803828,False
factors_finance,5,55,2,emotion_aware,9,logistic_regression,word,1.0,0.5,0.6240382687405116,0.6244019138755981,False
factors_finance,5,55,2,emotion_aware,10,logistic_regression,word,1.0,1.0,0.6216977889792645,0.6220095693779903,False
factors_finance,5,55,2,emotion_aware,11,logistic_regression,word,10.0,0.05,0.6406217759130615,0.6411483253588517,False
factors_finance,5,55,2,emotion_aware,12,logistic_regression,word,10.0,0.1,0.648081648081648,0.6483253588516746,False
factors_finance,5,55,2,emotion_aware,13,logistic_regression,word,10.0,0.25,0.6401515151515151,0.6411483253588517,False
factors_finance,5,55,2,emotion_aware,14,logistic_regression,word,10.0,0.5,0.6403249122323948,0.6411483253588517,False
factors_finance,5,55,2,emotion_aware,15,logistic_regression,word,10.0,1.0,0.6401515151515151,0.6411483253588517,False
factors_finance,5,55,2,emotion_aware,16,logistic_regression,word_char,0.1,0.05,0.620759354112594,0.6220095693779903,False
factors_finance,5,55,2,emotion_aware,17,logistic_regression,word_char,0.1,0.1,0.6189870152205693,0.6196172248803828,False
factors_finance,5,55,2,emotion_aware,18,logistic_regression,word_char,0.1,0.25,0.5927046793681363,0.5933014354066986,False
factors_finance,5,55,2,emotion_aware,19,logistic_regression,word_char,0.1,0.5,0.5992651913085909,0.6004784688995215,False
factors_finance,5,55,2,emotion_aware,20,logistic_regression,word_char,0.1,1.0,0.6115509052109864,0.6124401913875598,False
factors_finance,5,55,2,emotion_aware,21,logistic_regression,word_char,1.0,0.05,0.6230535499916714,0.6244019138755981,False
factors_finance,5,55,2,emotion_aware,22,logistic_regression,word_char,1.0,0.1,0.633213468453743,0.6339712918660287,False
factors_finance,5,55,2,emotion_aware,23,logistic_regression,word_char,1.0,0.25,0.6408523313094283,0.6411483253588517,False
factors_finance,5,55,2,emotion_aware,24,logistic_regression,word_char,1.0,0.5,0.6219316724674848,0.6220095693779903,False
factors_finance,5,55,2,emotion_aware,25,logistic_regression,word_char,1.0,1.0,0.6099384571346786,0.6100478468899522,False
factors_finance,5,55,2,emotion_aware,26,logistic_regression,word_char,10.0,0.05,0.6257575757575757,0.6267942583732058,False
factors_finance,5,55,2,emotion_aware,27,logistic_regression,word_char,10.0,0.1,0.6426386968321638,0.6435406698564593,False
factors_finance,5,55,2,emotion_aware,28,logistic_regression,word_char,10.0,0.25,0.6334993323743976,0.6339712918660287,False
factors_finance,5,55,2,emotion_aware,29,logistic_regression,word_char,10.0,0.5,0.6336169115751482,0.6339712918660287,False
factors_finance,5,55,2,emotion_aware,30,logistic_regression,word_char,10.0,1.0,0.6479848758271032,0.6483253588516746,False
factors_finance,5,55,2,emotion_aware,31,linear_svm,word,0.1,0.05,0.6595075835800004,0.6602870813397129,False
factors_finance,5,55,2,emotion_aware,32,linear_svm,word,0.1,0.1,0.6570290848791908,0.6578947368421053,False
factors_finance,5,55,2,emotion_aware,33,linear_svm,word,0.1,0.25,0.6192489473231932,0.6196172248803827,False
factors_finance,5,55,2,emotion_aware,34,linear_svm,word,0.1,0.5,0.6216977889792645,0.6220095693779903,False
factors_finance,5,55,2,emotion_aware,35,linear_svm,word,0.1,1.0,0.6289296289296289,0.6291866028708134,False
factors_finance,5,55,2,emotion_aware,36,linear_svm,word,1.0,0.05,0.6282483087851368,0.6291866028708134,False
factors_finance,5,55,2,emotion_aware,37,linear_svm,word,1.0,0.1,0.6334993323743976,0.6339712918660287,False
factors_finance,5,55,2,emotion_aware,38,linear_svm,word,1.0,0.25,0.6381574798635595,0.638755980861244,False
factors_finance,5,55,2,emotion_aware,39,linear_svm,word,1.0,0.5,0.6451205800692963,0.6459330143540669,False
factors_finance,5,55,2,emotion_aware,40,linear_svm,word,1.0,1.0,0.6428026588209654,0.6435406698564594,False
factors_finance,5,55,2,emotion_aware,41,linear_svm,word,10.0,0.05,0.6237796313813169,0.6244019138755981,False
factors_finance,5,55,2,emotion_aware,42,linear_svm,word,10.0,0.1,0.6284188732701319,0.6291866028708134,False
factors_finance,5,55,2,emotion_aware,43,linear_svm,word,10.0,0.25,0.6358300662585689,0.6363636363636364,False
factors_finance,5,55,2,emotion_aware,44,linear_svm,word,10.0,0.5,0.6310383566040764,0.631578947368421,False
factors_finance,5,55,2,emotion_aware,45,linear_svm,word,10.0,1.0,0.6311651998533186,0.631578947368421,False
factors_finance,5,55,2,emotion_aware,46,linear_svm,word_char,0.1,0.05,0.6253447324875896,0.6267942583732058,False
factors_finance,5,55,2,emotion_aware,47,linear_svm,word_char,0.1,0.1,0.633213468453743,0.6339712918660287,False
factors_finance,5,55,2,emotion_aware,48,linear_svm,word_char,0.1,0.25,0.6314439482422993,0.631578947368421,False
factors_finance,5,55,2,emotion_aware,49,linear_svm,word_char,0.1,0.5,0.6195105195362817,0.6196172248803828,False
factors_finance,5,55,2,emotion_aware,50,linear_svm,word_char,0.1,1.0,0.6075117370892018,0.6076555023923444,False
factors_finance,5,55,2,emotion_aware,51,linear_svm,word_char,1.0,0.05,0.6262466469495839,0.6267942583732058,False
factors_finance,5,55,2,emotion_aware,52,linear_svm,word_char,1.0,0.1,0.6361553967381345,0.6363636363636364,False
factors_finance,5,55,2,emotion_aware,53,linear_svm,word_char,1.0,0.25,0.6336169115751482,0.6339712918660287,False
factors_finance,5,55,2,emotion_aware,54,linear_svm,word_char,1.0,0.5,0.6264864245618055,0.6267942583732058,False
factors_finance,5,55,2,emotion_aware,55,linear_svm,word_char,1.0,1.0,0.62882759015783,0.6291866028708134,False
factors_finance,5,55,2,emotion_aware,56,linear_svm,word_char,10.0,0.05,0.633364863702812,0.6339712918660287,False
factors_finance,5,55,2,emotion_aware,57,linear_svm,word_char,10.0,0.1,0.6337176337176338,0.6339712918660287,False
factors_finance,5,55,2,emotion_aware,58,linear_svm,word_char,10.0,0.25,0.6359552621928859,0.6363636363636365,False
factors_finance,5,55,2,emotion_aware,59,linear_svm,word_char,10.0,0.5,0.6336169115751482,0.6339712918660287,False
factors_finance,5,55,2,emotion_aware,60,linear_svm,word_char,10.0,1.0,0.6287084739740629,0.6291866028708134,False
factors_finance,5,55,3,text_only,1,logistic_regression,word,0.1,,0.559647314783007,0.5598086124401914,False
factors_finance,5,55,3,text_only,2,logistic_regression,word,1.0,,0.5430386629654008,0.5430622009569378,False
factors_finance,5,55,3,text_only,3,logistic_regression,word,10.0,,0.5215201465201466,0.5215311004784688,False
factors_finance,5,55,3,text_only,4,logistic_regression,word_char,0.1,,0.5764944275582573,0.5765550239234449,True
factors_finance,5,55,3,text_only,5,logistic_regression,word_char,1.0,,0.5693385534720792,0.569377990430622,False
factors_finance,5,55,3,text_only,6,logistic_regression,word_char,10.0,,0.5501980447375048,0.5502392344497609,False
factors_finance,5,55,3,text_only,7,linear_svm,word,0.1,,0.5406593406593406,0.5406698564593302,False
factors_finance,5,55,3,text_only,8,linear_svm,word,1.0,,0.5094318019178474,0.5095693779904307,False
factors_finance,5,55,3,text_only,9,linear_svm,word,10.0,,0.5069964502461926,0.507177033492823,False
factors_finance,5,55,3,text_only,10,linear_svm,word_char,0.1,,0.5669633402970552,0.5669856459330144,False
factors_finance,5,55,3,text_only,11,linear_svm,word_char,1.0,,0.5501980447375048,0.5502392344497609,False
factors_finance,5,55,3,text_only,12,linear_svm,word_char,10.0,,0.5550137362637363,0.5550239234449761,False
factors_finance,5,55,3,emotion_aware,1,logistic_regression,word,0.1,0.05,0.5427455427455428,0.5430622009569378,False
factors_finance,5,55,3,emotion_aware,2,logistic_regression,word,0.1,0.1,0.5809343759846466,0.5813397129186603,False
factors_finance,5,55,3,emotion_aware,3,logistic_regression,word,0.1,0.25,0.5474091260634184,0.5478468899521531,False
factors_finance,5,55,3,emotion_aware,4,logistic_regression,word,0.1,0.5,0.5331695331695332,0.5334928229665072,False
factors_finance,5,55,3,emotion_aware,5,logistic_regression,word,0.1,1.0,0.5404068169323804,0.5406698564593302,False
factors_finance,5,55,3,emotion_aware,6,logistic_regression,word,1.0,0.05,0.5406698564593302,0.5406698564593302,False
factors_finance,5,55,3,emotion_aware,7,logistic_regression,word,1.0,0.1,0.552424087996656,0.5526315789473684,False
factors_finance,5,55,3,emotion_aware,8,logistic_regression,word,1.0,0.25,0.5712181731700468,0.5717703349282297,False
factors_finance,5,55,3,emotion_aware,9,logistic_regression,word,1.0,0.5,0.5685779816513762,0.569377990430622,False
factors_finance,5,55,3,emotion_aware,10,logistic_regression,word,1.0,1.0,0.5593142647598093,0.5598086124401913,False
factors_finance,5,55,3,emotion_aware,11,logistic_regression,word,10.0,0.05,0.5238989211000773,0.5239234449760766,False
factors_finance,5,55,3,emotion_aware,12,logistic_regression,word,10.0,0.1,0.530831958951805,0.5311004784688995,False
factors_finance,5,55,3,emotion_aware,13,logistic_regression,word,10.0,0.25,0.5356193879420927,0.5358851674641149,False
factors_finance,5,55,3,emotion_aware,14,logistic_regression,word,10.0,0.5,0.5356193879420927,0.5358851674641149,False
factors_finance,5,55,3,emotion_aware,15,logistic_regression,word,10.0,1.0,0.5402909840760683,0.5406698564593302,False
factors_finance,5,55,3,emotion_aware,16,logistic_regression,word_char,0.1,0.05,0.5786000687363959,0.5789473684210527,False
factors_finance,5,55,3,emotion_aware,17,logistic_regression,word_char,0.1,0.1,0.581049581049581,0.5813397129186603,True
factors_finance,5,55,3,emotion_aware,18,logistic_regression,word_char,0.1,0.25,0.556987768898055,0.5574162679425837,False
factors_finance,5,55,3,emotion_aware,19,logistic_regression,word_char,0.1,0.5,0.5378304832287817,0.5382775119617225,False
factors_finance,5,55,3,emotion_aware,20,logistic_regression,word_char,0.1,1.0,0.530831958951805,0.5311004784688995,False
factors_finance,5,55,3,emotion_aware,21,logistic_regression,word_char,1.0,0.05,0.5645833333333333,0.5645933014354068,False
factors_finance,5,55,3,emotion_aware,22,logistic_regression,word_char,1.0,0.1,0.5692892471148562,0.569377990430622,False
factors_finance,5,55,3,emotion_aware,23,logistic_regression,word_char,1.0,0.25,0.5736844517785111,0.5741626794258373,False
factors_finance,5,55,3,emotion_aware,24,logistic_regression,word_char,1.0,0.5,0.5642341619887731,0.5645933014354068,False
factors_finance,5,55,3,emotion_aware,25,logistic_regression,word_char,1.0,1.0,0.5593142647598093,0.5598086124401913,False
factors_finance,5,55,3,emotion_aware,26,logistic_regression,word_char,10.0,0.05,0.5382114379590037,0.5382775119617225,False
factors_finance,5,55,3,emotion_aware,27,logistic_regression,word_char,10.0,0.1,0.5478443021239333,0.5478468899521531,False
factors_finance,5,55,3,emotion_aware,28,logistic_regression,word_char,10.0,0.25,0.5478235984317317,0.5478468899521531,False
factors_finance,5,55,3,emotion_aware,29,logistic_regression,word_char,10.0,0.5,0.5311004784688995,0.5311004784688995,False
factors_finance,5,55,3,emotion_aware,30,logistic_regression,word_char,10.0,1.0,0.5310897435897436,0.5311004784688995,False
factors_finance,5,55,3,emotion_aware,31,linear_svm,word,0.1,0.05,0.5406277903702177,0.5406698564593302,False
factors_finance,5,55,3,emotion_aware,32,linear_svm,word,0.1,0.1,0.5619979042961928,0.562200956937799,False
factors_finance,5,55,3,emotion_aware,33,linear_svm,word,0.1,0.25,0.5760090315703814,0.5765550239234449,False
factors_finance,5,55,3,emotion_aware,34,linear_svm,word,0.1,0.5,0.5662682374523462,0.5669856459330143,False
factors_finance,5,55,3,emotion_aware,35,linear_svm,word,0.1,1.0,0.5616364563693774,0.562200956937799,False
factors_finance,5,55,3,emotion_aware,36,linear_svm,word,1.0,0.05,0.5333619579218549,0.5334928229665072,False
factors_finance,5,55,3,emotion_aware,37,linear_svm,word,1.0,0.1,0.5356193879420927,0.5358851674641149,False
factors_finance,5,55,3,emotion_aware,38,linear_svm,word,1.0,0.25,0.530831958951805,0.5311004784688995,False
factors_finance,5,55,3,emotion_aware,39,linear_svm,word,1.0,0.5,0.5283815283815284,0.5287081339712918,False
factors_finance,5,55,3,emotion_aware,40,linear_svm,word,1.0,1.0,0.5283815283815284,0.5287081339712918,False
factors_finance,5,55,3,emotion_aware,41,linear_svm,word,10.0,0.05,0.5189157309482774,0.5191387559808612,False
factors_finance,5,55,3,emotion_aware,42,linear_svm,word,10.0,0.1,0.5163478061633635,0.5167464114832536,False
factors_finance,5,55,3,emotion_aware,43,linear_svm,word,10.0,0.25,0.5185187307663655,0.5191387559808612,False
factors_finance,5,55,3,emotion_aware,44,linear_svm,word,10.0,0.5,0.5234625189768267,0.5239234449760766,False
factors_finance,5,55,3,emotion_aware,45,linear_svm,word,10.0,1.0,0.5283815283815284,0.5287081339712918,False
factors_finance,5,55,3,emotion_aware,46,linear_svm,word_char,0.1,0.05,0.5717090538583507,0.5717703349282297,False
factors_finance,5,55,3,emotion_aware,47,linear_svm,word_char,0.1,0.1,0.5715717205957296,0.5717703349282297,False
factors_finance,5,55,3,emotion_aware,48,linear_svm,word_char,0.1,0.25,0.5786000687363959,0.5789473684210527,False
factors_finance,5,55,3,emotion_aware,49,linear_svm,word_char,0.1,0.5,0.5712181731700468,0.5717703349282297,False
factors_finance,5,55,3,emotion_aware,50,linear_svm,word_char,0.1,1.0,0.5617770903153734,0.562200956937799,False
factors_finance,5,55,3,emotion_aware,51,linear_svm,word_char,1.0,0.05,0.5406277903702177,0.5406698564593302,False
factors_finance,5,55,3,emotion_aware,52,linear_svm,word_char,1.0,0.1,0.5358745421245421,0.5358851674641149,False
factors_finance,5,55,3,emotion_aware,53,linear_svm,word_char,1.0,0.25,0.5454441391941391,0.5454545454545454,False
factors_finance,5,55,3,emotion_aware,54,linear_svm,word_char,1.0,0.5,0.5406698564593302,0.5406698564593302,False
factors_finance,5,55,3,emotion_aware,55,linear_svm,word_char,1.0,1.0,0.5334901529850106,0.5334928229665072,False
factors_finance,5,55,3,emotion_aware,56,linear_svm,word_char,10.0,0.05,0.53825372749907,0.5382775119617225,False
factors_finance,5,55,3,emotion_aware,57,linear_svm,word_char,10.0,0.1,0.5454129175538613,0.5454545454545454,False
factors_finance,5,55,3,emotion_aware,58,linear_svm,word_char,10.0,0.25,0.5334901529850106,0.5334928229665072,False
factors_finance,5,55,3,emotion_aware,59,linear_svm,word_char,10.0,0.5,0.53825372749907,0.5382775119617225,False
factors_finance,5,55,3,emotion_aware,60,linear_svm,word_char,10.0,1.0,0.5358851674641149,0.5358851674641149,False
factors_finance,5,55,4,text_only,1,logistic_regression,word,0.1,,0.5948567069848534,0.5956937799043063,False
factors_finance,5,55,4,text_only,2,logistic_regression,word,1.0,,0.5804729214340199,0.5813397129186604,False
factors_finance,5,55,4,text_only,3,logistic_regression,word,10.0,,0.5854387020953364,0.5861244019138756,False
factors_finance,5,55,4,text_only,4,logistic_regression,word_char,0.1,,0.6157381871667587,0.6172248803827751,True
factors_finance,5,55,4,text_only,5,logistic_regression,word_char,1.0,,0.5927046793681363,0.5933014354066986,False
factors_finance,5,55,4,text_only,6,logistic_regression,word_char,10.0,,0.5931524103973433,0.5933014354066986,False
factors_finance,5,55,4,text_only,7,linear_svm,word,0.1,,0.5854387020953364,0.5861244019138756,False
factors_finance,5,55,4,text_only,8,linear_svm,word,1.0,,0.5829587155963303,0.583732057416268,False
factors_finance,5,55,4,text_only,9,linear_svm,word,10.0,,0.573811433153855,0.5741626794258373,False
factors_finance,5,55,4,text_only,10,linear_svm,word_char,0.1,,0.5927046793681363,0.5933014354066986,False
factors_finance,5,55,4,text_only,11,linear_svm,word_char,1.0,,0.5881773399014778,0.5885167464114833,False
factors_finance,5,55,4,text_only,12,linear_svm,word_char,10.0,,0.5858375858375858,0.5861244019138756,False
factors_finance,5,55,4,emotion_aware,1,logistic_regression,word,0.1,0.05,0.5917218238646811,0.5933014354066986,False
factors_finance,5,55,4,emotion_aware,2,logistic_regression,word,0.1,0.1,0.5784745141180785,0.5789473684210527,False
factors_finance,5,55,4,emotion_aware,3,logistic_regression,word,0.1,0.25,0.5454441391941391,0.5454545454545454,False
factors_finance,5,55,4,emotion_aware,4,logistic_regression,word,0.1,0.5,0.5501465469866276,0.5502392344497608,False
factors_finance,5,55,4,emotion_aware,5,logistic_regression,word,0.1,1.0,0.5419059805029751,0.5430622009569378,False
factors_finance,5,55,4,emotion_aware,6,logistic_regression,word,1.0,0.05,0.5969696969696969,0.5980861244019138,False
factors_finance,5,55,4,emotion_aware,7,logistic_regression,word,1.0,0.1,0.5948567069848534,0.5956937799043063,False
factors_finance,5,55,4,emotion_aware,8,logistic_regression,word,1.0,0.25,0.5881773399014778,0.5885167464114833,False
factors_finance,5,55,4,emotion_aware,9,logistic_regression,word,1.0,0.5,0.5877522935779816,0.5885167464114832,False
factors_finance,5,55,4,emotion_aware,10,logistic_regression,word,1.0,1.0,0.5896667527770603,0.5909090909090909,False
factors_finance,5,55,4,emotion_aware,11,logistic_regression,word,10.0,0.05,0.5854387020953364,0.5861244019138756,False
factors_finance,5,55,4,emotion_aware,12,logistic_regression,word,10.0,0.1,0.5848675335112948,0.5861244019138756,False
factors_finance,5,55,4,emotion_aware,13,logistic_regression,word,10.0,0.25,0.5846386251500584,0.5861244019138756,False
factors_finance,5,55,4,emotion_aware,14,logistic_regression,word,10.0,0.5,0.5843903560447139,0.5861244019138756,False
factors_finance,5,55,4,emotion_aware,15,logistic_regression,word,10.0,1.0,0.5773120058834345,0.5789473684210527,False
factors_finance,5,55,4,emotion_aware,16,logistic_regression,word_char,0.1,0.05,0.5985461488472134,0.6004784688995215,False
factors_finance,5,55,4,emotion_aware,17,logistic_regression,word_char,0.1,0.1,0.5708837310667974,0.5717703349282297,False
factors_finance,5,55,4,emotion_aware,18,logistic_regression,word_char,0.1,0.25,0.5621383064585372,0.562200956937799,False
factors_finance,5,55,4,emotion_aware,19,logistic_regression,word_char,0.1,0.5,0.5645534262884355,0.5645933014354068,False
factors_finance,5,55,4,emotion_aware,20,logistic_regression,word_char,0.1,1.0,0.5635942268419725,0.5645933014354068,False
factors_finance,5,55,4,emotion_aware,21,logistic_regression,word_char,1.0,0.05,0.5946707366754073,0.5956937799043063,False
factors_finance,5,55,4,emotion_aware,22,logistic_regression,word_char,1.0,0.1,0.5879129697136438,0.5885167464114833,False
factors_finance,5,55,4,emotion_aware,23,logistic_regression,word_char,1.0,0.25,0.5731855625157751,0.5741626794258373,False
factors_finance,5,55,4,emotion_aware,24,logistic_regression,word_char,1.0,0.5,0.5833887043189369,0.5837320574162679,False
factors_finance,5,55,4,emotion_aware,25,logistic_regression,word_char,1.0,1.0,0.5907943323314727,0.5909090909090908,False
factors_finance,5,55,4,emotion_aware,26,logistic_regression,word_char,10.0,0.05,0.6025432466491007,0.6028708133971292,False
factors_finance,5,55,4,emotion_aware,27,logistic_regression,word_char,10.0,0.1,0.6026433938061206,0.6028708133971292,False
factors_finance,5,55,4,emotion_aware,28,logistic_regression,word_char,10.0,0.25,0.5978559648158328,0.5980861244019139,False
factors_finance,5,55,4,emotion_aware,29,logistic_regression,word_char,10.0,0.5,0.5809343759846466,0.5813397129186603,False
factors_finance,5,55,4,emotion_aware,30,logistic_regression,word_char,10.0,1.0,0.5809343759846466,0.5813397129186603,False
factors_finance,5,55,4,emotion_aware,31,linear_svm,word,0.1,0.05,0.5946707366754073,0.5956937799043063,False
factors_finance,5,55,4,emotion_aware,32,linear_svm,word,0.1,0.1,0.5898739406597315,0.5909090909090909,False
factors_finance,5,55,4,emotion_aware,33,linear_svm,word,0.1,0.25,0.5855907483710507,0.5861244019138756,False
factors_finance,5,55,4,emotion_aware,34,linear_svm,word,0.1,0.5,0.5854387020953364,0.5861244019138756,False
factors_finance,5,55,4,emotion_aware,35,linear_svm,word,0.1,1.0,0.5823552380733629,0.5837320574162679,False
factors_finance,5,55,4,emotion_aware,36,linear_svm,word,1.0,0.05,0.5806460859345888,0.5813397129186604,False
factors_finance,5,55,4,emotion_aware,37,linear_svm,word,1.0,0.1,0.5800683142455294,0.5813397129186603,False
factors_finance,5,55,4,emotion_aware,38,linear_svm,word,1.0,0.25,0.5843903560447139,0.5861244019138756,False
factors_finance,5,55,4,emotion_aware,39,linear_svm,word,1.0,0.5,0.5773120058834345,0.5789473684210527,False
factors_finance,5,55,4,emotion_aware,40,linear_svm,word,1.0,1.0,0.5846386251500584,0.5861244019138756,False
factors_finance,5,55,4,emotion_aware,41,linear_svm,word,10.0,0.05,0.5806460859345888,0.5813397129186604,False
factors_finance,5,55,4,emotion_aware,42,linear_svm,word,10.0,0.1,0.5898739406597315,0.5909090909090909,False
factors_finance,5,55,4,emotion_aware,43,linear_svm,word,10.0,0.25,0.5829587155963303,0.583732057416268,False
factors_finance,5,55,4,emotion_aware,44,linear_svm,word,10.0,0.5,0.5733715596330275,0.5741626794258373,False
factors_finance,5,55,4,emotion_aware,45,linear_svm,word,10.0,1.0,0.5756783262504086,0.5765550239234449,False
factors_finance,5,55,4,emotion_aware,46,linear_svm,word_char,0.1,0.05,0.5948567069848534,0.5956937799043063,False
factors_finance,5,55,4,emotion_aware,47,linear_svm,word_char,0.1,0.1,0.5898739406597315,0.5909090909090909,False
factors_finance,5,55,4,emotion_aware,48,linear_svm,word_char,0.1,0.25,0.5683898946788739,0.569377990430622,False
factors_finance,5,55,4,emotion_aware,49,linear_svm,word_char,0.1,0.5,0.5929659754840187,0.5933014354066986,False
factors_finance,5,55,4,emotion_aware,50,linear_svm,word_char,0.1,1.0,0.5859324450450347,0.5861244019138756,False
factors_finance,5,55,4,emotion_aware,51,linear_svm,word_char,1.0,0.05,0.6002016002016002,0.6004784688995215,False
factors_finance,5,55,4,emotion_aware,52,linear_svm,word_char,1.0,0.1,0.6098669857938767,0.6100478468899522,True
factors_finance,5,55,4,emotion_aware,53,linear_svm,word_char,1.0,0.25,0.6002016002016002,0.6004784688995215,False
factors_finance,5,55,4,emotion_aware,54,linear_svm,word_char,1.0,0.5,0.5881773399014778,0.5885167464114833,False
factors_finance,5,55,4,emotion_aware,55,linear_svm,word_char,1.0,1.0,0.588054638797213,0.5885167464114833,False
factors_finance,5,55,4,emotion_aware,56,linear_svm,word_char,10.0,0.05,0.5955062613445715,0.5956937799043063,False
factors_finance,5,55,4,emotion_aware,57,linear_svm,word_char,10.0,0.1,0.6050800776441083,0.605263157894737,False
factors_finance,5,55,4,emotion_aware,58,linear_svm,word_char,10.0,0.25,0.5929659754840187,0.5933014354066986,False
factors_finance,5,55,4,emotion_aware,59,linear_svm,word_char,10.0,0.5,0.5953023402366016,0.5956937799043063,False
factors_finance,5,55,4,emotion_aware,60,linear_svm,word_char,10.0,1.0,0.5905130188192833,0.5909090909090909,False
factors_finance,5,55,5,text_only,1,logistic_regression,word,0.1,,0.6076195709412276,0.6076555023923444,True
factors_finance,5,55,5,text_only,2,logistic_regression,word,1.0,,0.6052428240277024,0.6052631578947368,False
factors_finance,5,55,5,text_only,3,logistic_regression,word,10.0,,0.6028617216117216,0.6028708133971292,False
factors_finance,5,55,5,text_only,4,logistic_regression,word_char,0.1,,0.593217622275142,0.5933014354066986,False
factors_finance,5,55,5,text_only,5,logistic_regression,word_char,1.0,,0.5909067495407015,0.5909090909090908,False
factors_finance,5,55,5,text_only,6,logistic_regression,word_char,10.0,,0.5908505486579774,0.5909090909090909,False
factors_finance,5,55,5,text_only,7,linear_svm,word,0.1,,0.6052428240277024,0.6052631578947368,False
factors_finance,5,55,5,text_only,8,linear_svm,word,1.0,,0.5980861244019139,0.5980861244019139,False
factors_finance,5,55,5,text_only,9,linear_svm,word,10.0,,0.5861220331610606,0.5861244019138756,False
factors_finance,5,55,5,text_only,10,linear_svm,word_char,0.1,,0.5956914659203425,0.5956937799043063,False
factors_finance,5,55,5,text_only,11,linear_svm,word_char,1.0,,0.5956359223578841,0.5956937799043063,False
factors_finance,5,55,5,text_only,12,linear_svm,word_char,10.0,,0.5837225274725275,0.5837320574162679,False
factors_finance,5,55,5,emotion_aware,1,logistic_regression,word,0.1,0.05,0.6220009157509158,0.6220095693779905,True
factors_finance,5,55,5,emotion_aware,2,logistic_regression,word,0.1,0.1,0.5740749221469134,0.5741626794258373,False
factors_finance,5,55,5,emotion_aware,3,logistic_regression,word,0.1,0.25,0.5662682374523462,0.5669856459330143,False
factors_finance,5,55,5,emotion_aware,4,logistic_regression,word,0.1,0.5,0.5855907483710507,0.5861244019138756,False
factors_finance,5,55,5,emotion_aware,5,logistic_regression,word,0.1,1.0,0.5710608536130937,0.5717703349282297,False
factors_finance,5,55,5,emotion_aware,6,logistic_regression,word,1.0,0.05,0.6124313186813187,0.6124401913875598,False
factors_finance,5,55,5,emotion_aware,7,logistic_regression,word,1.0,0.1,0.6076555023923444,0.6076555023923444,False
factors_finance,5,55,5,emotion_aware,8,logistic_regression,word,1.0,0.25,0.5882811068352575,0.5885167464114832,False
factors_finance,5,55,5,emotion_aware,9,logistic_regression,word,1.0,0.5,0.5951724651717202,0.5956937799043063,False
factors_finance,5,55,5,emotion_aware,10,logistic_regression,word,1.0,1.0,0.5879129697136438,0.5885167464114833,False
factors_finance,5,55,5,emotion_aware,11,logistic_regression,word,10.0,0.05,0.5979388526279629,0.5980861244019139,False
factors_finance,5,55,5,emotion_aware,12,logistic_regression,word,10.0,0.1,0.5980032973071991,0.5980861244019139,False
factors_finance,5,55,5,emotion_aware,13,logistic_regression,word,10.0,0.25,0.6100277594940331,0.6100478468899522,False
factors_finance,5,55,5,emotion_aware,14,logistic_regression,word,10.0,0.5,0.6124046981248712,0.6124401913875599,False
factors_finance,5,55,5,emotion_aware,15,logistic_regression,word,10.0,1.0,0.6076195709412276,0.6076555023923444,False
factors_finance,5,55,5,emotion_aware,16,logistic_regression,word_char,0.1,0.05,0.5932641893902969,0.5933014354066986,False
factors_finance,5,55,5,emotion_aware,17,logistic_regression,word_char,0.1,0.1,0.5955803635322742,0.5956937799043063,False
factors_finance,5,55,5,emotion_aware,18,logistic_regression,word_char,0.1,0.25,0.5687461310956737,0.569377990430622,False
factors_finance,5,55,5,emotion_aware,19,logistic_regression,word_char,0.1,0.5,0.5996513021684646,0.6004784688995215,False
factors_finance,5,55,5,emotion_aware,20,logistic_regression,word_char,0.1,1.0,0.5858375858375858,0.5861244019138756,False
factors_finance,5,55,5,emotion_aware,21,logistic_regression,word_char,1.0,0.05,0.5956729530950404,0.5956937799043063,False
factors_finance,5,55,5,emotion_aware,22,logistic_regression,word_char,1.0,0.1,0.5956914659203425,0.5956937799043063,False
factors_finance,5,55,5,emotion_aware,23,logistic_regression,word_char,1.0,0.25,0.5931524103973433,0.5933014354066986,False
factors_finance,5,55,5,emotion_aware,24,logistic_regression,word_char,1.0,0.5,0.5783295504046587,0.5789473684210527,False
factors_finance,5,55,5,emotion_aware,25,logistic_regression,word_char,1.0,1.0,0.5900621118012422,0.5909090909090908,False
factors_finance,5,55,5,emotion_aware,26,logistic_regression,word_char,10.0,0.05,0.5861220331610606,0.5861244019138756,False
factors_finance,5,55,5,emotion_aware,27,logistic_regression,word_char,10.0,0.1,0.5909067495407015,0.5909090909090908,False
factors_finance,5,55,5,emotion_aware,28,logistic_regression,word_char,10.0,0.25,0.5762615762615763,0.5765550239234449,False
factors_finance,5,55,5,emotion_aware,29,logistic_regression,word_char,10.0,0.5,0.5882811068352575,0.5885167464114832,False
factors_finance,5,55,5,emotion_aware,30,logistic_regression,word_char,10.0,1.0,0.5928447011367803,0.5933014354066986,False
factors_finance,5,55,5,emotion_aware,31,linear_svm,word,0.1,0.05,0.6196150478185471,0.6196172248803828,False
factors_finance,5,55,5,emotion_aware,32,linear_svm,word,0.1,0.1,0.6052608986796244,0.6052631578947368,False
factors_finance,5,55,5,emotion_aware,33,linear_svm,word,0.1,0.25,0.5907193531948032,0.5909090909090908,False
factors_finance,5,55,5,emotion_aware,34,linear_svm,word,0.1,0.5,0.5902313182560839,0.5909090909090908,False
factors_finance,5,55,5,emotion_aware,35,linear_svm,word,0.1,1.0,0.5927046793681363,0.5933014354066986,False
factors_finance,5,55,5,emotion_aware,36,linear_svm,word,1.0,0.05,0.5932641893902969,0.5933014354066986,False
factors_finance,5,55,5,emotion_aware,37,linear_svm,word,1.0,0.1,0.5956359223578841,0.5956937799043063,False
factors_finance,5,55,5,emotion_aware,38,linear_svm,word,1.0,0.25,0.6195627908574176,0.6196172248803827,False
factors_finance,5,55,5,emotion_aware,39,linear_svm,word,1.0,0.5,0.6076195709412276,0.6076555023923444,False
factors_finance,5,55,5,emotion_aware,40,linear_svm,word,1.0,1.0,0.6028617216117216,0.6028708133971292,False
factors_finance,5,55,5,emotion_aware,41,linear_svm,word,10.0,0.05,0.5789088078393663,0.5789473684210527,False
factors_finance,5,55,5,emotion_aware,42,linear_svm,word,10.0,0.1,0.5765526004017788,0.5765550239234449,False
factors_finance,5,55,5,emotion_aware,43,linear_svm,word,10.0,0.25,0.5909067495407015,0.5909090909090908,False
factors_finance,5,55,5,emotion_aware,44,linear_svm,word,10.0,0.5,0.5908880176287097,0.5909090909090909,False
factors_finance,5,55,5,emotion_aware,45,linear_svm,word,10.0,1.0,0.5884790622066534,0.5885167464114833,False
factors_finance,5,55,5,emotion_aware,46,linear_svm,word_char,0.1,0.05,0.5980769230769231,0.5980861244019139,False
factors_finance,5,55,5,emotion_aware,47,linear_svm,word_char,0.1,0.1,0.5956914659203425,0.5956937799043063,False
factors_finance,5,55,5,emotion_aware,48,linear_svm,word_char,0.1,0.25,0.5930685358255452,0.5933014354066986,False
factors_finance,5,55,5,emotion_aware,49,linear_svm,word_char,0.1,0.5,0.5760090315703814,0.5765550239234449,False
factors_finance,5,55,5,emotion_aware,50,linear_svm,word_char,0.1,1.0,0.5873737373737373,0.5885167464114833,False
factors_finance,5,55,5,emotion_aware,51,linear_svm,word_char,1.0,0.05,0.5861030821623787,0.5861244019138756,False
factors_finance,5,55,5,emotion_aware,52,linear_svm,word_char,1.0,0.1,0.5861030821623787,0.5861244019138756,False
factors_finance,5,55,5,emotion_aware,53,linear_svm,word_char,1.0,0.25,0.5784745141180785,0.5789473684210527,False
factors_finance,5,55,5,emotion_aware,54,linear_svm,word_char,1.0,0.5,0.5811455368952663,0.5813397129186604,False
factors_finance,5,55,5,emotion_aware,55,linear_svm,word_char,1.0,1.0,0.5835795259361044,0.5837320574162679,False
factors_finance,5,55,5,emotion_aware,56,linear_svm,word_char,10.0,0.05,0.5956729530950404,0.5956937799043063,False
factors_finance,5,55,5,emotion_aware,57,linear_svm,word_char,10.0,0.1,0.6004578885613714,0.6004784688995215,False
factors_finance,5,55,5,emotion_aware,58,linear_svm,word_char,10.0,0.25,0.5908505486579774,0.5909090909090909,False
factors_finance,5,55,5,emotion_aware,59,linear_svm,word_char,10.0,0.5,0.5884319472430848,0.5885167464114833,False
factors_finance,5,55,5,emotion_aware,60,linear_svm,word_char,10.0,1.0,0.5955803635322742,0.5956937799043063,False
factors_finance,6,66,1,text_only,1,logistic_regression,word,0.1,,0.5525122605718515,0.5528846153846154,False
factors_finance,6,66,1,text_only,2,logistic_regression,word,1.0,,0.5670575175189065,0.5673076923076923,True
factors_finance,6,66,1,text_only,3,logistic_regression,word,10.0,,0.548035136384651,0.5480769230769231,False
factors_finance,6,66,1,text_only,4,logistic_regression,word_char,0.1,,0.5528432732316227,0.5528846153846154,False
factors_finance,6,66,1,text_only,5,logistic_regression,word_char,1.0,,0.5382907880133185,0.5384615384615385,False
factors_finance,6,66,1,text_only,6,logistic_regression,word_char,10.0,,0.5431002589715132,0.5432692307692308,False
factors_finance,6,66,1,text_only,7,linear_svm,word,0.1,,0.5598901575372164,0.5600961538461539,False
factors_finance,6,66,1,text_only,8,linear_svm,word,1.0,,0.5648812172415587,0.5649038461538461,False
factors_finance,6,66,1,text_only,9,linear_svm,word,10.0,,0.5456074345059556,0.5456730769230769,False
factors_finance,6,66,1,text_only,10,linear_svm,word_char,0.1,,0.543174199514507,0.5432692307692308,False
factors_finance,6,66,1,text_only,11,linear_svm,word_char,1.0,,0.5526261014362035,0.5528846153846154,False
factors_finance,6,66,1,text_only,12,linear_svm,word_char,10.0,,0.5472292337262348,0.5480769230769231,False
factors_finance,6,66,1,emotion_aware,1,logistic_regression,word,0.1,0.05,0.5695100448041625,0.5697115384615385,False
factors_finance,6,66,1,emotion_aware,2,logistic_regression,word,0.1,0.1,0.5813824373091514,0.5817307692307693,False
factors_finance,6,66,1,emotion_aware,3,logistic_regression,word,0.1,0.25,0.557037037037037,0.5576923076923077,False
factors_finance,6,66,1,emotion_aware,4,logistic_regression,word,0.1,0.5,0.5618518518518518,0.5625,False
factors_finance,6,66,1,emotion_aware,5,logistic_regression,word,0.1,1.0,0.5749976780904615,0.5769230769230769,False
factors_finance,6,66,1,emotion_aware,6,logistic_regression,word,1.0,0.05,0.5694104721427126,0.5697115384615384,False
factors_finance,6,66,1,emotion_aware,7,logistic_regression,word,1.0,0.1,0.5764433645724865,0.5769230769230769,False
factors_finance,6,66,1,emotion_aware,8,logistic_regression,word,1.0,0.25,0.5998423846278654,0.6009615384615385,False
factors_finance,6,66,1,emotion_aware,9,logistic_regression,word,1.0,0.5,0.598276809205771,0.5985576923076923,False
factors_finance,6,66,1,emotion_aware,10,logistic_regression,word,1.0,1.0,0.6006292218006848,0.6009615384615384,False
factors_finance,6,66,1,emotion_aware,11,logistic_regression,word,10.0,0.05,0.5600732748906367,0.5600961538461539,False
factors_finance,6,66,1,emotion_aware,12,logistic_regression,word,10.0,0.1,0.5649013319464911,0.5649038461538461,False
factors_finance,6,66,1,emotion_aware,13,logistic_regression,word,10.0,0.25,0.5718679895464742,0.5721153846153846,False
factors_finance,6,66,1,emotion_aware,14,logistic_regression,word,10.0,0.5,0.574221528319889,0.5745192307692308,False
factors_finance,6,66,1,emotion_aware,15,logistic_regression,word,10.0,1.0,0.5790325844970654,0.5793269230769231,False
factors_finance,6,66,1,emotion_aware,16,logistic_regression,word_char,0.1,0.05,0.5550802139037433,0.5552884615384615,False
factors_finance,6,66,1,emotion_aware,17,logistic_regression,word_char,0.1,0.1,0.5551625078754039,0.5552884615384615,False
factors_finance,6,66,1,emotion_aware,18,logistic_regression,word_char,0.1,0.25,0.5790325844970654,0.5793269230769231,False
factors_finance,6,66,1,emotion_aware,19,logistic_regression,word_char,0.1,0.5,0.5880830365673586,0.5889423076923077,False
factors_finance,6,66,1,emotion_aware,20,logistic_regression,word_char,0.1,1.0,0.5784475520426184,0.5793269230769231,False
factors_finance,6,66,1,emotion_aware,21,logistic_regression,word_char,1.0,0.05,0.5407353459686602,0.5408653846153846,False
factors_finance,6,66,1,emotion_aware,22,logistic_regression,word_char,1.0,0.1,0.5695100448041625,0.5697115384615385,False
factors_finance,6,66,1,emotion_aware,23,logistic_regression,word_char,1.0,0.25,0.5738074979596798,0.5745192307692308,False
factors_finance,6,66,1,emotion_aware,24,logistic_regression,word_char,1.0,0.5,0.6027019048776676,0.6033653846153846,False
factors_finance,6,66,1,emotion_aware,25,logistic_regression,word_char,1.0,1.0,0.5984439935956348,0.5985576923076923,False
factors_finance,6,66,1,emotion_aware,26,logistic_regression,word_char,10.0,0.05,0.5358404393698512,0.5360576923076923,False
factors_finance,6,66,1,emotion_aware,27,logistic_regression,word_char,10.0,0.1,0.5479828921511964,0.5480769230769231,False
factors_finance,6,66,1,emotion_aware,28,logistic_regression,word_char,10.0,0.25,0.5645994159655361,0.5649038461538461,False
factors_finance,6,66,1,emotion_aware,29,logistic_regression,word_char,10.0,0.5,0.5718679895464742,0.5721153846153846,False
factors_finance,6,66,1,emotion_aware,30,logistic_regression,word_char,10.0,1.0,0.5717590450633849,0.5721153846153846,False
factors_finance,6,66,1,emotion_aware,31,linear_svm,word,0.1,0.05,0.5695100448041625,0.5697115384615385,False
factors_finance,6,66,1,emotion_aware,32,linear_svm,word,0.1,0.1,0.5764433645724865,0.5769230769230769,False
factors_finance,6,66,1,emotion_aware,33,linear_svm,word,0.1,0.25,0.6044526901669759,0.6057692307692308,True
factors_finance,6,66,1,emotion_aware,34,linear_svm,word,0.1,0.5,0.6028490259270617,0.6033653846153846,False
factors_finance,6,66,1,emotion_aware,35,linear_svm,word,0.1,1.0,0.6028490259270617,0.6033653846153846,False
factors_finance,6,66,1,emotion_aware,36,linear_svm,word,1.0,0.05,0.5625,0.5625,False
factors_finance,6,66,1,emotion_aware,37,linear_svm,word,1.0,0.1,0.5672676837725381,0.5673076923076923,False
factors_finance,6,66,1,emotion_aware,38,linear_svm,word,1.0,0.25,0.567217662697954,0.5673076923076923,False
factors_finance,6,66,1,emotion_aware,39,linear_svm,word,1.0,0.5,0.5718679895464742,0.5721153846153846,False
factors_finance,6,66,1,emotion_aware,40,linear_svm,word,1.0,1.0,0.574221528319889,0.5745192307692308,False
factors_finance,6,66,1,emotion_aware,41,linear_svm,word,10.0,0.05,0.5381946853535003,0.5384615384615384,False
factors_finance,6,66,1,emotion_aware,42,linear_svm,word,10.0,0.1,0.5456494478378706,0.5456730769230769,False
factors_finance,6,66,1,emotion_aware,43,linear_svm,word,10.0,0.25,0.5598901575372164,0.5600961538461539,False
factors_finance,6,66,1,emotion_aware,44,linear_svm,word,10.0,0.5,0.5622470454913389,0.5625,False
factors_finance,6,66,1,emotion_aware,45,linear_svm,word,10.0,1.0,0.5574365734637712,0.5576923076923077,False
factors_finance,6,66,1,emotion_aware,46,linear_svm,word_char,0.1,0.05,0.5382907880133185,0.5384615384615385,False
factors_finance,6,66,1,emotion_aware,47,linear_svm,word_char,0.1,0.1,0.5695100448041625,0.5697115384615385,False
factors_finance,6,66,1,emotion_aware,48,linear_svm,word_char,0.1,0.25,0.5713127851237756,0.5721153846153846,False
factors_finance,6,66,1,emotion_aware,49,linear_svm,word_char,0.1,0.5,0.6000370679269762,0.6009615384615385,False
factors_finance,6,66,1,emotion_aware,50,linear_svm,word_char,0.1,1.0,0.6031796502384739,0.6033653846153846,False
factors_finance,6,66,1,emotion_aware,51,linear_svm,word_char,1.0,0.05,0.5406503830033241,0.5408653846153846,False
factors_finance,6,66,1,emotion_aware,52,linear_svm,word_char,1.0,0.1,0.5454603266367972,0.5456730769230769,False
factors_finance,6,66,1,emotion_aware,53,linear_svm,word_char,1.0,0.25,0.5666666666666667,0.5673076923076923,False
factors_finance,6,66,1,emotion_aware,54,linear_svm,word_char,1.0,0.5,0.5644785322204677,0.5649038461538461,False
factors_finance,6,66,1,emotion_aware,55,linear_svm,word_char,1.0,1.0,0.5766784615740419,0.5769230769230769,False
factors_finance,6,66,1,emotion_aware,56,linear_svm,word_char,10.0,0.05,0.5568626542852511,0.5576923076923077,False
factors_finance,6,66,1,emotion_aware,57,linear_svm,word_char,10.0,0.1,0.5616793645647593,0.5625,False
factors_finance,6,66,1,emotion_aware,58,linear_svm,word_char,10.0,0.25,0.5639943252555083,0.5649038461538463,False
factors_finance,6,66,1,emotion_aware,59,linear_svm,word_char,10.0,0.5,0.5641760289870172,0.5649038461538461,False
factors_finance,6,66,1,emotion_aware,60,linear_svm,word_char,10.0,1.0,0.5784475520426184,0.5793269230769231,False
factors_finance,6,66,2,text_only,1,logistic_regression,word,0.1,,0.5857236974019651,0.5861244019138756,False
factors_finance,6,66,2,text_only,2,logistic_regression,word,1.0,,0.5857236974019651,0.5861244019138756,False
factors_finance,6,66,2,text_only,3,logistic_regression,word,10.0,,0.5573529327586306,0.5574162679425837,False
factors_finance,6,66,2,text_only,4,logistic_regression,word_char,0.1,,0.5834936778449697,0.5837320574162679,False
factors_finance,6,66,2,text_only,5,logistic_regression,word_char,1.0,,0.5786000687363959,0.5789473684210527,False
factors_finance,6,66,2,text_only,6,logistic_regression,word_char,10.0,,0.5618975618975619,0.562200956937799,False
factors_finance,6,66,2,text_only,7,linear_svm,word,0.1,,0.588054638797213,0.5885167464114833,True
factors_finance,6,66,2,text_only,8,linear_svm,word,1.0,,0.5593142647598093,0.5598086124401913,False
factors_finance,6,66,2,text_only,9,linear_svm,word,10.0,,0.5523215523215523,0.5526315789473684,False
factors_finance,6,66,2,text_only,10,linear_svm,word_char,0.1,,0.578706248854682,0.5789473684210527,False
factors_finance,6,66,2,text_only,11,linear_svm,word_char,1.0,,0.5617770903153734,0.562200956937799,False
factors_finance,6,66,2,text_only,12,linear_svm,word_char,10.0,,0.5713557331500101,0.5717703349282297,False
factors_finance,6,66,2,emotion_aware,1,logistic_regression,word,0.1,0.05,0.5977546110665597,0.5980861244019139,False
factors_finance,6,66,2,emotion_aware,2,logistic_regression,word,0.1,0.1,0.6002016002016002,0.6004784688995215,False
factors_finance,6,66,2,emotion_aware,3,logistic_regression,word,0.1,0.25,0.5683898946788739,0.569377990430622,False
factors_finance,6,66,2,emotion_aware,4,logistic_regression,word,0.1,0.5,0.5708837310667974,0.5717703349282297,False
factors_finance,6,66,2,emotion_aware,5,logistic_regression,word,0.1,1.0,0.5444115554943668,0.5454545454545454,False
factors_finance,6,66,2,emotion_aware,6,logistic_regression,word,1.0,0.05,0.5859324450450347,0.5861244019138756,False
factors_finance,6,66,2,emotion_aware,7,logistic_regression,word,1.0,0.1,0.6004578885613714,0.6004784688995215,False
factors_finance,6,66,2,emotion_aware,8,logistic_regression,word,1.0,0.25,0.6002016002016002,0.6004784688995215,False
factors_finance,6,66,2,emotion_aware,9,logistic_regression,word,1.0,0.5,0.6118715179861063,0.6124401913875598,True
factors_finance,6,66,2,emotion_aware,10,logistic_regression,word,1.0,1.0,0.6090611247224342,0.6100478468899522,False
factors_finance,6,66,2,emotion_aware,11,logistic_regression,word,10.0,0.05,0.5668641763274653,0.5669856459330144,False
factors_finance,6,66,2,emotion_aware,12,logistic_regression,word,10.0,0.1,0.5786000687363959,0.5789473684210527,False
factors_finance,6,66,2,emotion_aware,13,logistic_regression,word,10.0,0.25,0.5831212600591512,0.5837320574162679,False
factors_finance,6,66,2,emotion_aware,14,logistic_regression,word,10.0,0.5,0.5855907483710507,0.5861244019138756,False
factors_finance,6,66,2,emotion_aware,15,logistic_regression,word,10.0,1.0,0.588054638797213,0.5885167464114833,False
factors_finance,6,66,2,emotion_aware,16,logistic_regression,word_char,0.1,0.05,0.6051524259338772,0.6052631578947368,False
factors_finance,6,66,2,emotion_aware,17,logistic_regression,word_char,0.1,0.1,0.6004761822999835,0.6004784688995215,False
factors_finance,6,66,2,emotion_aware,18,logistic_regression,word_char,0.1,0.25,0.5739188198643943,0.5741626794258373,False
factors_finance,6,66,2,emotion_aware,19,logistic_regression,word_char,0.1,0.5,0.5756783262504086,0.5765550239234449,False
factors_finance,6,66,2,emotion_aware,20,logistic_regression,word_char,0.1,1.0,0.5708837310667974,0.5717703349282297,False
factors_finance,6,66,2,emotion_aware,21,logistic_regression,word_char,1.0,0.05,0.5884319472430848,0.5885167464114833,False
factors_finance,6,66,2,emotion_aware,22,logistic_regression,word_char,1.0,0.1,0.5956914659203425,0.5956937799043063,False
factors_finance,6,66,2,emotion_aware,23,logistic_regression,word_char,1.0,0.25,0.6050800776441083,0.605263157894737,False
factors_finance,6,66,2,emotion_aware,24,logistic_regression,word_char,1.0,0.5,0.5928447011367803,0.5933014354066986,False
factors_finance,6,66,2,emotion_aware,25,logistic_regression,word_char,1.0,1.0,0.5929659754840187,0.5933014354066986,False
factors_finance,6,66,2,emotion_aware,26,logistic_regression,word_char,10.0,0.05,0.569220199244246,0.569377990430622,False
factors_finance,6,66,2,emotion_aware,27,logistic_regression,word_char,10.0,0.1,0.5715717205957296,0.5717703349282297,False
factors_finance,6,66,2,emotion_aware,28,logistic_regression,word_char,10.0,0.25,0.5950239344168315,0.5956937799043063,False
factors_finance,6,66,2,emotion_aware,29,logistic_regression,word_char,10.0,0.5,0.6021330275229357,0.6028708133971292,False
factors_finance,6,66,2,emotion_aware,30,logistic_regression,word_char,10.0,1.0,0.5973394495412844,0.5980861244019139,False
factors_finance,6,66,2,emotion_aware,31,linear_svm,word,0.1,0.05,0.5907193531948032,0.5909090909090908,False
factors_finance,6,66,2,emotion_aware,32,linear_svm,word,0.1,0.1,0.5980769230769231,0.5980861244019139,False
factors_finance,6,66,2,emotion_aware,33,linear_svm,word,0.1,0.25,0.5951724651717202,0.5956937799043063,False
factors_finance,6,66,2,emotion_aware,34,linear_svm,word,0.1,0.5,0.6069266055045872,0.6076555023923444,False
factors_finance,6,66,2,emotion_aware,35,linear_svm,word,0.1,1.0,0.6019595695371835,0.6028708133971292,False
factors_finance,6,66,2,emotion_aware,36,linear_svm,word,1.0,0.05,0.564343961883819,0.5645933014354068,False
factors_finance,6,66,2,emotion_aware,37,linear_svm,word,1.0,0.1,0.5829587155963303,0.583732057416268,False
factors_finance,6,66,2,emotion_aware,38,linear_svm,word,1.0,0.25,0.5850771446440559,0.5861244019138756,False
factors_finance,6,66,2,emotion_aware,39,linear_svm,word,1.0,0.5,0.5804729214340199,0.5813397129186604,False
factors_finance,6,66,2,emotion_aware,40,linear_svm,word,1.0,1.0,0.5877522935779816,0.5885167464114832,False
factors_finance,6,66,2,emotion_aware,41,linear_svm,word,10.0,0.05,0.5665664117326916,0.5669856459330144,False
factors_finance,6,66,2,emotion_aware,42,linear_svm,word,10.0,0.1,0.5760090315703814,0.5765550239234449,False
factors_finance,6,66,2,emotion_aware,43,linear_svm,word,10.0,0.25,0.5829587155963303,0.583732057416268,False
factors_finance,6,66,2,emotion_aware,44,linear_svm,word,10.0,0.5,0.5781651376146789,0.5789473684210527,False
factors_finance,6,66,2,emotion_aware,45,linear_svm,word,10.0,1.0,0.5781651376146789,0.5789473684210527,False
factors_finance,6,66,2,emotion_aware,46,linear_svm,word_char,0.1,0.05,0.5884319472430848,0.5885167464114833,False
factors_finance,6,66,2,emotion_aware,47,linear_svm,word_char,0.1,0.1,0.5980861244019139,0.5980861244019139,False
factors_finance,6,66,2,emotion_aware,48,linear_svm,word_char,0.1,0.25,0.6050800776441083,0.605263157894737,False
factors_finance,6,66,2,emotion_aware,49,linear_svm,word_char,0.1,0.5,0.5974963890226288,0.5980861244019139,False
factors_finance,6,66,2,emotion_aware,50,linear_svm,word_char,0.1,1.0,0.588054638797213,0.5885167464114833,False
factors_finance,6,66,2,emotion_aware,51,linear_svm,word_char,1.0,0.05,0.569022797571314,0.569377990430622,False
factors_finance,6,66,2,emotion_aware,52,linear_svm,word_char,1.0,0.1,0.578706248854682,0.5789473684210527,False
factors_finance,6,66,2,emotion_aware,53,linear_svm,word_char,1.0,0.25,0.592545871559633,0.5933014354066986,False
factors_finance,6,66,2,emotion_aware,54,linear_svm,word_char,1.0,0.5,0.592545871559633,0.5933014354066986,False
factors_finance,6,66,2,emotion_aware,55,linear_svm,word_char,1.0,1.0,0.5996513021684646,0.6004784688995215,False
factors_finance,6,66,2,emotion_aware,56,linear_svm,word_char,10.0,0.05,0.5712181731700468,0.5717703349282297,False
factors_finance,6,66,2,emotion_aware,57,linear_svm,word_char,10.0,0.1,0.5735378407501662,0.5741626794258373,False
factors_finance,6,66,2,emotion_aware,58,linear_svm,word_char,10.0,0.25,0.5953023402366016,0.5956937799043063,False
factors_finance,6,66,2,emotion_aware,59,linear_svm,word_char,10.0,0.5,0.6024248258159148,0.6028708133971292,False
factors_finance,6,66,2,emotion_aware,60,linear_svm,word_char,10.0,1.0,0.6025432466491007,0.6028708133971292,False
factors_finance,6,66,3,text_only,1,logistic_regression,word,0.1,,0.6196150478185471,0.6196172248803828,False
factors_finance,6,66,3,text_only,2,logistic_regression,word,1.0,,0.6243825658930258,0.6244019138755981,False
factors_finance,6,66,3,text_only,3,logistic_regression,word,10.0,,0.5956914659203425,0.5956937799043063,False
factors_finance,6,66,3,text_only,4,logistic_regression,word_char,0.1,,0.6170056807769837,0.6172248803827751,False
factors_finance,6,66,3,text_only,5,logistic_regression,word_char,1.0,,0.6171898253085147,0.6172248803827751,False
factors_finance,6,66,3,text_only,6,logistic_regression,word_char,10.0,,0.6124401913875598,0.6124401913875598,False
factors_finance,6,66,3,text_only,7,linear_svm,word,0.1,,0.6267857142857143,0.6267942583732058,True
factors_finance,6,66,3,text_only,8,linear_svm,word,1.0,,0.6028617216117216,0.6028708133971292,False
factors_finance,6,66,3,text_only,9,linear_svm,word,10.0,,0.6124313186813187,0.6124401913875598,False
factors_finance,6,66,3,text_only,10,linear_svm,word_char,0.1,,0.6171898253085147,0.6172248803827751,False
factors_finance,6,66,3,text_only,11,linear_svm,word_char,1.0,,0.6124313186813187,0.6124401913875598,False
factors_finance,6,66,3,text_only,12,linear_svm,word_char,10.0,,0.6075746473713134,0.6076555023923444,False
factors_finance,6,66,3,emotion_aware,1,logistic_regression,word,0.1,0.05,0.6315452068594455,0.631578947368421,False
factors_finance,6,66,3,emotion_aware,2,logistic_regression,word,0.1,0.1,0.6362886975636564,0.6363636363636364,False
factors_finance,6,66,3,emotion_aware,3,logistic_regression,word,0.1,0.25,0.5884319472430848,0.5885167464114833,False
factors_finance,6,66,3,emotion_aware,4,logistic_regression,word,0.1,0.5,0.5905130188192833,0.5909090909090909,False
factors_finance,6,66,3,emotion_aware,5,logistic_regression,word,0.1,1.0,0.5832645764576457,0.5837320574162679,False
factors_finance,6,66,3,emotion_aware,6,logistic_regression,word,1.0,0.05,0.626717347499542,0.6267942583732058,False
factors_finance,6,66,3,emotion_aware,7,logistic_regression,word,1.0,0.1,0.6291844805778288,0.6291866028708134,False
factors_finance,6,66,3,emotion_aware,8,logistic_regression,word,1.0,0.25,0.6220095693779905,0.6220095693779905,False
factors_finance,6,66,3,emotion_aware,9,logistic_regression,word,1.0,0.5,0.6242965507370832,0.6244019138755981,False
factors_finance,6,66,3,emotion_aware,10,logistic_regression,word,1.0,1.0,0.6123603224033706,0.6124401913875599,False
factors_finance,6,66,3,emotion_aware,11,logistic_regression,word,10.0,0.05,0.6172161172161172,0.6172248803827751,False
factors_finance,6,66,3,emotion_aware,12,logistic_regression,word,10.0,0.1,0.6435386297167516,0.6435406698564594,False
factors_finance,6,66,3,emotion_aware,13,logistic_regression,word,10.0,0.25,0.6409428257284222,0.6411483253588517,False
factors_finance,6,66,3,emotion_aware,14,logistic_regression,word,10.0,0.5,0.6359552621928859,0.6363636363636365,False
factors_finance,6,66,3,emotion_aware,15,logistic_regression,word,10.0,1.0,0.6334993323743976,0.6339712918660287,False
factors_finance,6,66,3,emotion_aware,16,logistic_regression,word_char,0.1,0.05,0.6100456150592652,0.6100478468899522,False
factors_finance,6,66,3,emotion_aware,17,logistic_regression,word_char,0.1,0.1,0.6099920434576043,0.6100478468899522,False
factors_finance,6,66,3,emotion_aware,18,logistic_regression,word_char,0.1,0.25,0.6050800776441083,0.605263157894737,False
factors_finance,6,66,3,emotion_aware,19,logistic_regression,word_char,0.1,0.5,0.6073318822316417,0.6076555023923444,False
factors_finance,6,66,3,emotion_aware,20,logistic_regression,word_char,0.1,1.0,0.5881773399014778,0.5885167464114833,False
factors_finance,6,66,3,emotion_aware,21,logistic_regression,word_char,1.0,0.05,0.6124401913875598,0.6124401913875598,False
factors_finance,6,66,3,emotion_aware,22,logistic_regression,word_char,1.0,0.1,0.6076465201465202,0.6076555023923444,False
factors_finance,6,66,3,emotion_aware,23,logistic_regression,word_char,1.0,0.25,0.6148126949603641,0.6148325358851674,False
factors_finance,6,66,3,emotion_aware,24,logistic_regression,word_char,1.0,0.5,0.6195976304266949,0.6196172248803828,False
factors_finance,6,66,3,emotion_aware,25,logistic_regression,word_char,1.0,1.0,0.624399764198188,0.6244019138755981,False
factors_finance,6,66,3,emotion_aware,26,logistic_regression,word_char,10.0,0.05,0.6220095693779905,0.6220095693779905,False
factors_finance,6,66,3,emotion_aware,27,logistic_regression,word_char,10.0,0.1,0.629133538257231,0.6291866028708134,False
factors_finance,6,66,3,emotion_aware,28,logistic_regression,word_char,10.0,0.25,0.638588434692487,0.638755980861244,False
factors_finance,6,66,3,emotion_aware,29,logistic_regression,word_char,10.0,0.5,0.6243481645573243,0.6244019138755981,False
factors_finance,6,66,3,emotion_aware,30,logistic_regression,word_char,10.0,1.0,0.6218710637810603,0.6220095693779905,False
factors_finance,6,66,3,emotion_aware,31,linear_svm,word,0.1,0.05,0.629133538257231,0.6291866028708134,False
factors_finance,6,66,3,emotion_aware,32,linear_svm,word,0.1,0.1,0.6339524368256875,0.6339712918660287,False
factors_finance,6,66,3,emotion_aware,33,linear_svm,word,0.1,0.25,0.6291844805778288,0.6291866028708134,False
factors_finance,6,66,3,emotion_aware,34,linear_svm,word,0.1,0.5,0.6241416241416241,0.6244019138755981,False
factors_finance,6,66,3,emotion_aware,35,linear_svm,word,0.1,1.0,0.6145656145656146,0.6148325358851674,False
factors_finance,6,66,3,emotion_aware,36,linear_svm,word,1.0,0.05,0.6195976304266949,0.6196172248803828,False
factors_finance,6,66,3,emotion_aware,37,linear_svm,word,1.0,0.1,0.6411154612267326,0.6411483253588517,False
factors_finance,6,66,3,emotion_aware,38,linear_svm,word,1.0,0.25,0.6530127379418921,0.65311004784689,True
factors_finance,6,66,3,emotion_aware,39,linear_svm,word,1.0,0.5,0.6381574798635595,0.638755980861244,False
factors_finance,6,66,3,emotion_aware,40,linear_svm,word,1.0,1.0,0.6381574798635595,0.638755980861244,False
factors_finance,6,66,3,emotion_aware,41,linear_svm,word,10.0,0.05,0.6124313186813187,0.6124401913875598,False
factors_finance,6,66,3,emotion_aware,42,linear_svm,word,10.0,0.1,0.6339524368256875,0.6339712918660287,False
factors_finance,6,66,3,emotion_aware,43,linear_svm,word,10.0,0.25,0.6243481645573243,0.6244019138755981,False
factors_finance,6,66,3,emotion_aware,44,linear_svm,word,10.0,0.5,0.6219749524921583,0.6220095693779903,False
factors_finance,6,66,3,emotion_aware,45,linear_svm,word,10.0,1.0,0.6195627908574176,0.6196172248803827,False
factors_finance,6,66,3,emotion_aware,46,linear_svm,word_char,0.1,0.05,0.6028708133971292,0.6028708133971292,False
factors_finance,6,66,3,emotion_aware,47,linear_svm,word_char,0.1,0.1,0.6076465201465202,0.6076555023923444,False
factors_finance,6,66,3,emotion_aware,48,linear_svm,word_char,0.1,0.25,0.6172161172161172,0.6172248803827751,False
factors_finance,6,66,3,emotion_aware,49,linear_svm,word_char,0.1,0.5,0.6145656145656146,0.6148325358851674,False
factors_finance,6,66,3,emotion_aware,50,linear_svm,word_char,0.1,1.0,0.626717347499542,0.6267942583732058,False
factors_finance,6,66,3,emotion_aware,51,linear_svm,word_char,1.0,0.05,0.629133538257231,0.6291866028708134,False
factors_finance,6,66,3,emotion_aware,52,linear_svm,word_char,1.0,0.1,0.6290146183929501,0.6291866028708133,False
factors_finance,6,66,3,emotion_aware,53,linear_svm,word_char,1.0,0.25,0.6361553967381345,0.6363636363636364,False
factors_finance,6,66,3,emotion_aware,54,linear_svm,word_char,1.0,0.5,0.6266575060116799,0.6267942583732058,False
factors_finance,6,66,3,emotion_aware,55,linear_svm,word_char,1.0,1.0,0.6195627908574176,0.6196172248803827,False
factors_finance,6,66,3,emotion_aware,56,linear_svm,word_char,10.0,0.05,0.6170846215504409,0.6172248803827751,False
factors_finance,6,66,3,emotion_aware,57,linear_svm,word_char,10.0,0.1,0.6312750601443464,0.631578947368421,False
factors_finance,6,66,3,emotion_aware,58,linear_svm,word_char,10.0,0.25,0.6313679677478468,0.631578947368421,False
factors_finance,6,66,3,emotion_aware,59,linear_svm,word_char,10.0,0.5,0.6266575060116799,0.6267942583732058,False
factors_finance,6,66,3,emotion_aware,60,linear_svm,word_char,10.0,1.0,0.6243481645573243,0.6244019138755981,False
factors_finance,6,66,4,text_only,1,logistic_regression,word,0.1,,0.5928447011367803,0.5933014354066986,False
factors_finance,6,66,4,text_only,2,logistic_regression,word,1.0,,0.5858375858375858,0.5861244019138756,False
factors_finance,6,66,4,text_only,3,logistic_regression,word,10.0,,0.6052066697576975,0.6052631578947368,True
factors_finance,6,66,4,text_only,4,logistic_regression,word_char,0.1,,0.573811433153855,0.5741626794258373,False
factors_finance,6,66,4,text_only,5,logistic_regression,word_char,1.0,,0.5740749221469134,0.5741626794258373,False
factors_finance,6,66,4,text_only,6,logistic_regression,word_char,10.0,,0.5834936778449697,0.5837320574162679,False
factors_finance,6,66,4,text_only,7,linear_svm,word,0.1,,0.5858375858375858,0.5861244019138756,False
factors_finance,6,66,4,text_only,8,linear_svm,word,1.0,,0.5956359223578841,0.5956937799043063,False
factors_finance,6,66,4,text_only,9,linear_svm,word,10.0,,0.6028617216117216,0.6028708133971292,False
factors_finance,6,66,4,text_only,10,linear_svm,word_char,0.1,,0.5764944275582573,0.5765550239234449,False
factors_finance,6,66,4,text_only,11,linear_svm,word_char,1.0,,0.5953023402366016,0.5956937799043063,False
factors_finance,6,66,4,text_only,12,linear_svm,word_char,10.0,,0.5883659681667239,0.5885167464114832,False
factors_finance,6,66,4,emotion_aware,1,logistic_regression,word,0.1,0.05,0.6027252948585824,0.6028708133971292,False
factors_finance,6,66,4,emotion_aware,2,logistic_regression,word,0.1,0.1,0.5787930837054849,0.5789473684210527,False
factors_finance,6,66,4,emotion_aware,3,logistic_regression,word,0.1,0.25,0.5510255659136468,0.5526315789473684,False
factors_finance,6,66,4,emotion_aware,4,logistic_regression,word,0.1,0.5,0.5537878787878787,0.5550239234449761,False
factors_finance,6,66,4,emotion_aware,5,logistic_regression,word,0.1,1.0,0.5614756212915986,0.562200956937799,False
factors_finance,6,66,4,emotion_aware,6,logistic_regression,word,1.0,0.05,0.5885167464114832,0.5885167464114832,False
factors_finance,6,66,4,emotion_aware,7,logistic_regression,word,1.0,0.1,0.5861030821623787,0.5861244019138756,False
factors_finance,6,66,4,emotion_aware,8,logistic_regression,word,1.0,0.25,0.5831212600591512,0.5837320574162679,False
factors_finance,6,66,4,emotion_aware,9,logistic_regression,word,1.0,0.5,0.5729797979797979,0.5741626794258373,False
factors_finance,6,66,4,emotion_aware,10,logistic_regression,word,1.0,1.0,0.5610931645656776,0.562200956937799,False
factors_finance,6,66,4,emotion_aware,11,logistic_regression,word,10.0,0.05,0.6028708133971292,0.6028708133971292,False
factors_finance,6,66,4,emotion_aware,12,logistic_regression,word,10.0,0.1,0.5980769230769231,0.5980861244019139,False
factors_finance,6,66,4,emotion_aware,13,logistic_regression,word,10.0,0.25,0.569220199244246,0.569377990430622,False
factors_finance,6,66,4,emotion_aware,14,logistic_regression,word,10.0,0.5,0.5834936778449697,0.5837320574162679,False
factors_finance,6,66,4,emotion_aware,15,logistic_regression,word,10.0,1.0,0.5835795259361044,0.5837320574162679,False
factors_finance,6,66,4,emotion_aware,16,logistic_regression,word_char,0.1,0.05,0.5813181466960478,0.5813397129186603,False
factors_finance,6,66,4,emotion_aware,17,logistic_regression,word_char,0.1,0.1,0.569220199244246,0.569377990430622,False
factors_finance,6,66,4,emotion_aware,18,logistic_regression,word_char,0.1,0.25,0.5825757575757575,0.5837320574162679,False
factors_finance,6,66,4,emotion_aware,19,logistic_regression,word_char,0.1,0.5,0.5606292971240501,0.562200956937799,False
factors_finance,6,66,4,emotion_aware,20,logistic_regression,word_char,0.1,1.0,0.5712181731700468,0.5717703349282297,False
factors_finance,6,66,4,emotion_aware,21,logistic_regression,word_char,1.0,0.05,0.5789377289377289,0.5789473684210527,False
factors_finance,6,66,4,emotion_aware,22,logistic_regression,word_char,1.0,0.1,0.5764944275582573,0.5765550239234449,False
factors_finance,6,66,4,emotion_aware,23,logistic_regression,word_char,1.0,0.25,0.5619979042961928,0.562200956937799,False
factors_finance,6,66,4,emotion_aware,24,logistic_regression,word_char,1.0,0.5,0.5708837310667974,0.5717703349282297,False
factors_finance,6,66,4,emotion_aware,25,logistic_regression,word_char,1.0,1.0,0.5635942268419725,0.5645933014354068,False
factors_finance,6,66,4,emotion_aware,26,logistic_regression,word_char,10.0,0.05,0.5860083011306711,0.5861244019138756,False
factors_finance,6,66,4,emotion_aware,27,logistic_regression,word_char,10.0,0.1,0.5931524103973433,0.5933014354066986,False
factors_finance,6,66,4,emotion_aware,28,logistic_regression,word_char,10.0,0.25,0.593217622275142,0.5933014354066986,False
factors_finance,6,66,4,emotion_aware,29,logistic_regression,word_char,10.0,0.5,0.5861030821623787,0.5861244019138756,False
factors_finance,6,66,4,emotion_aware,30,logistic_regression,word_char,10.0,1.0,0.5861030821623787,0.5861244019138756,False
factors_finance,6,66,4,emotion_aware,31,linear_svm,word,0.1,0.05,0.5932921245421245,0.5933014354066986,False
factors_finance,6,66,4,emotion_aware,32,linear_svm,word,0.1,0.1,0.5812222699298697,0.5813397129186603,False
factors_finance,6,66,4,emotion_aware,33,linear_svm,word,0.1,0.25,0.5854387020953364,0.5861244019138756,False
factors_finance,6,66,4,emotion_aware,34,linear_svm,word,0.1,0.5,0.5702330283344534,0.5717703349282297,False
factors_finance,6,66,4,emotion_aware,35,linear_svm,word,0.1,1.0,0.5580989152417724,0.5598086124401914,False
factors_finance,6,66,4,emotion_aware,36,linear_svm,word,1.0,0.05,0.5980493165739404,0.5980861244019138,False
factors_finance,6,66,4,emotion_aware,37,linear_svm,word,1.0,0.1,0.6100456150592652,0.6100478468899522,True
factors_finance,6,66,4,emotion_aware,38,linear_svm,word,1.0,0.25,0.5836462722110276,0.5837320574162679,False
factors_finance,6,66,4,emotion_aware,39,linear_svm,word,1.0,0.5,0.5786000687363959,0.5789473684210527,False
factors_finance,6,66,4,emotion_aware,40,linear_svm,word,1.0,1.0,0.5833887043189369,0.5837320574162679,False
factors_finance,6,66,4,emotion_aware,41,linear_svm,word,10.0,0.05,0.6099384571346786,0.6100478468899522,False
factors_finance,6,66,4,emotion_aware,42,linear_svm,word,10.0,0.1,0.6076195709412276,0.6076555023923444,False
factors_finance,6,66,4,emotion_aware,43,linear_svm,word,10.0,0.25,0.6099920434576043,0.6100478468899522,False
factors_finance,6,66,4,emotion_aware,44,linear_svm,word,10.0,0.5,0.5980032973071991,0.5980861244019139,False
factors_finance,6,66,4,emotion_aware,45,linear_svm,word,10.0,1.0,0.5980032973071991,0.5980861244019139,False
factors_finance,6,66,4,emotion_aware,46,linear_svm,word_char,0.1,0.05,0.5789377289377289,0.5789473684210527,False
factors_finance,6,66,4,emotion_aware,47,linear_svm,word_char,0.1,0.1,0.5764944275582573,0.5765550239234449,False
factors_finance,6,66,4,emotion_aware,48,linear_svm,word_char,0.1,0.25,0.5617770903153734,0.562200956937799,False
factors_finance,6,66,4,emotion_aware,49,linear_svm,word_char,0.1,0.5,0.5804729214340199,0.5813397129186604,False
factors_finance,6,66,4,emotion_aware,50,linear_svm,word_char,0.1,1.0,0.5610931645656776,0.562200956937799,False
factors_finance,6,66,4,emotion_aware,51,linear_svm,word_char,1.0,0.05,0.5860651749580708,0.5861244019138756,False
factors_finance,6,66,4,emotion_aware,52,linear_svm,word_char,1.0,0.1,0.5931524103973433,0.5933014354066986,False
factors_finance,6,66,4,emotion_aware,53,linear_svm,word_char,1.0,0.25,0.5980493165739404,0.5980861244019138,False
factors_finance,6,66,4,emotion_aware,54,linear_svm,word_char,1.0,0.5,0.5908505486579774,0.5909090909090909,False
factors_finance,6,66,4,emotion_aware,55,linear_svm,word_char,1.0,1.0,0.5931524103973433,0.5933014354066986,False
factors_finance,6,66,4,emotion_aware,56,linear_svm,word_char,10.0,0.05,0.5860083011306711,0.5861244019138756,False
factors_finance,6,66,4,emotion_aware,57,linear_svm,word_char,10.0,0.1,0.5883659681667239,0.5885167464114832,False
factors_finance,6,66,4,emotion_aware,58,linear_svm,word_char,10.0,0.25,0.6052428240277024,0.6052631578947368,False
factors_finance,6,66,4,emotion_aware,59,linear_svm,word_char,10.0,0.5,0.6052608986796244,0.6052631578947368,False
factors_finance,6,66,4,emotion_aware,60,linear_svm,word_char,10.0,1.0,0.6028617216117216,0.6028708133971292,False
factors_finance,6,66,5,text_only,1,logistic_regression,word,0.1,,0.5802803486283803,0.5813397129186603,False
factors_finance,6,66,5,text_only,2,logistic_regression,word,1.0,,0.5779812303526766,0.5789473684210527,False
factors_finance,6,66,5,text_only,3,logistic_regression,word,10.0,,0.5593142647598093,0.5598086124401913,False
factors_finance,6,66,5,text_only,4,logistic_regression,word_char,0.1,,0.6058870875014373,0.6076555023923444,True
factors_finance,6,66,5,text_only,5,logistic_regression,word_char,1.0,,0.5971639017002822,0.5980861244019139,False
factors_finance,6,66,5,text_only,6,logistic_regression,word_char,10.0,,0.5948567069848534,0.5956937799043063,False
factors_finance,6,66,5,text_only,7,linear_svm,word,0.1,,0.5798367595448566,0.5813397129186603,False
factors_finance,6,66,5,text_only,8,linear_svm,word,1.0,,0.5763586287454979,0.5765550239234449,False
factors_finance,6,66,5,text_only,9,linear_svm,word,10.0,,0.569022797571314,0.569377990430622,False
factors_finance,6,66,5,text_only,10,linear_svm,word_char,0.1,,0.5971639017002822,0.5980861244019139,False
factors_finance,6,66,5,text_only,11,linear_svm,word_char,1.0,,0.5946707366754073,0.5956937799043063,False
factors_finance,6,66,5,text_only,12,linear_svm,word_char,10.0,,0.5806460859345888,0.5813397129186604,False
factors_finance,6,66,5,emotion_aware,1,logistic_regression,word,0.1,0.05,0.5948567069848534,0.5956937799043063,False
factors_finance,6,66,5,emotion_aware,2,logistic_regression,word,0.1,0.1,0.5882811068352575,0.5885167464114832,False
factors_finance,6,66,5,emotion_aware,3,logistic_regression,word,0.1,0.25,0.5430386629654008,0.5430622009569378,False
factors_finance,6,66,5,emotion_aware,4,logistic_regression,word,0.1,0.5,0.5334260642590971,0.5334928229665071,False
factors_finance,6,66,5,emotion_aware,5,logistic_regression,word,0.1,1.0,0.5478235984317317,0.5478468899521531,False
factors_finance,6,66,5,emotion_aware,6,logistic_regression,word,1.0,0.05,0.599467532691083,0.6004784688995215,False
factors_finance,6,66,5,emotion_aware,7,logistic_regression,word,1.0,0.1,0.588054638797213,0.5885167464114833,False
factors_finance,6,66,5,emotion_aware,8,logistic_regression,word,1.0,0.25,0.5907193531948032,0.5909090909090908,False
factors_finance,6,66,5,emotion_aware,9,logistic_regression,word,1.0,0.5,0.5976347634763477,0.5980861244019138,False
factors_finance,6,66,5,emotion_aware,10,logistic_regression,word,1.0,1.0,0.5879129697136438,0.5885167464114833,False
factors_finance,6,66,5,emotion_aware,11,logistic_regression,word,10.0,0.05,0.5781651376146789,0.5789473684210527,False
factors_finance,6,66,5,emotion_aware,12,logistic_regression,word,10.0,0.1,0.5879129697136438,0.5885167464114833,False
factors_finance,6,66,5,emotion_aware,13,logistic_regression,word,10.0,0.25,0.5906255906255906,0.5909090909090908,False
factors_finance,6,66,5,emotion_aware,14,logistic_regression,word,10.0,0.5,0.5710608536130937,0.5717703349282297,False
factors_finance,6,66,5,emotion_aware,15,logistic_regression,word,10.0,1.0,0.5664273147697121,0.5669856459330144,False
factors_finance,6,66,5,emotion_aware,16,logistic_regression,word_char,0.1,0.05,0.5911956921944035,0.5933014354066986,False
factors_finance,6,66,5,emotion_aware,17,logistic_regression,word_char,0.1,0.1,0.60009166165392,0.6004784688995215,False
factors_finance,6,66,5,emotion_aware,18,logistic_regression,word_char,0.1,0.25,0.569022797571314,0.569377990430622,False
factors_finance,6,66,5,emotion_aware,19,logistic_regression,word_char,0.1,0.5,0.5526290185035743,0.5526315789473684,False
factors_finance,6,66,5,emotion_aware,20,logistic_regression,word_char,0.1,1.0,0.5619979042961928,0.562200956937799,False
factors_finance,6,66,5,emotion_aware,21,logistic_regression,word_char,1.0,0.05,0.5831212600591512,0.5837320574162679,False
factors_finance,6,66,5,emotion_aware,22,logistic_regression,word_char,1.0,0.1,0.5800683142455294,0.5813397129186603,False
factors_finance,6,66,5,emotion_aware,23,logistic_regression,word_char,1.0,0.25,0.5786000687363959,0.5789473684210527,False
factors_finance,6,66,5,emotion_aware,24,logistic_regression,word_char,1.0,0.5,0.5832645764576457,0.5837320574162679,False
factors_finance,6,66,5,emotion_aware,25,logistic_regression,word_char,1.0,1.0,0.5831212600591512,0.5837320574162679,False
factors_finance,6,66,5,emotion_aware,26,logistic_regression,word_char,10.0,0.05,0.5831212600591512,0.5837320574162679,False
factors_finance,6,66,5,emotion_aware,27,logistic_regression,word_char,10.0,0.1,0.5854387020953364,0.5861244019138756,False
factors_finance,6,66,5,emotion_aware,28,logistic_regression,word_char,10.0,0.25,0.5811455368952663,0.5813397129186604,False
factors_finance,6,66,5,emotion_aware,29,logistic_regression,word_char,10.0,0.5,0.5834936778449697,0.5837320574162679,False
factors_finance,6,66,5,emotion_aware,30,logistic_regression,word_char,10.0,1.0,0.5836462722110276,0.5837320574162679,False
factors_finance,6,66,5,emotion_aware,31,linear_svm,word,0.1,0.05,0.5900621118012422,0.5909090909090908,False
factors_finance,6,66,5,emotion_aware,32,linear_svm,word,0.1,0.1,0.5858375858375858,0.5861244019138756,False
factors_finance,6,66,5,emotion_aware,33,linear_svm,word,0.1,0.25,0.5977546110665597,0.5980861244019139,False
factors_finance,6,66,5,emotion_aware,34,linear_svm,word,0.1,0.5,0.5953023402366016,0.5956937799043063,False
factors_finance,6,66,5,emotion_aware,35,linear_svm,word,0.1,1.0,0.5877522935779816,0.5885167464114832,False
factors_finance,6,66,5,emotion_aware,36,linear_svm,word,1.0,0.05,0.5832645764576457,0.5837320574162679,False
factors_finance,6,66,5,emotion_aware,37,linear_svm,word,1.0,0.1,0.5882811068352575,0.5885167464114832,False
factors_finance,6,66,5,emotion_aware,38,linear_svm,word,1.0,0.25,0.5976347634763477,0.5980861244019138,False
factors_finance,6,66,5,emotion_aware,39,linear_svm,word,1.0,0.5,0.5902313182560839,0.5909090909090908,False
factors_finance,6,66,5,emotion_aware,40,linear_svm,word,1.0,1.0,0.5807998899707162,0.5813397129186603,False
factors_finance,6,66,5,emotion_aware,41,linear_svm,word,10.0,0.05,0.5667848124459611,0.5669856459330143,False
factors_finance,6,66,5,emotion_aware,42,linear_svm,word,10.0,0.1,0.5762615762615763,0.5765550239234449,False
factors_finance,6,66,5,emotion_aware,43,linear_svm,word,10.0,0.25,0.576533211229717,0.5765550239234449,False
factors_finance,6,66,5,emotion_aware,44,linear_svm,word,10.0,0.5,0.5789088078393663,0.5789473684210527,False
factors_finance,6,66,5,emotion_aware,45,linear_svm,word,10.0,1.0,0.581279801258164,0.5813397129186603,False
factors_finance,6,66,5,emotion_aware,46,linear_svm,word_char,0.1,0.05,0.5760090315703814,0.5765550239234449,False
factors_finance,6,66,5,emotion_aware,47,linear_svm,word_char,0.1,0.1,0.5802803486283803,0.5813397129186603,False
factors_finance,6,66,5,emotion_aware,48,linear_svm,word_char,0.1,0.25,0.5786000687363959,0.5789473684210527,False
factors_finance,6,66,5,emotion_aware,49,linear_svm,word_char,0.1,0.5,0.5857236974019651,0.5861244019138756,False
factors_finance,6,66,5,emotion_aware,50,linear_svm,word_char,0.1,1.0,0.5831212600591512,0.5837320574162679,False
factors_finance,6,66,5,emotion_aware,51,linear_svm,word_char,1.0,0.05,0.5900621118012422,0.5909090909090908,False
factors_finance,6,66,5,emotion_aware,52,linear_svm,word_char,1.0,0.1,0.5903816067713855,0.5909090909090909,False
factors_finance,6,66,5,emotion_aware,53,linear_svm,word_char,1.0,0.25,0.6027252948585824,0.6028708133971292,False
factors_finance,6,66,5,emotion_aware,54,linear_svm,word_char,1.0,0.5,0.6075117370892018,0.6076555023923444,True
factors_finance,6,66,5,emotion_aware,55,linear_svm,word_char,1.0,1.0,0.6027252948585824,0.6028708133971292,False
factors_finance,6,66,5,emotion_aware,56,linear_svm,word_char,10.0,0.05,0.5902313182560839,0.5909090909090908,False
factors_finance,6,66,5,emotion_aware,57,linear_svm,word_char,10.0,0.1,0.5927046793681363,0.5933014354066986,False
factors_finance,6,66,5,emotion_aware,58,linear_svm,word_char,10.0,0.25,0.6002016002016002,0.6004784688995215,False
factors_finance,6,66,5,emotion_aware,59,linear_svm,word_char,10.0,0.5,0.6027889723392563,0.6028708133971292,False
factors_finance,6,66,5,emotion_aware,60,linear_svm,word_char,10.0,1.0,0.6027889723392563,0.6028708133971292,False
factors_finance,7,77,1,text_only,1,logistic_regression,word,0.1,,0.6046635607166864,0.6057692307692308,False
factors_finance,7,77,1,text_only,2,logistic_regression,word,1.0,,0.6051851851851852,0.6057692307692308,True
factors_finance,7,77,1,text_only,3,logistic_regression,word,10.0,,0.5887498193380547,0.5889423076923077,False
factors_finance,7,77,1,text_only,4,logistic_regression,word_char,0.1,,0.6050297570803325,0.6057692307692308,False
factors_finance,7,77,1,text_only,5,logistic_regression,word_char,1.0,,0.6025362633544689,0.6033653846153846,False
factors_finance,7,77,1,text_only,6,logistic_regression,word_char,10.0,,0.585925925925926,0.5865384615384616,False
factors_finance,7,77,1,text_only,7,linear_svm,word,0.1,,0.6027019048776676,0.6033653846153846,False
factors_finance,7,77,1,text_only,8,linear_svm,word,1.0,,0.5886546968514181,0.5889423076923077,False
factors_finance,7,77,1,text_only,9,linear_svm,word,10.0,,0.5695896697821476,0.5697115384615385,False
factors_finance,7,77,1,text_only,10,linear_svm,word_char,0.1,,0.6000370679269762,0.6009615384615385,False
factors_finance,7,77,1,text_only,11,linear_svm,word_char,1.0,,0.5736298097802484,0.5745192307692308,False
factors_finance,7,77,1,text_only,12,linear_svm,word_char,10.0,,0.5624089700612647,0.5625,False
factors_finance,7,77,1,emotion_aware,1,logistic_regression,word,0.1,0.05,0.6044526901669759,0.6057692307692308,False
factors_finance,7,77,1,emotion_aware,2,logistic_regression,word,0.1,0.1,0.5835932211235253,0.5841346153846154,False
factors_finance,7,77,1,emotion_aware,3,logistic_regression,word,0.1,0.25,0.5571907902348721,0.5576923076923077,False
factors_finance,7,77,1,emotion_aware,4,logistic_regression,word,0.1,0.5,0.5573239566947349,0.5576923076923077,False
factors_finance,7,77,1,emotion_aware,5,logistic_regression,word,0.1,1.0,0.574516772124469,0.5745192307692307,False
factors_finance,7,77,1,emotion_aware,6,logistic_regression,word,1.0,0.05,0.5977185210920988,0.5985576923076923,False
factors_finance,7,77,1,emotion_aware,7,logistic_regression,word,1.0,0.1,0.6127099777373002,0.6129807692307692,False
factors_finance,7,77,1,emotion_aware,8,logistic_regression,word,1.0,0.25,0.6002130468008244,0.6009615384615385,False
factors_finance,7,77,1,emotion_aware,9,logistic_regression,word,1.0,0.5,0.5478156294086357,0.5480769230769231,False
factors_finance,7,77,1,emotion_aware,10,logistic_regression,word,1.0,1.0,0.5597883597883597,0.5600961538461539,False
factors_finance,7,77,1,emotion_aware,11,logistic_regression,word,10.0,0.05,0.5887498193380547,0.5889423076923077,False
factors_finance,7,77,1,emotion_aware,12,logistic_regression,word,10.0,0.1,0.6031796502384739,0.6033653846153846,False
factors_finance,7,77,1,emotion_aware,13,logistic_regression,word,10.0,0.25,0.6033080777432946,0.6033653846153846,False
factors_finance,7,77,1,emotion_aware,14,logistic_regression,word,10.0,0.5,0.5936913038704047,0.59375,False
factors_finance,7,77,1,emotion_aware,15,logistic_regression,word,10.0,1.0,0.5864524332447116,0.5865384615384615,False
factors_finance,7,77,1,emotion_aware,16,logistic_regression,word_char,0.1,0.05,0.6146631776393489,0.6153846153846154,True
factors_finance,7,77,1,emotion_aware,17,logistic_regression,word_char,0.1,0.1,0.6076629771279458,0.6081730769230769,False
factors_finance,7,77,1,emotion_aware,18,logistic_regression,word_char,0.1,0.25,0.5645994159655361,0.5649038461538461,False
factors_finance,7,77,1,emotion_aware,19,logistic_regression,word_char,0.1,0.5,0.5568626542852511,0.5576923076923077,False
factors_finance,7,77,1,emotion_aware,20,logistic_regression,word_char,0.1,1.0,0.5407990475695107,0.5408653846153846,False
factors_finance,7,77,1,emotion_aware,21,logistic_regression,word_char,1.0,0.05,0.5978861703913363,0.5985576923076923,False
factors_finance,7,77,1,emotion_aware,22,logistic_regression,word_char,1.0,0.1,0.5933528836754643,0.59375,False
factors_finance,7,77,1,emotion_aware,23,logistic_regression,word_char,1.0,0.25,0.5936349396267203,0.59375,False
factors_finance,7,77,1,emotion_aware,24,logistic_regression,word_char,1.0,0.5,0.5552653325397147,0.5552884615384616,False
factors_finance,7,77,1,emotion_aware,25,logistic_regression,word_char,1.0,1.0,0.5550802139037433,0.5552884615384615,False
factors_finance,7,77,1,emotion_aware,26,logistic_regression,word_char,10.0,0.05,0.5803339517625232,0.5817307692307692,False
factors_finance,7,77,1,emotion_aware,27,logistic_regression,word_char,10.0,0.1,0.5784475520426184,0.5793269230769231,False
factors_finance,7,77,1,emotion_aware,28,logistic_regression,word_char,10.0,0.25,0.5816437406080222,0.5817307692307692,False
factors_finance,7,77,1,emotion_aware,29,logistic_regression,word_char,10.0,0.5,0.5768839574664817,0.5769230769230769,False
factors_finance,7,77,1,emotion_aware,30,logistic_regression,word_char,10.0,1.0,0.5793244922134582,0.5793269230769231,False
factors_finance,7,77,1,emotion_aware,31,linear_svm,word,0.1,0.05,0.6025362633544689,0.6033653846153846,False
factors_finance,7,77,1,emotion_aware,32,linear_svm,word,0.1,0.1,0.6077900594029626,0.6081730769230769,False
factors_finance,7,77,1,emotion_aware,33,linear_svm,word,0.1,0.25,0.5905796262418082,0.5913461538461539,False
factors_finance,7,77,1,emotion_aware,34,linear_svm,word,0.1,0.5,0.5450816115164525,0.5456730769230769,False
factors_finance,7,77,1,emotion_aware,35,linear_svm,word,0.1,1.0,0.5597883597883597,0.5600961538461539,False
factors_finance,7,77,1,emotion_aware,36,linear_svm,word,1.0,0.05,0.5837280998571321,0.5841346153846154,False
factors_finance,7,77,1,emotion_aware,37,linear_svm,word,1.0,0.1,0.5886546968514181,0.5889423076923077,False
factors_finance,7,77,1,emotion_aware,38,linear_svm,word,1.0,0.25,0.5984996908068496,0.5985576923076923,False
factors_finance,7,77,1,emotion_aware,39,linear_svm,word,1.0,0.5,0.5888258856578057,0.5889423076923077,False
factors_finance,7,77,1,emotion_aware,40,linear_svm,word,1.0,1.0,0.5888258856578057,0.5889423076923077,False
factors_finance,7,77,1,emotion_aware,41,linear_svm,word,10.0,0.05,0.5669473489405015,0.5673076923076923,False
factors_finance,7,77,1,emotion_aware,42,linear_svm,word,10.0,0.1,0.5668170774036794,0.5673076923076923,False
factors_finance,7,77,1,emotion_aware,43,linear_svm,word,10.0,0.25,0.5720758206195099,0.5721153846153846,False
factors_finance,7,77,1,emotion_aware,44,linear_svm,word,10.0,0.5,0.5696493691881801,0.5697115384615385,False
factors_finance,7,77,1,emotion_aware,45,linear_svm,word,10.0,1.0,0.5744577561246251,0.5745192307692308,False
factors_finance,7,77,1,emotion_aware,46,linear_svm,word_char,0.1,0.05,0.6002130468008244,0.6009615384615385,False
factors_finance,7,77,1,emotion_aware,47,linear_svm,word_char,0.1,0.1,0.6006292218006848,0.6009615384615384,False
factors_finance,7,77,1,emotion_aware,48,linear_svm,word_char,0.1,0.25,0.5935597629715277,0.59375,False
factors_finance,7,77,1,emotion_aware,49,linear_svm,word_char,0.1,0.5,0.5600732748906367,0.5600961538461539,False
factors_finance,7,77,1,emotion_aware,50,linear_svm,word_char,0.1,1.0,0.5550802139037433,0.5552884615384615,False
factors_finance,7,77,1,emotion_aware,51,linear_svm,word_char,1.0,0.05,0.5759429153924567,0.5769230769230769,False
factors_finance,7,77,1,emotion_aware,52,linear_svm,word_char,1.0,0.1,0.5780370608658354,0.5793269230769231,False
factors_finance,7,77,1,emotion_aware,53,linear_svm,word_char,1.0,0.25,0.5814889336016096,0.5817307692307692,False
factors_finance,7,77,1,emotion_aware,54,linear_svm,word_char,1.0,0.5,0.5766784615740419,0.5769230769230769,False
factors_finance,7,77,1,emotion_aware,55,linear_svm,word_char,1.0,1.0,0.5696493691881801,0.5697115384615385,False
factors_finance,7,77,1,emotion_aware,56,linear_svm,word_char,10.0,0.05,0.5645994159655361,0.5649038461538461,False
factors_finance,7,77,1,emotion_aware,57,linear_svm,word_char,10.0,0.1,0.5716302209880828,0.5721153846153846,False
factors_finance,7,77,1,emotion_aware,58,linear_svm,word_char,10.0,0.25,0.5765707411862682,0.5769230769230769,False
factors_finance,7,77,1,emotion_aware,59,linear_svm,word_char,10.0,0.5,0.574398723751062,0.5745192307692308,False
factors_finance,7,77,1,emotion_aware,60,linear_svm,word_char,10.0,1.0,0.5769132977370963,0.5769230769230769,False
factors_finance,7,77,2,text_only,1,logistic_regression,word,0.1,,0.6073318822316417,0.6076555023923444,False
factors_finance,7,77,2,text_only,2,logistic_regression,word,1.0,,0.5976347634763477,0.5980861244019138,False
factors_finance,7,77,2,text_only,3,logistic_regression,word,10.0,,0.5980032973071991,0.5980861244019139,False
factors_finance,7,77,2,text_only,4,logistic_regression,word_char,0.1,,0.5980032973071991,0.5980861244019139,False
factors_finance,7,77,2,text_only,5,logistic_regression,word_char,1.0,,0.5907943323314727,0.5909090909090908,False
factors_finance,7,77,2,text_only,6,logistic_regression,word_char,10.0,,0.6052066697576975,0.6052631578947368,False
factors_finance,7,77,2,text_only,7,linear_svm,word,0.1,,0.5976347634763477,0.5980861244019138,False
factors_finance,7,77,2,text_only,8,linear_svm,word,1.0,,0.5980032973071991,0.5980861244019139,False
factors_finance,7,77,2,text_only,9,linear_svm,word,10.0,,0.5978559648158328,0.5980861244019139,False
factors_finance,7,77,2,text_only,10,linear_svm,word_char,0.1,,0.5860651749580708,0.5861244019138756,False
factors_finance,7,77,2,text_only,11,linear_svm,word_char,1.0,,0.6220095693779905,0.6220095693779905,True
factors_finance,7,77,2,text_only,12,linear_svm,word_char,10.0,,0.6220009157509158,0.6220095693779905,False
factors_finance,7,77,2,emotion_aware,1,logistic_regression,word,0.1,0.05,0.6026433938061206,0.6028708133971292,False
factors_finance,7,77,2,emotion_aware,2,logistic_regression,word,0.1,0.1,0.5834936778449697,0.5837320574162679,False
factors_finance,7,77,2,emotion_aware,3,logistic_regression,word,0.1,0.25,0.5637844036697248,0.5645933014354066,False
factors_finance,7,77,2,emotion_aware,4,logistic_regression,word,0.1,0.5,0.5548608725523876,0.5550239234449761,False
factors_finance,7,77,2,emotion_aware,5,logistic_regression,word,0.1,1.0,0.552424087996656,0.5526315789473684,False
factors_finance,7,77,2,emotion_aware,6,logistic_regression,word,1.0,0.05,0.6046091667383267,0.6052631578947368,False
factors_finance,7,77,2,emotion_aware,7,logistic_regression,word,1.0,0.1,0.6002016002016002,0.6004784688995215,False
factors_finance,7,77,2,emotion_aware,8,logistic_regression,word,1.0,0.25,0.5902313182560839,0.5909090909090908,False
factors_finance,7,77,2,emotion_aware,9,logistic_regression,word,1.0,0.5,0.5999633235720548,0.6004784688995215,False
factors_finance,7,77,2,emotion_aware,10,logistic_regression,word,1.0,1.0,0.5927046793681363,0.5933014354066986,False
factors_finance,7,77,2,emotion_aware,11,logistic_regression,word,10.0,0.05,0.5954135954135954,0.5956937799043063,False
factors_finance,7,77,2,emotion_aware,12,logistic_regression,word,10.0,0.1,0.5928447011367803,0.5933014354066986,False
factors_finance,7,77,2,emotion_aware,13,logistic_regression,word,10.0,0.25,0.5932641893902969,0.5933014354066986,False
factors_finance,7,77,2,emotion_aware,14,logistic_regression,word,10.0,0.5,0.5955062613445715,0.5956937799043063,False
factors_finance,7,77,2,emotion_aware,15,logistic_regression,word,10.0,1.0,0.6002931694943399,0.6004784688995215,False
factors_finance,7,77,2,emotion_aware,16,logistic_regression,word_char,0.1,0.05,0.5955803635322742,0.5956937799043063,False
factors_finance,7,77,2,emotion_aware,17,logistic_regression,word_char,0.1,0.1,0.5834936778449697,0.5837320574162679,False
factors_finance,7,77,2,emotion_aware,18,logistic_regression,word_char,0.1,0.25,0.5854387020953364,0.5861244019138756,False
factors_finance,7,77,2,emotion_aware,19,logistic_regression,word_char,0.1,0.5,0.5762615762615763,0.5765550239234449,False
factors_finance,7,77,2,emotion_aware,20,logistic_regression,word_char,0.1,1.0,0.5667848124459611,0.5669856459330143,False
factors_finance,7,77,2,emotion_aware,21,logistic_regression,word_char,1.0,0.05,0.5908505486579774,0.5909090909090909,False
factors_finance,7,77,2,emotion_aware,22,logistic_regression,word_char,1.0,0.1,0.5907193531948032,0.5909090909090908,False
factors_finance,7,77,2,emotion_aware,23,logistic_regression,word_char,1.0,0.25,0.5857236974019651,0.5861244019138756,False
factors_finance,7,77,2,emotion_aware,24,logistic_regression,word_char,1.0,0.5,0.6115509052109864,0.6124401913875598,False
factors_finance,7,77,2,emotion_aware,25,logistic_regression,word_char,1.0,1.0,0.6021330275229357,0.6028708133971292,False
factors_finance,7,77,2,emotion_aware,26,logistic_regression,word_char,10.0,0.05,0.6028344437575841,0.6028708133971292,False
factors_finance,7,77,2,emotion_aware,27,logistic_regression,word_char,10.0,0.1,0.6171459974354276,0.6172248803827751,False
factors_finance,7,77,2,emotion_aware,28,logistic_regression,word_char,10.0,0.25,0.6122981793198213,0.6124401913875598,False
factors_finance,7,77,2,emotion_aware,29,logistic_regression,word_char,10.0,0.5,0.6121205178141826,0.6124401913875599,False
factors_finance,7,77,2,emotion_aware,30,logistic_regression,word_char,10.0,1.0,0.6192489473231932,0.6196172248803827,False
factors_finance,7,77,2,emotion_aware,31,linear_svm,word,0.1,0.05,0.6047541819723896,0.6052631578947368,False
factors_finance,7,77,2,emotion_aware,32,linear_svm,word,0.1,0.1,0.5953023402366016,0.5956937799043063,False
factors_finance,7,77,2,emotion_aware,33,linear_svm,word,0.1,0.25,0.592545871559633,0.5933014354066986,False
factors_finance,7,77,2,emotion_aware,34,linear_svm,word,0.1,0.5,0.5996513021684646,0.6004784688995215,False
factors_finance,7,77,2,emotion_aware,35,linear_svm,word,0.1,1.0,0.5923682338633809,0.5933014354066986,False
factors_finance,7,77,2,emotion_aware,36,linear_svm,word,1.0,0.05,0.5884790622066534,0.5885167464114833,False
factors_finance,7,77,2,emotion_aware,37,linear_svm,word,1.0,0.1,0.5980032973071991,0.5980861244019139,False
factors_finance,7,77,2,emotion_aware,38,linear_svm,word,1.0,0.25,0.6049896049896051,0.6052631578947368,False
factors_finance,7,77,2,emotion_aware,39,linear_svm,word,1.0,0.5,0.5977546110665597,0.5980861244019139,False
factors_finance,7,77,2,emotion_aware,40,linear_svm,word,1.0,1.0,0.5977546110665597,0.5980861244019139,False
factors_finance,7,77,2,emotion_aware,41,linear_svm,word,10.0,0.05,0.5978559648158328,0.5980861244019139,False
factors_finance,7,77,2,emotion_aware,42,linear_svm,word,10.0,0.1,0.6028344437575841,0.6028708133971292,False
factors_finance,7,77,2,emotion_aware,43,linear_svm,word,10.0,0.25,0.5956359223578841,0.5956937799043063,False
factors_finance,7,77,2,emotion_aware,44,linear_svm,word,10.0,0.5,0.5932921245421245,0.5933014354066986,False
factors_finance,7,77,2,emotion_aware,45,linear_svm,word,10.0,1.0,0.5956914659203425,0.5956937799043063,False
factors_finance,7,77,2,emotion_aware,46,linear_svm,word_char,0.1,0.05,0.5907943323314727,0.5909090909090908,False
factors_finance,7,77,2,emotion_aware,47,linear_svm,word_char,0.1,0.1,0.5955062613445715,0.5956937799043063,False
factors_finance,7,77,2,emotion_aware,48,linear_svm,word_char,0.1,0.25,0.5928447011367803,0.5933014354066986,False
factors_finance,7,77,2,emotion_aware,49,linear_svm,word_char,0.1,0.5,0.6115509052109864,0.6124401913875598,False
factors_finance,7,77,2,emotion_aware,50,linear_svm,word_char,0.1,1.0,0.6019595695371835,0.6028708133971292,False
factors_finance,7,77,2,emotion_aware,51,linear_svm,word_char,1.0,0.05,0.6052428240277024,0.6052631578947368,False
factors_finance,7,77,2,emotion_aware,52,linear_svm,word_char,1.0,0.1,0.6195105195362817,0.6196172248803828,False
factors_finance,7,77,2,emotion_aware,53,linear_svm,word_char,1.0,0.25,0.6147244883354802,0.6148325358851674,False
factors_finance,7,77,2,emotion_aware,54,linear_svm,word_char,1.0,0.5,0.6170846215504409,0.6172248803827751,False
factors_finance,7,77,2,emotion_aware,55,linear_svm,word_char,1.0,1.0,0.6170846215504409,0.6172248803827751,False
factors_finance,7,77,2,emotion_aware,56,linear_svm,word_char,10.0,0.05,0.6220009157509158,0.6220095693779905,False
factors_finance,7,77,2,emotion_aware,57,linear_svm,word_char,10.0,0.1,0.6100456150592652,0.6100478468899522,False
factors_finance,7,77,2,emotion_aware,58,linear_svm,word_char,10.0,0.25,0.6219749524921583,0.6220095693779903,False
factors_finance,7,77,2,emotion_aware,59,linear_svm,word_char,10.0,0.5,0.626717347499542,0.6267942583732058,True
factors_finance,7,77,2,emotion_aware,60,linear_svm,word_char,10.0,1.0,0.6219316724674848,0.6220095693779903,False
factors_finance,7,77,3,text_only,1,logistic_regression,word,0.1,,0.5779812303526766,0.5789473684210527,True
factors_finance,7,77,3,text_only,2,logistic_regression,word,1.0,,0.5521984474807368,0.5526315789473684,False
factors_finance,7,77,3,text_only,3,logistic_regression,word,10.0,,0.5402909840760683,0.5406698564593302,False
factors_finance,7,77,3,text_only,4,logistic_regression,word_char,0.1,,0.5568455979690428,0.5574162679425837,False
factors_finance,7,77,3,text_only,5,logistic_regression,word_char,1.0,,0.5353639530619729,0.5358851674641147,False
factors_finance,7,77,3,text_only,6,logistic_regression,word_char,10.0,,0.530831958951805,0.5311004784688995,False
factors_finance,7,77,3,text_only,7,linear_svm,word,0.1,,0.5546568908236911,0.5550239234449761,False
factors_finance,7,77,3,text_only,8,linear_svm,word,1.0,,0.5355023484935273,0.5358851674641147,False
factors_finance,7,77,3,text_only,9,linear_svm,word,10.0,,0.5039642273626279,0.5047846889952152,False
factors_finance,7,77,3,text_only,10,linear_svm,word_char,0.1,,0.5376821643677041,0.5382775119617225,False
factors_finance,7,77,3,text_only,11,linear_svm,word_char,1.0,,0.5353639530619729,0.5358851674641147,False
factors_finance,7,77,3,text_only,12,linear_svm,word_char,10.0,,0.5446100917431193,0.5454545454545454,False
factors_finance,7,77,3,emotion_aware,1,logistic_regression,word,0.1,0.05,0.5928447011367803,0.5933014354066986,False
factors_finance,7,77,3,emotion_aware,2,logistic_regression,word,0.1,0.1,0.5788605971789704,0.5789473684210527,False
factors_finance,7,77,3,emotion_aware,3,logistic_regression,word,0.1,0.25,0.5714735714735715,0.5717703349282297,False
factors_finance,7,77,3,emotion_aware,4,logistic_regression,word,0.1,0.5,0.5616364563693774,0.562200956937799,False
factors_finance,7,77,3,emotion_aware,5,logistic_regression,word,0.1,1.0,0.5850771446440559,0.5861244019138756,False
factors_finance,7,77,3,emotion_aware,6,logistic_regression,word,1.0,0.05,0.5736844517785111,0.5741626794258373,False
factors_finance,7,77,3,emotion_aware,7,logistic_regression,word,1.0,0.1,0.5781651376146789,0.5789473684210527,False
factors_finance,7,77,3,emotion_aware,8,logistic_regression,word,1.0,0.25,0.5879129697136438,0.5885167464114833,False
factors_finance,7,77,3,emotion_aware,9,logistic_regression,word,1.0,0.5,0.5896667527770603,0.5909090909090909,False
factors_finance,7,77,3,emotion_aware,10,logistic_regression,word,1.0,1.0,0.5821152785438499,0.5837320574162679,False
factors_finance,7,77,3,emotion_aware,11,logistic_regression,word,10.0,0.05,0.5376821643677041,0.5382775119617225,False
factors_finance,7,77,3,emotion_aware,12,logistic_regression,word,10.0,0.1,0.5525675590587239,0.5526315789473684,False
factors_finance,7,77,3,emotion_aware,13,logistic_regression,word,10.0,0.25,0.5706867565970289,0.5717703349282297,False
factors_finance,7,77,3,emotion_aware,14,logistic_regression,word,10.0,0.5,0.5610931645656776,0.562200956937799,False
factors_finance,7,77,3,emotion_aware,15,logistic_regression,word,10.0,1.0,0.5541972477064221,0.5550239234449761,False
factors_finance,7,77,3,emotion_aware,16,logistic_regression,word_char,0.1,0.05,0.568894389438944,0.569377990430622,False
factors_finance,7,77,3,emotion_aware,17,logistic_regression,word_char,0.1,0.1,0.5812222699298697,0.5813397129186603,False
factors_finance,7,77,3,emotion_aware,18,logistic_regression,word_char,0.1,0.25,0.5616364563693774,0.562200956937799,False
factors_finance,7,77,3,emotion_aware,19,logistic_regression,word_char,0.1,0.5,0.5710608536130937,0.5717703349282297,False
factors_finance,7,77,3,emotion_aware,20,logistic_regression,word_char,0.1,1.0,0.5802803486283803,0.5813397129186603,False
factors_finance,7,77,3,emotion_aware,21,logistic_regression,word_char,1.0,0.05,0.5382114379590037,0.5382775119617225,False
factors_finance,7,77,3,emotion_aware,22,logistic_regression,word_char,1.0,0.1,0.550074430321768,0.5502392344497608,False
factors_finance,7,77,3,emotion_aware,23,logistic_regression,word_char,1.0,0.25,0.5804729214340199,0.5813397129186604,False
factors_finance,7,77,3,emotion_aware,24,logistic_regression,word_char,1.0,0.5,0.5706867565970289,0.5717703349282297,False
factors_finance,7,77,3,emotion_aware,25,logistic_regression,word_char,1.0,1.0,0.5823552380733629,0.5837320574162679,False
factors_finance,7,77,3,emotion_aware,26,logistic_regression,word_char,10.0,0.05,0.5237026390980457,0.5239234449760766,False
factors_finance,7,77,3,emotion_aware,27,logistic_regression,word_char,10.0,0.1,0.5405751969225132,0.5406698564593302,False
factors_finance,7,77,3,emotion_aware,28,logistic_regression,word_char,10.0,0.25,0.5474091260634184,0.5478468899521531,False
factors_finance,7,77,3,emotion_aware,29,logistic_regression,word_char,10.0,0.5,0.5449440777411074,0.5454545454545454,False
factors_finance,7,77,3,emotion_aware,30,logistic_regression,word_char,10.0,1.0,0.5447875828232112,0.5454545454545454,False
factors_finance,7,77,3,emotion_aware,31,linear_svm,word,0.1,0.05,0.5735378407501662,0.5741626794258373,False
factors_finance,7,77,3,emotion_aware,32,linear_svm,word,0.1,0.1,0.5831212600591512,0.5837320574162679,False
factors_finance,7,77,3,emotion_aware,33,linear_svm,word,0.1,0.25,0.5950239344168315,0.5956937799043063,True
factors_finance,7,77,3,emotion_aware,34,linear_svm,word,0.1,0.5,0.5871557525782668,0.5885167464114833,False
factors_finance,7,77,3,emotion_aware,35,linear_svm,word,0.1,1.0,0.5889304877417574,0.5909090909090908,False
factors_finance,7,77,3,emotion_aware,36,linear_svm,word,1.0,0.05,0.5497341400806748,0.5502392344497609,False
factors_finance,7,77,3,emotion_aware,37,linear_svm,word,1.0,0.1,0.5594455264062321,0.5598086124401913,False
factors_finance,7,77,3,emotion_aware,38,linear_svm,word,1.0,0.25,0.5583526655488436,0.5598086124401913,False
factors_finance,7,77,3,emotion_aware,39,linear_svm,word,1.0,0.5,0.5510255659136468,0.5526315789473684,False
factors_finance,7,77,3,emotion_aware,40,linear_svm,word,1.0,1.0,0.5535521510439396,0.5550239234449761,False
factors_finance,7,77,3,emotion_aware,41,linear_svm,word,10.0,0.05,0.5368753408536411,0.5382775119617225,False
factors_finance,7,77,3,emotion_aware,42,linear_svm,word,10.0,0.1,0.547097772809356,0.5478468899521531,False
factors_finance,7,77,3,emotion_aware,43,linear_svm,word,10.0,0.25,0.5424730227680388,0.5430622009569378,False
factors_finance,7,77,3,emotion_aware,44,linear_svm,word,10.0,0.5,0.5378304832287817,0.5382775119617225,False
factors_finance,7,77,3,emotion_aware,45,linear_svm,word,10.0,1.0,0.5402909840760683,0.5406698564593302,False
factors_finance,7,77,3,emotion_aware,46,linear_svm,word_char,0.1,0.05,0.5405751969225132,0.5406698564593302,False
factors_finance,7,77,3,emotion_aware,47,linear_svm,word_char,0.1,0.1,0.550074430321768,0.5502392344497608,False
factors_finance,7,77,3,emotion_aware,48,linear_svm,word_char,0.1,0.25,0.5804729214340199,0.5813397129186604,False
factors_finance,7,77,3,emotion_aware,49,linear_svm,word_char,0.1,0.5,0.5729797979797979,0.5741626794258373,False
factors_finance,7,77,3,emotion_aware,50,linear_svm,word_char,0.1,1.0,0.5821152785438499,0.5837320574162679,False
factors_finance,7,77,3,emotion_aware,51,linear_svm,word_char,1.0,0.05,0.5447875828232112,0.5454545454545454,False
factors_finance,7,77,3,emotion_aware,52,linear_svm,word_char,1.0,0.1,0.5401540154015402,0.5406698564593302,False
factors_finance,7,77,3,emotion_aware,53,linear_svm,word_char,1.0,0.25,0.5521984474807368,0.5526315789473684,False
factors_finance,7,77,3,emotion_aware,54,linear_svm,word_char,1.0,0.5,0.5495792924777037,0.5502392344497608,False
factors_finance,7,77,3,emotion_aware,55,linear_svm,word_char,1.0,1.0,0.5495792924777037,0.5502392344497608,False
factors_finance,7,77,3,emotion_aware,56,linear_svm,word_char,10.0,0.05,0.5254357798165137,0.5263157894736842,False
factors_finance,7,77,3,emotion_aware,57,linear_svm,word_char,10.0,0.1,0.5447875828232112,0.5454545454545454,False
factors_finance,7,77,3,emotion_aware,58,linear_svm,word_char,10.0,0.25,0.5541972477064221,0.5550239234449761,False
factors_finance,7,77,3,emotion_aware,59,linear_svm,word_char,10.0,0.5,0.5518903889701035,0.5526315789473684,False
factors_finance,7,77,3,emotion_aware,60,linear_svm,word_char,10.0,1.0,0.5472638811683734,0.5478468899521531,False
factors_finance,7,77,4,text_only,1,logistic_regression,word,0.1,,0.573811433153855,0.5741626794258373,False
factors_finance,7,77,4,text_only,2,logistic_regression,word,1.0,,0.5668641763274653,0.5669856459330144,False
factors_finance,7,77,4,text_only,3,logistic_regression,word,10.0,,0.569377990430622,0.569377990430622,False
factors_finance,7,77,4,text_only,4,logistic_regression,word_char,0.1,,0.5976347634763477,0.5980861244019138,False
factors_finance,7,77,4,text_only,5,logistic_regression,word_char,1.0,,0.5811455368952663,0.5813397129186604,False
factors_finance,7,77,4,text_only,6,logistic_regression,word_char,10.0,,0.5837225274725275,0.5837320574162679,False
factors_finance,7,77,4,text_only,7,linear_svm,word,0.1,,0.569220199244246,0.569377990430622,False
factors_finance,7,77,4,text_only,8,linear_svm,word,1.0,,0.5765526004017788,0.5765550239234449,False
factors_finance,7,77,4,text_only,9,linear_svm,word,10.0,,0.5813181466960478,0.5813397129186603,False
factors_finance,7,77,4,text_only,10,linear_svm,word_char,0.1,,0.5811455368952663,0.5813397129186604,False
factors_finance,7,77,4,text_only,11,linear_svm,word_char,1.0,,0.6028617216117216,0.6028708133971292,True
factors_finance,7,77,4,text_only,12,linear_svm,word_char,10.0,,0.5909067495407015,0.5909090909090908,False
factors_finance,7,77,4,emotion_aware,1,logistic_regression,word,0.1,0.05,0.5811455368952663,0.5813397129186604,False
factors_finance,7,77,4,emotion_aware,2,logistic_regression,word,0.1,0.1,0.5907943323314727,0.5909090909090908,False
factors_finance,7,77,4,emotion_aware,3,logistic_regression,word,0.1,0.25,0.5549831719211484,0.5550239234449761,False
factors_finance,7,77,4,emotion_aware,4,logistic_regression,word,0.1,0.5,0.5406277903702177,0.5406698564593302,False
factors_finance,7,77,4,emotion_aware,5,logistic_regression,word,0.1,1.0,0.519069943159377,0.5191387559808612,False
factors_finance,7,77,4,emotion_aware,6,logistic_regression,word,1.0,0.05,0.5645933014354066,0.5645933014354066,False
factors_finance,7,77,4,emotion_aware,7,logistic_regression,word,1.0,0.1,0.5789377289377289,0.5789473684210527,False
factors_finance,7,77,4,emotion_aware,8,logistic_regression,word,1.0,0.25,0.5933014354066986,0.5933014354066986,False
factors_finance,7,77,4,emotion_aware,9,logistic_regression,word,1.0,0.5,0.5741529304029304,0.5741626794258373,False
factors_finance,7,77,4,emotion_aware,10,logistic_regression,word,1.0,1.0,0.5789377289377289,0.5789473684210527,False
factors_finance,7,77,4,emotion_aware,11,logistic_regression,word,10.0,0.05,0.5789088078393663,0.5789473684210527,False
factors_finance,7,77,4,emotion_aware,12,logistic_regression,word,10.0,0.1,0.5741529304029304,0.5741626794258373,False
factors_finance,7,77,4,emotion_aware,13,logistic_regression,word,10.0,0.25,0.571748275763386,0.5717703349282297,False
factors_finance,7,77,4,emotion_aware,14,logistic_regression,word,10.0,0.5,0.569377990430622,0.569377990430622,False
factors_finance,7,77,4,emotion_aware,15,logistic_regression,word,10.0,1.0,0.5645933014354066,0.5645933014354066,False
factors_finance,7,77,4,emotion_aware,16,logistic_regression,word_char,0.1,0.05,0.5976347634763477,0.5980861244019138,False
factors_finance,7,77,4,emotion_aware,17,logistic_regression,word_char,0.1,0.1,0.60009166165392,0.6004784688995215,True
factors_finance,7,77,4,emotion_aware,18,logistic_regression,word_char,0.1,0.25,0.5594455264062321,0.5598086124401913,False
factors_finance,7,77,4,emotion_aware,19,logistic_regression,word_char,0.1,0.5,0.5549831719211484,0.5550239234449761,False
factors_finance,7,77,4,emotion_aware,20,logistic_regression,word_char,0.1,1.0,0.5430386629654008,0.5430622009569378,False
factors_finance,7,77,4,emotion_aware,21,logistic_regression,word_char,1.0,0.05,0.5836939350230098,0.5837320574162679,False
factors_finance,7,77,4,emotion_aware,22,logistic_regression,word_char,1.0,0.1,0.5932641893902969,0.5933014354066986,False
factors_finance,7,77,4,emotion_aware,23,logistic_regression,word_char,1.0,0.25,0.5933014354066986,0.5933014354066986,False
factors_finance,7,77,4,emotion_aware,24,logistic_regression,word_char,1.0,0.5,0.578706248854682,0.5789473684210527,False
factors_finance,7,77,4,emotion_aware,25,logistic_regression,word_char,1.0,1.0,0.5715717205957296,0.5717703349282297,False
factors_finance,7,77,4,emotion_aware,26,logistic_regression,word_char,10.0,0.05,0.5861030821623787,0.5861244019138756,False
factors_finance,7,77,4,emotion_aware,27,logistic_regression,word_char,10.0,0.1,0.583732057416268,0.583732057416268,False
factors_finance,7,77,4,emotion_aware,28,logistic_regression,word_char,10.0,0.25,0.5861220331610606,0.5861244019138756,False
factors_finance,7,77,4,emotion_aware,29,logistic_regression,word_char,10.0,0.5,0.581279801258164,0.5813397129186603,False
factors_finance,7,77,4,emotion_aware,30,logistic_regression,word_char,10.0,1.0,0.5788605971789704,0.5789473684210527,False
factors_finance,7,77,4,emotion_aware,31,linear_svm,word,0.1,0.05,0.5645933014354066,0.5645933014354066,False
factors_finance,7,77,4,emotion_aware,32,linear_svm,word,0.1,0.1,0.5789377289377289,0.5789473684210527,False
factors_finance,7,77,4,emotion_aware,33,linear_svm,word,0.1,0.25,0.5885167464114832,0.5885167464114832,False
factors_finance,7,77,4,emotion_aware,34,linear_svm,word,0.1,0.5,0.5693385534720792,0.569377990430622,False
factors_finance,7,77,4,emotion_aware,35,linear_svm,word,0.1,1.0,0.5789377289377289,0.5789473684210527,False
factors_finance,7,77,4,emotion_aware,36,linear_svm,word,1.0,0.05,0.5764944275582573,0.5765550239234449,False
factors_finance,7,77,4,emotion_aware,37,linear_svm,word,1.0,0.1,0.5741236806557226,0.5741626794258373,False
factors_finance,7,77,4,emotion_aware,38,linear_svm,word,1.0,0.25,0.566983167642497,0.5669856459330143,False
factors_finance,7,77,4,emotion_aware,39,linear_svm,word,1.0,0.5,0.5574137348832151,0.5574162679425838,False
factors_finance,7,77,4,emotion_aware,40,linear_svm,word,1.0,1.0,0.5598086124401914,0.5598086124401914,False
factors_finance,7,77,4,emotion_aware,41,linear_svm,word,10.0,0.05,0.5765526004017788,0.5765550239234449,False
factors_finance,7,77,4,emotion_aware,42,linear_svm,word,10.0,0.1,0.5764944275582573,0.5765550239234449,False
factors_finance,7,77,4,emotion_aware,43,linear_svm,word,10.0,0.25,0.5836939350230098,0.5837320574162679,False
factors_finance,7,77,4,emotion_aware,44,linear_svm,word,10.0,0.5,0.5741529304029304,0.5741626794258373,False
factors_finance,7,77,4,emotion_aware,45,linear_svm,word,10.0,1.0,0.5717678840221379,0.5717703349282297,False
factors_finance,7,77,4,emotion_aware,46,linear_svm,word_char,0.1,0.05,0.5860651749580708,0.5861244019138756,False
factors_finance,7,77,4,emotion_aware,47,linear_svm,word_char,0.1,0.1,0.5908880176287097,0.5909090909090909,False
factors_finance,7,77,4,emotion_aware,48,linear_svm,word_char,0.1,0.25,0.5956914659203425,0.5956937799043063,False
factors_finance,7,77,4,emotion_aware,49,linear_svm,word_char,0.1,0.5,0.5858375858375858,0.5861244019138756,False
factors_finance,7,77,4,emotion_aware,50,linear_svm,word_char,0.1,1.0,0.5716502075282668,0.5717703349282297,False
factors_finance,7,77,4,emotion_aware,51,linear_svm,word_char,1.0,0.05,0.5884790622066534,0.5885167464114833,False
factors_finance,7,77,4,emotion_aware,52,linear_svm,word_char,1.0,0.1,0.5885167464114832,0.5885167464114832,False
factors_finance,7,77,4,emotion_aware,53,linear_svm,word_char,1.0,0.25,0.5885167464114832,0.5885167464114832,False
factors_finance,7,77,4,emotion_aware,54,linear_svm,word_char,1.0,0.5,0.5884790622066534,0.5885167464114833,False
factors_finance,7,77,4,emotion_aware,55,linear_svm,word_char,1.0,1.0,0.5789088078393663,0.5789473684210527,False
factors_finance,7,77,4,emotion_aware,56,linear_svm,word_char,10.0,0.05,0.5932641893902969,0.5933014354066986,False
factors_finance,7,77,4,emotion_aware,57,linear_svm,word_char,10.0,0.1,0.5884790622066534,0.5885167464114833,False
factors_finance,7,77,4,emotion_aware,58,linear_svm,word_char,10.0,0.25,0.5932641893902969,0.5933014354066986,False
factors_finance,7,77,4,emotion_aware,59,linear_svm,word_char,10.0,0.5,0.593217622275142,0.5933014354066986,False
factors_finance,7,77,4,emotion_aware,60,linear_svm,word_char,10.0,1.0,0.593217622275142,0.5933014354066986,False
factors_finance,7,77,5,text_only,1,logistic_regression,word,0.1,,0.6076195709412276,0.6076555023923444,False
factors_finance,7,77,5,text_only,2,logistic_regression,word,1.0,,0.6243825658930258,0.6244019138755981,False
factors_finance,7,77,5,text_only,3,logistic_regression,word,10.0,,0.6052608986796244,0.6052631578947368,False
factors_finance,7,77,5,text_only,4,logistic_regression,word_char,0.1,,0.6267857142857143,0.6267942583732058,True
factors_finance,7,77,5,text_only,5,logistic_regression,word_char,1.0,,0.6172248803827751,0.6172248803827751,False
factors_finance,7,77,5,text_only,6,logistic_regression,word_char,10.0,,0.6124401913875598,0.6124401913875598,False
factors_finance,7,77,5,text_only,7,linear_svm,word,0.1,,0.6148126949603641,0.6148325358851674,False
factors_finance,7,77,5,text_only,8,linear_svm,word,1.0,,0.5980769230769231,0.5980861244019139,False
factors_finance,7,77,5,text_only,9,linear_svm,word,10.0,,0.6219316724674848,0.6220095693779903,False
factors_finance,7,77,5,text_only,10,linear_svm,word_char,0.1,,0.6196150478185471,0.6196172248803828,False
factors_finance,7,77,5,text_only,11,linear_svm,word_char,1.0,,0.6171898253085147,0.6172248803827751,False
factors_finance,7,77,5,text_only,12,linear_svm,word_char,10.0,,0.6100456150592652,0.6100478468899522,False
factors_finance,7,77,5,emotion_aware,1,logistic_regression,word,0.1,0.05,0.6220095693779905,0.6220095693779905,False
factors_finance,7,77,5,emotion_aware,2,logistic_regression,word,0.1,0.1,0.5932921245421245,0.5933014354066986,False
factors_finance,7,77,5,emotion_aware,3,logistic_regression,word,0.1,0.25,0.5933014354066986,0.5933014354066986,False
factors_finance,7,77,5,emotion_aware,4,logistic_regression,word,0.1,0.5,0.5833887043189369,0.5837320574162679,False
factors_finance,7,77,5,emotion_aware,5,logistic_regression,word,0.1,1.0,0.5712181731700468,0.5717703349282297,False
factors_finance,7,77,5,emotion_aware,6,logistic_regression,word,1.0,0.05,0.631578947368421,0.631578947368421,False
factors_finance,7,77,5,emotion_aware,7,logistic_regression,word,1.0,0.1,0.6243825658930258,0.6244019138755981,False
factors_finance,7,77,5,emotion_aware,8,logistic_regression,word,1.0,0.25,0.6099920434576043,0.6100478468899522,False
factors_finance,7,77,5,emotion_aware,9,logistic_regression,word,1.0,0.5,0.6122981793198213,0.6124401913875598,False
factors_finance,7,77,5,emotion_aware,10,logistic_regression,word,1.0,1.0,0.6118715179861063,0.6124401913875598,False
factors_finance,7,77,5,emotion_aware,11,logistic_regression,word,10.0,0.05,0.6075746473713134,0.6076555023923444,False
factors_finance,7,77,5,emotion_aware,12,logistic_regression,word,10.0,0.1,0.5979388526279629,0.5980861244019139,False
factors_finance,7,77,5,emotion_aware,13,logistic_regression,word,10.0,0.25,0.6075117370892018,0.6076555023923444,False
factors_finance,7,77,5,emotion_aware,14,logistic_regression,word,10.0,0.5,0.6097776097776098,0.6100478468899522,False
factors_finance,7,77,5,emotion_aware,15,logistic_regression,word,10.0,1.0,0.6096703044885566,0.6100478468899522,False
factors_finance,7,77,5,emotion_aware,16,logistic_regression,word_char,0.1,0.05,0.6291675013593567,0.6291866028708134,False
factors_finance,7,77,5,emotion_aware,17,logistic_regression,word_char,0.1,0.1,0.6170846215504409,0.6172248803827751,False
factors_finance,7,77,5,emotion_aware,18,logistic_regression,word_char,0.1,0.25,0.5956914659203425,0.5956937799043063,False
factors_finance,7,77,5,emotion_aware,19,logistic_regression,word_char,0.1,0.5,0.5906255906255906,0.5909090909090908,False
factors_finance,7,77,5,emotion_aware,20,logistic_regression,word_char,0.1,1.0,0.588054638797213,0.5885167464114833,False
factors_finance,7,77,5,emotion_aware,21,logistic_regression,word_char,1.0,0.05,0.6147774171575109,0.6148325358851675,False
factors_finance,7,77,5,emotion_aware,22,logistic_regression,word_char,1.0,0.1,0.6338686131386861,0.6339712918660287,False
factors_finance,7,77,5,emotion_aware,23,logistic_regression,word_char,1.0,0.25,0.6170056807769837,0.6172248803827751,False
factors_finance,7,77,5,emotion_aware,24,logistic_regression,word_char,1.0,0.5,0.6148303314389061,0.6148325358851674,False
factors_finance,7,77,5,emotion_aware,25,logistic_regression,word_char,1.0,1.0,0.6242965507370832,0.6244019138755981,False
factors_finance,7,77,5,emotion_aware,26,logistic_regression,word_char,10.0,0.05,0.6100456150592652,0.6100478468899522,False
factors_finance,7,77,5,emotion_aware,27,logistic_regression,word_char,10.0,0.1,0.6242965507370832,0.6244019138755981,False
factors_finance,7,77,5,emotion_aware,28,logistic_regression,word_char,10.0,0.25,0.6239176155737283,0.6244019138755981,False
factors_finance,7,77,5,emotion_aware,29,logistic_regression,word_char,10.0,0.5,0.630894495412844,0.631578947368421,False
factors_finance,7,77,5,emotion_aware,30,logistic_regression,word_char,10.0,1.0,0.6334993323743976,0.6339712918660287,False
factors_finance,7,77,5,emotion_aware,31,linear_svm,word,0.1,0.05,0.6243825658930258,0.6244019138755981,False
factors_finance,7,77,5,emotion_aware,32,linear_svm,word,0.1,0.1,0.6148126949603641,0.6148325358851674,False
factors_finance,7,77,5,emotion_aware,33,linear_svm,word,0.1,0.25,0.6049896049896051,0.6052631578947368,False
factors_finance,7,77,5,emotion_aware,34,linear_svm,word,0.1,0.5,0.6097776097776098,0.6100478468899522,False
factors_finance,7,77,5,emotion_aware,35,linear_svm,word,0.1,1.0,0.6117201834862385,0.6124401913875598,False
factors_finance,7,77,5,emotion_aware,36,linear_svm,word,1.0,0.05,0.6124046981248712,0.6124401913875599,False
factors_finance,7,77,5,emotion_aware,37,linear_svm,word,1.0,0.1,0.6123603224033706,0.6124401913875599,False
factors_finance,7,77,5,emotion_aware,38,linear_svm,word,1.0,0.25,0.6099384571346786,0.6100478468899522,False
factors_finance,7,77,5,emotion_aware,39,linear_svm,word,1.0,0.5,0.6027889723392563,0.6028708133971292,False
factors_finance,7,77,5,emotion_aware,40,linear_svm,word,1.0,1.0,0.6027889723392563,0.6028708133971292,False
factors_finance,7,77,5,emotion_aware,41,linear_svm,word,10.0,0.05,0.6027252948585824,0.6028708133971292,False
factors_finance,7,77,5,emotion_aware,42,linear_svm,word,10.0,0.1,0.6147774171575109,0.6148325358851675,False
factors_finance,7,77,5,emotion_aware,43,linear_svm,word,10.0,0.25,0.6242965507370832,0.6244019138755981,False
factors_finance,7,77,5,emotion_aware,44,linear_svm,word,10.0,0.5,0.6242965507370832,0.6244019138755981,False
factors_finance,7,77,5,emotion_aware,45,linear_svm,word,10.0,1.0,0.6171459974354276,0.6172248803827751,False
factors_finance,7,77,5,emotion_aware,46,linear_svm,word_char,0.1,0.05,0.6243481645573243,0.6244019138755981,False
factors_finance,7,77,5,emotion_aware,47,linear_svm,word_char,0.1,0.1,0.6315030225315992,0.631578947368421,False
factors_finance,7,77,5,emotion_aware,48,linear_svm,word_char,0.1,0.25,0.6147244883354802,0.6148325358851674,False
factors_finance,7,77,5,emotion_aware,49,linear_svm,word_char,0.1,0.5,0.6172161172161172,0.6172248803827751,False
factors_finance,7,77,5,emotion_aware,50,linear_svm,word_char,0.1,1.0,0.6241416241416241,0.6244019138755981,False
factors_finance,7,77,5,emotion_aware,51,linear_svm,word_char,1.0,0.05,0.6172161172161172,0.6172248803827751,False
factors_finance,7,77,5,emotion_aware,52,linear_svm,word_char,1.0,0.1,0.6339691969574698,0.6339712918660287,True
factors_finance,7,77,5,emotion_aware,53,linear_svm,word_char,1.0,0.25,0.62882759015783,0.6291866028708134,False
factors_finance,7,77,5,emotion_aware,54,linear_svm,word_char,1.0,0.5,0.6284188732701319,0.6291866028708134,False
factors_finance,7,77,5,emotion_aware,55,linear_svm,word_char,1.0,1.0,0.6284188732701319,0.6291866028708134,False
factors_finance,7,77,5,emotion_aware,56,linear_svm,word_char,10.0,0.05,0.6220009157509158,0.6220095693779905,False
factors_finance,7,77,5,emotion_aware,57,linear_svm,word_char,10.0,0.1,0.6243825658930258,0.6244019138755981,False
factors_finance,7,77,5,emotion_aware,58,linear_svm,word_char,10.0,0.25,0.6339189119571378,0.6339712918660287,False
factors_finance,7,77,5,emotion_aware,59,linear_svm,word_char,10.0,0.5,0.6266575060116799,0.6267942583732058,False
factors_finance,7,77,5,emotion_aware,60,linear_svm,word_char,10.0,1.0,0.6242965507370832,0.6244019138755981,False
factors_finance,8,88,1,text_only,1,logistic_regression,word,0.1,,0.5908827953256971,0.5913461538461539,False
factors_finance,8,88,1,text_only,2,logistic_regression,word,1.0,,0.5933528836754643,0.59375,False
factors_finance,8,88,1,text_only,3,logistic_regression,word,10.0,,0.5766784615740419,0.5769230769230769,False
factors_finance,8,88,1,text_only,4,logistic_regression,word_char,0.1,,0.5766784615740419,0.5769230769230769,False
factors_finance,8,88,1,text_only,5,logistic_regression,word_char,1.0,,0.5865289046067078,0.5865384615384616,False
factors_finance,8,88,1,text_only,6,logistic_regression,word_char,10.0,,0.5817211011719021,0.5817307692307692,False
factors_finance,8,88,1,text_only,7,linear_svm,word,0.1,,0.5934657530285945,0.59375,True
factors_finance,8,88,1,text_only,8,linear_svm,word,1.0,,0.5692909241296338,0.5697115384615384,False
factors_finance,8,88,1,text_only,9,linear_svm,word,10.0,,0.5452289645838033,0.5456730769230769,False
factors_finance,8,88,1,text_only,10,linear_svm,word_char,0.1,,0.5841322123024473,0.5841346153846154,False
factors_finance,8,88,1,text_only,11,linear_svm,word_char,1.0,,0.5793244922134582,0.5793269230769231,False
factors_finance,8,88,1,text_only,12,linear_svm,word_char,10.0,,0.5768839574664817,0.5769230769230769,False
factors_finance,8,88,1,emotion_aware,1,logistic_regression,word,0.1,0.05,0.593070435905005,0.59375,False
factors_finance,8,88,1,emotion_aware,2,logistic_regression,word,0.1,0.1,0.5903994069131684,0.5913461538461537,False
factors_finance,8,88,1,emotion_aware,3,logistic_regression,word,0.1,0.25,0.5656108597285068,0.5673076923076923,False
factors_finance,8,88,1,emotion_aware,4,logistic_regression,word,0.1,0.5,0.5618020031309834,0.5649038461538461,False
factors_finance,8,88,1,emotion_aware,5,logistic_regression,word,0.1,1.0,0.568392193685626,0.5697115384615384,False
factors_finance,8,88,1,emotion_aware,6,logistic_regression,word,1.0,0.05,0.6027019048776676,0.6033653846153846,False
factors_finance,8,88,1,emotion_aware,7,logistic_regression,word,1.0,0.1,0.6214389631767782,0.6225961538461539,False
factors_finance,8,88,1,emotion_aware,8,logistic_regression,word,1.0,0.25,0.6264519305969933,0.6274038461538461,True
factors_finance,8,88,1,emotion_aware,9,logistic_regression,word,1.0,0.5,0.6050297570803325,0.6057692307692308,False
factors_finance,8,88,1,emotion_aware,10,logistic_regression,word,1.0,1.0,0.5811111111111111,0.5817307692307692,False
factors_finance,8,88,1,emotion_aware,11,logistic_regression,word,10.0,0.05,0.5862994056291773,0.5865384615384616,False
factors_finance,8,88,1,emotion_aware,12,logistic_regression,word,10.0,0.1,0.6006292218006848,0.6009615384615384,False
factors_finance,8,88,1,emotion_aware,13,logistic_regression,word,10.0,0.25,0.5959203496843127,0.5961538461538461,False
factors_finance,8,88,1,emotion_aware,14,logistic_regression,word,10.0,0.5,0.5888258856578057,0.5889423076923077,False
factors_finance,8,88,1,emotion_aware,15,logistic_regression,word,10.0,1.0,0.5839398757045815,0.5841346153846154,False
factors_finance,8,88,1,emotion_aware,16,logistic_regression,word_char,0.1,0.05,0.5812565081568899,0.5817307692307693,False
factors_finance,8,88,1,emotion_aware,17,logistic_regression,word_char,0.1,0.1,0.5910058295549181,0.5913461538461539,False
factors_finance,8,88,1,emotion_aware,18,logistic_regression,word_char,0.1,0.25,0.5998423846278654,0.6009615384615385,False
factors_finance,8,88,1,emotion_aware,19,logistic_regression,word_char,0.1,0.5,0.5818123710741161,0.5841346153846154,False
factors_finance,8,88,1,emotion_aware,20,logistic_regression,word_char,0.1,1.0,0.5633267799873573,0.5649038461538461,False
factors_finance,8,88,1,emotion_aware,21,logistic_regression,word_char,1.0,0.05,0.5769132977370963,0.5769230769230769,False
factors_finance,8,88,1,emotion_aware,22,logistic_regression,word_char,1.0,0.1,0.6077900594029626,0.6081730769230769,False
factors_finance,8,88,1,emotion_aware,23,logistic_regression,word_char,1.0,0.25,0.6071720302407091,0.6081730769230769,False
factors_finance,8,88,1,emotion_aware,24,logistic_regression,word_char,1.0,0.5,0.6216319555079223,0.6225961538461539,False
factors_finance,8,88,1,emotion_aware,25,logistic_regression,word_char,1.0,1.0,0.5905796262418082,0.5913461538461539,False
factors_finance,8,88,1,emotion_aware,26,logistic_regression,word_char,10.0,0.05,0.5769132977370963,0.5769230769230769,False
factors_finance,8,88,1,emotion_aware,27,logistic_regression,word_char,10.0,0.1,0.5889209289961687,0.5889423076923077,False
factors_finance,8,88,1,emotion_aware,28,logistic_regression,word_char,10.0,0.25,0.6105409153952843,0.6105769230769231,False
factors_finance,8,88,1,emotion_aware,29,logistic_regression,word_char,10.0,0.5,0.6008785111547799,0.6009615384615385,False
factors_finance,8,88,1,emotion_aware,30,logistic_regression,word_char,10.0,1.0,0.5984439935956348,0.5985576923076923,False
factors_finance,8,88,1,emotion_aware,31,linear_svm,word,0.1,0.05,0.593070435905005,0.59375,False
factors_finance,8,88,1,emotion_aware,32,linear_svm,word,0.1,0.1,0.6212282014254977,0.6225961538461539,False
factors_finance,8,88,1,emotion_aware,33,linear_svm,word,0.1,0.25,0.6138763197586727,0.6153846153846154,False
factors_finance,8,88,1,emotion_aware,34,linear_svm,word,0.1,0.5,0.6000370679269762,0.6009615384615385,False
factors_finance,8,88,1,emotion_aware,35,linear_svm,word,0.1,1.0,0.5688120675178783,0.5697115384615385,False
factors_finance,8,88,1,emotion_aware,36,linear_svm,word,1.0,0.05,0.5767665556788752,0.5769230769230769,False
factors_finance,8,88,1,emotion_aware,37,linear_svm,word,1.0,0.1,0.5887498193380547,0.5889423076923077,False
factors_finance,8,88,1,emotion_aware,38,linear_svm,word,1.0,0.25,0.5888829169339598,0.5889423076923077,False
factors_finance,8,88,1,emotion_aware,39,linear_svm,word,1.0,0.5,0.5887498193380547,0.5889423076923077,False
factors_finance,8,88,1,emotion_aware,40,linear_svm,word,1.0,1.0,0.5840168316888912,0.5841346153846154,False
factors_finance,8,88,1,emotion_aware,41,linear_svm,word,10.0,0.05,0.5550802139037433,0.5552884615384615,False
factors_finance,8,88,1,emotion_aware,42,linear_svm,word,10.0,0.1,0.5550802139037433,0.5552884615384615,False
factors_finance,8,88,1,emotion_aware,43,linear_svm,word,10.0,0.25,0.5840745299975149,0.5841346153846154,False
factors_finance,8,88,1,emotion_aware,44,linear_svm,word,10.0,0.5,0.5911949685534592,0.5913461538461539,False
factors_finance,8,88,1,emotion_aware,45,linear_svm,word,10.0,1.0,0.5960698185180904,0.5961538461538463,False
factors_finance,8,88,1,emotion_aware,46,linear_svm,word_char,0.1,0.05,0.5769230769230769,0.5769230769230769,False
factors_finance,8,88,1,emotion_aware,47,linear_svm,word_char,0.1,0.1,0.6102526140464514,0.6105769230769231,False
factors_finance,8,88,1,emotion_aware,48,linear_svm,word_char,0.1,0.25,0.6117940959965686,0.6129807692307692,False
factors_finance,8,88,1,emotion_aware,49,linear_svm,word_char,0.1,0.5,0.6164030829723194,0.6177884615384616,False
factors_finance,8,88,1,emotion_aware,50,linear_svm,word_char,0.1,1.0,0.5830721547953539,0.5841346153846154,False
factors_finance,8,88,1,emotion_aware,51,linear_svm,word_char,1.0,0.05,0.574516772124469,0.5745192307692307,False
factors_finance,8,88,1,emotion_aware,52,linear_svm,word_char,1.0,0.1,0.5865289046067078,0.5865384615384616,False
factors_finance,8,88,1,emotion_aware,53,linear_svm,word_char,1.0,0.25,0.5937476524804253,0.59375,False
factors_finance,8,88,1,emotion_aware,54,linear_svm,word_char,1.0,0.5,0.6033630926584035,0.6033653846153846,False
factors_finance,8,88,1,emotion_aware,55,linear_svm,word_char,1.0,1.0,0.6033630926584035,0.6033653846153846,False
factors_finance,8,88,1,emotion_aware,56,linear_svm,word_char,10.0,0.05,0.5816920943134536,0.5817307692307692,False
factors_finance,8,88,1,emotion_aware,57,linear_svm,word_char,10.0,0.1,0.5865289046067078,0.5865384615384616,False
factors_finance,8,88,1,emotion_aware,58,linear_svm,word_char,10.0,0.25,0.5816437406080222,0.5817307692307692,False
factors_finance,8,88,1,emotion_aware,59,linear_svm,word_char,10.0,0.5,0.5961538461538461,0.5961538461538461,False
factors_finance,8,88,1,emotion_aware,60,linear_svm,word_char,10.0,1.0,0.5985553725694144,0.5985576923076923,False
factors_finance,8,88,2,text_only,1,logistic_regression,word,0.1,,0.6424581647004793,0.6435406698564593,False
factors_finance,8,88,2,text_only,2,logistic_regression,word,1.0,,0.6384062329924666,0.638755980861244,False
factors_finance,8,88,2,text_only,3,logistic_regression,word,10.0,,0.6267857142857143,0.6267942583732058,False
factors_finance,8,88,2,text_only,4,logistic_regression,word_char,0.1,,0.6384062329924666,0.638755980861244,False
factors_finance,8,88,2,text_only,5,logistic_regression,word_char,1.0,,0.6505176837089977,0.6507177033492824,False
factors_finance,8,88,2,text_only,6,logistic_regression,word_char,10.0,,0.6314439482422993,0.631578947368421,False
factors_finance,8,88,2,text_only,7,linear_svm,word,0.1,,0.6408523313094283,0.6411483253588517,False
factors_finance,8,88,2,text_only,8,linear_svm,word,1.0,,0.6171459974354276,0.6172248803827751,False
factors_finance,8,88,2,text_only,9,linear_svm,word,10.0,,0.6046091667383267,0.6052631578947368,False
factors_finance,8,88,2,text_only,10,linear_svm,word_char,0.1,,0.6528696528696529,0.65311004784689,True
factors_finance,8,88,2,text_only,11,linear_svm,word_char,1.0,,0.621585075174184,0.6220095693779903,False
factors_finance,8,88,2,text_only,12,linear_svm,word_char,10.0,,0.629133538257231,0.6291866028708134,False
factors_finance,8,88,2,emotion_aware,1,logistic_regression,word,0.1,0.05,0.6213073394495412,0.6220095693779905,False
factors_finance,8,88,2,emotion_aware,2,logistic_regression,word,0.1,0.1,0.5807998899707162,0.5813397129186603,False
factors_finance,8,88,2,emotion_aware,3,logistic_regression,word,0.1,0.25,0.5521984474807368,0.5526315789473684,False
factors_finance,8,88,2,emotion_aware,4,logistic_regression,word,0.1,0.5,0.5424730227680388,0.5430622009569378,False
factors_finance,8,88,2,emotion_aware,5,logistic_regression,word,0.1,1.0,0.5330411618114634,0.5334928229665071,False
factors_finance,8,88,2,emotion_aware,6,logistic_regression,word,1.0,0.05,0.6240382687405116,0.6244019138755981,False
factors_finance,8,88,2,emotion_aware,7,logistic_regression,word,1.0,0.1,0.609240492535687,0.6100478468899522,False
factors_finance,8,88,2,emotion_aware,8,logistic_regression,word,1.0,0.25,0.6088636298401218,0.6100478468899522,False
factors_finance,8,88,2,emotion_aware,9,logistic_regression,word,1.0,0.5,0.6015572960929784,0.6028708133971292,False
factors_finance,8,88,2,emotion_aware,10,logistic_regression,word,1.0,1.0,0.5946707366754073,0.5956937799043063,False
factors_finance,8,88,2,emotion_aware,11,logistic_regression,word,10.0,0.05,0.614653893943645,0.6148325358851674,False
factors_finance,8,88,2,emotion_aware,12,logistic_regression,word,10.0,0.1,0.6075746473713134,0.6076555023923444,False
factors_finance,8,88,2,emotion_aware,13,logistic_regression,word,10.0,0.25,0.6167950128346168,0.6172248803827751,False
factors_finance,8,88,2,emotion_aware,14,logistic_regression,word,10.0,0.5,0.6214549372950914,0.6220095693779905,False
factors_finance,8,88,2,emotion_aware,15,logistic_regression,word,10.0,1.0,0.6189870152205693,0.6196172248803828,False
factors_finance,8,88,2,emotion_aware,16,logistic_regression,word_char,0.1,0.05,0.614459625905875,0.6148325358851675,False
factors_finance,8,88,2,emotion_aware,17,logistic_regression,word_char,0.1,0.1,0.6095450403727242,0.6100478468899522,False
factors_finance,8,88,2,emotion_aware,18,logistic_regression,word_char,0.1,0.25,0.5831212600591512,0.5837320574162679,False
factors_finance,8,88,2,emotion_aware,19,logistic_regression,word_char,0.1,0.5,0.5687461310956737,0.569377990430622,False
factors_finance,8,88,2,emotion_aware,20,logistic_regression,word_char,0.1,1.0,0.5424730227680388,0.5430622009569378,False
factors_finance,8,88,2,emotion_aware,21,logistic_regression,word_char,1.0,0.05,0.6410743725957135,0.6411483253588517,False
factors_finance,8,88,2,emotion_aware,22,logistic_regression,word_char,1.0,0.1,0.638588434692487,0.638755980861244,False
factors_finance,8,88,2,emotion_aware,23,logistic_regression,word_char,1.0,0.25,0.6310383566040764,0.631578947368421,False
factors_finance,8,88,2,emotion_aware,24,logistic_regression,word_char,1.0,0.5,0.6284188732701319,0.6291866028708134,False
factors_finance,8,88,2,emotion_aware,25,logistic_regression,word_char,1.0,1.0,0.6282483087851368,0.6291866028708134,False
factors_finance,8,88,2,emotion_aware,26,logistic_regression,word_char,10.0,0.05,0.6410168327035384,0.6411483253588517,False
factors_finance,8,88,2,emotion_aware,27,logistic_regression,word_char,10.0,0.1,0.6289296289296289,0.6291866028708134,False
factors_finance,8,88,2,emotion_aware,28,logistic_regression,word_char,10.0,0.25,0.6290146183929501,0.6291866028708133,False
factors_finance,8,88,2,emotion_aware,29,logistic_regression,word_char,10.0,0.5,0.6406217759130615,0.6411483253588517,False
factors_finance,8,88,2,emotion_aware,30,logistic_regression,word_char,10.0,1.0,0.645413485567554,0.6459330143540669,True
factors_finance,8,88,2,emotion_aware,31,linear_svm,word,0.1,0.05,0.6240382687405116,0.6244019138755981,False
factors_finance,8,88,2,emotion_aware,32,linear_svm,word,0.1,0.1,0.6021330275229357,0.6028708133971292,False
factors_finance,8,88,2,emotion_aware,33,linear_svm,word,0.1,0.25,0.6088636298401218,0.6100478468899522,False
factors_finance,8,88,2,emotion_aware,34,linear_svm,word,0.1,0.5,0.5942423563604615,0.5956937799043063,False
factors_finance,8,88,2,emotion_aware,35,linear_svm,word,0.1,1.0,0.5946707366754073,0.5956937799043063,False
factors_finance,8,88,2,emotion_aware,36,linear_svm,word,1.0,0.05,0.6242277102431818,0.6244019138755981,False
factors_finance,8,88,2,emotion_aware,37,linear_svm,word,1.0,0.1,0.6217931097672714,0.6220095693779905,False
factors_finance,8,88,2,emotion_aware,38,linear_svm,word,1.0,0.25,0.6217931097672714,0.6220095693779905,False
factors_finance,8,88,2,emotion_aware,39,linear_svm,word,1.0,0.5,0.6240382687405116,0.6244019138755981,False
factors_finance,8,88,2,emotion_aware,40,linear_svm,word,1.0,1.0,0.6240382687405116,0.6244019138755981,False
factors_finance,8,88,2,emotion_aware,41,linear_svm,word,10.0,0.05,0.621585075174184,0.6220095693779903,False
factors_finance,8,88,2,emotion_aware,42,linear_svm,word,10.0,0.1,0.6240382687405116,0.6244019138755981,False
factors_finance,8,88,2,emotion_aware,43,linear_svm,word,10.0,0.25,0.6120049504950495,0.6124401913875599,False
factors_finance,8,88,2,emotion_aware,44,linear_svm,word,10.0,0.5,0.6118715179861063,0.6124401913875598,False
factors_finance,8,88,2,emotion_aware,45,linear_svm,word,10.0,1.0,0.6072148881554822,0.6076555023923444,False
factors_finance,8,88,2,emotion_aware,46,linear_svm,word_char,0.1,0.05,0.6387042856570444,0.638755980861244,False
factors_finance,8,88,2,emotion_aware,47,linear_svm,word_char,0.1,0.1,0.638588434692487,0.638755980861244,False
factors_finance,8,88,2,emotion_aware,48,linear_svm,word_char,0.1,0.25,0.6310383566040764,0.631578947368421,False
factors_finance,8,88,2,emotion_aware,49,linear_svm,word_char,0.1,0.5,0.6280605069031833,0.6291866028708134,False
factors_finance,8,88,2,emotion_aware,50,linear_svm,word_char,0.1,1.0,0.6232612876374178,0.6244019138755981,False
factors_finance,8,88,2,emotion_aware,51,linear_svm,word_char,1.0,0.05,0.6336169115751482,0.6339712918660287,False
factors_finance,8,88,2,emotion_aware,52,linear_svm,word_char,1.0,0.1,0.6264864245618055,0.6267942583732058,False
factors_finance,8,88,2,emotion_aware,53,linear_svm,word_char,1.0,0.25,0.629133538257231,0.6291866028708134,False
factors_finance,8,88,2,emotion_aware,54,linear_svm,word_char,1.0,0.5,0.6385056385056385,0.638755980861244,False
factors_finance,8,88,2,emotion_aware,55,linear_svm,word_char,1.0,1.0,0.6409428257284222,0.6411483253588517,False
factors_finance,8,88,2,emotion_aware,56,linear_svm,word_char,10.0,0.05,0.6265805387575591,0.6267942583732058,False
factors_finance,8,88,2,emotion_aware,57,linear_svm,word_char,10.0,0.1,0.6242277102431818,0.6244019138755981,False
factors_finance,8,88,2,emotion_aware,58,linear_svm,word_char,10.0,0.25,0.6289296289296289,0.6291866028708134,False
factors_finance,8,88,2,emotion_aware,59,linear_svm,word_char,10.0,0.5,0.6362303904729187,0.6363636363636364,False
factors_finance,8,88,2,emotion_aware,60,linear_svm,word_char,10.0,1.0,0.6408523313094283,0.6411483253588517,False
factors_finance,8,88,3,text_only,1,logistic_regression,word,0.1,,0.6099920434576043,0.6100478468899522,True
factors_finance,8,88,3,text_only,2,logistic_regression,word,1.0,,0.5931524103973433,0.5933014354066986,False
factors_finance,8,88,3,text_only,3,logistic_regression,word,10.0,,0.5907193531948032,0.5909090909090908,False
factors_finance,8,88,3,text_only,4,logistic_regression,word_char,0.1,,0.5933014354066986,0.5933014354066986,False
factors_finance,8,88,3,text_only,5,logistic_regression,word_char,1.0,,0.588507326007326,0.5885167464114833,False
factors_finance,8,88,3,text_only,6,logistic_regression,word_char,10.0,,0.5837225274725275,0.5837320574162679,False
factors_finance,8,88,3,text_only,7,linear_svm,word,0.1,,0.5931524103973433,0.5933014354066986,False
factors_finance,8,88,3,text_only,8,linear_svm,word,1.0,,0.5979388526279629,0.5980861244019139,False
factors_finance,8,88,3,text_only,9,linear_svm,word,10.0,,0.5642341619887731,0.5645933014354068,False
factors_finance,8,88,3,text_only,10,linear_svm,word_char,0.1,,0.5956729530950404,0.5956937799043063,False
factors_finance,8,88,3,text_only,11,linear_svm,word_char,1.0,,0.576533211229717,0.5765550239234449,False
factors_finance,8,88,3,text_only,12,linear_svm,word_char,10.0,,0.5717678840221379,0.5717703349282297,False
factors_finance,8,88,3,emotion_aware,1,logistic_regression,word,0.1,0.05,0.6004761822999835,0.6004784688995215,False
factors_finance,8,88,3,emotion_aware,2,logistic_regression,word,0.1,0.1,0.5908505486579774,0.5909090909090909,False
factors_finance,8,88,3,emotion_aware,3,logistic_regression,word,0.1,0.25,0.5740066414748655,0.5741626794258373,False
factors_finance,8,88,3,emotion_aware,4,logistic_regression,word,0.1,0.5,0.5523215523215523,0.5526315789473684,False
factors_finance,8,88,3,emotion_aware,5,logistic_regression,word,0.1,1.0,0.5715717205957296,0.5717703349282297,False
factors_finance,8,88,3,emotion_aware,6,logistic_regression,word,1.0,0.05,0.5884790622066534,0.5885167464114833,False
factors_finance,8,88,3,emotion_aware,7,logistic_regression,word,1.0,0.1,0.588507326007326,0.5885167464114833,False
factors_finance,8,88,3,emotion_aware,8,logistic_regression,word,1.0,0.25,0.5813181466960478,0.5813397129186603,False
factors_finance,8,88,3,emotion_aware,9,logistic_regression,word,1.0,0.5,0.5931524103973433,0.5933014354066986,False
factors_finance,8,88,3,emotion_aware,10,logistic_regression,word,1.0,1.0,0.6075117370892018,0.6076555023923444,False
factors_finance,8,88,3,emotion_aware,11,logistic_regression,word,10.0,0.05,0.5855907483710507,0.5861244019138756,False
factors_finance,8,88,3,emotion_aware,12,logistic_regression,word,10.0,0.1,0.5836462722110276,0.5837320574162679,False
factors_finance,8,88,3,emotion_aware,13,logistic_regression,word,10.0,0.25,0.5884790622066534,0.5885167464114833,False
factors_finance,8,88,3,emotion_aware,14,logistic_regression,word,10.0,0.5,0.5789377289377289,0.5789473684210527,False
factors_finance,8,88,3,emotion_aware,15,logistic_regression,word,10.0,1.0,0.5789377289377289,0.5789473684210527,False
factors_finance,8,88,3,emotion_aware,16,logistic_regression,word_char,0.1,0.05,0.5956729530950404,0.5956937799043063,False
factors_finance,8,88,3,emotion_aware,17,logistic_regression,word_char,0.1,0.1,0.5909067495407015,0.5909090909090908,False
factors_finance,8,88,3,emotion_aware,18,logistic_regression,word_char,0.1,0.25,0.5908880176287097,0.5909090909090909,False
factors_finance,8,88,3,emotion_aware,19,logistic_regression,word_char,0.1,0.5,0.566923680158444,0.5669856459330144,False
factors_finance,8,88,3,emotion_aware,20,logistic_regression,word_char,0.1,1.0,0.5835795259361044,0.5837320574162679,False
factors_finance,8,88,3,emotion_aware,21,logistic_regression,word_char,1.0,0.05,0.5956729530950404,0.5956937799043063,False
factors_finance,8,88,3,emotion_aware,22,logistic_regression,word_char,1.0,0.1,0.6004761822999835,0.6004784688995215,False
factors_finance,8,88,3,emotion_aware,23,logistic_regression,word_char,1.0,0.25,0.5930685358255452,0.5933014354066986,False
factors_finance,8,88,3,emotion_aware,24,logistic_regression,word_char,1.0,0.5,0.5980769230769231,0.5980861244019139,False
factors_finance,8,88,3,emotion_aware,25,logistic_regression,word_char,1.0,1.0,0.6027252948585824,0.6028708133971292,False
factors_finance,8,88,3,emotion_aware,26,logistic_regression,word_char,10.0,0.05,0.5883659681667239,0.5885167464114832,False
factors_finance,8,88,3,emotion_aware,27,logistic_regression,word_char,10.0,0.1,0.5906255906255906,0.5909090909090908,False
factors_finance,8,88,3,emotion_aware,28,logistic_regression,word_char,10.0,0.25,0.5977546110665597,0.5980861244019139,False
factors_finance,8,88,3,emotion_aware,29,logistic_regression,word_char,10.0,0.5,0.5931524103973433,0.5933014354066986,False
factors_finance,8,88,3,emotion_aware,30,logistic_regression,word_char,10.0,1.0,0.5883659681667239,0.5885167464114832,False
factors_finance,8,88,3,emotion_aware,31,linear_svm,word,0.1,0.05,0.5884790622066534,0.5885167464114833,False
factors_finance,8,88,3,emotion_aware,32,linear_svm,word,0.1,0.1,0.5909067495407015,0.5909090909090908,False
factors_finance,8,88,3,emotion_aware,33,linear_svm,word,0.1,0.25,0.5860083011306711,0.5861244019138756,False
factors_finance,8,88,3,emotion_aware,34,linear_svm,word,0.1,0.5,0.5955062613445715,0.5956937799043063,False
factors_finance,8,88,3,emotion_aware,35,linear_svm,word,0.1,1.0,0.6097776097776098,0.6100478468899522,True
factors_finance,8,88,3,emotion_aware,36,linear_svm,word,1.0,0.05,0.5832645764576457,0.5837320574162679,False
factors_finance,8,88,3,emotion_aware,37,linear_svm,word,1.0,0.1,0.5955803635322742,0.5956937799043063,False
factors_finance,8,88,3,emotion_aware,38,linear_svm,word,1.0,0.25,0.5884790622066534,0.5885167464114833,False
factors_finance,8,88,3,emotion_aware,39,linear_svm,word,1.0,0.5,0.5765526004017788,0.5765550239234449,False
factors_finance,8,88,3,emotion_aware,40,linear_svm,word,1.0,1.0,0.5765526004017788,0.5765550239234449,False
factors_finance,8,88,3,emotion_aware,41,linear_svm,word,10.0,0.05,0.5667848124459611,0.5669856459330143,False
factors_finance,8,88,3,emotion_aware,42,linear_svm,word,10.0,0.1,0.5620781451266639,0.562200956937799,False
factors_finance,8,88,3,emotion_aware,43,linear_svm,word,10.0,0.25,0.5618975618975619,0.562200956937799,False
factors_finance,8,88,3,emotion_aware,44,linear_svm,word,10.0,0.5,0.557109557109557,0.5574162679425838,False
factors_finance,8,88,3,emotion_aware,45,linear_svm,word,10.0,1.0,0.557109557109557,0.5574162679425838,False
factors_finance,8,88,3,emotion_aware,46,linear_svm,word_char,0.1,0.05,0.5932921245421245,0.5933014354066986,False
factors_finance,8,88,3,emotion_aware,47,linear_svm,word_char,0.1,0.1,0.6004761822999835,0.6004784688995215,False
factors_finance,8,88,3,emotion_aware,48,linear_svm,word_char,0.1,0.25,0.5859324450450347,0.5861244019138756,False
factors_finance,8,88,3,emotion_aware,49,linear_svm,word_char,0.1,0.5,0.5980769230769231,0.5980861244019139,False
factors_finance,8,88,3,emotion_aware,50,linear_svm,word_char,0.1,1.0,0.6075117370892018,0.6076555023923444,False
factors_finance,8,88,3,emotion_aware,51,linear_svm,word_char,1.0,0.05,0.5859324450450347,0.5861244019138756,False
factors_finance,8,88,3,emotion_aware,52,linear_svm,word_char,1.0,0.1,0.5884319472430848,0.5885167464114833,False
factors_finance,8,88,3,emotion_aware,53,linear_svm,word_char,1.0,0.25,0.5908505486579774,0.5909090909090909,False
factors_finance,8,88,3,emotion_aware,54,linear_svm,word_char,1.0,0.5,0.593217622275142,0.5933014354066986,False
factors_finance,8,88,3,emotion_aware,55,linear_svm,word_char,1.0,1.0,0.593217622275142,0.5933014354066986,False
factors_finance,8,88,3,emotion_aware,56,linear_svm,word_char,10.0,0.05,0.5717678840221379,0.5717703349282297,False
factors_finance,8,88,3,emotion_aware,57,linear_svm,word_char,10.0,0.1,0.5765526004017788,0.5765550239234449,False
factors_finance,8,88,3,emotion_aware,58,linear_svm,word_char,10.0,0.25,0.571748275763386,0.5717703349282297,False
factors_finance,8,88,3,emotion_aware,59,linear_svm,word_char,10.0,0.5,0.5717090538583507,0.5717703349282297,False
factors_finance,8,88,3,emotion_aware,60,linear_svm,word_char,10.0,1.0,0.571748275763386,0.5717703349282297,False
factors_finance,8,88,4,text_only,1,logistic_regression,word,0.1,,0.5620781451266639,0.562200956937799,False
factors_finance,8,88,4,text_only,2,logistic_regression,word,1.0,,0.5478235984317317,0.5478468899521531,False
factors_finance,8,88,4,text_only,3,logistic_regression,word,10.0,,0.531003846858399,0.5311004784688995,False
factors_finance,8,88,4,text_only,4,logistic_regression,word_char,0.1,,0.5860083011306711,0.5861244019138756,True
factors_finance,8,88,4,text_only,5,logistic_regression,word_char,1.0,,0.5765526004017788,0.5765550239234449,False
factors_finance,8,88,4,text_only,6,logistic_regression,word_char,10.0,,0.5764362387290682,0.5765550239234449,False
factors_finance,8,88,4,text_only,7,linear_svm,word,0.1,,0.5502289377289378,0.5502392344497608,False
factors_finance,8,88,4,text_only,8,linear_svm,word,1.0,,0.5261422191686705,0.5263157894736842,False
factors_finance,8,88,4,text_only,9,linear_svm,word,10.0,,0.5404068169323804,0.5406698564593302,False
factors_finance,8,88,4,text_only,10,linear_svm,word_char,0.1,,0.5741626794258373,0.5741626794258373,False
factors_finance,8,88,4,text_only,11,linear_svm,word_char,1.0,,0.5692892471148562,0.569377990430622,False
factors_finance,8,88,4,text_only,12,linear_svm,word_char,10.0,,0.5597682991047921,0.5598086124401913,False
factors_finance,8,88,4,emotion_aware,1,logistic_regression,word,0.1,0.05,0.5740749221469134,0.5741626794258373,False
factors_finance,8,88,4,emotion_aware,2,logistic_regression,word,0.1,0.1,0.5834936778449697,0.5837320574162679,False
factors_finance,8,88,4,emotion_aware,3,logistic_regression,word,0.1,0.25,0.5617770903153734,0.562200956937799,False
factors_finance,8,88,4,emotion_aware,4,logistic_regression,word,0.1,0.5,0.550074430321768,0.5502392344497608,False
factors_finance,8,88,4,emotion_aware,5,logistic_regression,word,0.1,1.0,0.5498682552411502,0.5502392344497608,False
factors_finance,8,88,4,emotion_aware,6,logistic_regression,word,1.0,0.05,0.5597682991047921,0.5598086124401913,False
factors_finance,8,88,4,emotion_aware,7,logistic_regression,word,1.0,0.1,0.5645933014354066,0.5645933014354066,False
factors_finance,8,88,4,emotion_aware,8,logistic_regression,word,1.0,0.25,0.5836939350230098,0.5837320574162679,False
factors_finance,8,88,4,emotion_aware,9,logistic_regression,word,1.0,0.5,0.583732057416268,0.583732057416268,False
factors_finance,8,88,4,emotion_aware,10,logistic_regression,word,1.0,1.0,0.576533211229717,0.5765550239234449,False
factors_finance,8,88,4,emotion_aware,11,logistic_regression,word,10.0,0.05,0.550074430321768,0.5502392344497608,False
factors_finance,8,88,4,emotion_aware,12,logistic_regression,word,10.0,0.1,0.5594455264062321,0.5598086124401913,False
factors_finance,8,88,4,emotion_aware,13,logistic_regression,word,10.0,0.25,0.5786000687363959,0.5789473684210527,False
factors_finance,8,88,4,emotion_aware,14,logistic_regression,word,10.0,0.5,0.5857236974019651,0.5861244019138756,False
factors_finance,8,88,4,emotion_aware,15,logistic_regression,word,10.0,1.0,0.5879129697136438,0.5885167464114833,False
factors_finance,8,88,4,emotion_aware,16,logistic_regression,word_char,0.1,0.05,0.5955803635322742,0.5956937799043063,False
factors_finance,8,88,4,emotion_aware,17,logistic_regression,word_char,0.1,0.1,0.5765526004017788,0.5765550239234449,False
factors_finance,8,88,4,emotion_aware,18,logistic_regression,word_char,0.1,0.25,0.593217622275142,0.5933014354066986,False
factors_finance,8,88,4,emotion_aware,19,logistic_regression,word_char,0.1,0.5,0.5501980447375048,0.5502392344497609,False
factors_finance,8,88,4,emotion_aware,20,logistic_regression,word_char,0.1,1.0,0.5645035720827991,0.5645933014354068,False
factors_finance,8,88,4,emotion_aware,21,logistic_regression,word_char,1.0,0.05,0.5789377289377289,0.5789473684210527,False
factors_finance,8,88,4,emotion_aware,22,logistic_regression,word_char,1.0,0.1,0.5980861244019139,0.5980861244019139,True
factors_finance,8,88,4,emotion_aware,23,logistic_regression,word_char,1.0,0.25,0.5956914659203425,0.5956937799043063,False
factors_finance,8,88,4,emotion_aware,24,logistic_regression,word_char,1.0,0.5,0.5908880176287097,0.5909090909090909,False
factors_finance,8,88,4,emotion_aware,25,logistic_regression,word_char,1.0,1.0,0.5693681318681318,0.569377990430622,False
factors_finance,8,88,4,emotion_aware,26,logistic_regression,word_char,10.0,0.05,0.5813181466960478,0.5813397129186603,False
factors_finance,8,88,4,emotion_aware,27,logistic_regression,word_char,10.0,0.1,0.5789088078393663,0.5789473684210527,False
factors_finance,8,88,4,emotion_aware,28,logistic_regression,word_char,10.0,0.25,0.5813181466960478,0.5813397129186603,False
factors_finance,8,88,4,emotion_aware,29,logistic_regression,word_char,10.0,0.5,0.5909067495407015,0.5909090909090908,False
factors_finance,8,88,4,emotion_aware,30,logistic_regression,word_char,10.0,1.0,0.588507326007326,0.5885167464114833,False
factors_finance,8,88,4,emotion_aware,31,linear_svm,word,0.1,0.05,0.5597985347985348,0.5598086124401913,False
factors_finance,8,88,4,emotion_aware,32,linear_svm,word,0.1,0.1,0.5693681318681318,0.569377990430622,False
factors_finance,8,88,4,emotion_aware,33,linear_svm,word,0.1,0.25,0.581279801258164,0.5813397129186603,False
factors_finance,8,88,4,emotion_aware,34,linear_svm,word,0.1,0.5,0.5740749221469134,0.5741626794258373,False
factors_finance,8,88,4,emotion_aware,35,linear_svm,word,0.1,1.0,0.5765526004017788,0.5765550239234449,False
factors_finance,8,88,4,emotion_aware,36,linear_svm,word,1.0,0.05,0.5451942459226682,0.5454545454545454,False
factors_finance,8,88,4,emotion_aware,37,linear_svm,word,1.0,0.1,0.5572109961464244,0.5574162679425838,False
factors_finance,8,88,4,emotion_aware,38,linear_svm,word,1.0,0.25,0.569022797571314,0.569377990430622,False
factors_finance,8,88,4,emotion_aware,39,linear_svm,word,1.0,0.5,0.5733715596330275,0.5741626794258373,False
factors_finance,8,88,4,emotion_aware,40,linear_svm,word,1.0,1.0,0.5758534697738412,0.5765550239234449,False
factors_finance,8,88,4,emotion_aware,41,linear_svm,word,10.0,0.05,0.5449440777411074,0.5454545454545454,False
factors_finance,8,88,4,emotion_aware,42,linear_svm,word,10.0,0.1,0.5547691039032435,0.5550239234449761,False
factors_finance,8,88,4,emotion_aware,43,linear_svm,word,10.0,0.25,0.5666855666855667,0.5669856459330144,False
factors_finance,8,88,4,emotion_aware,44,linear_svm,word,10.0,0.5,0.564343961883819,0.5645933014354068,False
factors_finance,8,88,4,emotion_aware,45,linear_svm,word,10.0,1.0,0.5667848124459611,0.5669856459330143,False
factors_finance,8,88,4,emotion_aware,46,linear_svm,word_char,0.1,0.05,0.5765526004017788,0.5765550239234449,False
factors_finance,8,88,4,emotion_aware,47,linear_svm,word_char,0.1,0.1,0.5932921245421245,0.5933014354066986,False
factors_finance,8,88,4,emotion_aware,48,linear_svm,word_char,0.1,0.25,0.5956729530950404,0.5956937799043063,False
factors_finance,8,88,4,emotion_aware,49,linear_svm,word_char,0.1,0.5,0.5861030821623787,0.5861244019138756,False
factors_finance,8,88,4,emotion_aware,50,linear_svm,word_char,0.1,1.0,0.569377990430622,0.569377990430622,False
factors_finance,8,88,4,emotion_aware,51,linear_svm,word_char,1.0,0.05,0.581279801258164,0.5813397129186603,False
factors_finance,8,88,4,emotion_aware,52,linear_svm,word_char,1.0,0.1,0.5764944275582573,0.5765550239234449,False
factors_finance,8,88,4,emotion_aware,53,linear_svm,word_char,1.0,0.25,0.5883659681667239,0.5885167464114832,False
factors_finance,8,88,4,emotion_aware,54,linear_svm,word_char,1.0,0.5,0.5835795259361044,0.5837320574162679,False
factors_finance,8,88,4,emotion_aware,55,linear_svm,word_char,1.0,1.0,0.5884319472430848,0.5885167464114833,False
factors_finance,8,88,4,emotion_aware,56,linear_svm,word_char,10.0,0.05,0.5693385534720792,0.569377990430622,False
factors_finance,8,88,4,emotion_aware,57,linear_svm,word_char,10.0,0.1,0.5740066414748655,0.5741626794258373,False
factors_finance,8,88,4,emotion_aware,58,linear_svm,word_char,10.0,0.25,0.5834936778449697,0.5837320574162679,False
factors_finance,8,88,4,emotion_aware,59,linear_svm,word_char,10.0,0.5,0.5834936778449697,0.5837320574162679,False
factors_finance,8,88,4,emotion_aware,60,linear_svm,word_char,10.0,1.0,0.5763586287454979,0.5765550239234449,False
factors_finance,8,88,5,text_only,1,logistic_regression,word,0.1,,0.6384062329924666,0.638755980861244,True
factors_finance,8,88,5,text_only,2,logistic_regression,word,1.0,,0.6121205178141826,0.6124401913875599,False
factors_finance,8,88,5,text_only,3,logistic_regression,word,10.0,,0.6098669857938767,0.6100478468899522,False
factors_finance,8,88,5,text_only,4,logistic_regression,word_char,0.1,,0.6189870152205693,0.6196172248803828,False
factors_finance,8,88,5,text_only,5,logistic_regression,word_char,1.0,,0.6002931694943399,0.6004784688995215,False
factors_finance,8,88,5,text_only,6,logistic_regression,word_char,10.0,,0.5859324450450347,0.5861244019138756,False
factors_finance,8,88,5,text_only,7,linear_svm,word,0.1,,0.6170056807769837,0.6172248803827751,False
factors_finance,8,88,5,text_only,8,linear_svm,word,1.0,,0.6075117370892018,0.6076555023923444,False
factors_finance,8,88,5,text_only,9,linear_svm,word,10.0,,0.5764362387290682,0.5765550239234449,False
factors_finance,8,88,5,text_only,10,linear_svm,word_char,0.1,,0.6003663947330757,0.6004784688995215,False
factors_finance,8,88,5,text_only,11,linear_svm,word_char,1.0,,0.5811455368952663,0.5813397129186604,False
factors_finance,8,88,5,text_only,12,linear_svm,word_char,10.0,,0.573811433153855,0.5741626794258373,False
factors_finance,8,88,5,emotion_aware,1,logistic_regression,word,0.1,0.05,0.6143358987730589,0.6148325358851674,False
factors_finance,8,88,5,emotion_aware,2,logistic_regression,word,0.1,0.1,0.6240382687405116,0.6244019138755981,False
factors_finance,8,88,5,emotion_aware,3,logistic_regression,word,0.1,0.25,0.593217622275142,0.5933014354066986,False
factors_finance,8,88,5,emotion_aware,4,logistic_regression,word,0.1,0.5,0.5645035720827991,0.5645933014354068,False
factors_finance,8,88,5,emotion_aware,5,logistic_regression,word,0.1,1.0,0.5548608725523876,0.5550239234449761,False
factors_finance,8,88,5,emotion_aware,6,logistic_regression,word,1.0,0.05,0.6170056807769837,0.6172248803827751,False
factors_finance,8,88,5,emotion_aware,7,logistic_regression,word,1.0,0.1,0.6241416241416241,0.6244019138755981,False
factors_finance,8,88,5,emotion_aware,8,logistic_regression,word,1.0,0.25,0.6406217759130615,0.6411483253588517,False
factors_finance,8,88,5,emotion_aware,9,logistic_regression,word,1.0,0.5,0.6219316724674848,0.6220095693779903,False
factors_finance,8,88,5,emotion_aware,10,logistic_regression,word,1.0,1.0,0.6122981793198213,0.6124401913875598,False
factors_finance,8,88,5,emotion_aware,11,logistic_regression,word,10.0,0.05,0.6075746473713134,0.6076555023923444,False
factors_finance,8,88,5,emotion_aware,12,logistic_regression,word,10.0,0.1,0.6002016002016002,0.6004784688995215,False
factors_finance,8,88,5,emotion_aware,13,logistic_regression,word,10.0,0.25,0.6095450403727242,0.6100478468899522,False
factors_finance,8,88,5,emotion_aware,14,logistic_regression,word,10.0,0.5,0.6170056807769837,0.6172248803827751,False
factors_finance,8,88,5,emotion_aware,15,logistic_regression,word,10.0,1.0,0.614653893943645,0.6148325358851674,False
factors_finance,8,88,5,emotion_aware,16,logistic_regression,word_char,0.1,0.05,0.6193536193536193,0.6196172248803828,False
factors_finance,8,88,5,emotion_aware,17,logistic_regression,word_char,0.1,0.1,0.6240382687405116,0.6244019138755981,False
factors_finance,8,88,5,emotion_aware,18,logistic_regression,word_char,0.1,0.25,0.6170846215504409,0.6172248803827751,False
factors_finance,8,88,5,emotion_aware,19,logistic_regression,word_char,0.1,0.5,0.5933014354066986,0.5933014354066986,False
factors_finance,8,88,5,emotion_aware,20,logistic_regression,word_char,0.1,1.0,0.5621784048307243,0.562200956937799,False
factors_finance,8,88,5,emotion_aware,21,logistic_regression,word_char,1.0,0.05,0.5956914659203425,0.5956937799043063,False
factors_finance,8,88,5,emotion_aware,22,logistic_regression,word_char,1.0,0.1,0.6172161172161172,0.6172248803827751,False
factors_finance,8,88,5,emotion_aware,23,logistic_regression,word_char,1.0,0.25,0.6457302547187098,0.645933014354067,False
factors_finance,8,88,5,emotion_aware,24,logistic_regression,word_char,1.0,0.5,0.6410168327035384,0.6411483253588517,False
factors_finance,8,88,5,emotion_aware,25,logistic_regression,word_char,1.0,1.0,0.6240382687405116,0.6244019138755981,False
factors_finance,8,88,5,emotion_aware,26,logistic_regression,word_char,10.0,0.05,0.5907193531948032,0.5909090909090908,False
factors_finance,8,88,5,emotion_aware,27,logistic_regression,word_char,10.0,0.1,0.5905130188192833,0.5909090909090909,False
factors_finance,8,88,5,emotion_aware,28,logistic_regression,word_char,10.0,0.25,0.6167950128346168,0.6172248803827751,False
factors_finance,8,88,5,emotion_aware,29,logistic_regression,word_char,10.0,0.5,0.6285722475420643,0.6291866028708134,False
factors_finance,8,88,5,emotion_aware,30,logistic_regression,word_char,10.0,1.0,0.6213073394495412,0.6220095693779905,False
factors_finance,8,88,5,emotion_aware,31,linear_svm,word,0.1,0.05,0.6170846215504409,0.6172248803827751,False
factors_finance,8,88,5,emotion_aware,32,linear_svm,word,0.1,0.1,0.6241416241416241,0.6244019138755981,False
factors_finance,8,88,5,emotion_aware,33,linear_svm,word,0.1,0.25,0.6455353868720206,0.6459330143540669,False
factors_finance,8,88,5,emotion_aware,34,linear_svm,word,0.1,0.5,0.6219316724674848,0.6220095693779903,False
factors_finance,8,88,5,emotion_aware,35,linear_svm,word,0.1,1.0,0.612218251786696,0.6124401913875598,False
factors_finance,8,88,5,emotion_aware,36,linear_svm,word,1.0,0.05,0.6002931694943399,0.6004784688995215,False
factors_finance,8,88,5,emotion_aware,37,linear_svm,word,1.0,0.1,0.5954135954135954,0.5956937799043063,False
factors_finance,8,88,5,emotion_aware,38,linear_svm,word,1.0,0.25,0.6095450403727242,0.6100478468899522,False
factors_finance,8,88,5,emotion_aware,39,linear_svm,word,1.0,0.5,0.6097776097776098,0.6100478468899522,False
factors_finance,8,88,5,emotion_aware,40,linear_svm,word,1.0,1.0,0.6145656145656146,0.6148325358851674,False
factors_finance,8,88,5,emotion_aware,41,linear_svm,word,10.0,0.05,0.5882811068352575,0.5885167464114832,False
factors_finance,8,88,5,emotion_aware,42,linear_svm,word,10.0,0.1,0.5809343759846466,0.5813397129186603,False
factors_finance,8,88,5,emotion_aware,43,linear_svm,word,10.0,0.25,0.5857236974019651,0.5861244019138756,False
factors_finance,8,88,5,emotion_aware,44,linear_svm,word,10.0,0.5,0.5784745141180785,0.5789473684210527,False
factors_finance,8,88,5,emotion_aware,45,linear_svm,word,10.0,1.0,0.5761450545673283,0.5765550239234449,False
factors_finance,8,88,5,emotion_aware,46,linear_svm,word_char,0.1,0.05,0.6004761822999835,0.6004784688995215,False
factors_finance,8,88,5,emotion_aware,47,linear_svm,word_char,0.1,0.1,0.6196150478185471,0.6196172248803828,False
factors_finance,8,88,5,emotion_aware,48,linear_svm,word_char,0.1,0.25,0.648081648081648,0.6483253588516746,True
factors_finance,8,88,5,emotion_aware,49,linear_svm,word_char,0.1,0.5,0.6385056385056385,0.638755980861244,False
factors_finance,8,88,5,emotion_aware,50,linear_svm,word_char,0.1,1.0,0.6216977889792645,0.6220095693779903,False
factors_finance,8,88,5,emotion_aware,51,linear_svm,word_char,1.0,0.05,0.5736844517785111,0.5741626794258373,False
factors_finance,8,88,5,emotion_aware,52,linear_svm,word_char,1.0,0.1,0.5902313182560839,0.5909090909090908,False
factors_finance,8,88,5,emotion_aware,53,linear_svm,word_char,1.0,0.25,0.6024248258159148,0.6028708133971292,False
factors_finance,8,88,5,emotion_aware,54,linear_svm,word_char,1.0,0.5,0.6169091533967236,0.6172248803827751,False
factors_finance,8,88,5,emotion_aware,55,linear_svm,word_char,1.0,1.0,0.6143358987730589,0.6148325358851674,False
factors_finance,8,88,5,emotion_aware,56,linear_svm,word_char,10.0,0.05,0.5784745141180785,0.5789473684210527,False
factors_finance,8,88,5,emotion_aware,57,linear_svm,word_char,10.0,0.1,0.5831212600591512,0.5837320574162679,False
factors_finance,8,88,5,emotion_aware,58,linear_svm,word_char,10.0,0.25,0.6022880986771213,0.6028708133971292,False
factors_finance,8,88,5,emotion_aware,59,linear_svm,word_char,10.0,0.5,0.6095450403727242,0.6100478468899522,False
factors_finance,8,88,5,emotion_aware,60,linear_svm,word_char,10.0,1.0,0.614459625905875,0.6148325358851675,False
factors_finance,9,99,1,text_only,1,logistic_regression,word,0.1,,0.602352055151638,0.6033653846153846,False
factors_finance,9,99,1,text_only,2,logistic_regression,word,1.0,,0.6002130468008244,0.6009615384615385,False
factors_finance,9,99,1,text_only,3,logistic_regression,word,10.0,,0.5897435897435898,0.5913461538461539,False
factors_finance,9,99,1,text_only,4,logistic_regression,word_char,0.1,,0.6235294117647059,0.625,True
factors_finance,9,99,1,text_only,5,logistic_regression,word_char,1.0,,0.6094847368055072,0.6105769230769231,False
factors_finance,9,99,1,text_only,6,logistic_regression,word_char,10.0,,0.6042232277526396,0.6057692307692307,False
factors_finance,9,99,1,text_only,7,linear_svm,word,0.1,,0.6002130468008244,0.6009615384615385,False
factors_finance,9,99,1,text_only,8,linear_svm,word,1.0,,0.5872033981906492,0.5889423076923077,False
factors_finance,9,99,1,text_only,9,linear_svm,word,10.0,,0.593070435905005,0.59375,False
factors_finance,9,99,1,text_only,10,linear_svm,word_char,0.1,,0.6092764378478664,0.6105769230769231,False
factors_finance,9,99,1,text_only,11,linear_svm,word_char,1.0,,0.6014284469993902,0.6033653846153846,False
factors_finance,9,99,1,text_only,12,linear_svm,word_char,10.0,,0.5846568217702238,0.5865384615384616,False
factors_finance,9,99,1,emotion_aware,1,logistic_regression,word,0.1,0.05,0.6071720302407091,0.6081730769230769,False
factors_finance,9,99,1,emotion_aware,2,logistic_regression,word,0.1,0.1,0.5903994069131684,0.5913461538461537,False
factors_finance,9,99,1,emotion_aware,3,logistic_regression,word,0.1,0.25,0.5547095139182207,0.5552884615384616,False
factors_finance,9,99,1,emotion_aware,4,logistic_regression,word,0.1,0.5,0.5566675933648411,0.5576923076923077,False
factors_finance,9,99,1,emotion_aware,5,logistic_regression,word,0.1,1.0,0.5664960748442674,0.5673076923076923,False
factors_finance,9,99,1,emotion_aware,6,logistic_regression,word,1.0,0.05,0.5996289424860853,0.6009615384615384,False
factors_finance,9,99,1,emotion_aware,7,logistic_regression,word,1.0,0.1,0.611577964519141,0.6129807692307693,False
factors_finance,9,99,1,emotion_aware,8,logistic_regression,word,1.0,0.25,0.6098464673598407,0.6105769230769231,False
factors_finance,9,99,1,emotion_aware,9,logistic_regression,word,1.0,0.5,0.6075176393639989,0.6081730769230769,False
factors_finance,9,99,1,emotion_aware,10,logistic_regression,word,1.0,1.0,0.6124769283288298,0.6129807692307692,False
factors_finance,9,99,1,emotion_aware,11,logistic_regression,word,10.0,0.05,0.6046635607166864,0.6057692307692308,False
factors_finance,9,99,1,emotion_aware,12,logistic_regression,word,10.0,0.1,0.6050297570803325,0.6057692307692308,False
factors_finance,9,99,1,emotion_aware,13,logistic_regression,word,10.0,0.25,0.6050297570803325,0.6057692307692308,False
factors_finance,9,99,1,emotion_aware,14,logistic_regression,word,10.0,0.5,0.6126024513121288,0.6129807692307693,False
factors_finance,9,99,1,emotion_aware,15,logistic_regression,word,10.0,1.0,0.6223320900916529,0.6225961538461539,True
factors_finance,9,99,1,emotion_aware,16,logistic_regression,word_char,0.1,0.05,0.6212282014254977,0.6225961538461539,False
factors_finance,9,99,1,emotion_aware,17,logistic_regression,word_char,0.1,0.1,0.6002130468008244,0.6009615384615385,False
factors_finance,9,99,1,emotion_aware,18,logistic_regression,word_char,0.1,0.25,0.5597883597883597,0.5600961538461539,False
factors_finance,9,99,1,emotion_aware,19,logistic_regression,word_char,0.1,0.5,0.5713127851237756,0.5721153846153846,False
factors_finance,9,99,1,emotion_aware,20,logistic_regression,word_char,0.1,1.0,0.5787792699226412,0.5793269230769231,False
factors_finance,9,99,1,emotion_aware,21,logistic_regression,word_char,1.0,0.05,0.6141001855287569,0.6153846153846154,False
factors_finance,9,99,1,emotion_aware,22,logistic_regression,word_char,1.0,0.1,0.6141001855287569,0.6153846153846154,False
factors_finance,9,99,1,emotion_aware,23,logistic_regression,word_char,1.0,0.25,0.6000370679269762,0.6009615384615385,False
factors_finance,9,99,1,emotion_aware,24,logistic_regression,word_char,1.0,0.5,0.6197616568321185,0.6201923076923077,False
factors_finance,9,99,1,emotion_aware,25,logistic_regression,word_char,1.0,1.0,0.6174148432212949,0.6177884615384616,False
factors_finance,9,99,1,emotion_aware,26,logistic_regression,word_char,10.0,0.05,0.5889136904761905,0.5913461538461537,False
factors_finance,9,99,1,emotion_aware,27,logistic_regression,word_char,10.0,0.1,0.5821037656417849,0.5841346153846154,False
factors_finance,9,99,1,emotion_aware,28,logistic_regression,word_char,10.0,0.25,0.5929007788297287,0.59375,False
factors_finance,9,99,1,emotion_aware,29,logistic_regression,word_char,10.0,0.5,0.6053222260789077,0.6057692307692307,False
factors_finance,9,99,1,emotion_aware,30,logistic_regression,word_char,10.0,1.0,0.6006292218006848,0.6009615384615384,False
factors_finance,9,99,1,emotion_aware,31,linear_svm,word,0.1,0.05,0.5971026091596059,0.5985576923076923,False
factors_finance,9,99,1,emotion_aware,32,linear_svm,word,0.1,0.1,0.6187028657616893,0.6201923076923077,False
factors_finance,9,99,1,emotion_aware,33,linear_svm,word,0.1,0.25,0.602352055151638,0.6033653846153846,False
factors_finance,9,99,1,emotion_aware,34,linear_svm,word,0.1,0.5,0.6048558984338801,0.6057692307692308,False
factors_finance,9,99,1,emotion_aware,35,linear_svm,word,0.1,1.0,0.61,0.6105769230769231,False
factors_finance,9,99,1,emotion_aware,36,linear_svm,word,1.0,0.05,0.5968594590516866,0.5985576923076923,False
factors_finance,9,99,1,emotion_aware,37,linear_svm,word,1.0,0.1,0.6002130468008244,0.6009615384615385,False
factors_finance,9,99,1,emotion_aware,38,linear_svm,word,1.0,0.25,0.6048558984338801,0.6057692307692308,False
factors_finance,9,99,1,emotion_aware,39,linear_svm,word,1.0,0.5,0.6123333738503303,0.6129807692307692,False
factors_finance,9,99,1,emotion_aware,40,linear_svm,word,1.0,1.0,0.61,0.6105769230769231,False
factors_finance,9,99,1,emotion_aware,41,linear_svm,word,10.0,0.05,0.5878921298844249,0.5889423076923077,False
factors_finance,9,99,1,emotion_aware,42,linear_svm,word,10.0,0.1,0.6071720302407091,0.6081730769230769,False
factors_finance,9,99,1,emotion_aware,43,linear_svm,word,10.0,0.25,0.6005090824945043,0.6009615384615384,False
factors_finance,9,99,1,emotion_aware,44,linear_svm,word,10.0,0.5,0.6006292218006848,0.6009615384615384,False
factors_finance,9,99,1,emotion_aware,45,linear_svm,word,10.0,1.0,0.605440917923568,0.6057692307692307,False
factors_finance,9,99,1,emotion_aware,46,linear_svm,word_char,0.1,0.05,0.6119920053297802,0.6129807692307692,False
factors_finance,9,99,1,emotion_aware,47,linear_svm,word_char,0.1,0.1,0.6141001855287569,0.6153846153846154,False
factors_finance,9,99,1,emotion_aware,48,linear_svm,word_char,0.1,0.25,0.6048558984338801,0.6057692307692308,False
factors_finance,9,99,1,emotion_aware,49,linear_svm,word_char,0.1,0.5,0.6172908795297141,0.6177884615384616,False
factors_finance,9,99,1,emotion_aware,50,linear_svm,word_char,0.1,1.0,0.6126024513121288,0.6129807692307693,False
factors_finance,9,99,1,emotion_aware,51,linear_svm,word_char,1.0,0.05,0.5914814491995699,0.59375,False
factors_finance,9,99,1,emotion_aware,52,linear_svm,word_char,1.0,0.1,0.5874523722532492,0.5889423076923077,False
factors_finance,9,99,1,emotion_aware,53,linear_svm,word_char,1.0,0.25,0.6050297570803325,0.6057692307692308,False
factors_finance,9,99,1,emotion_aware,54,linear_svm,word_char,1.0,0.5,0.5958175256778013,0.5961538461538461,False
factors_finance,9,99,1,emotion_aware,55,linear_svm,word_char,1.0,1.0,0.605440917923568,0.6057692307692307,False
factors_finance,9,99,1,emotion_aware,56,linear_svm,word_char,10.0,0.05,0.5897435897435898,0.5913461538461539,False
factors_finance,9,99,1,emotion_aware,57,linear_svm,word_char,10.0,0.1,0.5828594944559402,0.5841346153846154,False
factors_finance,9,99,1,emotion_aware,58,linear_svm,word_char,10.0,0.25,0.5668170774036794,0.5673076923076923,False
factors_finance,9,99,1,emotion_aware,59,linear_svm,word_char,10.0,0.5,0.5765707411862682,0.5769230769230769,False
factors_finance,9,99,1,emotion_aware,60,linear_svm,word_char,10.0,1.0,0.58157602663707,0.5817307692307692,False
factors_finance,9,99,2,text_only,1,logistic_regression,word,0.1,,0.6076021539436174,0.6100478468899522,False
factors_finance,9,99,2,text_only,2,logistic_regression,word,1.0,,0.6078912081398227,0.6100478468899522,False
factors_finance,9,99,2,text_only,3,logistic_regression,word,10.0,,0.6111583251027861,0.6124401913875599,False
factors_finance,9,99,2,text_only,4,logistic_regression,word_char,0.1,,0.6146755162241888,0.6172248803827751,True
factors_finance,9,99,2,text_only,5,logistic_regression,word_char,1.0,,0.6036092991177907,0.605263157894737,False
factors_finance,9,99,2,text_only,6,logistic_regression,word_char,10.0,,0.6021330275229357,0.6028708133971292,False
factors_finance,9,99,2,text_only,7,linear_svm,word,0.1,,0.6076021539436174,0.6100478468899522,False
factors_finance,9,99,2,text_only,8,linear_svm,word,1.0,,0.6042643287067586,0.6052631578947368,False
factors_finance,9,99,2,text_only,9,linear_svm,word,10.0,,0.5852675166176311,0.5861244019138756,False
factors_finance,9,99,2,text_only,10,linear_svm,word_char,0.1,,0.6058870875014373,0.6076555023923444,False
factors_finance,9,99,2,text_only,11,linear_svm,word_char,1.0,,0.6070798083316138,0.6076555023923444,False
factors_finance,9,99,2,text_only,12,linear_svm,word_char,10.0,,0.6070798083316138,0.6076555023923444,False
factors_finance,9,99,2,emotion_aware,1,logistic_regression,word,0.1,0.05,0.6076021539436174,0.6100478468899522,False
factors_finance,9,99,2,emotion_aware,2,logistic_regression,word,0.1,0.1,0.5950239344168315,0.5956937799043063,False
factors_finance,9,99,2,emotion_aware,3,logistic_regression,word,0.1,0.25,0.5812222699298697,0.5813397129186603,False
factors_finance,9,99,2,emotion_aware,4,logistic_regression,word,0.1,0.5,0.5307137129109865,0.5311004784688995,False
factors_finance,9,99,2,emotion_aware,5,logistic_regression,word,0.1,1.0,0.5423051566486083,0.5430622009569378,False
factors_finance,9,99,2,emotion_aware,6,logistic_regression,word,1.0,0.05,0.6078912081398227,0.6100478468899522,False
factors_finance,9,99,2,emotion_aware,7,logistic_regression,word,1.0,0.1,0.6228282421908675,0.6244019138755981,False
factors_finance,9,99,2,emotion_aware,8,logistic_regression,word,1.0,0.25,0.5950239344168315,0.5956937799043063,False
factors_finance,9,99,2,emotion_aware,9,logistic_regression,word,1.0,0.5,0.5929659754840187,0.5933014354066986,False
factors_finance,9,99,2,emotion_aware,10,logistic_regression,word,1.0,1.0,0.5859324450450347,0.5861244019138756,False
factors_finance,9,99,2,emotion_aware,11,logistic_regression,word,10.0,0.05,0.6065656565656565,0.6076555023923444,False
factors_finance,9,99,2,emotion_aware,12,logistic_regression,word,10.0,0.1,0.5992651913085909,0.6004784688995215,False
factors_finance,9,99,2,emotion_aware,13,logistic_regression,word,10.0,0.25,0.6084140348860599,0.6100478468899522,False
factors_finance,9,99,2,emotion_aware,14,logistic_regression,word,10.0,0.5,0.6086479531760665,0.6100478468899522,False
factors_finance,9,99,2,emotion_aware,15,logistic_regression,word,10.0,1.0,0.601328369185512,0.6028708133971292,False
factors_finance,9,99,2,emotion_aware,16,logistic_regression,word_char,0.1,0.05,0.6095440182669465,0.6124401913875598,False
factors_finance,9,99,2,emotion_aware,17,logistic_regression,word_char,0.1,0.1,0.6033539793999414,0.6052631578947368,False
factors_finance,9,99,2,emotion_aware,18,logistic_regression,word_char,0.1,0.25,0.578706248854682,0.5789473684210527,False
factors_finance,9,99,2,emotion_aware,19,logistic_regression,word_char,0.1,0.5,0.5594455264062321,0.5598086124401913,False
factors_finance,9,99,2,emotion_aware,20,logistic_regression,word_char,0.1,1.0,0.5736844517785111,0.5741626794258373,False
factors_finance,9,99,2,emotion_aware,21,logistic_regression,word_char,1.0,0.05,0.6086479531760665,0.6100478468899522,False
factors_finance,9,99,2,emotion_aware,22,logistic_regression,word_char,1.0,0.1,0.6124168514412417,0.6148325358851674,False
factors_finance,9,99,2,emotion_aware,23,logistic_regression,word_char,1.0,0.25,0.6101554404145078,0.6124401913875599,False
factors_finance,9,99,2,emotion_aware,24,logistic_regression,word_char,1.0,0.5,0.6136628491058871,0.6148325358851675,False
factors_finance,9,99,2,emotion_aware,25,logistic_regression,word_char,1.0,1.0,0.606755237374085,0.6076555023923444,False
factors_finance,9,99,2,emotion_aware,26,logistic_regression,word_char,10.0,0.05,0.6094017828990741,0.6100478468899522,False
factors_finance,9,99,2,emotion_aware,27,logistic_regression,word_char,10.0,0.1,0.6209595959595959,0.6220095693779903,False
factors_finance,9,99,2,emotion_aware,28,logistic_regression,word_char,10.0,0.25,0.6230535499916714,0.6244019138755981,False
factors_finance,9,99,2,emotion_aware,29,logistic_regression,word_char,10.0,0.5,0.6205414598271741,0.6220095693779905,False
factors_finance,9,99,2,emotion_aware,30,logistic_regression,word_char,10.0,1.0,0.6209595959595959,0.6220095693779903,False
factors_finance,9,99,2,emotion_aware,31,linear_svm,word,0.1,0.05,0.6076021539436174,0.6100478468899522,False
factors_finance,9,99,2,emotion_aware,32,linear_svm,word,0.1,0.1,0.6177774710581252,0.6196172248803828,False
factors_finance,9,99,2,emotion_aware,33,linear_svm,word,0.1,0.25,0.599816550577579,0.6004784688995215,False
factors_finance,9,99,2,emotion_aware,34,linear_svm,word,0.1,0.5,0.5905130188192833,0.5909090909090909,False
factors_finance,9,99,2,emotion_aware,35,linear_svm,word,0.1,1.0,0.578706248854682,0.5789473684210527,False
factors_finance,9,99,2,emotion_aware,36,linear_svm,word,1.0,0.05,0.6111583251027861,0.6124401913875599,False
factors_finance,9,99,2,emotion_aware,37,linear_svm,word,1.0,0.1,0.5969696969696969,0.5980861244019138,False
factors_finance,9,99,2,emotion_aware,38,linear_svm,word,1.0,0.25,0.599467532691083,0.6004784688995215,False
factors_finance,9,99,2,emotion_aware,39,linear_svm,word,1.0,0.5,0.6086479531760665,0.6100478468899522,False
factors_finance,9,99,2,emotion_aware,40,linear_svm,word,1.0,1.0,0.6084140348860599,0.6100478468899522,False
factors_finance,9,99,2,emotion_aware,41,linear_svm,word,10.0,0.05,0.5854387020953364,0.5861244019138756,False
factors_finance,9,99,2,emotion_aware,42,linear_svm,word,10.0,0.1,0.5879129697136438,0.5885167464114833,False
factors_finance,9,99,2,emotion_aware,43,linear_svm,word,10.0,0.25,0.5900621118012422,0.5909090909090908,False
factors_finance,9,99,2,emotion_aware,44,linear_svm,word,10.0,0.5,0.5927046793681363,0.5933014354066986,False
factors_finance,9,99,2,emotion_aware,45,linear_svm,word,10.0,1.0,0.5928447011367803,0.5933014354066986,False
factors_finance,9,99,2,emotion_aware,46,linear_svm,word_char,0.1,0.05,0.6036092991177907,0.605263157894737,False
factors_finance,9,99,2,emotion_aware,47,linear_svm,word_char,0.1,0.1,0.6149683362118595,0.6172248803827751,False
factors_finance,9,99,2,emotion_aware,48,linear_svm,word_char,0.1,0.25,0.6146755162241888,0.6172248803827751,False
factors_finance,9,99,2,emotion_aware,49,linear_svm,word_char,0.1,0.5,0.6086479531760665,0.6100478468899522,False
factors_finance,9,99,2,emotion_aware,50,linear_svm,word_char,0.1,1.0,0.6040644105743563,0.6052631578947368,False
factors_finance,9,99,2,emotion_aware,51,linear_svm,word_char,1.0,0.05,0.6026433938061206,0.6028708133971292,False
factors_finance,9,99,2,emotion_aware,52,linear_svm,word_char,1.0,0.1,0.6213073394495412,0.6220095693779905,False
factors_finance,9,99,2,emotion_aware,53,linear_svm,word_char,1.0,0.25,0.6234515127694612,0.6244019138755981,False
factors_finance,9,99,2,emotion_aware,54,linear_svm,word_char,1.0,0.5,0.6184620683716524,0.6196172248803827,False
factors_finance,9,99,2,emotion_aware,55,linear_svm,word_char,1.0,1.0,0.6113636363636363,0.6124401913875599,False
factors_finance,9,99,2,emotion_aware,56,linear_svm,word_char,10.0,0.05,0.614459625905875,0.6148325358851675,False
factors_finance,9,99,2,emotion_aware,57,linear_svm,word_char,10.0,0.1,0.6115509052109864,0.6124401913875598,False
factors_finance,9,99,2,emotion_aware,58,linear_svm,word_char,10.0,0.25,0.6236242780865207,0.6244019138755981,False
factors_finance,9,99,2,emotion_aware,59,linear_svm,word_char,10.0,0.5,0.6240382687405116,0.6244019138755981,False
factors_finance,9,99,2,emotion_aware,60,linear_svm,word_char,10.0,1.0,0.62882759015783,0.6291866028708134,True
factors_finance,9,99,3,text_only,1,logistic_regression,word,0.1,,0.612702358960193,0.6148325358851675,False
factors_finance,9,99,3,text_only,2,logistic_regression,word,1.0,,0.6349512778084208,0.6363636363636364,True
factors_finance,9,99,3,text_only,3,logistic_regression,word,10.0,,0.6228282421908675,0.6244019138755981,False
factors_finance,9,99,3,text_only,4,logistic_regression,word_char,0.1,,0.6088636298401218,0.6100478468899522,False
factors_finance,9,99,3,text_only,5,logistic_regression,word_char,1.0,,0.6261009174311927,0.6267942583732058,False
factors_finance,9,99,3,text_only,6,logistic_regression,word_char,10.0,,0.6122981793198213,0.6124401913875598,False
factors_finance,9,99,3,text_only,7,linear_svm,word,0.1,,0.632437713727406,0.6339712918660287,False
factors_finance,9,99,3,text_only,8,linear_svm,word,1.0,,0.624594127806563,0.6267942583732058,False
factors_finance,9,99,3,text_only,9,linear_svm,word,10.0,,0.6106933425319075,0.6124401913875598,False
factors_finance,9,99,3,text_only,10,linear_svm,word_char,0.1,,0.6282483087851368,0.6291866028708134,False
factors_finance,9,99,3,text_only,11,linear_svm,word_char,1.0,,0.6217931097672714,0.6220095693779905,False
factors_finance,9,99,3,text_only,12,linear_svm,word_char,10.0,,0.6070798083316138,0.6076555023923444,False
factors_finance,9,99,3,emotion_aware,1,logistic_regression,word,0.1,0.05,0.6182516843864698,0.6196172248803828,False
factors_finance,9,99,3,emotion_aware,2,logistic_regression,word,0.1,0.1,0.5992651913085909,0.6004784688995215,False
factors_finance,9,99,3,emotion_aware,3,logistic_regression,word,0.1,0.25,0.5572921139258623,0.5574162679425838,False
factors_finance,9,99,3,emotion_aware,4,logistic_regression,word,0.1,0.5,0.5708837310667974,0.5717703349282297,False
factors_finance,9,99,3,emotion_aware,5,logistic_regression,word,0.1,1.0,0.5779812303526766,0.5789473684210527,False
factors_finance,9,99,3,emotion_aware,6,logistic_regression,word,1.0,0.05,0.6349512778084208,0.6363636363636364,False
factors_finance,9,99,3,emotion_aware,7,logistic_regression,word,1.0,0.1,0.612702358960193,0.6148325358851675,False
factors_finance,9,99,3,emotion_aware,8,logistic_regression,word,1.0,0.25,0.6248619293078056,0.6267942583732058,False
factors_finance,9,99,3,emotion_aware,9,logistic_regression,word,1.0,0.5,0.6098589601769911,0.6124401913875598,False
factors_finance,9,99,3,emotion_aware,10,logistic_regression,word,1.0,1.0,0.6076021539436174,0.6100478468899522,False
factors_finance,9,99,3,emotion_aware,11,logistic_regression,word,10.0,0.05,0.6443371277451995,0.6459330143540669,True
factors_finance,9,99,3,emotion_aware,12,logistic_regression,word,10.0,0.1,0.6347246176842589,0.6363636363636364,False
factors_finance,9,99,3,emotion_aware,13,logistic_regression,word,10.0,0.25,0.6257575757575757,0.6267942583732058,False
factors_finance,9,99,3,emotion_aware,14,logistic_regression,word,10.0,0.5,0.6261009174311927,0.6267942583732058,False
factors_finance,9,99,3,emotion_aware,15,logistic_regression,word,10.0,1.0,0.6211422408847892,0.6220095693779905,False
factors_finance,9,99,3,emotion_aware,16,logistic_regression,word_char,0.1,0.05,0.6157381871667587,0.6172248803827751,False
factors_finance,9,99,3,emotion_aware,17,logistic_regression,word_char,0.1,0.1,0.5875725660264794,0.5885167464114833,False
factors_finance,9,99,3,emotion_aware,18,logistic_regression,word_char,0.1,0.25,0.5784745141180785,0.5789473684210527,False
factors_finance,9,99,3,emotion_aware,19,logistic_regression,word_char,0.1,0.5,0.5807998899707162,0.5813397129186603,False
factors_finance,9,99,3,emotion_aware,20,logistic_regression,word_char,0.1,1.0,0.5802803486283803,0.5813397129186603,False
factors_finance,9,99,3,emotion_aware,21,logistic_regression,word_char,1.0,0.05,0.6355292443954934,0.6363636363636364,False
factors_finance,9,99,3,emotion_aware,22,logistic_regression,word_char,1.0,0.1,0.6257575757575757,0.6267942583732058,False
factors_finance,9,99,3,emotion_aware,23,logistic_regression,word_char,1.0,0.25,0.6086479531760665,0.6100478468899522,False
factors_finance,9,99,3,emotion_aware,24,logistic_regression,word_char,1.0,0.5,0.6124168514412417,0.6148325358851674,False
factors_finance,9,99,3,emotion_aware,25,logistic_regression,word_char,1.0,1.0,0.6036092991177907,0.605263157894737,False
factors_finance,9,99,3,emotion_aware,26,logistic_regression,word_char,10.0,0.05,0.6240382687405116,0.6244019138755981,False
factors_finance,9,99,3,emotion_aware,27,logistic_regression,word_char,10.0,0.1,0.6213073394495412,0.6220095693779905,False
factors_finance,9,99,3,emotion_aware,28,logistic_regression,word_char,10.0,0.25,0.6236242780865207,0.6244019138755981,False
factors_finance,9,99,3,emotion_aware,29,logistic_regression,word_char,10.0,0.5,0.6167950128346168,0.6172248803827751,False
factors_finance,9,99,3,emotion_aware,30,logistic_regression,word_char,10.0,1.0,0.6167950128346168,0.6172248803827751,False
factors_finance,9,99,3,emotion_aware,31,linear_svm,word,0.1,0.05,0.632437713727406,0.6339712918660287,False
factors_finance,9,99,3,emotion_aware,32,linear_svm,word,0.1,0.1,0.612702358960193,0.6148325358851675,False
factors_finance,9,99,3,emotion_aware,33,linear_svm,word,0.1,0.25,0.6146755162241888,0.6172248803827751,False
factors_finance,9,99,3,emotion_aware,34,linear_svm,word,0.1,0.5,0.6076021539436174,0.6100478468899522,False
factors_finance,9,99,3,emotion_aware,35,linear_svm,word,0.1,1.0,0.5911956921944035,0.5933014354066986,False
factors_finance,9,99,3,emotion_aware,36,linear_svm,word,1.0,0.05,0.6248619293078056,0.6267942583732058,False
factors_finance,9,99,3,emotion_aware,37,linear_svm,word,1.0,0.1,0.6347246176842589,0.6363636363636364,False
factors_finance,9,99,3,emotion_aware,38,linear_svm,word,1.0,0.25,0.6303603831224016,0.631578947368421,False
factors_finance,9,99,3,emotion_aware,39,linear_svm,word,1.0,0.5,0.6186547167537855,0.6196172248803828,False
factors_finance,9,99,3,emotion_aware,40,linear_svm,word,1.0,1.0,0.6115509052109864,0.6124401913875598,False
factors_finance,9,99,3,emotion_aware,41,linear_svm,word,10.0,0.05,0.6200524668630338,0.6220095693779903,False
factors_finance,9,99,3,emotion_aware,42,linear_svm,word,10.0,0.1,0.6146755162241888,0.6172248803827751,False
factors_finance,9,99,3,emotion_aware,43,linear_svm,word,10.0,0.25,0.6132187706543292,0.6148325358851674,False
factors_finance,9,99,3,emotion_aware,44,linear_svm,word,10.0,0.5,0.6088636298401218,0.6100478468899522,False
factors_finance,9,99,3,emotion_aware,45,linear_svm,word,10.0,1.0,0.6090611247224342,0.6100478468899522,False
factors_finance,9,99,3,emotion_aware,46,linear_svm,word_char,0.1,0.05,0.6378419008164882,0.638755980861244,False
factors_finance,9,99,3,emotion_aware,47,linear_svm,word_char,0.1,0.1,0.6280605069031833,0.6291866028708134,False
factors_finance,9,99,3,emotion_aware,48,linear_svm,word_char,0.1,0.25,0.6036092991177907,0.605263157894737,False
factors_finance,9,99,3,emotion_aware,49,linear_svm,word_char,0.1,0.5,0.6047235740480199,0.6076555023923444,False
factors_finance,9,99,3,emotion_aware,50,linear_svm,word_char,0.1,1.0,0.6036092991177907,0.605263157894737,False
factors_finance,9,99,3,emotion_aware,51,linear_svm,word_char,1.0,0.05,0.6336169115751482,0.6339712918660287,False
factors_finance,9,99,3,emotion_aware,52,linear_svm,word_char,1.0,0.1,0.6358300662585689,0.6363636363636364,False
factors_finance,9,99,3,emotion_aware,53,linear_svm,word_char,1.0,0.25,0.6240382687405116,0.6244019138755981,False
factors_finance,9,99,3,emotion_aware,54,linear_svm,word_char,1.0,0.5,0.6074308227964083,0.6076555023923444,False
factors_finance,9,99,3,emotion_aware,55,linear_svm,word_char,1.0,1.0,0.6120049504950495,0.6124401913875599,False
factors_finance,9,99,3,emotion_aware,56,linear_svm,word_char,10.0,0.05,0.6169091533967236,0.6172248803827751,False
factors_finance,9,99,3,emotion_aware,57,linear_svm,word_char,10.0,0.1,0.6169091533967236,0.6172248803827751,False
factors_finance,9,99,3,emotion_aware,58,linear_svm,word_char,10.0,0.25,0.6121205178141826,0.6124401913875599,False
factors_finance,9,99,3,emotion_aware,59,linear_svm,word_char,10.0,0.5,0.5954135954135954,0.5956937799043063,False
factors_finance,9,99,3,emotion_aware,60,linear_svm,word_char,10.0,1.0,0.5977546110665597,0.5980861244019139,False
factors_finance,9,99,4,text_only,1,logistic_regression,word,0.1,,0.5831212600591512,0.5837320574162679,False
factors_finance,9,99,4,text_only,2,logistic_regression,word,1.0,,0.5714735714735715,0.5717703349282297,False
factors_finance,9,99,4,text_only,3,logistic_regression,word,10.0,,0.5715717205957296,0.5717703349282297,False
factors_finance,9,99,4,text_only,4,logistic_regression,word_char,0.1,,0.5929659754840187,0.5933014354066986,True
factors_finance,9,99,4,text_only,5,logistic_regression,word_char,1.0,,0.5881773399014778,0.5885167464114833,False
factors_finance,9,99,4,text_only,6,logistic_regression,word_char,10.0,,0.5832645764576457,0.5837320574162679,False
factors_finance,9,99,4,text_only,7,linear_svm,word,0.1,,0.569022797571314,0.569377990430622,False
factors_finance,9,99,4,text_only,8,linear_svm,word,1.0,,0.5668641763274653,0.5669856459330144,False
factors_finance,9,99,4,text_only,9,linear_svm,word,10.0,,0.568894389438944,0.569377990430622,False
factors_finance,9,99,4,text_only,10,linear_svm,word_char,0.1,,0.5928447011367803,0.5933014354066986,False
factors_finance,9,99,4,text_only,11,linear_svm,word_char,1.0,,0.5760090315703814,0.5765550239234449,False
factors_finance,9,99,4,text_only,12,linear_svm,word_char,10.0,,0.5717090538583507,0.5717703349282297,False
factors_finance,9,99,4,emotion_aware,1,logistic_regression,word,0.1,0.05,0.5884319472430848,0.5885167464114833,False
factors_finance,9,99,4,emotion_aware,2,logistic_regression,word,0.1,0.1,0.5884790622066534,0.5885167464114833,False
factors_finance,9,99,4,emotion_aware,3,logistic_regression,word,0.1,0.25,0.5619979042961928,0.562200956937799,False
factors_finance,9,99,4,emotion_aware,4,logistic_regression,word,0.1,0.5,0.5540028911681696,0.5550239234449761,False
factors_finance,9,99,4,emotion_aware,5,logistic_regression,word,0.1,1.0,0.5762615762615763,0.5765550239234449,False
factors_finance,9,99,4,emotion_aware,6,logistic_regression,word,1.0,0.05,0.5955803635322742,0.5956937799043063,False
factors_finance,9,99,4,emotion_aware,7,logistic_regression,word,1.0,0.1,0.5860651749580708,0.5861244019138756,False
factors_finance,9,99,4,emotion_aware,8,logistic_regression,word,1.0,0.25,0.5950239344168315,0.5956937799043063,False
factors_finance,9,99,4,emotion_aware,9,logistic_regression,word,1.0,0.5,0.5954135954135954,0.5956937799043063,False
factors_finance,9,99,4,emotion_aware,10,logistic_regression,word,1.0,1.0,0.5857236974019651,0.5861244019138756,False
factors_finance,9,99,4,emotion_aware,11,logistic_regression,word,10.0,0.05,0.5666855666855667,0.5669856459330144,False
factors_finance,9,99,4,emotion_aware,12,logistic_regression,word,10.0,0.1,0.5835795259361044,0.5837320574162679,False
factors_finance,9,99,4,emotion_aware,13,logistic_regression,word,10.0,0.25,0.5884319472430848,0.5885167464114833,False
factors_finance,9,99,4,emotion_aware,14,logistic_regression,word,10.0,0.5,0.5932641893902969,0.5933014354066986,False
factors_finance,9,99,4,emotion_aware,15,logistic_regression,word,10.0,1.0,0.5908505486579774,0.5909090909090909,False
factors_finance,9,99,4,emotion_aware,16,logistic_regression,word_char,0.1,0.05,0.5929659754840187,0.5933014354066986,False
factors_finance,9,99,4,emotion_aware,17,logistic_regression,word_char,0.1,0.1,0.6004212960577908,0.6004784688995215,False
factors_finance,9,99,4,emotion_aware,18,logistic_regression,word_char,0.1,0.25,0.5715717205957296,0.5717703349282297,False
factors_finance,9,99,4,emotion_aware,19,logistic_regression,word_char,0.1,0.5,0.5850771446440559,0.5861244019138756,False
factors_finance,9,99,4,emotion_aware,20,logistic_regression,word_char,0.1,1.0,0.588054638797213,0.5885167464114833,False
factors_finance,9,99,4,emotion_aware,21,logistic_regression,word_char,1.0,0.05,0.5953023402366016,0.5956937799043063,False
factors_finance,9,99,4,emotion_aware,22,logistic_regression,word_char,1.0,0.1,0.5907193531948032,0.5909090909090908,False
factors_finance,9,99,4,emotion_aware,23,logistic_regression,word_char,1.0,0.25,0.5979388526279629,0.5980861244019139,False
factors_finance,9,99,4,emotion_aware,24,logistic_regression,word_char,1.0,0.5,0.5954135954135954,0.5956937799043063,False
factors_finance,9,99,4,emotion_aware,25,logistic_regression,word_char,1.0,1.0,0.6026433938061206,0.6028708133971292,False
factors_finance,9,99,4,emotion_aware,26,logistic_regression,word_char,10.0,0.05,0.5954135954135954,0.5956937799043063,False
factors_finance,9,99,4,emotion_aware,27,logistic_regression,word_char,10.0,0.1,0.5931524103973433,0.5933014354066986,False
factors_finance,9,99,4,emotion_aware,28,logistic_regression,word_char,10.0,0.25,0.6097776097776098,0.6100478468899522,True
factors_finance,9,99,4,emotion_aware,29,logistic_regression,word_char,10.0,0.5,0.5980032973071991,0.5980861244019139,False
factors_finance,9,99,4,emotion_aware,30,logistic_regression,word_char,10.0,1.0,0.6003663947330757,0.6004784688995215,False
factors_finance,9,99,4,emotion_aware,31,linear_svm,word,0.1,0.05,0.5908505486579774,0.5909090909090909,False
factors_finance,9,99,4,emotion_aware,32,linear_svm,word,0.1,0.1,0.5930685358255452,0.5933014354066986,False
factors_finance,9,99,4,emotion_aware,33,linear_svm,word,0.1,0.25,0.5999633235720548,0.6004784688995215,False
factors_finance,9,99,4,emotion_aware,34,linear_svm,word,0.1,0.5,0.5976347634763477,0.5980861244019138,False
factors_finance,9,99,4,emotion_aware,35,linear_svm,word,0.1,1.0,0.60009166165392,0.6004784688995215,False
factors_finance,9,99,4,emotion_aware,36,linear_svm,word,1.0,0.05,0.5691313908741067,0.569377990430622,False
factors_finance,9,99,4,emotion_aware,37,linear_svm,word,1.0,0.1,0.5787930837054849,0.5789473684210527,False
factors_finance,9,99,4,emotion_aware,38,linear_svm,word,1.0,0.25,0.5860083011306711,0.5861244019138756,False
factors_finance,9,99,4,emotion_aware,39,linear_svm,word,1.0,0.5,0.5812222699298697,0.5813397129186603,False
factors_finance,9,99,4,emotion_aware,40,linear_svm,word,1.0,1.0,0.5884319472430848,0.5885167464114833,False
factors_finance,9,99,4,emotion_aware,41,linear_svm,word,10.0,0.05,0.5807998899707162,0.5813397129186603,False
factors_finance,9,99,4,emotion_aware,42,linear_svm,word,10.0,0.1,0.581049581049581,0.5813397129186603,False
factors_finance,9,99,4,emotion_aware,43,linear_svm,word,10.0,0.25,0.5786000687363959,0.5789473684210527,False
factors_finance,9,99,4,emotion_aware,44,linear_svm,word,10.0,0.5,0.581049581049581,0.5813397129186603,False
factors_finance,9,99,4,emotion_aware,45,linear_svm,word,10.0,1.0,0.5811455368952663,0.5813397129186604,False
factors_finance,9,99,4,emotion_aware,46,linear_svm,word_char,0.1,0.05,0.5999633235720548,0.6004784688995215,False
factors_finance,9,99,4,emotion_aware,47,linear_svm,word_char,0.1,0.1,0.5907943323314727,0.5909090909090908,False
factors_finance,9,99,4,emotion_aware,48,linear_svm,word_char,0.1,0.25,0.6002931694943399,0.6004784688995215,False
factors_finance,9,99,4,emotion_aware,49,linear_svm,word_char,0.1,0.5,0.5929659754840187,0.5933014354066986,False
factors_finance,9,99,4,emotion_aware,50,linear_svm,word_char,0.1,1.0,0.6002016002016002,0.6004784688995215,False
factors_finance,9,99,4,emotion_aware,51,linear_svm,word_char,1.0,0.05,0.5858375858375858,0.5861244019138756,False
factors_finance,9,99,4,emotion_aware,52,linear_svm,word_char,1.0,0.1,0.5979388526279629,0.5980861244019139,False
factors_finance,9,99,4,emotion_aware,53,linear_svm,word_char,1.0,0.25,0.6050800776441083,0.605263157894737,False
factors_finance,9,99,4,emotion_aware,54,linear_svm,word_char,1.0,0.5,0.6027252948585824,0.6028708133971292,False
factors_finance,9,99,4,emotion_aware,55,linear_svm,word_char,1.0,1.0,0.5980493165739404,0.5980861244019138,False
factors_finance,9,99,4,emotion_aware,56,linear_svm,word_char,10.0,0.05,0.5860083011306711,0.5861244019138756,False
factors_finance,9,99,4,emotion_aware,57,linear_svm,word_char,10.0,0.1,0.6027889723392563,0.6028708133971292,False
factors_finance,9,99,4,emotion_aware,58,linear_svm,word_char,10.0,0.25,0.6028344437575841,0.6028708133971292,False
factors_finance,9,99,4,emotion_aware,59,linear_svm,word_char,10.0,0.5,0.6004212960577908,0.6004784688995215,False
factors_finance,9,99,4,emotion_aware,60,linear_svm,word_char,10.0,1.0,0.5980493165739404,0.5980861244019138,False
factors_finance,9,99,5,text_only,1,logistic_regression,word,0.1,,0.5568455979690428,0.5574162679425837,False
factors_finance,9,99,5,text_only,2,logistic_regression,word,1.0,,0.5594455264062321,0.5598086124401913,False
factors_finance,9,99,5,text_only,3,logistic_regression,word,10.0,,0.557109557109557,0.5574162679425838,False
factors_finance,9,99,5,text_only,4,logistic_regression,word_char,0.1,,0.559647314783007,0.5598086124401914,False
factors_finance,9,99,5,text_only,5,logistic_regression,word_char,1.0,,0.5741236806557226,0.5741626794258373,False
factors_finance,9,99,5,text_only,6,logistic_regression,word_char,10.0,,0.5740749221469134,0.5741626794258373,False
factors_finance,9,99,5,text_only,7,linear_svm,word,0.1,,0.556987768898055,0.5574162679425837,False
factors_finance,9,99,5,text_only,8,linear_svm,word,1.0,,0.5546568908236911,0.5550239234449761,False
factors_finance,9,99,5,text_only,9,linear_svm,word,10.0,,0.5761450545673283,0.5765550239234449,False
factors_finance,9,99,5,text_only,10,linear_svm,word_char,0.1,,0.571748275763386,0.5717703349282297,False
factors_finance,9,99,5,text_only,11,linear_svm,word_char,1.0,,0.5812222699298697,0.5813397129186603,True
factors_finance,9,99,5,text_only,12,linear_svm,word_char,10.0,,0.5665664117326916,0.5669856459330144,False
factors_finance,9,99,5,emotion_aware,1,logistic_regression,word,0.1,0.05,0.5637844036697248,0.5645933014354066,False
factors_finance,9,99,5,emotion_aware,2,logistic_regression,word,0.1,0.1,0.5951724651717202,0.5956937799043063,False
factors_finance,9,99,5,emotion_aware,3,logistic_regression,word,0.1,0.25,0.5543710021321961,0.5550239234449761,False
factors_finance,9,99,5,emotion_aware,4,logistic_regression,word,0.1,0.5,0.569022797571314,0.569377990430622,False
factors_finance,9,99,5,emotion_aware,5,logistic_regression,word,0.1,1.0,0.5660891358831862,0.5669856459330143,False
factors_finance,9,99,5,emotion_aware,6,logistic_regression,word,1.0,0.05,0.5618975618975619,0.562200956937799,False
factors_finance,9,99,5,emotion_aware,7,logistic_regression,word,1.0,0.1,0.5710608536130937,0.5717703349282297,False
factors_finance,9,99,5,emotion_aware,8,logistic_regression,word,1.0,0.25,0.5756783262504086,0.5765550239234449,False
factors_finance,9,99,5,emotion_aware,9,logistic_regression,word,1.0,0.5,0.5727542090635551,0.5741626794258373,False
factors_finance,9,99,5,emotion_aware,10,logistic_regression,word,1.0,1.0,0.58944049075526,0.5909090909090908,False
factors_finance,9,99,5,emotion_aware,11,logistic_regression,word,10.0,0.05,0.5645035720827991,0.5645933014354068,False
factors_finance,9,99,5,emotion_aware,12,logistic_regression,word,10.0,0.1,0.564343961883819,0.5645933014354068,False
factors_finance,9,99,5,emotion_aware,13,logistic_regression,word,10.0,0.25,0.5806460859345888,0.5813397129186604,False
factors_finance,9,99,5,emotion_aware,14,logistic_regression,word,10.0,0.5,0.5784745141180785,0.5789473684210527,False
factors_finance,9,99,5,emotion_aware,15,logistic_regression,word,10.0,1.0,0.5905130188192833,0.5909090909090909,False
factors_finance,9,99,5,emotion_aware,16,logistic_regression,word_char,0.1,0.05,0.5572921139258623,0.5574162679425838,False
factors_finance,9,99,5,emotion_aware,17,logistic_regression,word_char,0.1,0.1,0.5739188198643943,0.5741626794258373,False
factors_finance,9,99,5,emotion_aware,18,logistic_regression,word_char,0.1,0.25,0.5879129697136438,0.5885167464114833,False
factors_finance,9,99,5,emotion_aware,19,logistic_regression,word_char,0.1,0.5,0.5616364563693774,0.562200956937799,False
factors_finance,9,99,5,emotion_aware,20,logistic_regression,word_char,0.1,1.0,0.5614756212915986,0.562200956937799,False
factors_finance,9,99,5,emotion_aware,21,logistic_regression,word_char,1.0,0.05,0.5717090538583507,0.5717703349282297,False
factors_finance,9,99,5,emotion_aware,22,logistic_regression,word_char,1.0,0.1,0.578706248854682,0.5789473684210527,False
factors_finance,9,99,5,emotion_aware,23,logistic_regression,word_char,1.0,0.25,0.5733715596330275,0.5741626794258373,False
factors_finance,9,99,5,emotion_aware,24,logistic_regression,word_char,1.0,0.5,0.599467532691083,0.6004784688995215,False
factors_finance,9,99,5,emotion_aware,25,logistic_regression,word_char,1.0,1.0,0.5898739406597315,0.5909090909090909,False
factors_finance,9,99,5,emotion_aware,26,logistic_regression,word_char,10.0,0.05,0.5834936778449697,0.5837320574162679,False
factors_finance,9,99,5,emotion_aware,27,logistic_regression,word_char,10.0,0.1,0.5928447011367803,0.5933014354066986,False
factors_finance,9,99,5,emotion_aware,28,logistic_regression,word_char,10.0,0.25,0.6094017828990741,0.6100478468899522,False
factors_finance,9,99,5,emotion_aware,29,logistic_regression,word_char,10.0,0.5,0.6143358987730589,0.6148325358851674,False
factors_finance,9,99,5,emotion_aware,30,logistic_regression,word_char,10.0,1.0,0.6073318822316417,0.6076555023923444,False
factors_finance,9,99,5,emotion_aware,31,linear_svm,word,0.1,0.05,0.5594455264062321,0.5598086124401913,False
factors_finance,9,99,5,emotion_aware,32,linear_svm,word,0.1,0.1,0.568894389438944,0.569377990430622,False
factors_finance,9,99,5,emotion_aware,33,linear_svm,word,0.1,0.25,0.5637844036697248,0.5645933014354066,False
factors_finance,9,99,5,emotion_aware,34,linear_svm,word,0.1,0.5,0.572508733223019,0.5741626794258373,False
factors_finance,9,99,5,emotion_aware,35,linear_svm,word,0.1,1.0,0.5873737373737373,0.5885167464114833,False
factors_finance,9,99,5,emotion_aware,36,linear_svm,word,1.0,0.05,0.5621383064585372,0.562200956937799,False
factors_finance,9,99,5,emotion_aware,37,linear_svm,word,1.0,0.1,0.569220199244246,0.569377990430622,False
factors_finance,9,99,5,emotion_aware,38,linear_svm,word,1.0,0.25,0.569022797571314,0.569377990430622,False
factors_finance,9,99,5,emotion_aware,39,linear_svm,word,1.0,0.5,0.5736844517785111,0.5741626794258373,False
factors_finance,9,99,5,emotion_aware,40,linear_svm,word,1.0,1.0,0.5784745141180785,0.5789473684210527,False
factors_finance,9,99,5,emotion_aware,41,linear_svm,word,10.0,0.05,0.5788605971789704,0.5789473684210527,False
factors_finance,9,99,5,emotion_aware,42,linear_svm,word,10.0,0.1,0.581049581049581,0.5813397129186603,False
factors_finance,9,99,5,emotion_aware,43,linear_svm,word,10.0,0.25,0.569022797571314,0.569377990430622,False
factors_finance,9,99,5,emotion_aware,44,linear_svm,word,10.0,0.5,0.5662682374523462,0.5669856459330143,False
factors_finance,9,99,5,emotion_aware,45,linear_svm,word,10.0,1.0,0.5687461310956737,0.569377990430622,False
factors_finance,9,99,5,emotion_aware,46,linear_svm,word_char,0.1,0.05,0.5741236806557226,0.5741626794258373,False
factors_finance,9,99,5,emotion_aware,47,linear_svm,word_char,0.1,0.1,0.5739188198643943,0.5741626794258373,False
factors_finance,9,99,5,emotion_aware,48,linear_svm,word_char,0.1,0.25,0.5710608536130937,0.5717703349282297,False
factors_finance,9,99,5,emotion_aware,49,linear_svm,word_char,0.1,0.5,0.5990442219656632,0.6004784688995215,False
factors_finance,9,99,5,emotion_aware,50,linear_svm,word_char,0.1,1.0,0.6017676767676767,0.6028708133971292,False
factors_finance,9,99,5,emotion_aware,51,linear_svm,word_char,1.0,0.05,0.573811433153855,0.5741626794258373,False
factors_finance,9,99,5,emotion_aware,52,linear_svm,word_char,1.0,0.1,0.5877522935779816,0.5885167464114832,False
factors_finance,9,99,5,emotion_aware,53,linear_svm,word_char,1.0,0.25,0.609240492535687,0.6100478468899522,False
factors_finance,9,99,5,emotion_aware,54,linear_svm,word_char,1.0,0.5,0.6140350877192982,0.6148325358851674,False
factors_finance,9,99,5,emotion_aware,55,linear_svm,word_char,1.0,1.0,0.6213073394495412,0.6220095693779905,True
factors_finance,9,99,5,emotion_aware,56,linear_svm,word_char,10.0,0.05,0.5762615762615763,0.5765550239234449,False
factors_finance,9,99,5,emotion_aware,57,linear_svm,word_char,10.0,0.1,0.5761450545673283,0.5765550239234449,False
factors_finance,9,99,5,emotion_aware,58,linear_svm,word_char,10.0,0.25,0.6050800776441083,0.605263157894737,False
factors_finance,9,99,5,emotion_aware,59,linear_svm,word_char,10.0,0.5,0.6096703044885566,0.6100478468899522,False
factors_finance,9,99,5,emotion_aware,60,linear_svm,word_char,10.0,1.0,0.6072148881554822,0.6076555023923444,False
factors_finance,10,110,1,text_only,1,logistic_regression,word,0.1,,0.5582352156075369,0.5600961538461539,False
factors_finance,10,110,1,text_only,2,logistic_regression,word,1.0,,0.5633267799873573,0.5649038461538461,False
factors_finance,10,110,1,text_only,3,logistic_regression,word,10.0,,0.5474074074074073,0.5480769230769231,False
factors_finance,10,110,1,text_only,4,logistic_regression,word_char,0.1,,0.572719306899093,0.5745192307692307,False
factors_finance,10,110,1,text_only,5,logistic_regression,word_char,1.0,,0.5759429153924567,0.5769230769230769,False
factors_finance,10,110,1,text_only,6,logistic_regression,word_char,10.0,,0.5782521797062827,0.5793269230769231,True
factors_finance,10,110,1,text_only,7,linear_svm,word,0.1,,0.5681518984405356,0.5697115384615384,False
factors_finance,10,110,1,text_only,8,linear_svm,word,1.0,,0.5354537091146843,0.5360576923076923,False
factors_finance,10,110,1,text_only,9,linear_svm,word,10.0,,0.5536765430810004,0.5552884615384616,False
factors_finance,10,110,1,text_only,10,linear_svm,word_char,0.1,,0.5782521797062827,0.5793269230769231,False
factors_finance,10,110,1,text_only,11,linear_svm,word_char,1.0,,0.5612729759172983,0.5625,False
factors_finance,10,110,1,text_only,12,linear_svm,word_char,10.0,,0.5706864564007421,0.5721153846153846,False
factors_finance,10,110,1,emotion_aware,1,logistic_regression,word,0.1,0.05,0.5541523042609275,0.5552884615384615,False
factors_finance,10,110,1,emotion_aware,2,logistic_regression,word,0.1,0.1,0.5732146272757308,0.5745192307692308,False
factors_finance,10,110,1,emotion_aware,3,logistic_regression,word,0.1,0.25,0.5643374163199889,0.5649038461538461,False
factors_finance,10,110,1,emotion_aware,4,logistic_regression,word,0.1,0.5,0.549541098468398,0.5504807692307692,False
factors_finance,10,110,1,emotion_aware,5,logistic_regression,word,0.1,1.0,0.5855805764062645,0.5865384615384615,False
factors_finance,10,110,1,emotion_aware,6,logistic_regression,word,1.0,0.05,0.561038961038961,0.5625,False
factors_finance,10,110,1,emotion_aware,7,logistic_regression,word,1.0,0.1,0.5539248929153118,0.5552884615384616,False
factors_finance,10,110,1,emotion_aware,8,logistic_regression,word,1.0,0.25,0.5755102040816327,0.5769230769230769,False
factors_finance,10,110,1,emotion_aware,9,logistic_regression,word,1.0,0.5,0.5752639517345399,0.5769230769230769,False
factors_finance,10,110,1,emotion_aware,10,logistic_regression,word,1.0,1.0,0.5851576994434138,0.5865384615384616,False
factors_finance,10,110,1,emotion_aware,11,logistic_regression,word,10.0,0.05,0.554358840730768,0.5552884615384615,False
factors_finance,10,110,1,emotion_aware,12,logistic_regression,word,10.0,0.1,0.557037037037037,0.5576923076923077,False
factors_finance,10,110,1,emotion_aware,13,logistic_regression,word,10.0,0.25,0.5716302209880828,0.5721153846153846,False
factors_finance,10,110,1,emotion_aware,14,logistic_regression,word,10.0,0.5,0.5620039338192757,0.5625,False
factors_finance,10,110,1,emotion_aware,15,logistic_regression,word,10.0,1.0,0.5666666666666667,0.5673076923076923,False
factors_finance,10,110,1,emotion_aware,16,logistic_regression,word_char,0.1,0.05,0.5925043616361497,0.59375,False
factors_finance,10,110,1,emotion_aware,17,logistic_regression,word_char,0.1,0.1,0.5784475520426184,0.5793269230769231,False
factors_finance,10,110,1,emotion_aware,18,logistic_regression,word_char,0.1,0.25,0.5643374163199889,0.5649038461538461,False
factors_finance,10,110,1,emotion_aware,19,logistic_regression,word_char,0.1,0.5,0.5643374163199889,0.5649038461538461,False
factors_finance,10,110,1,emotion_aware,20,logistic_regression,word_char,0.1,1.0,0.5903994069131684,0.5913461538461537,False
factors_finance,10,110,1,emotion_aware,21,logistic_regression,word_char,1.0,0.05,0.5973267952262544,0.5985576923076923,False
factors_finance,10,110,1,emotion_aware,22,logistic_regression,word_char,1.0,0.1,0.6029776674937966,0.6033653846153846,True
factors_finance,10,110,1,emotion_aware,23,logistic_regression,word_char,1.0,0.25,0.593070435905005,0.59375,False
factors_finance,10,110,1,emotion_aware,24,logistic_regression,word_char,1.0,0.5,0.5849170437405732,0.5865384615384616,False
factors_finance,10,110,1,emotion_aware,25,logistic_regression,word_char,1.0,1.0,0.5851576994434138,0.5865384615384616,False
factors_finance,10,110,1,emotion_aware,26,logistic_regression,word_char,10.0,0.05,0.587681928046045,0.5889423076923077,False
factors_finance,10,110,1,emotion_aware,27,logistic_regression,word_char,10.0,0.1,0.5955555555555556,0.5961538461538461,False
factors_finance,10,110,1,emotion_aware,28,logistic_regression,word_char,10.0,0.25,0.5786232324460111,0.5793269230769231,False
factors_finance,10,110,1,emotion_aware,29,logistic_regression,word_char,10.0,0.5,0.5832652943049885,0.5841346153846154,False
factors_finance,10,110,1,emotion_aware,30,logistic_regression,word_char,10.0,1.0,0.5905796262418082,0.5913461538461539,False
factors_finance,10,110,1,emotion_aware,31,linear_svm,word,0.1,0.05,0.561038961038961,0.5625,False
factors_finance,10,110,1,emotion_aware,32,linear_svm,word,0.1,0.1,0.561038961038961,0.5625,False
factors_finance,10,110,1,emotion_aware,33,linear_svm,word,0.1,0.25,0.5755102040816327,0.5769230769230769,False
factors_finance,10,110,1,emotion_aware,34,linear_svm,word,0.1,0.5,0.5752639517345399,0.5769230769230769,False
factors_finance,10,110,1,emotion_aware,35,linear_svm,word,0.1,1.0,0.5778021353468923,0.5793269230769231,False
factors_finance,10,110,1,emotion_aware,36,linear_svm,word,1.0,0.05,0.5518487628579372,0.5528846153846154,False
factors_finance,10,110,1,emotion_aware,37,linear_svm,word,1.0,0.1,0.5591765829931382,0.5600961538461537,False
factors_finance,10,110,1,emotion_aware,38,linear_svm,word,1.0,0.25,0.5593602945006859,0.5600961538461539,False
factors_finance,10,110,1,emotion_aware,39,linear_svm,word,1.0,0.5,0.5664960748442674,0.5673076923076923,False
factors_finance,10,110,1,emotion_aware,40,linear_svm,word,1.0,1.0,0.5713127851237756,0.5721153846153846,False
factors_finance,10,110,1,emotion_aware,41,linear_svm,word,10.0,0.05,0.561038961038961,0.5625,False
factors_finance,10,110,1,emotion_aware,42,linear_svm,word,10.0,0.1,0.5589722793499985,0.5600961538461539,False
factors_finance,10,110,1,emotion_aware,43,linear_svm,word,10.0,0.25,0.5663052543786489,0.5673076923076923,False
factors_finance,10,110,1,emotion_aware,44,linear_svm,word,10.0,0.5,0.5688120675178783,0.5697115384615385,False
factors_finance,10,110,1,emotion_aware,45,linear_svm,word,10.0,1.0,0.5713127851237756,0.5721153846153846,False
factors_finance,10,110,1,emotion_aware,46,linear_svm,word_char,0.1,0.05,0.597532080062567,0.5985576923076923,False
factors_finance,10,110,1,emotion_aware,47,linear_svm,word_char,0.1,0.1,0.5980350747261776,0.5985576923076923,False
factors_finance,10,110,1,emotion_aware,48,linear_svm,word_char,0.1,0.25,0.5980350747261776,0.5985576923076923,False
factors_finance,10,110,1,emotion_aware,49,linear_svm,word_char,0.1,0.5,0.589209786472734,0.5913461538461539,False
factors_finance,10,110,1,emotion_aware,50,linear_svm,word_char,0.1,1.0,0.5849170437405732,0.5865384615384616,False
factors_finance,10,110,1,emotion_aware,51,linear_svm,word_char,1.0,0.05,0.5846568217702238,0.5865384615384616,False
factors_finance,10,110,1,emotion_aware,52,linear_svm,word_char,1.0,0.1,0.5952182374200723,0.5961538461538463,False
factors_finance,10,110,1,emotion_aware,53,linear_svm,word_char,1.0,0.25,0.5878921298844249,0.5889423076923077,False
factors_finance,10,110,1,emotion_aware,54,linear_svm,word_char,1.0,0.5,0.5880830365673586,0.5889423076923077,False
factors_finance,10,110,1,emotion_aware,55,linear_svm,word_char,1.0,1.0,0.5882547014186736,0.5889423076923077,False
factors_finance,10,110,1,emotion_aware,56,linear_svm,word_char,10.0,0.05,0.5899814471243043,0.5913461538461539,False
factors_finance,10,110,1,emotion_aware,57,linear_svm,word_char,10.0,0.1,0.5902000324502237,0.5913461538461539,False
factors_finance,10,110,1,emotion_aware,58,linear_svm,word_char,10.0,0.25,0.5803339517625232,0.5817307692307692,False
factors_finance,10,110,1,emotion_aware,59,linear_svm,word_char,10.0,0.5,0.5849170437405732,0.5865384615384616,False
factors_finance,10,110,1,emotion_aware,60,linear_svm,word_char,10.0,1.0,0.5828594944559402,0.5841346153846154,False
factors_finance,10,110,2,text_only,1,logistic_regression,word,0.1,,0.6219316724674848,0.6220095693779903,False
factors_finance,10,110,2,text_only,2,logistic_regression,word,1.0,,0.6267942583732058,0.6267942583732058,False
factors_finance,10,110,2,text_only,3,logistic_regression,word,10.0,,0.5836939350230098,0.5837320574162679,False
factors_finance,10,110,2,text_only,4,logistic_regression,word_char,0.1,,0.6097776097776098,0.6100478468899522,False
factors_finance,10,110,2,text_only,5,logistic_regression,word_char,1.0,,0.6122981793198213,0.6124401913875598,False
factors_finance,10,110,2,text_only,6,logistic_regression,word_char,10.0,,0.6094017828990741,0.6100478468899522,False
factors_finance,10,110,2,text_only,7,linear_svm,word,0.1,,0.6291844805778288,0.6291866028708134,True
factors_finance,10,110,2,text_only,8,linear_svm,word,1.0,,0.5835795259361044,0.5837320574162679,False
factors_finance,10,110,2,text_only,9,linear_svm,word,10.0,,0.564343961883819,0.5645933014354068,False
factors_finance,10,110,2,text_only,10,linear_svm,word_char,0.1,,0.614653893943645,0.6148325358851674,False
factors_finance,10,110,2,text_only,11,linear_svm,word_char,1.0,,0.5927046793681363,0.5933014354066986,False
factors_finance,10,110,2,text_only,12,linear_svm,word_char,10.0,,0.5954135954135954,0.5956937799043063,False
factors_finance,10,110,2,emotion_aware,1,logistic_regression,word,0.1,0.05,0.6243481645573243,0.6244019138755981,False
factors_finance,10,110,2,emotion_aware,2,logistic_regression,word,0.1,0.1,0.6147244883354802,0.6148325358851674,False
factors_finance,10,110,2,emotion_aware,3,logistic_regression,word,0.1,0.25,0.5666855666855667,0.5669856459330144,False
factors_finance,10,110,2,emotion_aware,4,logistic_regression,word,0.1,0.5,0.5591627117866886,0.5598086124401913,False
factors_finance,10,110,2,emotion_aware,5,logistic_regression,word,0.1,1.0,0.5474091260634184,0.5478468899521531,False
factors_finance,10,110,2,emotion_aware,6,logistic_regression,word,1.0,0.05,0.6171459974354276,0.6172248803827751,False
factors_finance,10,110,2,emotion_aware,7,logistic_regression,word,1.0,0.1,0.6220009157509158,0.6220095693779905,False
factors_finance,10,110,2,emotion_aware,8,logistic_regression,word,1.0,0.25,0.6099920434576043,0.6100478468899522,False
factors_finance,10,110,2,emotion_aware,9,logistic_regression,word,1.0,0.5,0.6074308227964083,0.6076555023923444,False
factors_finance,10,110,2,emotion_aware,10,logistic_regression,word,1.0,1.0,0.6051524259338772,0.6052631578947368,False
factors_finance,10,110,2,emotion_aware,11,logistic_regression,word,10.0,0.05,0.5956914659203425,0.5956937799043063,False
factors_finance,10,110,2,emotion_aware,12,logistic_regression,word,10.0,0.1,0.6004212960577908,0.6004784688995215,False
factors_finance,10,110,2,emotion_aware,13,logistic_regression,word,10.0,0.25,0.5831212600591512,0.5837320574162679,False
factors_finance,10,110,2,emotion_aware,14,logistic_regression,word,10.0,0.5,0.578706248854682,0.5789473684210527,False
factors_finance,10,110,2,emotion_aware,15,logistic_regression,word,10.0,1.0,0.5833887043189369,0.5837320574162679,False
factors_finance,10,110,2,emotion_aware,16,logistic_regression,word_char,0.1,0.05,0.6171898253085147,0.6172248803827751,False
factors_finance,10,110,2,emotion_aware,17,logistic_regression,word_char,0.1,0.1,0.6171459974354276,0.6172248803827751,False
factors_finance,10,110,2,emotion_aware,18,logistic_regression,word_char,0.1,0.25,0.5929659754840187,0.5933014354066986,False
factors_finance,10,110,2,emotion_aware,19,logistic_regression,word_char,0.1,0.5,0.5644337570136265,0.5645933014354068,False
factors_finance,10,110,2,emotion_aware,20,logistic_regression,word_char,0.1,1.0,0.5593142647598093,0.5598086124401913,False
factors_finance,10,110,2,emotion_aware,21,logistic_regression,word_char,1.0,0.05,0.624399764198188,0.6244019138755981,True
factors_finance,10,110,2,emotion_aware,22,logistic_regression,word_char,1.0,0.1,0.6074308227964083,0.6076555023923444,False
factors_finance,10,110,2,emotion_aware,23,logistic_regression,word_char,1.0,0.25,0.6124401913875598,0.6124401913875598,False
factors_finance,10,110,2,emotion_aware,24,logistic_regression,word_char,1.0,0.5,0.6100456150592652,0.6100478468899522,False
factors_finance,10,110,2,emotion_aware,25,logistic_regression,word_char,1.0,1.0,0.6076465201465202,0.6076555023923444,False
factors_finance,10,110,2,emotion_aware,26,logistic_regression,word_char,10.0,0.05,0.5953023402366016,0.5956937799043063,False
factors_finance,10,110,2,emotion_aware,27,logistic_regression,word_char,10.0,0.1,0.6072148881554822,0.6076555023923444,False
factors_finance,10,110,2,emotion_aware,28,logistic_regression,word_char,10.0,0.25,0.6216977889792645,0.6220095693779903,False
factors_finance,10,110,2,emotion_aware,29,logistic_regression,word_char,10.0,0.5,0.6122981793198213,0.6124401913875598,False
factors_finance,10,110,2,emotion_aware,30,logistic_regression,word_char,10.0,1.0,0.6099384571346786,0.6100478468899522,False
factors_finance,10,110,2,emotion_aware,31,linear_svm,word,0.1,0.05,0.6147244883354802,0.6148325358851674,False
factors_finance,10,110,2,emotion_aware,32,linear_svm,word,0.1,0.1,0.6219749524921583,0.6220095693779903,False
factors_finance,10,110,2,emotion_aware,33,linear_svm,word,0.1,0.25,0.6171459974354276,0.6172248803827751,False
factors_finance,10,110,2,emotion_aware,34,linear_svm,word,0.1,0.5,0.6097776097776098,0.6100478468899522,False
factors_finance,10,110,2,emotion_aware,35,linear_svm,word,0.1,1.0,0.5955803635322742,0.5956937799043063,False
factors_finance,10,110,2,emotion_aware,36,linear_svm,word,1.0,0.05,0.5908880176287097,0.5909090909090909,False
factors_finance,10,110,2,emotion_aware,37,linear_svm,word,1.0,0.1,0.5979388526279629,0.5980861244019139,False
factors_finance,10,110,2,emotion_aware,38,linear_svm,word,1.0,0.25,0.588054638797213,0.5885167464114833,False
factors_finance,10,110,2,emotion_aware,39,linear_svm,word,1.0,0.5,0.5881773399014778,0.5885167464114833,False
factors_finance,10,110,2,emotion_aware,40,linear_svm,word,1.0,1.0,0.5929659754840187,0.5933014354066986,False
factors_finance,10,110,2,emotion_aware,41,linear_svm,word,10.0,0.05,0.5762615762615763,0.5765550239234449,False
factors_finance,10,110,2,emotion_aware,42,linear_svm,word,10.0,0.1,0.5762615762615763,0.5765550239234449,False
factors_finance,10,110,2,emotion_aware,43,linear_svm,word,10.0,0.25,0.5731855625157751,0.5741626794258373,False
factors_finance,10,110,2,emotion_aware,44,linear_svm,word,10.0,0.5,0.5754835526127047,0.5765550239234449,False
factors_finance,10,110,2,emotion_aware,45,linear_svm,word,10.0,1.0,0.5802803486283803,0.5813397129186603,False
factors_finance,10,110,2,emotion_aware,46,linear_svm,word_char,0.1,0.05,0.6172161172161172,0.6172248803827751,False
factors_finance,10,110,2,emotion_aware,47,linear_svm,word_char,0.1,0.1,0.6098669857938767,0.6100478468899522,False
factors_finance,10,110,2,emotion_aware,48,linear_svm,word_char,0.1,0.25,0.6171898253085147,0.6172248803827751,False
factors_finance,10,110,2,emotion_aware,49,linear_svm,word_char,0.1,0.5,0.6124313186813187,0.6124401913875598,False
factors_finance,10,110,2,emotion_aware,50,linear_svm,word_char,0.1,1.0,0.6099920434576043,0.6100478468899522,False
factors_finance,10,110,2,emotion_aware,51,linear_svm,word_char,1.0,0.05,0.599816550577579,0.6004784688995215,False
factors_finance,10,110,2,emotion_aware,52,linear_svm,word_char,1.0,0.1,0.6025432466491007,0.6028708133971292,False
factors_finance,10,110,2,emotion_aware,53,linear_svm,word_char,1.0,0.25,0.6044458973520759,0.6052631578947368,False
factors_finance,10,110,2,emotion_aware,54,linear_svm,word_char,1.0,0.5,0.6024248258159148,0.6028708133971292,False
factors_finance,10,110,2,emotion_aware,55,linear_svm,word_char,1.0,1.0,0.6073318822316417,0.6076555023923444,False
factors_finance,10,110,2,emotion_aware,56,linear_svm,word_char,10.0,0.05,0.6044458973520759,0.6052631578947368,False
factors_finance,10,110,2,emotion_aware,57,linear_svm,word_char,10.0,0.1,0.5902313182560839,0.5909090909090908,False
factors_finance,10,110,2,emotion_aware,58,linear_svm,word_char,10.0,0.25,0.6017676767676767,0.6028708133971292,False
factors_finance,10,110,2,emotion_aware,59,linear_svm,word_char,10.0,0.5,0.599467532691083,0.6004784688995215,False
factors_finance,10,110,2,emotion_aware,60,linear_svm,word_char,10.0,1.0,0.5992651913085909,0.6004784688995215,False
factors_finance,10,110,3,text_only,1,logistic_regression,word,0.1,,0.5610931645656776,0.562200956937799,False
factors_finance,10,110,3,text_only,2,logistic_regression,word,1.0,,0.5736844517785111,0.5741626794258373,False
factors_finance,10,110,3,text_only,3,logistic_regression,word,10.0,,0.5763586287454979,0.5765550239234449,False
factors_finance,10,110,3,text_only,4,logistic_regression,word_char,0.1,,0.5823552380733629,0.5837320574162679,False
factors_finance,10,110,3,text_only,5,logistic_regression,word_char,1.0,,0.5902313182560839,0.5909090909090908,False
factors_finance,10,110,3,text_only,6,logistic_regression,word_char,10.0,,0.6026433938061206,0.6028708133971292,False
factors_finance,10,110,3,text_only,7,linear_svm,word,0.1,,0.5781651376146789,0.5789473684210527,False
factors_finance,10,110,3,text_only,8,linear_svm,word,1.0,,0.5714735714735715,0.5717703349282297,False
factors_finance,10,110,3,text_only,9,linear_svm,word,10.0,,0.5811455368952663,0.5813397129186604,False
factors_finance,10,110,3,text_only,10,linear_svm,word_char,0.1,,0.5903816067713855,0.5909090909090909,False
factors_finance,10,110,3,text_only,11,linear_svm,word_char,1.0,,0.6121205178141826,0.6124401913875599,True
factors_finance,10,110,3,text_only,12,linear_svm,word_char,10.0,,0.6049896049896051,0.6052631578947368,False
factors_finance,10,110,3,emotion_aware,1,logistic_regression,word,0.1,0.05,0.5760090315703814,0.5765550239234449,False
factors_finance,10,110,3,emotion_aware,2,logistic_regression,word,0.1,0.1,0.5857236974019651,0.5861244019138756,False
factors_finance,10,110,3,emotion_aware,3,logistic_regression,word,0.1,0.25,0.5475335475335475,0.5478468899521531,False
factors_finance,10,110,3,emotion_aware,4,logistic_regression,word,0.1,0.5,0.5257838283828382,0.5263157894736843,False
factors_finance,10,110,3,emotion_aware,5,logistic_regression,word,0.1,1.0,0.5331695331695332,0.5334928229665072,False
factors_finance,10,110,3,emotion_aware,6,logistic_regression,word,1.0,0.05,0.5712181731700468,0.5717703349282297,False
factors_finance,10,110,3,emotion_aware,7,logistic_regression,word,1.0,0.1,0.5855907483710507,0.5861244019138756,False
factors_finance,10,110,3,emotion_aware,8,logistic_regression,word,1.0,0.25,0.5857236974019651,0.5861244019138756,False
factors_finance,10,110,3,emotion_aware,9,logistic_regression,word,1.0,0.5,0.5786000687363959,0.5789473684210527,False
factors_finance,10,110,3,emotion_aware,10,logistic_regression,word,1.0,1.0,0.5787930837054849,0.5789473684210527,False
factors_finance,10,110,3,emotion_aware,11,logistic_regression,word,10.0,0.05,0.5761450545673283,0.5765550239234449,False
factors_finance,10,110,3,emotion_aware,12,logistic_regression,word,10.0,0.1,0.5928447011367803,0.5933014354066986,False
factors_finance,10,110,3,emotion_aware,13,logistic_regression,word,10.0,0.25,0.5905130188192833,0.5909090909090909,False
factors_finance,10,110,3,emotion_aware,14,logistic_regression,word,10.0,0.5,0.5950239344168315,0.5956937799043063,False
factors_finance,10,110,3,emotion_aware,15,logistic_regression,word,10.0,1.0,0.592545871559633,0.5933014354066986,False
factors_finance,10,110,3,emotion_aware,16,logistic_regression,word_char,0.1,0.05,0.5877522935779816,0.5885167464114832,False
factors_finance,10,110,3,emotion_aware,17,logistic_regression,word_char,0.1,0.1,0.588054638797213,0.5885167464114833,False
factors_finance,10,110,3,emotion_aware,18,logistic_regression,word_char,0.1,0.25,0.5642341619887731,0.5645933014354068,False
factors_finance,10,110,3,emotion_aware,19,logistic_regression,word_char,0.1,0.5,0.5404068169323804,0.5406698564593302,False
factors_finance,10,110,3,emotion_aware,20,logistic_regression,word_char,0.1,1.0,0.537957537957538,0.5382775119617225,False
factors_finance,10,110,3,emotion_aware,21,logistic_regression,word_char,1.0,0.05,0.5928447011367803,0.5933014354066986,False
factors_finance,10,110,3,emotion_aware,22,logistic_regression,word_char,1.0,0.1,0.5903816067713855,0.5909090909090909,False
factors_finance,10,110,3,emotion_aware,23,logistic_regression,word_char,1.0,0.25,0.592545871559633,0.5933014354066986,False
factors_finance,10,110,3,emotion_aware,24,logistic_regression,word_char,1.0,0.5,0.5996513021684646,0.6004784688995215,False
factors_finance,10,110,3,emotion_aware,25,logistic_regression,word_char,1.0,1.0,0.599816550577579,0.6004784688995215,False
factors_finance,10,110,3,emotion_aware,26,logistic_regression,word_char,10.0,0.05,0.6025432466491007,0.6028708133971292,False
factors_finance,10,110,3,emotion_aware,27,logistic_regression,word_char,10.0,0.1,0.5928447011367803,0.5933014354066986,False
factors_finance,10,110,3,emotion_aware,28,logistic_regression,word_char,10.0,0.25,0.5973394495412844,0.5980861244019139,False
factors_finance,10,110,3,emotion_aware,29,logistic_regression,word_char,10.0,0.5,0.5946707366754073,0.5956937799043063,False
factors_finance,10,110,3,emotion_aware,30,logistic_regression,word_char,10.0,1.0,0.5923682338633809,0.5933014354066986,False
factors_finance,10,110,3,emotion_aware,31,linear_svm,word,0.1,0.05,0.568894389438944,0.569377990430622,False
factors_finance,10,110,3,emotion_aware,32,linear_svm,word,0.1,0.1,0.5832645764576457,0.5837320574162679,False
factors_finance,10,110,3,emotion_aware,33,linear_svm,word,0.1,0.25,0.5784745141180785,0.5789473684210527,False
factors_finance,10,110,3,emotion_aware,34,linear_svm,word,0.1,0.5,0.5714735714735715,0.5717703349282297,False
factors_finance,10,110,3,emotion_aware,35,linear_svm,word,0.1,1.0,0.5789088078393663,0.5789473684210527,False
factors_finance,10,110,3,emotion_aware,36,linear_svm,word,1.0,0.05,0.5953023402366016,0.5956937799043063,False
factors_finance,10,110,3,emotion_aware,37,linear_svm,word,1.0,0.1,0.5974963890226288,0.5980861244019139,False
factors_finance,10,110,3,emotion_aware,38,linear_svm,word,1.0,0.25,0.6024248258159148,0.6028708133971292,False
factors_finance,10,110,3,emotion_aware,39,linear_svm,word,1.0,0.5,0.6019595695371835,0.6028708133971292,False
factors_finance,10,110,3,emotion_aware,40,linear_svm,word,1.0,1.0,0.599467532691083,0.6004784688995215,False
factors_finance,10,110,3,emotion_aware,41,linear_svm,word,10.0,0.05,0.5832645764576457,0.5837320574162679,False
factors_finance,10,110,3,emotion_aware,42,linear_svm,word,10.0,0.1,0.5902313182560839,0.5909090909090908,False
factors_finance,10,110,3,emotion_aware,43,linear_svm,word,10.0,0.25,0.60009166165392,0.6004784688995215,False
factors_finance,10,110,3,emotion_aware,44,linear_svm,word,10.0,0.5,0.6121205178141826,0.6124401913875599,False
factors_finance,10,110,3,emotion_aware,45,linear_svm,word,10.0,1.0,0.6120049504950495,0.6124401913875599,False
factors_finance,10,110,3,emotion_aware,46,linear_svm,word_char,0.1,0.05,0.5951724651717202,0.5956937799043063,False
factors_finance,10,110,3,emotion_aware,47,linear_svm,word_char,0.1,0.1,0.5923682338633809,0.5933014354066986,False
factors_finance,10,110,3,emotion_aware,48,linear_svm,word_char,0.1,0.25,0.599467532691083,0.6004784688995215,False
factors_finance,10,110,3,emotion_aware,49,linear_svm,word_char,0.1,0.5,0.599467532691083,0.6004784688995215,False
factors_finance,10,110,3,emotion_aware,50,linear_svm,word_char,0.1,1.0,0.599816550577579,0.6004784688995215,False
factors_finance,10,110,3,emotion_aware,51,linear_svm,word_char,1.0,0.05,0.6073318822316417,0.6076555023923444,False
factors_finance,10,110,3,emotion_aware,52,linear_svm,word_char,1.0,0.1,0.6027252948585824,0.6028708133971292,False
factors_finance,10,110,3,emotion_aware,53,linear_svm,word_char,1.0,0.25,0.6115509052109864,0.6124401913875598,False
factors_finance,10,110,3,emotion_aware,54,linear_svm,word_char,1.0,0.5,0.6140350877192982,0.6148325358851674,True
factors_finance,10,110,3,emotion_aware,55,linear_svm,word_char,1.0,1.0,0.6040644105743563,0.6052631578947368,False
factors_finance,10,110,3,emotion_aware,56,linear_svm,word_char,10.0,0.05,0.6050800776441083,0.605263157894737,False
factors_finance,10,110,3,emotion_aware,57,linear_svm,word_char,10.0,0.1,0.6049896049896051,0.6052631578947368,False
factors_finance,10,110,3,emotion_aware,58,linear_svm,word_char,10.0,0.25,0.6095450403727242,0.6100478468899522,False
factors_finance,10,110,3,emotion_aware,59,linear_svm,word_char,10.0,0.5,0.6118715179861063,0.6124401913875598,False
factors_finance,10,110,3,emotion_aware,60,linear_svm,word_char,10.0,1.0,0.6094017828990741,0.6100478468899522,False
factors_finance,10,110,4,text_only,1,logistic_regression,word,0.1,,0.572508733223019,0.5741626794258373,True
factors_finance,10,110,4,text_only,2,logistic_regression,word,1.0,,0.5635942268419725,0.5645933014354068,False
factors_finance,10,110,4,text_only,3,logistic_regression,word,10.0,,0.5439511220341319,0.5454545454545454,False
factors_finance,10,110,4,text_only,4,logistic_regression,word_char,0.1,,0.5679536945586512,0.569377990430622,False
factors_finance,10,110,4,text_only,5,logistic_regression,word_char,1.0,,0.5541972477064221,0.5550239234449761,False
factors_finance,10,110,4,text_only,6,logistic_regression,word_char,10.0,,0.5450796196586092,0.5454545454545454,False
factors_finance,10,110,4,text_only,7,linear_svm,word,0.1,,0.556296368550002,0.5574162679425837,False
factors_finance,10,110,4,text_only,8,linear_svm,word,1.0,,0.5540028911681696,0.5550239234449761,False
factors_finance,10,110,4,text_only,9,linear_svm,word,10.0,,0.5572921139258623,0.5574162679425838,False
factors_finance,10,110,4,text_only,10,linear_svm,word_char,0.1,,0.5541972477064221,0.5550239234449761,False
factors_finance,10,110,4,text_only,11,linear_svm,word_char,1.0,,0.5475335475335475,0.5478468899521531,False
factors_finance,10,110,4,text_only,12,linear_svm,word_char,10.0,,0.5331695331695332,0.5334928229665072,False
factors_finance,10,110,4,emotion_aware,1,logistic_regression,word,0.1,0.05,0.5738992714602471,0.5765550239234449,False
factors_finance,10,110,4,emotion_aware,2,logistic_regression,word,0.1,0.1,0.577554723568459,0.5789473684210527,False
factors_finance,10,110,4,emotion_aware,3,logistic_regression,word,0.1,0.25,0.5441919191919192,0.5454545454545454,False
factors_finance,10,110,4,emotion_aware,4,logistic_regression,word,0.1,0.5,0.5612945406995751,0.562200956937799,False
factors_finance,10,110,4,emotion_aware,5,logistic_regression,word,0.1,1.0,0.556683005130851,0.5574162679425838,False
factors_finance,10,110,4,emotion_aware,6,logistic_regression,word,1.0,0.05,0.5679536945586512,0.569377990430622,False
factors_finance,10,110,4,emotion_aware,7,logistic_regression,word,1.0,0.1,0.5752690949797641,0.5765550239234449,False
factors_finance,10,110,4,emotion_aware,8,logistic_regression,word,1.0,0.25,0.5863862297496318,0.5885167464114833,True
factors_finance,10,110,4,emotion_aware,9,logistic_regression,word,1.0,0.5,0.5846386251500584,0.5861244019138756,False
factors_finance,10,110,4,emotion_aware,10,logistic_regression,word,1.0,1.0,0.5795856202764447,0.5813397129186604,False
factors_finance,10,110,4,emotion_aware,11,logistic_regression,word,10.0,0.05,0.5612945406995751,0.562200956937799,False
factors_finance,10,110,4,emotion_aware,12,logistic_regression,word,10.0,0.1,0.5637844036697248,0.5645933014354066,False
factors_finance,10,110,4,emotion_aware,13,logistic_regression,word,10.0,0.25,0.568894389438944,0.569377990430622,False
factors_finance,10,110,4,emotion_aware,14,logistic_regression,word,10.0,0.5,0.5712181731700468,0.5717703349282297,False
factors_finance,10,110,4,emotion_aware,15,logistic_regression,word,10.0,1.0,0.5637844036697248,0.5645933014354066,False
factors_finance,10,110,4,emotion_aware,16,logistic_regression,word_char,0.1,0.05,0.5600835044253896,0.562200956937799,False
factors_finance,10,110,4,emotion_aware,17,logistic_regression,word_char,0.1,0.1,0.5594551789673741,0.562200956937799,False
factors_finance,10,110,4,emotion_aware,18,logistic_regression,word_char,0.1,0.25,0.5520602876106195,0.5550239234449761,False
factors_finance,10,110,4,emotion_aware,19,logistic_regression,word_char,0.1,0.5,0.5694020015768604,0.5717703349282297,False
factors_finance,10,110,4,emotion_aware,20,logistic_regression,word_char,0.1,1.0,0.556296368550002,0.5574162679425837,False
factors_finance,10,110,4,emotion_aware,21,logistic_regression,word_char,1.0,0.05,0.5492072233312681,0.5502392344497608,False
factors_finance,10,110,4,emotion_aware,22,logistic_regression,word_char,1.0,0.1,0.5580989152417724,0.5598086124401914,False
factors_finance,10,110,4,emotion_aware,23,logistic_regression,word_char,1.0,0.25,0.5713265117994101,0.5741626794258373,False
factors_finance,10,110,4,emotion_aware,24,logistic_regression,word_char,1.0,0.5,0.5767673048600883,0.5789473684210527,False
factors_finance,10,110,4,emotion_aware,25,logistic_regression,word_char,1.0,1.0,0.5679536945586512,0.569377990430622,False
factors_finance,10,110,4,emotion_aware,26,logistic_regression,word_char,10.0,0.05,0.5637844036697248,0.5645933014354066,False
factors_finance,10,110,4,emotion_aware,27,logistic_regression,word_char,10.0,0.1,0.5731855625157751,0.5741626794258373,False
factors_finance,10,110,4,emotion_aware,28,logistic_regression,word_char,10.0,0.25,0.5637844036697248,0.5645933014354066,False
factors_finance,10,110,4,emotion_aware,29,logistic_regression,word_char,10.0,0.5,0.5667848124459611,0.5669856459330143,False
factors_finance,10,110,4,emotion_aware,30,logistic_regression,word_char,10.0,1.0,0.564343961883819,0.5645933014354068,False
factors_finance,10,110,4,emotion_aware,31,linear_svm,word,0.1,0.05,0.5696991655308454,0.5717703349282297,False
factors_finance,10,110,4,emotion_aware,32,linear_svm,word,0.1,0.1,0.5777777777777777,0.5789473684210527,False
factors_finance,10,110,4,emotion_aware,33,linear_svm,word,0.1,0.25,0.5742131523972307,0.5765550239234449,False
factors_finance,10,110,4,emotion_aware,34,linear_svm,word,0.1,0.5,0.5821152785438499,0.5837320574162679,False
factors_finance,10,110,4,emotion_aware,35,linear_svm,word,0.1,1.0,0.5745069960835734,0.5765550239234449,False
factors_finance,10,110,4,emotion_aware,36,linear_svm,word,1.0,0.05,0.5591627117866886,0.5598086124401913,False
factors_finance,10,110,4,emotion_aware,37,linear_svm,word,1.0,0.1,0.5540028911681696,0.5550239234449761,False
factors_finance,10,110,4,emotion_aware,38,linear_svm,word,1.0,0.25,0.5546568908236911,0.5550239234449761,False
factors_finance,10,110,4,emotion_aware,39,linear_svm,word,1.0,0.5,0.5608714371824679,0.562200956937799,False
factors_finance,10,110,4,emotion_aware,40,linear_svm,word,1.0,1.0,0.5512729986509373,0.5526315789473684,False
factors_finance,10,110,4,emotion_aware,41,linear_svm,word,10.0,0.05,0.5450796196586092,0.5454545454545454,False
factors_finance,10,110,4,emotion_aware,42,linear_svm,word,10.0,0.1,0.5378304832287817,0.5382775119617225,False
factors_finance,10,110,4,emotion_aware,43,linear_svm,word,10.0,0.25,0.5523215523215523,0.5526315789473684,False
factors_finance,10,110,4,emotion_aware,44,linear_svm,word,10.0,0.5,0.5497341400806748,0.5502392344497609,False
factors_finance,10,110,4,emotion_aware,45,linear_svm,word,10.0,1.0,0.5546568908236911,0.5550239234449761,False
factors_finance,10,110,4,emotion_aware,46,linear_svm,word_char,0.1,0.05,0.5467027765186507,0.5478468899521531,False
factors_finance,10,110,4,emotion_aware,47,linear_svm,word_char,0.1,0.1,0.5558274315188485,0.5574162679425837,False
factors_finance,10,110,4,emotion_aware,48,linear_svm,word_char,0.1,0.25,0.5754385964912281,0.5789473684210527,False
factors_finance,10,110,4,emotion_aware,49,linear_svm,word_char,0.1,0.5,0.5809596238938053,0.5837320574162679,False
factors_finance,10,110,4,emotion_aware,50,linear_svm,word_char,0.1,1.0,0.5699761487399063,0.5717703349282297,False
factors_finance,10,110,4,emotion_aware,51,linear_svm,word_char,1.0,0.05,0.5595565328935312,0.5598086124401914,False
factors_finance,10,110,4,emotion_aware,52,linear_svm,word_char,1.0,0.1,0.5642341619887731,0.5645933014354068,False
factors_finance,10,110,4,emotion_aware,53,linear_svm,word_char,1.0,0.25,0.5617770903153734,0.562200956937799,False
factors_finance,10,110,4,emotion_aware,54,linear_svm,word_char,1.0,0.5,0.5495792924777037,0.5502392344497608,False
factors_finance,10,110,4,emotion_aware,55,linear_svm,word_char,1.0,1.0,0.5497341400806748,0.5502392344497609,False
factors_finance,10,110,4,emotion_aware,56,linear_svm,word_char,10.0,0.05,0.554524202420242,0.5550239234449761,False
factors_finance,10,110,4,emotion_aware,57,linear_svm,word_char,10.0,0.1,0.5616364563693774,0.562200956937799,False
factors_finance,10,110,4,emotion_aware,58,linear_svm,word_char,10.0,0.25,0.5617770903153734,0.562200956937799,False
factors_finance,10,110,4,emotion_aware,59,linear_svm,word_char,10.0,0.5,0.5520547395687081,0.5526315789473684,False
factors_finance,10,110,4,emotion_aware,60,linear_svm,word_char,10.0,1.0,0.5541972477064221,0.5550239234449761,False
factors_finance,10,110,5,text_only,1,logistic_regression,word,0.1,,0.6171459974354276,0.6172248803827751,False
factors_finance,10,110,5,text_only,2,logistic_regression,word,1.0,,0.5980769230769231,0.5980861244019139,False
factors_finance,10,110,5,text_only,3,logistic_regression,word,10.0,,0.5837225274725275,0.5837320574162679,False
factors_finance,10,110,5,text_only,4,logistic_regression,word_char,0.1,,0.6172248803827751,0.6172248803827751,True
factors_finance,10,110,5,text_only,5,logistic_regression,word_char,1.0,,0.6052066697576975,0.6052631578947368,False
factors_finance,10,110,5,text_only,6,logistic_regression,word_char,10.0,,0.6004578885613714,0.6004784688995215,False
factors_finance,10,110,5,text_only,7,linear_svm,word,0.1,,0.6028344437575841,0.6028708133971292,False
factors_finance,10,110,5,text_only,8,linear_svm,word,1.0,,0.5907193531948032,0.5909090909090908,False
factors_finance,10,110,5,text_only,9,linear_svm,word,10.0,,0.5884319472430848,0.5885167464114833,False
factors_finance,10,110,5,text_only,10,linear_svm,word_char,0.1,,0.6052066697576975,0.6052631578947368,False
factors_finance,10,110,5,text_only,11,linear_svm,word_char,1.0,,0.6100456150592652,0.6100478468899522,False
factors_finance,10,110,5,text_only,12,linear_svm,word_char,10.0,,0.5909067495407015,0.5909090909090908,False
factors_finance,10,110,5,emotion_aware,1,logistic_regression,word,0.1,0.05,0.6338686131386861,0.6339712918660287,True
factors_finance,10,110,5,emotion_aware,2,logistic_regression,word,0.1,0.1,0.5884790622066534,0.5885167464114833,False
factors_finance,10,110,5,emotion_aware,3,logistic_regression,word,0.1,0.25,0.5620781451266639,0.562200956937799,False
factors_finance,10,110,5,emotion_aware,4,logistic_regression,word,0.1,0.5,0.554524202420242,0.5550239234449761,False
factors_finance,10,110,5,emotion_aware,5,logistic_regression,word,0.1,1.0,0.5520547395687081,0.5526315789473684,False
factors_finance,10,110,5,emotion_aware,6,logistic_regression,word,1.0,0.05,0.6220009157509158,0.6220095693779905,False
factors_finance,10,110,5,emotion_aware,7,logistic_regression,word,1.0,0.1,0.6196150478185471,0.6196172248803828,False
factors_finance,10,110,5,emotion_aware,8,logistic_regression,word,1.0,0.25,0.6145656145656146,0.6148325358851674,False
factors_finance,10,110,5,emotion_aware,9,logistic_regression,word,1.0,0.5,0.6051524259338772,0.6052631578947368,False
factors_finance,10,110,5,emotion_aware,10,logistic_regression,word,1.0,1.0,0.6026433938061206,0.6028708133971292,False
factors_finance,10,110,5,emotion_aware,11,logistic_regression,word,10.0,0.05,0.5813373167814198,0.5813397129186604,False
factors_finance,10,110,5,emotion_aware,12,logistic_regression,word,10.0,0.1,0.5813181466960478,0.5813397129186603,False
factors_finance,10,110,5,emotion_aware,13,logistic_regression,word,10.0,0.25,0.6004212960577908,0.6004784688995215,False
factors_finance,10,110,5,emotion_aware,14,logistic_regression,word,10.0,0.5,0.583732057416268,0.583732057416268,False
factors_finance,10,110,5,emotion_aware,15,logistic_regression,word,10.0,1.0,0.5837225274725275,0.5837320574162679,False
factors_finance,10,110,5,emotion_aware,16,logistic_regression,word_char,0.1,0.05,0.6148126949603641,0.6148325358851674,False
factors_finance,10,110,5,emotion_aware,17,logistic_regression,word_char,0.1,0.1,0.6124313186813187,0.6124401913875598,False
factors_finance,10,110,5,emotion_aware,18,logistic_regression,word_char,0.1,0.25,0.5813181466960478,0.5813397129186603,False
factors_finance,10,110,5,emotion_aware,19,logistic_regression,word_char,0.1,0.5,0.5639544214411811,0.5645933014354068,False
factors_finance,10,110,5,emotion_aware,20,logistic_regression,word_char,0.1,1.0,0.5614756212915986,0.562200956937799,False
factors_finance,10,110,5,emotion_aware,21,logistic_regression,word_char,1.0,0.05,0.6124046981248712,0.6124401913875599,False
factors_finance,10,110,5,emotion_aware,22,logistic_regression,word_char,1.0,0.1,0.6291844805778288,0.6291866028708134,False
factors_finance,10,110,5,emotion_aware,23,logistic_regression,word_char,1.0,0.25,0.621585075174184,0.6220095693779903,False
factors_finance,10,110,5,emotion_aware,24,logistic_regression,word_char,1.0,0.5,0.6047541819723896,0.6052631578947368,False
factors_finance,10,110,5,emotion_aware,25,logistic_regression,word_char,1.0,1.0,0.5976347634763477,0.5980861244019138,False
factors_finance,10,110,5,emotion_aware,26,logistic_regression,word_char,10.0,0.05,0.5956914659203425,0.5956937799043063,False
factors_finance,10,110,5,emotion_aware,27,logistic_regression,word_char,10.0,0.1,0.6100277594940331,0.6100478468899522,False
factors_finance,10,110,5,emotion_aware,28,logistic_regression,word_char,10.0,0.25,0.6171459974354276,0.6172248803827751,False
factors_finance,10,110,5,emotion_aware,29,logistic_regression,word_char,10.0,0.5,0.6195105195362817,0.6196172248803828,False
factors_finance,10,110,5,emotion_aware,30,logistic_regression,word_char,10.0,1.0,0.6075746473713134,0.6076555023923444,False
factors_finance,10,110,5,emotion_aware,31,linear_svm,word,0.1,0.05,0.6267600796758019,0.6267942583732058,False
factors_finance,10,110,5,emotion_aware,32,linear_svm,word,0.1,0.1,0.6220009157509158,0.6220095693779905,False
factors_finance,10,110,5,emotion_aware,33,linear_svm,word,0.1,0.25,0.6095450403727242,0.6100478468899522,False
factors_finance,10,110,5,emotion_aware,34,linear_svm,word,0.1,0.5,0.6050800776441083,0.605263157894737,False
factors_finance,10,110,5,emotion_aware,35,linear_svm,word,0.1,1.0,0.5954135954135954,0.5956937799043063,False
factors_finance,10,110,5,emotion_aware,36,linear_svm,word,1.0,0.05,0.583732057416268,0.583732057416268,False
factors_finance,10,110,5,emotion_aware,37,linear_svm,word,1.0,0.1,0.5908880176287097,0.5909090909090909,False
factors_finance,10,110,5,emotion_aware,38,linear_svm,word,1.0,0.25,0.6052066697576975,0.6052631578947368,False
factors_finance,10,110,5,emotion_aware,39,linear_svm,word,1.0,0.5,0.6075746473713134,0.6076555023923444,False
factors_finance,10,110,5,emotion_aware,40,linear_svm,word,1.0,1.0,0.5956729530950404,0.5956937799043063,False
factors_finance,10,110,5,emotion_aware,41,linear_svm,word,10.0,0.05,0.5836939350230098,0.5837320574162679,False
factors_finance,10,110,5,emotion_aware,42,linear_svm,word,10.0,0.1,0.5789088078393663,0.5789473684210527,False
factors_finance,10,110,5,emotion_aware,43,linear_svm,word,10.0,0.25,0.5908505486579774,0.5909090909090909,False
factors_finance,10,110,5,emotion_aware,44,linear_svm,word,10.0,0.5,0.5860651749580708,0.5861244019138756,False
factors_finance,10,110,5,emotion_aware,45,linear_svm,word,10.0,1.0,0.5836939350230098,0.5837320574162679,False
factors_finance,10,110,5,emotion_aware,46,linear_svm,word_char,0.1,0.05,0.6124046981248712,0.6124401913875599,False
factors_finance,10,110,5,emotion_aware,47,linear_svm,word_char,0.1,0.1,0.6195976304266949,0.6196172248803828,False
factors_finance,10,110,5,emotion_aware,48,linear_svm,word_char,0.1,0.25,0.6216977889792645,0.6220095693779903,False
factors_finance,10,110,5,emotion_aware,49,linear_svm,word_char,0.1,0.5,0.6070798083316138,0.6076555023923444,False
factors_finance,10,110,5,emotion_aware,50,linear_svm,word_char,0.1,1.0,0.5976347634763477,0.5980861244019138,False
factors_finance,10,110,5,emotion_aware,51,linear_svm,word_char,1.0,0.05,0.5956359223578841,0.5956937799043063,False
factors_finance,10,110,5,emotion_aware,52,linear_svm,word_char,1.0,0.1,0.6003663947330757,0.6004784688995215,False
factors_finance,10,110,5,emotion_aware,53,linear_svm,word_char,1.0,0.25,0.6195627908574176,0.6196172248803827,False
factors_finance,10,110,5,emotion_aware,54,linear_svm,word_char,1.0,0.5,0.6052608986796244,0.6052631578947368,False
factors_finance,10,110,5,emotion_aware,55,linear_svm,word_char,1.0,1.0,0.6100277594940331,0.6100478468899522,False
factors_finance,10,110,5,emotion_aware,56,linear_svm,word_char,10.0,0.05,0.5908880176287097,0.5909090909090909,False
factors_finance,10,110,5,emotion_aware,57,linear_svm,word_char,10.0,0.1,0.5908505486579774,0.5909090909090909,False
factors_finance,10,110,5,emotion_aware,58,linear_svm,word_char,10.0,0.25,0.6195627908574176,0.6196172248803827,False
factors_finance,10,110,5,emotion_aware,59,linear_svm,word_char,10.0,0.5,0.6171898253085147,0.6172248803827751,False
factors_finance,10,110,5,emotion_aware,60,linear_svm,word_char,10.0,1.0,0.6171898253085147,0.6172248803827751,False
