pair_id,split,dataset,repetition,seed
test_pair_0059,train,liar2_finance,1,11
train_pair_0476,train,liar2_finance,1,11
validation_pair_0041,train,liar2_finance,1,11
train_pair_0331,train,liar2_finance,1,11
train_pair_0056,train,liar2_finance,1,11
train_pair_0757,train,liar2_finance,1,11
train_pair_0664,train,liar2_finance,1,11
train_pair_0037,train,liar2_finance,1,11
validation_pair_0015,train,liar2_finance,1,11
train_pair_0428,train,liar2_finance,1,11
train_pair_0760,train,liar2_finance,1,11
train_pair_0219,train,liar2_finance,1,11
train_pair_0145,train,liar2_finance,1,11
validation_pair_0107,train,liar2_finance,1,11
train_pair_0098,train,liar2_finance,1,11
train_pair_0765,train,liar2_finance,1,11
validation_pair_0030,train,liar2_finance,1,11
test_pair_0058,train,liar2_finance,1,11
train_pair_0730,train,liar2_finance,1,11
train_pair_0790,train,liar2_finance,1,11
train_pair_0774,train,liar2_finance,1,11
train_pair_0341,train,liar2_finance,1,11
train_pair_0138,train,liar2_finance,1,11
train_pair_0258,train,liar2_finance,1,11
train_pair_0629,train,liar2_finance,1,11
train_pair_0345,train,liar2_finance,1,11
train_pair_0339,train,liar2_finance,1,11
train_pair_0497,train,liar2_finance,1,11
train_pair_0267,train,liar2_finance,1,11
train_pair_0309,train,liar2_finance,1,11
train_pair_0412,train,liar2_finance,1,11
train_pair_0615,train,liar2_finance,1,11
train_pair_0611,train,liar2_finance,1,11
train_pair_0263,train,liar2_finance,1,11
train_pair_0177,train,liar2_finance,1,11
train_pair_0472,train,liar2_finance,1,11
train_pair_0436,train,liar2_finance,1,11
train_pair_0139,train,liar2_finance,1,11
train_pair_0089,train,liar2_finance,1,11
train_pair_0142,train,liar2_finance,1,11
train_pair_0458,train,liar2_finance,1,11
train_pair_0235,train,liar2_finance,1,11
train_pair_0439,train,liar2_finance,1,11
train_pair_0535,train,liar2_finance,1,11
train_pair_0753,train,liar2_finance,1,11
train_pair_0085,train,liar2_finance,1,11
train_pair_0571,train,liar2_finance,1,11
train_pair_0687,train,liar2_finance,1,11
train_pair_0487,train,liar2_finance,1,11
test_pair_0030,train,liar2_finance,1,11
train_pair_0358,train,liar2_finance,1,11
train_pair_0528,train,liar2_finance,1,11
train_pair_0537,train,liar2_finance,1,11
test_pair_0076,train,liar2_finance,1,11
train_pair_0168,train,liar2_finance,1,11
train_pair_0748,train,liar2_finance,1,11
train_pair_0684,train,liar2_finance,1,11
train_pair_0686,train,liar2_finance,1,11
train_pair_0714,train,liar2_finance,1,11
train_pair_0802,train,liar2_finance,1,11
validation_pair_0096,train,liar2_finance,1,11
train_pair_0030,train,liar2_finance,1,11
train_pair_0337,train,liar2_finance,1,11
train_pair_0525,train,liar2_finance,1,11
train_pair_0738,train,liar2_finance,1,11
test_pair_0094,train,liar2_finance,1,11
train_pair_0451,train,liar2_finance,1,11
train_pair_0625,train,liar2_finance,1,11
train_pair_0304,train,liar2_finance,1,11
train_pair_0745,train,liar2_finance,1,11
train_pair_0389,train,liar2_finance,1,11
train_pair_0375,train,liar2_finance,1,11
train_pair_0157,train,liar2_finance,1,11
train_pair_0273,train,liar2_finance,1,11
train_pair_0095,train,liar2_finance,1,11
train_pair_0543,train,liar2_finance,1,11
validation_pair_0102,train,liar2_finance,1,11
train_pair_0520,train,liar2_finance,1,11
train_pair_0749,train,liar2_finance,1,11
train_pair_0595,train,liar2_finance,1,11
train_pair_0702,train,liar2_finance,1,11
train_pair_0654,train,liar2_finance,1,11
train_pair_0632,train,liar2_finance,1,11
train_pair_0118,train,liar2_finance,1,11
train_pair_0265,train,liar2_finance,1,11
train_pair_0741,train,liar2_finance,1,11
train_pair_0793,train,liar2_finance,1,11
train_pair_0567,train,liar2_finance,1,11
train_pair_0280,train,liar2_finance,1,11
train_pair_0335,train,liar2_finance,1,11
train_pair_0801,train,liar2_finance,1,11
train_pair_0722,train,liar2_finance,1,11
train_pair_0307,train,liar2_finance,1,11
train_pair_0736,train,liar2_finance,1,11
train_pair_0490,train,liar2_finance,1,11
train_pair_0107,train,liar2_finance,1,11
train_pair_0154,train,liar2_finance,1,11
test_pair_0070,train,liar2_finance,1,11
test_pair_0023,train,liar2_finance,1,11
train_pair_0243,train,liar2_finance,1,11
train_pair_0151,train,liar2_finance,1,11
train_pair_0218,train,liar2_finance,1,11
train_pair_0613,train,liar2_finance,1,11
validation_pair_0009,train,liar2_finance,1,11
train_pair_0782,train,liar2_finance,1,11
train_pair_0329,train,liar2_finance,1,11
train_pair_0061,train,liar2_finance,1,11
train_pair_0038,train,liar2_finance,1,11
train_pair_0178,train,liar2_finance,1,11
train_pair_0426,train,liar2_finance,1,11
train_pair_0739,train,liar2_finance,1,11
train_pair_0334,train,liar2_finance,1,11
train_pair_0377,train,liar2_finance,1,11
train_pair_0564,train,liar2_finance,1,11
train_pair_0202,train,liar2_finance,1,11
train_pair_0672,train,liar2_finance,1,11
train_pair_0150,train,liar2_finance,1,11
train_pair_0086,train,liar2_finance,1,11
validation_pair_0085,train,liar2_finance,1,11
train_pair_0523,train,liar2_finance,1,11
validation_pair_0066,train,liar2_finance,1,11
train_pair_0051,train,liar2_finance,1,11
train_pair_0302,train,liar2_finance,1,11
test_pair_0051,train,liar2_finance,1,11
train_pair_0248,train,liar2_finance,1,11
train_pair_0354,train,liar2_finance,1,11
train_pair_0165,train,liar2_finance,1,11
train_pair_0587,train,liar2_finance,1,11
train_pair_0604,train,liar2_finance,1,11
train_pair_0630,train,liar2_finance,1,11
test_pair_0056,train,liar2_finance,1,11
train_pair_0781,train,liar2_finance,1,11
train_pair_0453,train,liar2_finance,1,11
train_pair_0068,train,liar2_finance,1,11
train_pair_0372,train,liar2_finance,1,11
train_pair_0292,train,liar2_finance,1,11
train_pair_0282,train,liar2_finance,1,11
train_pair_0556,train,liar2_finance,1,11
validation_pair_0099,train,liar2_finance,1,11
test_pair_0046,train,liar2_finance,1,11
train_pair_0546,train,liar2_finance,1,11
validation_pair_0079,train,liar2_finance,1,11
train_pair_0395,train,liar2_finance,1,11
test_pair_0031,train,liar2_finance,1,11
train_pair_0269,train,liar2_finance,1,11
train_pair_0576,train,liar2_finance,1,11
validation_pair_0114,train,liar2_finance,1,11
train_pair_0063,train,liar2_finance,1,11
train_pair_0394,train,liar2_finance,1,11
test_pair_0052,train,liar2_finance,1,11
test_pair_0024,train,liar2_finance,1,11
validation_pair_0046,train,liar2_finance,1,11
train_pair_0102,train,liar2_finance,1,11
train_pair_0639,train,liar2_finance,1,11
train_pair_0074,train,liar2_finance,1,11
train_pair_0079,train,liar2_finance,1,11
train_pair_0503,train,liar2_finance,1,11
train_pair_0281,train,liar2_finance,1,11
test_pair_0086,train,liar2_finance,1,11
test_pair_0090,train,liar2_finance,1,11
train_pair_0278,train,liar2_finance,1,11
train_pair_0414,train,liar2_finance,1,11
train_pair_0580,train,liar2_finance,1,11
train_pair_0666,train,liar2_finance,1,11
train_pair_0370,train,liar2_finance,1,11
validation_pair_0007,train,liar2_finance,1,11
train_pair_0129,train,liar2_finance,1,11
train_pair_0584,train,liar2_finance,1,11
train_pair_0806,train,liar2_finance,1,11
train_pair_0554,train,liar2_finance,1,11
train_pair_0603,train,liar2_finance,1,11
train_pair_0502,train,liar2_finance,1,11
train_pair_0272,train,liar2_finance,1,11
validation_pair_0064,train,liar2_finance,1,11
validation_pair_0036,train,liar2_finance,1,11
train_pair_0393,train,liar2_finance,1,11
train_pair_0167,train,liar2_finance,1,11
train_pair_0683,train,liar2_finance,1,11
train_pair_0421,train,liar2_finance,1,11
train_pair_0799,train,liar2_finance,1,11
train_pair_0193,train,liar2_finance,1,11
train_pair_0310,train,liar2_finance,1,11
validation_pair_0047,train,liar2_finance,1,11
train_pair_0413,train,liar2_finance,1,11
train_pair_0166,train,liar2_finance,1,11
train_pair_0006,train,liar2_finance,1,11
train_pair_0262,train,liar2_finance,1,11
train_pair_0675,train,liar2_finance,1,11
train_pair_0017,train,liar2_finance,1,11
train_pair_0463,train,liar2_finance,1,11
train_pair_0387,train,liar2_finance,1,11
train_pair_0569,train,liar2_finance,1,11
train_pair_0043,train,liar2_finance,1,11
train_pair_0115,train,liar2_finance,1,11
validation_pair_0052,train,liar2_finance,1,11
validation_pair_0021,train,liar2_finance,1,11
train_pair_0052,train,liar2_finance,1,11
train_pair_0245,train,liar2_finance,1,11
train_pair_0776,train,liar2_finance,1,11
train_pair_0106,train,liar2_finance,1,11
train_pair_0529,train,liar2_finance,1,11
train_pair_0103,train,liar2_finance,1,11
train_pair_0744,train,liar2_finance,1,11
train_pair_0532,train,liar2_finance,1,11
train_pair_0616,train,liar2_finance,1,11
train_pair_0636,train,liar2_finance,1,11
train_pair_0442,train,liar2_finance,1,11
train_pair_0574,train,liar2_finance,1,11
train_pair_0720,train,liar2_finance,1,11
train_pair_0685,train,liar2_finance,1,11
train_pair_0665,train,liar2_finance,1,11
train_pair_0110,train,liar2_finance,1,11
train_pair_0638,train,liar2_finance,1,11
train_pair_0637,train,liar2_finance,1,11
train_pair_0015,train,liar2_finance,1,11
train_pair_0770,train,liar2_finance,1,11
validation_pair_0095,train,liar2_finance,1,11
train_pair_0104,train,liar2_finance,1,11
train_pair_0288,train,liar2_finance,1,11
train_pair_0658,train,liar2_finance,1,11
validation_pair_0105,train,liar2_finance,1,11
validation_pair_0051,train,liar2_finance,1,11
train_pair_0367,train,liar2_finance,1,11
train_pair_0084,train,liar2_finance,1,11
test_pair_0082,train,liar2_finance,1,11
train_pair_0173,train,liar2_finance,1,11
train_pair_0409,train,liar2_finance,1,11
train_pair_0384,train,liar2_finance,1,11
train_pair_0655,train,liar2_finance,1,11
train_pair_0667,train,liar2_finance,1,11
train_pair_0726,train,liar2_finance,1,11
test_pair_0045,train,liar2_finance,1,11
train_pair_0740,train,liar2_finance,1,11
train_pair_0291,train,liar2_finance,1,11
train_pair_0450,train,liar2_finance,1,11
train_pair_0809,train,liar2_finance,1,11
train_pair_0737,train,liar2_finance,1,11
train_pair_0431,train,liar2_finance,1,11
train_pair_0670,train,liar2_finance,1,11
train_pair_0365,train,liar2_finance,1,11
train_pair_0432,train,liar2_finance,1,11
train_pair_0552,train,liar2_finance,1,11
train_pair_0699,train,liar2_finance,1,11
validation_pair_0082,train,liar2_finance,1,11
train_pair_0592,train,liar2_finance,1,11
train_pair_0759,train,liar2_finance,1,11
train_pair_0460,train,liar2_finance,1,11
train_pair_0461,train,liar2_finance,1,11
train_pair_0653,train,liar2_finance,1,11
train_pair_0406,train,liar2_finance,1,11
train_pair_0300,train,liar2_finance,1,11
train_pair_0378,train,liar2_finance,1,11
test_pair_0063,train,liar2_finance,1,11
train_pair_0662,train,liar2_finance,1,11
test_pair_0042,train,liar2_finance,1,11
validation_pair_0010,train,liar2_finance,1,11
train_pair_0482,train,liar2_finance,1,11
train_pair_0314,train,liar2_finance,1,11
test_pair_0002,train,liar2_finance,1,11
train_pair_0588,train,liar2_finance,1,11
validation_pair_0004,train,liar2_finance,1,11
train_pair_0769,train,liar2_finance,1,11
train_pair_0364,train,liar2_finance,1,11
test_pair_0081,train,liar2_finance,1,11
train_pair_0792,train,liar2_finance,1,11
train_pair_0526,train,liar2_finance,1,11
test_pair_0003,train,liar2_finance,1,11
train_pair_0462,train,liar2_finance,1,11
test_pair_0050,train,liar2_finance,1,11
validation_pair_0002,train,liar2_finance,1,11
train_pair_0190,train,liar2_finance,1,11
train_pair_0548,train,liar2_finance,1,11
train_pair_0149,train,liar2_finance,1,11
validation_pair_0075,train,liar2_finance,1,11
train_pair_0128,train,liar2_finance,1,11
train_pair_0646,train,liar2_finance,1,11
train_pair_0026,train,liar2_finance,1,11
validation_pair_0019,train,liar2_finance,1,11
train_pair_0069,train,liar2_finance,1,11
train_pair_0716,train,liar2_finance,1,11
train_pair_0577,train,liar2_finance,1,11
train_pair_0408,train,liar2_finance,1,11
train_pair_0208,train,liar2_finance,1,11
train_pair_0681,train,liar2_finance,1,11
train_pair_0081,train,liar2_finance,1,11
train_pair_0486,train,liar2_finance,1,11
train_pair_0751,train,liar2_finance,1,11
train_pair_0663,train,liar2_finance,1,11
train_pair_0583,train,liar2_finance,1,11
train_pair_0233,train,liar2_finance,1,11
test_pair_0004,train,liar2_finance,1,11
validation_pair_0031,train,liar2_finance,1,11
train_pair_0101,train,liar2_finance,1,11
test_pair_0014,train,liar2_finance,1,11
train_pair_0678,train,liar2_finance,1,11
train_pair_0423,train,liar2_finance,1,11
train_pair_0005,train,liar2_finance,1,11
test_pair_0061,train,liar2_finance,1,11
train_pair_0197,train,liar2_finance,1,11
train_pair_0066,train,liar2_finance,1,11
test_pair_0054,train,liar2_finance,1,11
train_pair_0298,train,liar2_finance,1,11
train_pair_0488,train,liar2_finance,1,11
train_pair_0762,train,liar2_finance,1,11
train_pair_0299,train,liar2_finance,1,11
train_pair_0507,train,liar2_finance,1,11
validation_pair_0113,train,liar2_finance,1,11
train_pair_0547,train,liar2_finance,1,11
validation_pair_0094,train,liar2_finance,1,11
train_pair_0422,train,liar2_finance,1,11
train_pair_0199,train,liar2_finance,1,11
train_pair_0469,train,liar2_finance,1,11
test_pair_0073,train,liar2_finance,1,11
train_pair_0612,train,liar2_finance,1,11
train_pair_0016,train,liar2_finance,1,11
train_pair_0186,train,liar2_finance,1,11
train_pair_0209,train,liar2_finance,1,11
train_pair_0021,train,liar2_finance,1,11
train_pair_0323,train,liar2_finance,1,11
train_pair_0070,train,liar2_finance,1,11
validation_pair_0063,train,liar2_finance,1,11
train_pair_0297,train,liar2_finance,1,11
train_pair_0750,train,liar2_finance,1,11
test_pair_0048,train,liar2_finance,1,11
train_pair_0161,train,liar2_finance,1,11
test_pair_0049,train,liar2_finance,1,11
train_pair_0582,train,liar2_finance,1,11
train_pair_0695,train,liar2_finance,1,11
train_pair_0735,train,liar2_finance,1,11
test_pair_0008,train,liar2_finance,1,11
validation_pair_0024,train,liar2_finance,1,11
train_pair_0366,train,liar2_finance,1,11
train_pair_0065,train,liar2_finance,1,11
train_pair_0623,train,liar2_finance,1,11
test_pair_0026,train,liar2_finance,1,11
test_pair_0080,train,liar2_finance,1,11
train_pair_0401,train,liar2_finance,1,11
train_pair_0039,train,liar2_finance,1,11
train_pair_0216,train,liar2_finance,1,11
train_pair_0500,train,liar2_finance,1,11
train_pair_0296,train,liar2_finance,1,11
train_pair_0148,train,liar2_finance,1,11
train_pair_0541,train,liar2_finance,1,11
train_pair_0189,train,liar2_finance,1,11
train_pair_0594,train,liar2_finance,1,11
train_pair_0788,train,liar2_finance,1,11
train_pair_0518,train,liar2_finance,1,11
validation_pair_0018,train,liar2_finance,1,11
train_pair_0479,train,liar2_finance,1,11
train_pair_0368,train,liar2_finance,1,11
train_pair_0803,train,liar2_finance,1,11
test_pair_0087,train,liar2_finance,1,11
train_pair_0042,train,liar2_finance,1,11
test_pair_0005,train,liar2_finance,1,11
train_pair_0398,train,liar2_finance,1,11
validation_pair_0074,train,liar2_finance,1,11
train_pair_0563,train,liar2_finance,1,11
validation_pair_0058,train,liar2_finance,1,11
test_pair_0017,train,liar2_finance,1,11
train_pair_0100,train,liar2_finance,1,11
train_pair_0606,train,liar2_finance,1,11
train_pair_0597,train,liar2_finance,1,11
train_pair_0238,train,liar2_finance,1,11
train_pair_0075,train,liar2_finance,1,11
train_pair_0055,train,liar2_finance,1,11
test_pair_0027,train,liar2_finance,1,11
validation_pair_0032,train,liar2_finance,1,11
train_pair_0723,train,liar2_finance,1,11
train_pair_0036,train,liar2_finance,1,11
train_pair_0402,train,liar2_finance,1,11
train_pair_0608,train,liar2_finance,1,11
train_pair_0388,train,liar2_finance,1,11
train_pair_0599,train,liar2_finance,1,11
train_pair_0348,train,liar2_finance,1,11
train_pair_0062,train,liar2_finance,1,11
train_pair_0811,train,liar2_finance,1,11
train_pair_0369,train,liar2_finance,1,11
validation_pair_0059,train,liar2_finance,1,11
train_pair_0376,train,liar2_finance,1,11
train_pair_0480,train,liar2_finance,1,11
train_pair_0035,train,liar2_finance,1,11
train_pair_0355,train,liar2_finance,1,11
train_pair_0232,train,liar2_finance,1,11
validation_pair_0106,train,liar2_finance,1,11
train_pair_0780,train,liar2_finance,1,11
test_pair_0044,train,liar2_finance,1,11
test_pair_0029,train,liar2_finance,1,11
train_pair_0124,train,liar2_finance,1,11
train_pair_0635,train,liar2_finance,1,11
validation_pair_0078,train,liar2_finance,1,11
train_pair_0575,train,liar2_finance,1,11
train_pair_0153,train,liar2_finance,1,11
train_pair_0121,train,liar2_finance,1,11
train_pair_0050,train,liar2_finance,1,11
train_pair_0200,train,liar2_finance,1,11
train_pair_0391,train,liar2_finance,1,11
train_pair_0132,train,liar2_finance,1,11
validation_pair_0112,train,liar2_finance,1,11
train_pair_0433,train,liar2_finance,1,11
train_pair_0133,train,liar2_finance,1,11
train_pair_0691,train,liar2_finance,1,11
train_pair_0344,train,liar2_finance,1,11
train_pair_0795,train,liar2_finance,1,11
train_pair_0087,train,liar2_finance,1,11
train_pair_0276,train,liar2_finance,1,11
train_pair_0674,train,liar2_finance,1,11
train_pair_0800,train,liar2_finance,1,11
train_pair_0353,train,liar2_finance,1,11
train_pair_0023,train,liar2_finance,1,11
train_pair_0362,train,liar2_finance,1,11
train_pair_0447,train,liar2_finance,1,11
train_pair_0236,train,liar2_finance,1,11
train_pair_0441,train,liar2_finance,1,11
train_pair_0671,train,liar2_finance,1,11
test_pair_0012,train,liar2_finance,1,11
train_pair_0771,train,liar2_finance,1,11
train_pair_0119,train,liar2_finance,1,11
train_pair_0515,train,liar2_finance,1,11
train_pair_0270,train,liar2_finance,1,11
train_pair_0471,train,liar2_finance,1,11
train_pair_0761,train,liar2_finance,1,11
train_pair_0135,train,liar2_finance,1,11
train_pair_0731,train,liar2_finance,1,11
train_pair_0679,train,liar2_finance,1,11
train_pair_0083,train,liar2_finance,1,11
train_pair_0371,train,liar2_finance,1,11
validation_pair_0091,train,liar2_finance,1,11
train_pair_0122,train,liar2_finance,1,11
train_pair_0560,train,liar2_finance,1,11
train_pair_0082,train,liar2_finance,1,11
validation_pair_0062,train,liar2_finance,1,11
train_pair_0311,train,liar2_finance,1,11
train_pair_0786,train,liar2_finance,1,11
train_pair_0092,train,liar2_finance,1,11
train_pair_0449,train,liar2_finance,1,11
train_pair_0317,train,liar2_finance,1,11
train_pair_0468,train,liar2_finance,1,11
train_pair_0185,train,liar2_finance,1,11
train_pair_0617,train,liar2_finance,1,11
train_pair_0191,train,liar2_finance,1,11
train_pair_0491,train,liar2_finance,1,11
test_pair_0019,train,liar2_finance,1,11
test_pair_0022,train,liar2_finance,1,11
train_pair_0609,train,liar2_finance,1,11
train_pair_0146,train,liar2_finance,1,11
train_pair_0160,train,liar2_finance,1,11
test_pair_0064,train,liar2_finance,1,11
train_pair_0045,train,liar2_finance,1,11
train_pair_0470,train,liar2_finance,1,11
train_pair_0411,train,liar2_finance,1,11
train_pair_0127,train,liar2_finance,1,11
train_pair_0593,train,liar2_finance,1,11
train_pair_0279,train,liar2_finance,1,11
train_pair_0533,train,liar2_finance,1,11
train_pair_0091,train,liar2_finance,1,11
train_pair_0172,train,liar2_finance,1,11
test_pair_0077,train,liar2_finance,1,11
test_pair_0032,train,liar2_finance,1,11
train_pair_0213,train,liar2_finance,1,11
validation_pair_0093,train,liar2_finance,1,11
train_pair_0493,train,liar2_finance,1,11
train_pair_0659,train,liar2_finance,1,11
validation_pair_0005,train,liar2_finance,1,11
validation_pair_0068,train,liar2_finance,1,11
train_pair_0700,train,liar2_finance,1,11
train_pair_0437,train,liar2_finance,1,11
train_pair_0211,train,liar2_finance,1,11
test_pair_0057,train,liar2_finance,1,11
validation_pair_0100,train,liar2_finance,1,11
train_pair_0126,train,liar2_finance,1,11
train_pair_0768,train,liar2_finance,1,11
train_pair_0053,train,liar2_finance,1,11
train_pair_0677,train,liar2_finance,1,11
train_pair_0618,train,liar2_finance,1,11
train_pair_0264,train,liar2_finance,1,11
train_pair_0312,train,liar2_finance,1,11
train_pair_0465,train,liar2_finance,1,11
train_pair_0025,train,liar2_finance,1,11
train_pair_0718,train,liar2_finance,1,11
train_pair_0060,train,liar2_finance,1,11
train_pair_0756,train,liar2_finance,1,11
train_pair_0601,train,liar2_finance,1,11
validation_pair_0098,train,liar2_finance,1,11
train_pair_0729,train,liar2_finance,1,11
validation_pair_0109,train,liar2_finance,1,11
train_pair_0459,train,liar2_finance,1,11
train_pair_0019,train,liar2_finance,1,11
train_pair_0703,train,liar2_finance,1,11
train_pair_0212,train,liar2_finance,1,11
train_pair_0633,train,liar2_finance,1,11
train_pair_0054,train,liar2_finance,1,11
validation_pair_0025,train,liar2_finance,1,11
train_pair_0725,train,liar2_finance,1,11
train_pair_0204,train,liar2_finance,1,11
train_pair_0510,train,liar2_finance,1,11
train_pair_0705,train,liar2_finance,1,11
train_pair_0600,train,liar2_finance,1,11
train_pair_0004,train,liar2_finance,1,11
validation_pair_0080,train,liar2_finance,1,11
validation_pair_0012,train,liar2_finance,1,11
validation_pair_0089,train,liar2_finance,1,11
train_pair_0498,train,liar2_finance,1,11
test_pair_0015,train,liar2_finance,1,11
train_pair_0175,train,liar2_finance,1,11
train_pair_0627,train,liar2_finance,1,11
validation_pair_0014,train,liar2_finance,1,11
train_pair_0059,train,liar2_finance,1,11
test_pair_0062,train,liar2_finance,1,11
test_pair_0039,train,liar2_finance,1,11
validation_pair_0045,train,liar2_finance,1,11
train_pair_0435,train,liar2_finance,1,11
train_pair_0346,train,liar2_finance,1,11
train_pair_0048,train,liar2_finance,1,11
train_pair_0555,train,liar2_finance,1,11
validation_pair_0011,train,liar2_finance,1,11
train_pair_0386,train,liar2_finance,1,11
validation_pair_0037,train,liar2_finance,1,11
train_pair_0226,train,liar2_finance,1,11
train_pair_0283,train,liar2_finance,1,11
train_pair_0234,train,liar2_finance,1,11
train_pair_0379,train,liar2_finance,1,11
test_pair_0074,train,liar2_finance,1,11
train_pair_0194,train,liar2_finance,1,11
train_pair_0303,train,liar2_finance,1,11
train_pair_0689,train,liar2_finance,1,11
train_pair_0064,train,liar2_finance,1,11
train_pair_0626,train,liar2_finance,1,11
train_pair_0159,train,liar2_finance,1,11
train_pair_0249,train,liar2_finance,1,11
train_pair_0284,train,liar2_finance,1,11
train_pair_0622,train,liar2_finance,1,11
train_pair_0492,train,liar2_finance,1,11
test_pair_0069,train,liar2_finance,1,11
validation_pair_0049,train,liar2_finance,1,11
train_pair_0141,train,liar2_finance,1,11
train_pair_0034,train,liar2_finance,1,11
train_pair_0747,train,liar2_finance,1,11
train_pair_0131,train,liar2_finance,1,11
validation_pair_0111,train,liar2_finance,1,11
test_pair_0067,train,liar2_finance,1,11
train_pair_0318,train,liar2_finance,1,11
train_pair_0301,train,liar2_finance,1,11
train_pair_0256,train,liar2_finance,1,11
train_pair_0255,train,liar2_finance,1,11
train_pair_0196,train,liar2_finance,1,11
train_pair_0221,train,liar2_finance,1,11
train_pair_0538,train,liar2_finance,1,11
train_pair_0123,train,liar2_finance,1,11
train_pair_0624,train,liar2_finance,1,11
train_pair_0328,train,liar2_finance,1,11
train_pair_0505,train,liar2_finance,1,11
train_pair_0158,train,liar2_finance,1,11
train_pair_0342,train,liar2_finance,1,11
train_pair_0719,train,liar2_finance,1,11
train_pair_0093,train,liar2_finance,1,11
train_pair_0120,train,liar2_finance,1,11
train_pair_0170,train,liar2_finance,1,11
train_pair_0558,train,liar2_finance,1,11
train_pair_0184,train,liar2_finance,1,11
train_pair_0240,train,liar2_finance,1,11
train_pair_0706,train,liar2_finance,1,11
train_pair_0027,train,liar2_finance,1,11
test_pair_0036,train,liar2_finance,1,11
validation_pair_0073,train,liar2_finance,1,11
train_pair_0644,train,liar2_finance,1,11
train_pair_0521,train,liar2_finance,1,11
train_pair_0816,train,liar2_finance,1,11
train_pair_0260,train,liar2_finance,1,11
train_pair_0333,train,liar2_finance,1,11
train_pair_0286,train,liar2_finance,1,11
train_pair_0049,train,liar2_finance,1,11
train_pair_0400,train,liar2_finance,1,11
test_pair_0088,train,liar2_finance,1,11
train_pair_0539,train,liar2_finance,1,11
test_pair_0093,train,liar2_finance,1,11
train_pair_0676,train,liar2_finance,1,11
train_pair_0294,train,liar2_finance,1,11
train_pair_0578,train,liar2_finance,1,11
test_pair_0091,train,liar2_finance,1,11
test_pair_0065,train,liar2_finance,1,11
train_pair_0657,train,liar2_finance,1,11
train_pair_0477,train,liar2_finance,1,11
train_pair_0545,train,liar2_finance,1,11
train_pair_0383,train,liar2_finance,1,11
test_pair_0016,train,liar2_finance,1,11
test_pair_0018,train,liar2_finance,1,11
test_pair_0033,train,liar2_finance,1,11
train_pair_0652,train,liar2_finance,1,11
train_pair_0327,train,liar2_finance,1,11
train_pair_0763,train,liar2_finance,1,11
train_pair_0181,train,liar2_finance,1,11
train_pair_0224,train,liar2_finance,1,11
train_pair_0712,train,liar2_finance,1,11
train_pair_0223,train,liar2_finance,1,11
train_pair_0707,train,liar2_finance,1,11
train_pair_0530,train,liar2_finance,1,11
train_pair_0073,train,liar2_finance,1,11
train_pair_0183,train,liar2_finance,1,11
train_pair_0779,train,liar2_finance,1,11
train_pair_0143,train,liar2_finance,1,11
validation_pair_0054,train,liar2_finance,1,11
train_pair_0192,train,liar2_finance,1,11
train_pair_0570,train,liar2_finance,1,11
train_pair_0130,train,liar2_finance,1,11
validation_pair_0086,train,liar2_finance,1,11
train_pair_0374,train,liar2_finance,1,11
train_pair_0088,train,liar2_finance,1,11
train_pair_0522,train,liar2_finance,1,11
validation_pair_0097,train,liar2_finance,1,11
train_pair_0338,train,liar2_finance,1,11
train_pair_0711,train,liar2_finance,1,11
train_pair_0013,train,liar2_finance,1,11
train_pair_0356,train,liar2_finance,1,11
train_pair_0605,train,liar2_finance,1,11
test_pair_0038,train,liar2_finance,1,11
train_pair_0363,train,liar2_finance,1,11
train_pair_0180,train,liar2_finance,1,11
train_pair_0579,train,liar2_finance,1,11
train_pair_0210,train,liar2_finance,1,11
train_pair_0404,train,liar2_finance,1,11
train_pair_0109,train,liar2_finance,1,11
train_pair_0405,train,liar2_finance,1,11
train_pair_0758,train,liar2_finance,1,11
test_pair_0083,train,liar2_finance,1,11
train_pair_0325,train,liar2_finance,1,11
train_pair_0322,train,liar2_finance,1,11
train_pair_0566,train,liar2_finance,1,11
test_pair_0089,train,liar2_finance,1,11
train_pair_0419,train,liar2_finance,1,11
train_pair_0586,train,liar2_finance,1,11
train_pair_0136,train,liar2_finance,1,11
train_pair_0589,train,liar2_finance,1,11
train_pair_0251,train,liar2_finance,1,11
test_pair_0079,train,liar2_finance,1,11
train_pair_0559,train,liar2_finance,1,11
train_pair_0195,train,liar2_finance,1,11
test_pair_0011,train,liar2_finance,1,11
train_pair_0380,train,liar2_finance,1,11
train_pair_0176,train,liar2_finance,1,11
train_pair_0783,train,liar2_finance,1,11
train_pair_0114,train,liar2_finance,1,11
validation_pair_0087,train,liar2_finance,1,11
validation_pair_0055,train,liar2_finance,1,11
train_pair_0351,train,liar2_finance,1,11
validation_pair_0042,train,liar2_finance,1,11
train_pair_0080,train,liar2_finance,1,11
train_pair_0162,train,liar2_finance,1,11
validation_pair_0110,train,liar2_finance,1,11
train_pair_0641,train,liar2_finance,1,11
train_pair_0682,train,liar2_finance,1,11
train_pair_0810,train,liar2_finance,1,11
train_pair_0336,train,liar2_finance,1,11
validation_pair_0090,train,liar2_finance,1,11
train_pair_0614,train,liar2_finance,1,11
train_pair_0640,train,liar2_finance,1,11
train_pair_0648,train,liar2_finance,1,11
train_pair_0651,train,liar2_finance,1,11
train_pair_0464,train,liar2_finance,1,11
validation_pair_0028,train,liar2_finance,1,11
train_pair_0483,train,liar2_finance,1,11
test_pair_0053,train,liar2_finance,1,11
train_pair_0791,train,liar2_finance,1,11
test_pair_0020,train,liar2_finance,1,11
train_pair_0661,train,liar2_finance,1,11
train_pair_0504,train,liar2_finance,1,11
train_pair_0125,train,liar2_finance,1,11
train_pair_0171,train,liar2_finance,1,11
train_pair_0557,train,liar2_finance,1,11
train_pair_0231,train,liar2_finance,1,11
test_pair_0010,train,liar2_finance,1,11
train_pair_0033,train,liar2_finance,1,11
test_pair_0043,train,liar2_finance,1,11
train_pair_0775,train,liar2_finance,1,11
train_pair_0690,train,liar2_finance,1,11
test_pair_0072,train,liar2_finance,1,11
test_pair_0060,train,liar2_finance,1,11
train_pair_0253,train,liar2_finance,1,11
train_pair_0155,train,liar2_finance,1,11
train_pair_0709,train,liar2_finance,1,11
train_pair_0531,train,liar2_finance,1,11
train_pair_0324,train,liar2_finance,1,11
train_pair_0274,train,liar2_finance,1,11
train_pair_0067,train,liar2_finance,1,11
train_pair_0430,train,liar2_finance,1,11
test_pair_0001,train,liar2_finance,1,11
validation_pair_0020,train,liar2_finance,1,11
train_pair_0277,train,liar2_finance,1,11
train_pair_0044,train,liar2_finance,1,11
train_pair_0058,train,liar2_finance,1,11
validation_pair_0001,train,liar2_finance,1,11
train_pair_0456,train,liar2_finance,1,11
train_pair_0429,train,liar2_finance,1,11
train_pair_0349,train,liar2_finance,1,11
train_pair_0012,train,liar2_finance,1,11
train_pair_0315,train,liar2_finance,1,11
train_pair_0011,train,liar2_finance,1,11
train_pair_0692,train,liar2_finance,1,11
train_pair_0517,train,liar2_finance,1,11
train_pair_0105,train,liar2_finance,1,11
train_pair_0513,train,liar2_finance,1,11
train_pair_0382,train,liar2_finance,1,11
train_pair_0565,train,liar2_finance,1,11
train_pair_0443,train,liar2_finance,1,11
train_pair_0734,train,liar2_finance,1,11
train_pair_0031,train,liar2_finance,1,11
train_pair_0014,train,liar2_finance,1,11
train_pair_0743,train,liar2_finance,1,11
train_pair_0766,train,liar2_finance,1,11
test_pair_0078,train,liar2_finance,1,11
train_pair_0694,train,liar2_finance,1,11
train_pair_0169,train,liar2_finance,1,11
train_pair_0227,train,liar2_finance,1,11
validation_pair_0038,train,liar2_finance,1,11
train_pair_0572,train,liar2_finance,1,11
train_pair_0201,train,liar2_finance,1,11
test_pair_0028,train,liar2_finance,1,11
train_pair_0385,train,liar2_finance,1,11
train_pair_0313,train,liar2_finance,1,11
train_pair_0772,train,liar2_finance,1,11
train_pair_0008,train,liar2_finance,1,11
train_pair_0534,train,liar2_finance,1,11
train_pair_0457,train,liar2_finance,1,11
train_pair_0152,train,liar2_finance,1,11
train_pair_0228,train,liar2_finance,1,11
train_pair_0203,train,liar2_finance,1,11
train_pair_0727,train,liar2_finance,1,11
train_pair_0275,train,liar2_finance,1,11
train_pair_0643,train,liar2_finance,1,11
train_pair_0733,train,liar2_finance,1,11
train_pair_0598,train,liar2_finance,1,11
validation_pair_0084,train,liar2_finance,1,11
train_pair_0424,train,liar2_finance,1,11
train_pair_0708,train,liar2_finance,1,11
train_pair_0701,train,liar2_finance,1,11
train_pair_0018,train,liar2_finance,1,11
train_pair_0357,train,liar2_finance,1,11
validation_pair_0008,train,liar2_finance,1,11
train_pair_0755,train,liar2_finance,1,11
train_pair_0610,train,liar2_finance,1,11
train_pair_0057,train,liar2_finance,1,11
train_pair_0536,train,liar2_finance,1,11
train_pair_0710,train,liar2_finance,1,11
train_pair_0111,train,liar2_finance,1,11
train_pair_0399,train,liar2_finance,1,11
validation_pair_0069,train,liar2_finance,1,11
train_pair_0198,train,liar2_finance,1,11
train_pair_0222,train,liar2_finance,1,11
validation_pair_0070,train,liar2_finance,1,11
train_pair_0041,train,liar2_finance,1,11
train_pair_0732,train,liar2_finance,1,11
validation_pair_0039,train,liar2_finance,1,11
validation_pair_0026,train,liar2_finance,1,11
train_pair_0215,train,liar2_finance,1,11
train_pair_0022,train,liar2_finance,1,11
train_pair_0237,train,liar2_finance,1,11
validation_pair_0053,train,liar2_finance,1,11
train_pair_0767,train,liar2_finance,1,11
train_pair_0113,train,liar2_finance,1,11
validation_pair_0040,train,liar2_finance,1,11
train_pair_0752,train,liar2_finance,1,11
train_pair_0214,train,liar2_finance,1,11
validation_pair_0033,train,liar2_finance,1,11
train_pair_0290,train,liar2_finance,1,11
validation_pair_0077,train,liar2_finance,1,11
test_pair_0075,train,liar2_finance,1,11
train_pair_0514,train,liar2_finance,1,11
train_pair_0072,train,liar2_finance,1,11
train_pair_0585,train,liar2_finance,1,11
train_pair_0542,train,liar2_finance,1,11
train_pair_0777,train,liar2_finance,1,11
validation_pair_0023,train,liar2_finance,1,11
train_pair_0721,train,liar2_finance,1,11
train_pair_0628,train,liar2_finance,1,11
train_pair_0163,train,liar2_finance,1,11
train_pair_0220,train,liar2_finance,1,11
train_pair_0320,train,liar2_finance,1,11
train_pair_0438,train,liar2_finance,1,11
train_pair_0475,train,liar2_finance,1,11
validation_pair_0027,train,liar2_finance,1,11
train_pair_0096,train,liar2_finance,1,11
train_pair_0693,train,liar2_finance,1,11
train_pair_0434,train,liar2_finance,1,11
train_pair_0205,train,liar2_finance,1,11
train_pair_0097,train,liar2_finance,1,11
train_pair_0287,train,liar2_finance,1,11
train_pair_0415,train,liar2_finance,1,11
train_pair_0407,train,liar2_finance,1,11
train_pair_0814,train,liar2_finance,1,11
train_pair_0478,train,liar2_finance,1,11
validation_pair_0101,train,liar2_finance,1,11
train_pair_0076,train,liar2_finance,1,11
train_pair_0466,train,liar2_finance,1,11
train_pair_0673,train,liar2_finance,1,11
validation_pair_0056,train,liar2_finance,1,11
train_pair_0697,train,liar2_finance,1,11
train_pair_0805,train,liar2_finance,1,11
train_pair_0815,train,liar2_finance,1,11
train_pair_0020,train,liar2_finance,1,11
train_pair_0352,train,liar2_finance,1,11
train_pair_0754,train,liar2_finance,1,11
train_pair_0728,train,liar2_finance,1,11
train_pair_0206,train,liar2_finance,1,11
train_pair_0090,train,liar2_finance,1,11
test_pair_0009,train,liar2_finance,1,11
train_pair_0669,train,liar2_finance,1,11
train_pair_0316,train,liar2_finance,1,11
train_pair_0445,train,liar2_finance,1,11
train_pair_0078,train,liar2_finance,1,11
train_pair_0239,train,liar2_finance,1,11
train_pair_0207,train,liar2_finance,1,11
train_pair_0046,train,liar2_finance,1,11
train_pair_0550,train,liar2_finance,1,11
train_pair_0773,train,liar2_finance,1,11
train_pair_0308,train,liar2_finance,1,11
train_pair_0094,train,liar2_finance,1,11
train_pair_0474,train,liar2_finance,1,11
train_pair_0350,train,liar2_finance,1,11
train_pair_0359,train,liar2_finance,1,11
train_pair_0494,train,liar2_finance,1,11
train_pair_0508,train,liar2_finance,1,11
train_pair_0230,validation,liar2_finance,1,11
train_pair_0247,validation,liar2_finance,1,11
validation_pair_0092,validation,liar2_finance,1,11
train_pair_0144,validation,liar2_finance,1,11
train_pair_0252,validation,liar2_finance,1,11
train_pair_0789,validation,liar2_finance,1,11
test_pair_0006,validation,liar2_finance,1,11
test_pair_0068,validation,liar2_finance,1,11
train_pair_0540,validation,liar2_finance,1,11
test_pair_0021,validation,liar2_finance,1,11
train_pair_0241,validation,liar2_finance,1,11
train_pair_0390,validation,liar2_finance,1,11
validation_pair_0017,validation,liar2_finance,1,11
train_pair_0499,validation,liar2_finance,1,11
train_pair_0704,validation,liar2_finance,1,11
train_pair_0040,validation,liar2_finance,1,11
train_pair_0440,validation,liar2_finance,1,11
train_pair_0261,validation,liar2_finance,1,11
train_pair_0373,validation,liar2_finance,1,11
train_pair_0007,validation,liar2_finance,1,11
validation_pair_0044,validation,liar2_finance,1,11
train_pair_0134,validation,liar2_finance,1,11
train_pair_0032,validation,liar2_finance,1,11
train_pair_0397,validation,liar2_finance,1,11
train_pair_0596,validation,liar2_finance,1,11
train_pair_0501,validation,liar2_finance,1,11
train_pair_0602,validation,liar2_finance,1,11
train_pair_0343,validation,liar2_finance,1,11
train_pair_0137,validation,liar2_finance,1,11
train_pair_0746,validation,liar2_finance,1,11
train_pair_0796,validation,liar2_finance,1,11
train_pair_0029,validation,liar2_finance,1,11
train_pair_0680,validation,liar2_finance,1,11
train_pair_0289,validation,liar2_finance,1,11
train_pair_0649,validation,liar2_finance,1,11
train_pair_0785,validation,liar2_finance,1,11
train_pair_0246,validation,liar2_finance,1,11
train_pair_0418,validation,liar2_finance,1,11
train_pair_0156,validation,liar2_finance,1,11
train_pair_0764,validation,liar2_finance,1,11
train_pair_0420,validation,liar2_finance,1,11
train_pair_0321,validation,liar2_finance,1,11
test_pair_0071,validation,liar2_finance,1,11
train_pair_0581,validation,liar2_finance,1,11
test_pair_0085,validation,liar2_finance,1,11
train_pair_0244,validation,liar2_finance,1,11
validation_pair_0081,validation,liar2_finance,1,11
train_pair_0381,validation,liar2_finance,1,11
train_pair_0332,validation,liar2_finance,1,11
train_pair_0305,validation,liar2_finance,1,11
train_pair_0496,validation,liar2_finance,1,11
train_pair_0519,validation,liar2_finance,1,11
validation_pair_0048,validation,liar2_finance,1,11
train_pair_0742,validation,liar2_finance,1,11
train_pair_0668,validation,liar2_finance,1,11
train_pair_0028,validation,liar2_finance,1,11
train_pair_0489,validation,liar2_finance,1,11
train_pair_0009,validation,liar2_finance,1,11
validation_pair_0104,validation,liar2_finance,1,11
train_pair_0807,validation,liar2_finance,1,11
train_pair_0553,validation,liar2_finance,1,11
train_pair_0452,validation,liar2_finance,1,11
train_pair_0549,validation,liar2_finance,1,11
train_pair_0268,validation,liar2_finance,1,11
validation_pair_0003,validation,liar2_finance,1,11
validation_pair_0043,validation,liar2_finance,1,11
test_pair_0040,validation,liar2_finance,1,11
train_pair_0562,validation,liar2_finance,1,11
train_pair_0403,validation,liar2_finance,1,11
validation_pair_0029,validation,liar2_finance,1,11
validation_pair_0071,validation,liar2_finance,1,11
train_pair_0396,validation,liar2_finance,1,11
train_pair_0003,validation,liar2_finance,1,11
train_pair_0813,validation,liar2_finance,1,11
train_pair_0524,validation,liar2_finance,1,11
train_pair_0361,validation,liar2_finance,1,11
test_pair_0013,validation,liar2_finance,1,11
train_pair_0696,validation,liar2_finance,1,11
train_pair_0295,validation,liar2_finance,1,11
train_pair_0645,validation,liar2_finance,1,11
train_pair_0485,validation,liar2_finance,1,11
validation_pair_0088,validation,liar2_finance,1,11
train_pair_0804,validation,liar2_finance,1,11
train_pair_0187,validation,liar2_finance,1,11
train_pair_0326,validation,liar2_finance,1,11
train_pair_0024,validation,liar2_finance,1,11
validation_pair_0061,validation,liar2_finance,1,11
train_pair_0698,validation,liar2_finance,1,11
train_pair_0416,validation,liar2_finance,1,11
train_pair_0808,validation,liar2_finance,1,11
train_pair_0001,validation,liar2_finance,1,11
train_pair_0182,validation,liar2_finance,1,11
validation_pair_0006,validation,liar2_finance,1,11
train_pair_0724,validation,liar2_finance,1,11
train_pair_0650,validation,liar2_finance,1,11
train_pair_0164,validation,liar2_finance,1,11
train_pair_0715,validation,liar2_finance,1,11
train_pair_0117,validation,liar2_finance,1,11
train_pair_0229,validation,liar2_finance,1,11
train_pair_0425,validation,liar2_finance,1,11
test_pair_0025,validation,liar2_finance,1,11
train_pair_0481,validation,liar2_finance,1,11
train_pair_0509,test,liar2_finance,1,11
validation_pair_0065,test,liar2_finance,1,11
validation_pair_0067,test,liar2_finance,1,11
train_pair_0392,test,liar2_finance,1,11
train_pair_0410,test,liar2_finance,1,11
train_pair_0656,test,liar2_finance,1,11
train_pair_0455,test,liar2_finance,1,11
train_pair_0590,test,liar2_finance,1,11
train_pair_0293,test,liar2_finance,1,11
train_pair_0116,test,liar2_finance,1,11
train_pair_0271,test,liar2_finance,1,11
test_pair_0007,test,liar2_finance,1,11
test_pair_0034,test,liar2_finance,1,11
train_pair_0254,test,liar2_finance,1,11
train_pair_0787,test,liar2_finance,1,11
train_pair_0778,test,liar2_finance,1,11
train_pair_0647,test,liar2_finance,1,11
train_pair_0812,test,liar2_finance,1,11
train_pair_0071,test,liar2_finance,1,11
train_pair_0568,test,liar2_finance,1,11
train_pair_0688,test,liar2_finance,1,11
test_pair_0084,test,liar2_finance,1,11
test_pair_0055,test,liar2_finance,1,11
train_pair_0512,test,liar2_finance,1,11
train_pair_0266,test,liar2_finance,1,11
validation_pair_0022,test,liar2_finance,1,11
train_pair_0591,test,liar2_finance,1,11
train_pair_0573,test,liar2_finance,1,11
train_pair_0798,test,liar2_finance,1,11
train_pair_0259,test,liar2_finance,1,11
train_pair_0147,test,liar2_finance,1,11
train_pair_0527,test,liar2_finance,1,11
validation_pair_0035,test,liar2_finance,1,11
train_pair_0444,test,liar2_finance,1,11
train_pair_0544,test,liar2_finance,1,11
train_pair_0551,test,liar2_finance,1,11
train_pair_0225,test,liar2_finance,1,11
train_pair_0112,test,liar2_finance,1,11
train_pair_0179,test,liar2_finance,1,11
validation_pair_0013,test,liar2_finance,1,11
train_pair_0797,test,liar2_finance,1,11
test_pair_0035,test,liar2_finance,1,11
train_pair_0010,test,liar2_finance,1,11
train_pair_0188,test,liar2_finance,1,11
validation_pair_0050,test,liar2_finance,1,11
train_pair_0108,test,liar2_finance,1,11
train_pair_0330,test,liar2_finance,1,11
validation_pair_0072,test,liar2_finance,1,11
validation_pair_0016,test,liar2_finance,1,11
train_pair_0634,test,liar2_finance,1,11
train_pair_0257,test,liar2_finance,1,11
train_pair_0713,test,liar2_finance,1,11
train_pair_0217,test,liar2_finance,1,11
train_pair_0561,test,liar2_finance,1,11
validation_pair_0108,test,liar2_finance,1,11
train_pair_0047,test,liar2_finance,1,11
train_pair_0319,test,liar2_finance,1,11
train_pair_0484,test,liar2_finance,1,11
train_pair_0511,test,liar2_finance,1,11
train_pair_0621,test,liar2_finance,1,11
test_pair_0092,test,liar2_finance,1,11
train_pair_0427,test,liar2_finance,1,11
train_pair_0642,test,liar2_finance,1,11
train_pair_0467,test,liar2_finance,1,11
validation_pair_0103,test,liar2_finance,1,11
train_pair_0495,test,liar2_finance,1,11
train_pair_0340,test,liar2_finance,1,11
validation_pair_0060,test,liar2_finance,1,11
test_pair_0037,test,liar2_finance,1,11
train_pair_0619,test,liar2_finance,1,11
train_pair_0516,test,liar2_finance,1,11
train_pair_0506,test,liar2_finance,1,11
test_pair_0047,test,liar2_finance,1,11
train_pair_0717,test,liar2_finance,1,11
train_pair_0607,test,liar2_finance,1,11
train_pair_0473,test,liar2_finance,1,11
train_pair_0140,test,liar2_finance,1,11
train_pair_0002,test,liar2_finance,1,11
train_pair_0306,test,liar2_finance,1,11
train_pair_0417,test,liar2_finance,1,11
train_pair_0454,test,liar2_finance,1,11
train_pair_0242,test,liar2_finance,1,11
train_pair_0285,test,liar2_finance,1,11
validation_pair_0034,test,liar2_finance,1,11
train_pair_0448,test,liar2_finance,1,11
test_pair_0066,test,liar2_finance,1,11
train_pair_0784,test,liar2_finance,1,11
train_pair_0077,test,liar2_finance,1,11
train_pair_0347,test,liar2_finance,1,11
train_pair_0446,test,liar2_finance,1,11
train_pair_0620,test,liar2_finance,1,11
train_pair_0250,test,liar2_finance,1,11
validation_pair_0083,test,liar2_finance,1,11
train_pair_0660,test,liar2_finance,1,11
train_pair_0631,test,liar2_finance,1,11
validation_pair_0057,test,liar2_finance,1,11
validation_pair_0076,test,liar2_finance,1,11
train_pair_0794,test,liar2_finance,1,11
train_pair_0099,test,liar2_finance,1,11
train_pair_0174,test,liar2_finance,1,11
train_pair_0360,test,liar2_finance,1,11
test_pair_0041,test,liar2_finance,1,11
train_pair_0691,train,liar2_finance,2,22
train_pair_0137,train,liar2_finance,2,22
train_pair_0771,train,liar2_finance,2,22
validation_pair_0109,train,liar2_finance,2,22
train_pair_0385,train,liar2_finance,2,22
train_pair_0494,train,liar2_finance,2,22
train_pair_0404,train,liar2_finance,2,22
train_pair_0758,train,liar2_finance,2,22
test_pair_0055,train,liar2_finance,2,22
train_pair_0516,train,liar2_finance,2,22
train_pair_0688,train,liar2_finance,2,22
train_pair_0254,train,liar2_finance,2,22
train_pair_0126,train,liar2_finance,2,22
train_pair_0540,train,liar2_finance,2,22
train_pair_0213,train,liar2_finance,2,22
train_pair_0237,train,liar2_finance,2,22
train_pair_0525,train,liar2_finance,2,22
train_pair_0460,train,liar2_finance,2,22
validation_pair_0064,train,liar2_finance,2,22
train_pair_0105,train,liar2_finance,2,22
test_pair_0036,train,liar2_finance,2,22
train_pair_0662,train,liar2_finance,2,22
train_pair_0199,train,liar2_finance,2,22
train_pair_0796,train,liar2_finance,2,22
train_pair_0269,train,liar2_finance,2,22
train_pair_0724,train,liar2_finance,2,22
train_pair_0358,train,liar2_finance,2,22
test_pair_0019,train,liar2_finance,2,22
test_pair_0081,train,liar2_finance,2,22
train_pair_0765,train,liar2_finance,2,22
train_pair_0552,train,liar2_finance,2,22
train_pair_0608,train,liar2_finance,2,22
train_pair_0014,train,liar2_finance,2,22
train_pair_0520,train,liar2_finance,2,22
train_pair_0175,train,liar2_finance,2,22
test_pair_0037,train,liar2_finance,2,22
validation_pair_0085,train,liar2_finance,2,22
train_pair_0005,train,liar2_finance,2,22
train_pair_0081,train,liar2_finance,2,22
validation_pair_0080,train,liar2_finance,2,22
train_pair_0116,train,liar2_finance,2,22
train_pair_0618,train,liar2_finance,2,22
train_pair_0164,train,liar2_finance,2,22
train_pair_0683,train,liar2_finance,2,22
train_pair_0759,train,liar2_finance,2,22
train_pair_0267,train,liar2_finance,2,22
validation_pair_0089,train,liar2_finance,2,22
train_pair_0425,train,liar2_finance,2,22
train_pair_0661,train,liar2_finance,2,22
train_pair_0178,train,liar2_finance,2,22
train_pair_0803,train,liar2_finance,2,22
train_pair_0339,train,liar2_finance,2,22
train_pair_0234,train,liar2_finance,2,22
train_pair_0329,train,liar2_finance,2,22
train_pair_0756,train,liar2_finance,2,22
validation_pair_0023,train,liar2_finance,2,22
train_pair_0285,train,liar2_finance,2,22
train_pair_0195,train,liar2_finance,2,22
train_pair_0023,train,liar2_finance,2,22
train_pair_0083,train,liar2_finance,2,22
train_pair_0777,train,liar2_finance,2,22
train_pair_0332,train,liar2_finance,2,22
train_pair_0447,train,liar2_finance,2,22
train_pair_0092,train,liar2_finance,2,22
train_pair_0202,train,liar2_finance,2,22
train_pair_0522,train,liar2_finance,2,22
test_pair_0035,train,liar2_finance,2,22
train_pair_0282,train,liar2_finance,2,22
train_pair_0454,train,liar2_finance,2,22
validation_pair_0079,train,liar2_finance,2,22
train_pair_0374,train,liar2_finance,2,22
test_pair_0025,train,liar2_finance,2,22
train_pair_0326,train,liar2_finance,2,22
train_pair_0098,train,liar2_finance,2,22
train_pair_0322,train,liar2_finance,2,22
test_pair_0088,train,liar2_finance,2,22
train_pair_0373,train,liar2_finance,2,22
train_pair_0711,train,liar2_finance,2,22
train_pair_0567,train,liar2_finance,2,22
train_pair_0370,train,liar2_finance,2,22
test_pair_0038,train,liar2_finance,2,22
test_pair_0009,train,liar2_finance,2,22
train_pair_0424,train,liar2_finance,2,22
validation_pair_0108,train,liar2_finance,2,22
train_pair_0192,train,liar2_finance,2,22
train_pair_0815,train,liar2_finance,2,22
train_pair_0488,train,liar2_finance,2,22
validation_pair_0033,train,liar2_finance,2,22
train_pair_0026,train,liar2_finance,2,22
train_pair_0274,train,liar2_finance,2,22
train_pair_0508,train,liar2_finance,2,22
train_pair_0592,train,liar2_finance,2,22
train_pair_0010,train,liar2_finance,2,22
train_pair_0768,train,liar2_finance,2,22
train_pair_0717,train,liar2_finance,2,22
train_pair_0068,train,liar2_finance,2,22
train_pair_0107,train,liar2_finance,2,22
train_pair_0410,train,liar2_finance,2,22
validation_pair_0042,train,liar2_finance,2,22
train_pair_0298,train,liar2_finance,2,22
train_pair_0452,train,liar2_finance,2,22
validation_pair_0003,train,liar2_finance,2,22
train_pair_0217,train,liar2_finance,2,22
train_pair_0216,train,liar2_finance,2,22
train_pair_0456,train,liar2_finance,2,22
test_pair_0067,train,liar2_finance,2,22
test_pair_0039,train,liar2_finance,2,22
train_pair_0397,train,liar2_finance,2,22
train_pair_0678,train,liar2_finance,2,22
train_pair_0082,train,liar2_finance,2,22
train_pair_0183,train,liar2_finance,2,22
train_pair_0470,train,liar2_finance,2,22
train_pair_0219,train,liar2_finance,2,22
train_pair_0698,train,liar2_finance,2,22
train_pair_0740,train,liar2_finance,2,22
train_pair_0211,train,liar2_finance,2,22
train_pair_0361,train,liar2_finance,2,22
train_pair_0521,train,liar2_finance,2,22
train_pair_0233,train,liar2_finance,2,22
train_pair_0288,train,liar2_finance,2,22
train_pair_0544,train,liar2_finance,2,22
train_pair_0139,train,liar2_finance,2,22
validation_pair_0059,train,liar2_finance,2,22
train_pair_0106,train,liar2_finance,2,22
test_pair_0014,train,liar2_finance,2,22
train_pair_0573,train,liar2_finance,2,22
train_pair_0762,train,liar2_finance,2,22
train_pair_0353,train,liar2_finance,2,22
train_pair_0122,train,liar2_finance,2,22
train_pair_0181,train,liar2_finance,2,22
train_pair_0025,train,liar2_finance,2,22
train_pair_0676,train,liar2_finance,2,22
train_pair_0736,train,liar2_finance,2,22
test_pair_0076,train,liar2_finance,2,22
train_pair_0053,train,liar2_finance,2,22
train_pair_0557,train,liar2_finance,2,22
train_pair_0816,train,liar2_finance,2,22
train_pair_0492,train,liar2_finance,2,22
train_pair_0537,train,liar2_finance,2,22
train_pair_0158,train,liar2_finance,2,22
train_pair_0249,train,liar2_finance,2,22
validation_pair_0019,train,liar2_finance,2,22
test_pair_0047,train,liar2_finance,2,22
validation_pair_0010,train,liar2_finance,2,22
train_pair_0699,train,liar2_finance,2,22
train_pair_0079,train,liar2_finance,2,22
train_pair_0243,train,liar2_finance,2,22
train_pair_0280,train,liar2_finance,2,22
validation_pair_0030,train,liar2_finance,2,22
train_pair_0038,train,liar2_finance,2,22
train_pair_0787,train,liar2_finance,2,22
test_pair_0046,train,liar2_finance,2,22
validation_pair_0049,train,liar2_finance,2,22
train_pair_0449,train,liar2_finance,2,22
train_pair_0030,train,liar2_finance,2,22
train_pair_0408,train,liar2_finance,2,22
train_pair_0534,train,liar2_finance,2,22
test_pair_0060,train,liar2_finance,2,22
train_pair_0196,train,liar2_finance,2,22
train_pair_0561,train,liar2_finance,2,22
train_pair_0428,train,liar2_finance,2,22
train_pair_0317,train,liar2_finance,2,22
train_pair_0569,train,liar2_finance,2,22
train_pair_0304,train,liar2_finance,2,22
validation_pair_0011,train,liar2_finance,2,22
train_pair_0335,train,liar2_finance,2,22
train_pair_0664,train,liar2_finance,2,22
train_pair_0609,train,liar2_finance,2,22
train_pair_0284,train,liar2_finance,2,22
test_pair_0050,train,liar2_finance,2,22
train_pair_0581,train,liar2_finance,2,22
train_pair_0270,train,liar2_finance,2,22
validation_pair_0031,train,liar2_finance,2,22
test_pair_0082,train,liar2_finance,2,22
test_pair_0024,train,liar2_finance,2,22
train_pair_0227,train,liar2_finance,2,22
train_pair_0813,train,liar2_finance,2,22
train_pair_0048,train,liar2_finance,2,22
train_pair_0330,train,liar2_finance,2,22
train_pair_0387,train,liar2_finance,2,22
train_pair_0634,train,liar2_finance,2,22
test_pair_0022,train,liar2_finance,2,22
train_pair_0735,train,liar2_finance,2,22
train_pair_0391,train,liar2_finance,2,22
train_pair_0617,train,liar2_finance,2,22
train_pair_0117,train,liar2_finance,2,22
train_pair_0255,train,liar2_finance,2,22
train_pair_0696,train,liar2_finance,2,22
train_pair_0774,train,liar2_finance,2,22
train_pair_0682,train,liar2_finance,2,22
train_pair_0625,train,liar2_finance,2,22
train_pair_0418,train,liar2_finance,2,22
validation_pair_0078,train,liar2_finance,2,22
train_pair_0112,train,liar2_finance,2,22
train_pair_0744,train,liar2_finance,2,22
train_pair_0250,train,liar2_finance,2,22
test_pair_0016,train,liar2_finance,2,22
train_pair_0146,train,liar2_finance,2,22
train_pair_0638,train,liar2_finance,2,22
train_pair_0703,train,liar2_finance,2,22
train_pair_0482,train,liar2_finance,2,22
train_pair_0626,train,liar2_finance,2,22
train_pair_0403,train,liar2_finance,2,22
train_pair_0457,train,liar2_finance,2,22
train_pair_0658,train,liar2_finance,2,22
train_pair_0733,train,liar2_finance,2,22
train_pair_0528,train,liar2_finance,2,22
train_pair_0085,train,liar2_finance,2,22
train_pair_0477,train,liar2_finance,2,22
train_pair_0446,train,liar2_finance,2,22
train_pair_0396,train,liar2_finance,2,22
train_pair_0757,train,liar2_finance,2,22
train_pair_0485,train,liar2_finance,2,22
train_pair_0753,train,liar2_finance,2,22
train_pair_0767,train,liar2_finance,2,22
train_pair_0462,train,liar2_finance,2,22
train_pair_0800,train,liar2_finance,2,22
train_pair_0057,train,liar2_finance,2,22
train_pair_0450,train,liar2_finance,2,22
train_pair_0155,train,liar2_finance,2,22
train_pair_0130,train,liar2_finance,2,22
train_pair_0429,train,liar2_finance,2,22
train_pair_0593,train,liar2_finance,2,22
train_pair_0248,train,liar2_finance,2,22
test_pair_0002,train,liar2_finance,2,22
train_pair_0721,train,liar2_finance,2,22
train_pair_0496,train,liar2_finance,2,22
validation_pair_0002,train,liar2_finance,2,22
train_pair_0140,train,liar2_finance,2,22
validation_pair_0005,train,liar2_finance,2,22
test_pair_0053,train,liar2_finance,2,22
test_pair_0069,train,liar2_finance,2,22
validation_pair_0050,train,liar2_finance,2,22
test_pair_0023,train,liar2_finance,2,22
validation_pair_0051,train,liar2_finance,2,22
train_pair_0203,train,liar2_finance,2,22
validation_pair_0110,train,liar2_finance,2,22
train_pair_0103,train,liar2_finance,2,22
train_pair_0277,train,liar2_finance,2,22
train_pair_0539,train,liar2_finance,2,22
train_pair_0392,train,liar2_finance,2,22
test_pair_0091,train,liar2_finance,2,22
train_pair_0043,train,liar2_finance,2,22
train_pair_0706,train,liar2_finance,2,22
train_pair_0665,train,liar2_finance,2,22
train_pair_0163,train,liar2_finance,2,22
train_pair_0206,train,liar2_finance,2,22
train_pair_0204,train,liar2_finance,2,22
train_pair_0069,train,liar2_finance,2,22
train_pair_0763,train,liar2_finance,2,22
validation_pair_0060,train,liar2_finance,2,22
train_pair_0193,train,liar2_finance,2,22
train_pair_0124,train,liar2_finance,2,22
train_pair_0790,train,liar2_finance,2,22
train_pair_0372,train,liar2_finance,2,22
train_pair_0419,train,liar2_finance,2,22
train_pair_0239,train,liar2_finance,2,22
train_pair_0362,train,liar2_finance,2,22
train_pair_0017,train,liar2_finance,2,22
train_pair_0651,train,liar2_finance,2,22
train_pair_0283,train,liar2_finance,2,22
train_pair_0297,train,liar2_finance,2,22
train_pair_0256,train,liar2_finance,2,22
train_pair_0035,train,liar2_finance,2,22
train_pair_0101,train,liar2_finance,2,22
train_pair_0011,train,liar2_finance,2,22
test_pair_0054,train,liar2_finance,2,22
validation_pair_0112,train,liar2_finance,2,22
train_pair_0032,train,liar2_finance,2,22
train_pair_0600,train,liar2_finance,2,22
train_pair_0037,train,liar2_finance,2,22
train_pair_0620,train,liar2_finance,2,22
train_pair_0189,train,liar2_finance,2,22
train_pair_0033,train,liar2_finance,2,22
train_pair_0115,train,liar2_finance,2,22
train_pair_0201,train,liar2_finance,2,22
test_pair_0043,train,liar2_finance,2,22
train_pair_0022,train,liar2_finance,2,22
train_pair_0524,train,liar2_finance,2,22
train_pair_0143,train,liar2_finance,2,22
train_pair_0186,train,liar2_finance,2,22
validation_pair_0044,train,liar2_finance,2,22
train_pair_0266,train,liar2_finance,2,22
train_pair_0309,train,liar2_finance,2,22
validation_pair_0091,train,liar2_finance,2,22
train_pair_0543,train,liar2_finance,2,22
train_pair_0394,train,liar2_finance,2,22
train_pair_0629,train,liar2_finance,2,22
test_pair_0049,train,liar2_finance,2,22
test_pair_0033,train,liar2_finance,2,22
train_pair_0801,train,liar2_finance,2,22
train_pair_0337,train,liar2_finance,2,22
train_pair_0653,train,liar2_finance,2,22
train_pair_0687,train,liar2_finance,2,22
train_pair_0160,train,liar2_finance,2,22
train_pair_0276,train,liar2_finance,2,22
train_pair_0074,train,liar2_finance,2,22
train_pair_0091,train,liar2_finance,2,22
train_pair_0302,train,liar2_finance,2,22
validation_pair_0048,train,liar2_finance,2,22
train_pair_0016,train,liar2_finance,2,22
train_pair_0748,train,liar2_finance,2,22
train_pair_0156,train,liar2_finance,2,22
train_pair_0647,train,liar2_finance,2,22
train_pair_0369,train,liar2_finance,2,22
test_pair_0057,train,liar2_finance,2,22
train_pair_0125,train,liar2_finance,2,22
validation_pair_0046,train,liar2_finance,2,22
train_pair_0127,train,liar2_finance,2,22
train_pair_0416,train,liar2_finance,2,22
train_pair_0235,train,liar2_finance,2,22
train_pair_0190,train,liar2_finance,2,22
train_pair_0553,train,liar2_finance,2,22
train_pair_0423,train,liar2_finance,2,22
train_pair_0628,train,liar2_finance,2,22
validation_pair_0008,train,liar2_finance,2,22
train_pair_0268,train,liar2_finance,2,22
train_pair_0210,train,liar2_finance,2,22
train_pair_0167,train,liar2_finance,2,22
train_pair_0511,train,liar2_finance,2,22
train_pair_0042,train,liar2_finance,2,22
train_pair_0271,train,liar2_finance,2,22
train_pair_0306,train,liar2_finance,2,22
validation_pair_0009,train,liar2_finance,2,22
train_pair_0551,train,liar2_finance,2,22
train_pair_0212,train,liar2_finance,2,22
train_pair_0591,train,liar2_finance,2,22
test_pair_0005,train,liar2_finance,2,22
train_pair_0545,train,liar2_finance,2,22
train_pair_0242,train,liar2_finance,2,22
train_pair_0554,train,liar2_finance,2,22
train_pair_0461,train,liar2_finance,2,22
train_pair_0531,train,liar2_finance,2,22
train_pair_0071,train,liar2_finance,2,22
test_pair_0073,train,liar2_finance,2,22
train_pair_0019,train,liar2_finance,2,22
train_pair_0523,train,liar2_finance,2,22
train_pair_0697,train,liar2_finance,2,22
train_pair_0393,train,liar2_finance,2,22
train_pair_0031,train,liar2_finance,2,22
train_pair_0134,train,liar2_finance,2,22
train_pair_0732,train,liar2_finance,2,22
train_pair_0263,train,liar2_finance,2,22
train_pair_0642,train,liar2_finance,2,22
train_pair_0671,train,liar2_finance,2,22
train_pair_0099,train,liar2_finance,2,22
train_pair_0786,train,liar2_finance,2,22
train_pair_0214,train,liar2_finance,2,22
train_pair_0315,train,liar2_finance,2,22
validation_pair_0076,train,liar2_finance,2,22
train_pair_0692,train,liar2_finance,2,22
train_pair_0672,train,liar2_finance,2,22
validation_pair_0092,train,liar2_finance,2,22
validation_pair_0066,train,liar2_finance,2,22
train_pair_0324,train,liar2_finance,2,22
train_pair_0261,train,liar2_finance,2,22
test_pair_0012,train,liar2_finance,2,22
train_pair_0538,train,liar2_finance,2,22
train_pair_0670,train,liar2_finance,2,22
train_pair_0388,train,liar2_finance,2,22
test_pair_0059,train,liar2_finance,2,22
train_pair_0478,train,liar2_finance,2,22
train_pair_0639,train,liar2_finance,2,22
train_pair_0420,train,liar2_finance,2,22
train_pair_0434,train,liar2_finance,2,22
train_pair_0693,train,liar2_finance,2,22
train_pair_0602,train,liar2_finance,2,22
train_pair_0078,train,liar2_finance,2,22
train_pair_0382,train,liar2_finance,2,22
test_pair_0062,train,liar2_finance,2,22
train_pair_0742,train,liar2_finance,2,22
train_pair_0632,train,liar2_finance,2,22
train_pair_0182,train,liar2_finance,2,22
train_pair_0405,train,liar2_finance,2,22
train_pair_0251,train,liar2_finance,2,22
train_pair_0215,train,liar2_finance,2,22
train_pair_0779,train,liar2_finance,2,22
train_pair_0775,train,liar2_finance,2,22
train_pair_0383,train,liar2_finance,2,22
train_pair_0586,train,liar2_finance,2,22
train_pair_0225,train,liar2_finance,2,22
train_pair_0481,train,liar2_finance,2,22
train_pair_0129,train,liar2_finance,2,22
test_pair_0074,train,liar2_finance,2,22
train_pair_0458,train,liar2_finance,2,22
train_pair_0149,train,liar2_finance,2,22
train_pair_0415,train,liar2_finance,2,22
train_pair_0111,train,liar2_finance,2,22
train_pair_0318,train,liar2_finance,2,22
train_pair_0578,train,liar2_finance,2,22
train_pair_0640,train,liar2_finance,2,22
train_pair_0754,train,liar2_finance,2,22
validation_pair_0026,train,liar2_finance,2,22
train_pair_0320,train,liar2_finance,2,22
train_pair_0764,train,liar2_finance,2,22
train_pair_0173,train,liar2_finance,2,22
validation_pair_0041,train,liar2_finance,2,22
train_pair_0467,train,liar2_finance,2,22
test_pair_0084,train,liar2_finance,2,22
train_pair_0558,train,liar2_finance,2,22
validation_pair_0096,train,liar2_finance,2,22
train_pair_0455,train,liar2_finance,2,22
train_pair_0055,train,liar2_finance,2,22
validation_pair_0006,train,liar2_finance,2,22
train_pair_0807,train,liar2_finance,2,22
train_pair_0260,train,liar2_finance,2,22
train_pair_0474,train,liar2_finance,2,22
train_pair_0463,train,liar2_finance,2,22
train_pair_0328,train,liar2_finance,2,22
train_pair_0365,train,liar2_finance,2,22
train_pair_0506,train,liar2_finance,2,22
train_pair_0745,train,liar2_finance,2,22
validation_pair_0062,train,liar2_finance,2,22
train_pair_0430,train,liar2_finance,2,22
train_pair_0371,train,liar2_finance,2,22
train_pair_0296,train,liar2_finance,2,22
validation_pair_0018,train,liar2_finance,2,22
train_pair_0345,train,liar2_finance,2,22
train_pair_0633,train,liar2_finance,2,22
train_pair_0595,train,liar2_finance,2,22
train_pair_0054,train,liar2_finance,2,22
train_pair_0743,train,liar2_finance,2,22
train_pair_0795,train,liar2_finance,2,22
train_pair_0489,train,liar2_finance,2,22
validation_pair_0061,train,liar2_finance,2,22
train_pair_0504,train,liar2_finance,2,22
train_pair_0343,train,liar2_finance,2,22
train_pair_0307,train,liar2_finance,2,22
train_pair_0208,train,liar2_finance,2,22
train_pair_0793,train,liar2_finance,2,22
validation_pair_0095,train,liar2_finance,2,22
train_pair_0597,train,liar2_finance,2,22
train_pair_0752,train,liar2_finance,2,22
validation_pair_0001,train,liar2_finance,2,22
train_pair_0145,train,liar2_finance,2,22
train_pair_0710,train,liar2_finance,2,22
train_pair_0709,train,liar2_finance,2,22
train_pair_0469,train,liar2_finance,2,22
train_pair_0514,train,liar2_finance,2,22
validation_pair_0047,train,liar2_finance,2,22
train_pair_0299,train,liar2_finance,2,22
test_pair_0045,train,liar2_finance,2,22
train_pair_0713,train,liar2_finance,2,22
train_pair_0147,train,liar2_finance,2,22
train_pair_0613,train,liar2_finance,2,22
train_pair_0605,train,liar2_finance,2,22
train_pair_0413,train,liar2_finance,2,22
train_pair_0184,train,liar2_finance,2,22
train_pair_0191,train,liar2_finance,2,22
train_pair_0439,train,liar2_finance,2,22
train_pair_0110,train,liar2_finance,2,22
train_pair_0153,train,liar2_finance,2,22
train_pair_0279,train,liar2_finance,2,22
train_pair_0007,train,liar2_finance,2,22
test_pair_0027,train,liar2_finance,2,22
train_pair_0136,train,liar2_finance,2,22
train_pair_0436,train,liar2_finance,2,22
train_pair_0512,train,liar2_finance,2,22
train_pair_0351,train,liar2_finance,2,22
train_pair_0465,train,liar2_finance,2,22
train_pair_0355,train,liar2_finance,2,22
test_pair_0051,train,liar2_finance,2,22
validation_pair_0093,train,liar2_finance,2,22
train_pair_0168,train,liar2_finance,2,22
train_pair_0049,train,liar2_finance,2,22
train_pair_0333,train,liar2_finance,2,22
validation_pair_0101,train,liar2_finance,2,22
train_pair_0475,train,liar2_finance,2,22
train_pair_0228,train,liar2_finance,2,22
test_pair_0006,train,liar2_finance,2,22
train_pair_0238,train,liar2_finance,2,22
train_pair_0755,train,liar2_finance,2,22
validation_pair_0036,train,liar2_finance,2,22
train_pair_0421,train,liar2_finance,2,22
validation_pair_0082,train,liar2_finance,2,22
train_pair_0503,train,liar2_finance,2,22
train_pair_0220,train,liar2_finance,2,22
train_pair_0377,train,liar2_finance,2,22
train_pair_0305,train,liar2_finance,2,22
train_pair_0104,train,liar2_finance,2,22
train_pair_0459,train,liar2_finance,2,22
test_pair_0092,train,liar2_finance,2,22
train_pair_0624,train,liar2_finance,2,22
train_pair_0142,train,liar2_finance,2,22
train_pair_0141,train,liar2_finance,2,22
train_pair_0805,train,liar2_finance,2,22
train_pair_0064,train,liar2_finance,2,22
train_pair_0734,train,liar2_finance,2,22
train_pair_0714,train,liar2_finance,2,22
train_pair_0089,train,liar2_finance,2,22
train_pair_0253,train,liar2_finance,2,22
test_pair_0087,train,liar2_finance,2,22
train_pair_0342,train,liar2_finance,2,22
train_pair_0437,train,liar2_finance,2,22
train_pair_0627,train,liar2_finance,2,22
train_pair_0630,train,liar2_finance,2,22
train_pair_0656,train,liar2_finance,2,22
train_pair_0556,train,liar2_finance,2,22
train_pair_0747,train,liar2_finance,2,22
train_pair_0773,train,liar2_finance,2,22
validation_pair_0027,train,liar2_finance,2,22
train_pair_0585,train,liar2_finance,2,22
train_pair_0685,train,liar2_finance,2,22
train_pair_0490,train,liar2_finance,2,22
test_pair_0068,train,liar2_finance,2,22
train_pair_0526,train,liar2_finance,2,22
validation_pair_0053,train,liar2_finance,2,22
test_pair_0042,train,liar2_finance,2,22
train_pair_0799,train,liar2_finance,2,22
train_pair_0798,train,liar2_finance,2,22
train_pair_0705,train,liar2_finance,2,22
train_pair_0348,train,liar2_finance,2,22
test_pair_0094,train,liar2_finance,2,22
train_pair_0555,train,liar2_finance,2,22
train_pair_0240,train,liar2_finance,2,22
train_pair_0354,train,liar2_finance,2,22
train_pair_0015,train,liar2_finance,2,22
validation_pair_0069,train,liar2_finance,2,22
train_pair_0646,train,liar2_finance,2,22
train_pair_0431,train,liar2_finance,2,22
train_pair_0619,train,liar2_finance,2,22
train_pair_0616,train,liar2_finance,2,22
train_pair_0364,train,liar2_finance,2,22
train_pair_0148,train,liar2_finance,2,22
train_pair_0495,train,liar2_finance,2,22
train_pair_0044,train,liar2_finance,2,22
train_pair_0070,train,liar2_finance,2,22
validation_pair_0024,train,liar2_finance,2,22
train_pair_0510,train,liar2_finance,2,22
train_pair_0080,train,liar2_finance,2,22
test_pair_0040,train,liar2_finance,2,22
validation_pair_0114,train,liar2_finance,2,22
train_pair_0347,train,liar2_finance,2,22
test_pair_0028,train,liar2_finance,2,22
train_pair_0728,train,liar2_finance,2,22
train_pair_0783,train,liar2_finance,2,22
train_pair_0500,train,liar2_finance,2,22
validation_pair_0088,train,liar2_finance,2,22
test_pair_0052,train,liar2_finance,2,22
train_pair_0695,train,liar2_finance,2,22
train_pair_0480,train,liar2_finance,2,22
train_pair_0029,train,liar2_finance,2,22
validation_pair_0035,train,liar2_finance,2,22
train_pair_0603,train,liar2_finance,2,22
validation_pair_0017,train,liar2_finance,2,22
train_pair_0133,train,liar2_finance,2,22
train_pair_0806,train,liar2_finance,2,22
train_pair_0530,train,liar2_finance,2,22
validation_pair_0084,train,liar2_finance,2,22
train_pair_0308,train,liar2_finance,2,22
train_pair_0121,train,liar2_finance,2,22
validation_pair_0113,train,liar2_finance,2,22
train_pair_0738,train,liar2_finance,2,22
train_pair_0321,train,liar2_finance,2,22
train_pair_0596,train,liar2_finance,2,22
train_pair_0564,train,liar2_finance,2,22
train_pair_0293,train,liar2_finance,2,22
train_pair_0444,train,liar2_finance,2,22
train_pair_0604,train,liar2_finance,2,22
test_pair_0044,train,liar2_finance,2,22
validation_pair_0074,train,liar2_finance,2,22
test_pair_0075,train,liar2_finance,2,22
train_pair_0750,train,liar2_finance,2,22
train_pair_0594,train,liar2_finance,2,22
train_pair_0811,train,liar2_finance,2,22
train_pair_0442,train,liar2_finance,2,22
train_pair_0725,train,liar2_finance,2,22
train_pair_0067,train,liar2_finance,2,22
train_pair_0760,train,liar2_finance,2,22
train_pair_0590,train,liar2_finance,2,22
train_pair_0739,train,liar2_finance,2,22
train_pair_0356,train,liar2_finance,2,22
train_pair_0052,train,liar2_finance,2,22
train_pair_0363,train,liar2_finance,2,22
train_pair_0138,train,liar2_finance,2,22
train_pair_0012,train,liar2_finance,2,22
train_pair_0580,train,liar2_finance,2,22
train_pair_0402,train,liar2_finance,2,22
train_pair_0547,train,liar2_finance,2,22
test_pair_0004,train,liar2_finance,2,22
train_pair_0684,train,liar2_finance,2,22
validation_pair_0043,train,liar2_finance,2,22
train_pair_0453,train,liar2_finance,2,22
train_pair_0177,train,liar2_finance,2,22
train_pair_0667,train,liar2_finance,2,22
validation_pair_0106,train,liar2_finance,2,22
train_pair_0065,train,liar2_finance,2,22
train_pair_0272,train,liar2_finance,2,22
train_pair_0028,train,liar2_finance,2,22
test_pair_0011,train,liar2_finance,2,22
train_pair_0501,train,liar2_finance,2,22
train_pair_0001,train,liar2_finance,2,22
test_pair_0080,train,liar2_finance,2,22
train_pair_0716,train,liar2_finance,2,22
train_pair_0657,train,liar2_finance,2,22
train_pair_0802,train,liar2_finance,2,22
train_pair_0612,train,liar2_finance,2,22
train_pair_0118,train,liar2_finance,2,22
train_pair_0357,train,liar2_finance,2,22
test_pair_0066,train,liar2_finance,2,22
train_pair_0077,train,liar2_finance,2,22
validation_pair_0072,train,liar2_finance,2,22
train_pair_0062,train,liar2_finance,2,22
train_pair_0045,train,liar2_finance,2,22
train_pair_0781,train,liar2_finance,2,22
test_pair_0021,train,liar2_finance,2,22
train_pair_0207,train,liar2_finance,2,22
train_pair_0108,train,liar2_finance,2,22
validation_pair_0007,train,liar2_finance,2,22
train_pair_0246,train,liar2_finance,2,22
train_pair_0694,train,liar2_finance,2,22
validation_pair_0087,train,liar2_finance,2,22
train_pair_0291,train,liar2_finance,2,22
train_pair_0669,train,liar2_finance,2,22
train_pair_0171,train,liar2_finance,2,22
train_pair_0788,train,liar2_finance,2,22
train_pair_0218,train,liar2_finance,2,22
train_pair_0097,train,liar2_finance,2,22
train_pair_0435,train,liar2_finance,2,22
train_pair_0704,train,liar2_finance,2,22
train_pair_0614,train,liar2_finance,2,22
train_pair_0224,train,liar2_finance,2,22
train_pair_0352,train,liar2_finance,2,22
train_pair_0707,train,liar2_finance,2,22
validation_pair_0039,train,liar2_finance,2,22
train_pair_0036,train,liar2_finance,2,22
train_pair_0002,train,liar2_finance,2,22
train_pair_0096,train,liar2_finance,2,22
train_pair_0323,train,liar2_finance,2,22
train_pair_0399,train,liar2_finance,2,22
test_pair_0065,train,liar2_finance,2,22
train_pair_0572,train,liar2_finance,2,22
train_pair_0666,train,liar2_finance,2,22
train_pair_0090,train,liar2_finance,2,22
train_pair_0809,train,liar2_finance,2,22
train_pair_0172,train,liar2_finance,2,22
test_pair_0064,train,liar2_finance,2,22
train_pair_0258,train,liar2_finance,2,22
train_pair_0502,train,liar2_finance,2,22
train_pair_0761,train,liar2_finance,2,22
train_pair_0102,train,liar2_finance,2,22
validation_pair_0015,train,liar2_finance,2,22
train_pair_0303,train,liar2_finance,2,22
train_pair_0384,train,liar2_finance,2,22
validation_pair_0070,train,liar2_finance,2,22
train_pair_0009,train,liar2_finance,2,22
train_pair_0542,train,liar2_finance,2,22
train_pair_0784,train,liar2_finance,2,22
train_pair_0570,train,liar2_finance,2,22
train_pair_0483,train,liar2_finance,2,22
train_pair_0281,train,liar2_finance,2,22
train_pair_0346,train,liar2_finance,2,22
train_pair_0222,train,liar2_finance,2,22
train_pair_0741,train,liar2_finance,2,22
train_pair_0205,train,liar2_finance,2,22
train_pair_0093,train,liar2_finance,2,22
train_pair_0441,train,liar2_finance,2,22
train_pair_0223,train,liar2_finance,2,22
train_pair_0244,train,liar2_finance,2,22
train_pair_0607,train,liar2_finance,2,22
train_pair_0680,train,liar2_finance,2,22
train_pair_0150,train,liar2_finance,2,22
train_pair_0472,train,liar2_finance,2,22
train_pair_0039,train,liar2_finance,2,22
train_pair_0411,train,liar2_finance,2,22
train_pair_0241,train,liar2_finance,2,22
train_pair_0686,train,liar2_finance,2,22
validation_pair_0075,train,liar2_finance,2,22
train_pair_0532,train,liar2_finance,2,22
train_pair_0654,train,liar2_finance,2,22
train_pair_0655,train,liar2_finance,2,22
train_pair_0316,train,liar2_finance,2,22
train_pair_0231,train,liar2_finance,2,22
train_pair_0247,train,liar2_finance,2,22
train_pair_0389,train,liar2_finance,2,22
validation_pair_0004,train,liar2_finance,2,22
train_pair_0610,train,liar2_finance,2,22
train_pair_0406,train,liar2_finance,2,22
train_pair_0663,train,liar2_finance,2,22
train_pair_0568,train,liar2_finance,2,22
train_pair_0648,train,liar2_finance,2,22
test_pair_0077,train,liar2_finance,2,22
validation_pair_0103,train,liar2_finance,2,22
train_pair_0473,train,liar2_finance,2,22
train_pair_0677,train,liar2_finance,2,22
train_pair_0174,train,liar2_finance,2,22
train_pair_0808,train,liar2_finance,2,22
train_pair_0300,train,liar2_finance,2,22
train_pair_0789,train,liar2_finance,2,22
train_pair_0398,train,liar2_finance,2,22
train_pair_0649,train,liar2_finance,2,22
train_pair_0615,train,liar2_finance,2,22
train_pair_0471,train,liar2_finance,2,22
train_pair_0087,train,liar2_finance,2,22
train_pair_0003,train,liar2_finance,2,22
train_pair_0582,train,liar2_finance,2,22
test_pair_0093,train,liar2_finance,2,22
train_pair_0059,train,liar2_finance,2,22
train_pair_0390,train,liar2_finance,2,22
train_pair_0643,train,liar2_finance,2,22
train_pair_0095,train,liar2_finance,2,22
train_pair_0060,train,liar2_finance,2,22
train_pair_0378,train,liar2_finance,2,22
train_pair_0319,train,liar2_finance,2,22
train_pair_0559,train,liar2_finance,2,22
train_pair_0161,train,liar2_finance,2,22
train_pair_0334,train,liar2_finance,2,22
train_pair_0072,train,liar2_finance,2,22
train_pair_0051,train,liar2_finance,2,22
train_pair_0589,train,liar2_finance,2,22
train_pair_0120,train,liar2_finance,2,22
train_pair_0719,train,liar2_finance,2,22
train_pair_0673,train,liar2_finance,2,22
train_pair_0689,train,liar2_finance,2,22
train_pair_0576,train,liar2_finance,2,22
train_pair_0020,train,liar2_finance,2,22
test_pair_0010,train,liar2_finance,2,22
train_pair_0652,train,liar2_finance,2,22
test_pair_0003,train,liar2_finance,2,22
train_pair_0004,train,liar2_finance,2,22
test_pair_0030,train,liar2_finance,2,22
train_pair_0197,train,liar2_finance,2,22
train_pair_0159,train,liar2_finance,2,22
train_pair_0548,train,liar2_finance,2,22
train_pair_0100,train,liar2_finance,2,22
train_pair_0769,train,liar2_finance,2,22
train_pair_0412,train,liar2_finance,2,22
train_pair_0368,train,liar2_finance,2,22
train_pair_0154,train,liar2_finance,2,22
train_pair_0232,train,liar2_finance,2,22
train_pair_0468,train,liar2_finance,2,22
test_pair_0041,train,liar2_finance,2,22
train_pair_0375,train,liar2_finance,2,22
train_pair_0448,train,liar2_finance,2,22
train_pair_0257,train,liar2_finance,2,22
train_pair_0119,train,liar2_finance,2,22
test_pair_0001,train,liar2_finance,2,22
train_pair_0560,train,liar2_finance,2,22
train_pair_0549,train,liar2_finance,2,22
train_pair_0128,train,liar2_finance,2,22
train_pair_0700,train,liar2_finance,2,22
train_pair_0380,train,liar2_finance,2,22
train_pair_0636,train,liar2_finance,2,22
train_pair_0766,train,liar2_finance,2,22
train_pair_0550,train,liar2_finance,2,22
train_pair_0295,train,liar2_finance,2,22
validation_pair_0040,train,liar2_finance,2,22
train_pair_0076,train,liar2_finance,2,22
test_pair_0020,train,liar2_finance,2,22
validation_pair_0065,train,liar2_finance,2,22
train_pair_0432,train,liar2_finance,2,22
train_pair_0584,train,liar2_finance,2,22
validation_pair_0013,train,liar2_finance,2,22
train_pair_0726,train,liar2_finance,2,22
train_pair_0278,train,liar2_finance,2,22
train_pair_0565,train,liar2_finance,2,22
train_pair_0132,train,liar2_finance,2,22
train_pair_0641,train,liar2_finance,2,22
train_pair_0400,train,liar2_finance,2,22
train_pair_0637,train,liar2_finance,2,22
test_pair_0026,train,liar2_finance,2,22
train_pair_0367,train,liar2_finance,2,22
train_pair_0718,train,liar2_finance,2,22
test_pair_0034,train,liar2_finance,2,22
train_pair_0187,train,liar2_finance,2,22
train_pair_0445,train,liar2_finance,2,22
train_pair_0746,train,liar2_finance,2,22
train_pair_0535,train,liar2_finance,2,22
test_pair_0058,train,liar2_finance,2,22
train_pair_0401,train,liar2_finance,2,22
train_pair_0236,train,liar2_finance,2,22
test_pair_0078,train,liar2_finance,2,22
train_pair_0464,train,liar2_finance,2,22
train_pair_0749,train,liar2_finance,2,22
train_pair_0814,train,liar2_finance,2,22
test_pair_0056,train,liar2_finance,2,22
train_pair_0018,train,liar2_finance,2,22
train_pair_0487,train,liar2_finance,2,22
validation_pair_0104,train,liar2_finance,2,22
validation_pair_0067,train,liar2_finance,2,22
train_pair_0230,train,liar2_finance,2,22
validation_pair_0086,train,liar2_finance,2,22
validation_pair_0058,train,liar2_finance,2,22
train_pair_0493,train,liar2_finance,2,22
train_pair_0679,train,liar2_finance,2,22
test_pair_0032,train,liar2_finance,2,22
train_pair_0245,train,liar2_finance,2,22
test_pair_0008,train,liar2_finance,2,22
train_pair_0341,train,liar2_finance,2,22
train_pair_0312,train,liar2_finance,2,22
train_pair_0599,train,liar2_finance,2,22
train_pair_0515,train,liar2_finance,2,22
train_pair_0027,train,liar2_finance,2,22
train_pair_0529,train,liar2_finance,2,22
train_pair_0660,train,liar2_finance,2,22
train_pair_0611,train,liar2_finance,2,22
train_pair_0776,train,liar2_finance,2,22
train_pair_0427,train,liar2_finance,2,22
train_pair_0301,train,liar2_finance,2,22
train_pair_0486,train,liar2_finance,2,22
validation_pair_0077,train,liar2_finance,2,22
train_pair_0533,train,liar2_finance,2,22
train_pair_0407,train,liar2_finance,2,22
train_pair_0812,train,liar2_finance,2,22
train_pair_0443,train,liar2_finance,2,22
train_pair_0426,train,liar2_finance,2,22
train_pair_0058,train,liar2_finance,2,22
train_pair_0113,train,liar2_finance,2,22
train_pair_0061,train,liar2_finance,2,22
train_pair_0588,train,liar2_finance,2,22
train_pair_0381,train,liar2_finance,2,22
train_pair_0289,train,liar2_finance,2,22
train_pair_0794,train,liar2_finance,2,22
train_pair_0730,train,liar2_finance,2,22
test_pair_0089,train,liar2_finance,2,22
train_pair_0513,train,liar2_finance,2,22
validation_pair_0056,train,liar2_finance,2,22
train_pair_0034,train,liar2_finance,2,22
test_pair_0061,train,liar2_finance,2,22
train_pair_0645,train,liar2_finance,2,22
train_pair_0422,validation,liar2_finance,2,22
validation_pair_0073,validation,liar2_finance,2,22
test_pair_0017,validation,liar2_finance,2,22
train_pair_0170,validation,liar2_finance,2,22
train_pair_0681,validation,liar2_finance,2,22
test_pair_0063,validation,liar2_finance,2,22
validation_pair_0032,validation,liar2_finance,2,22
test_pair_0013,validation,liar2_finance,2,22
validation_pair_0021,validation,liar2_finance,2,22
train_pair_0165,validation,liar2_finance,2,22
train_pair_0376,validation,liar2_finance,2,22
train_pair_0720,validation,liar2_finance,2,22
train_pair_0785,validation,liar2_finance,2,22
train_pair_0810,validation,liar2_finance,2,22
train_pair_0151,validation,liar2_finance,2,22
train_pair_0509,validation,liar2_finance,2,22
train_pair_0144,validation,liar2_finance,2,22
train_pair_0622,validation,liar2_finance,2,22
train_pair_0366,validation,liar2_finance,2,22
train_pair_0737,validation,liar2_finance,2,22
validation_pair_0099,validation,liar2_finance,2,22
validation_pair_0022,validation,liar2_finance,2,22
validation_pair_0020,validation,liar2_finance,2,22
train_pair_0527,validation,liar2_finance,2,22
test_pair_0090,validation,liar2_finance,2,22
train_pair_0338,validation,liar2_finance,2,22
train_pair_0344,validation,liar2_finance,2,22
validation_pair_0012,validation,liar2_finance,2,22
train_pair_0782,validation,liar2_finance,2,22
train_pair_0350,validation,liar2_finance,2,22
train_pair_0433,validation,liar2_finance,2,22
train_pair_0198,validation,liar2_finance,2,22
train_pair_0674,validation,liar2_finance,2,22
validation_pair_0057,validation,liar2_finance,2,22
validation_pair_0090,validation,liar2_finance,2,22
validation_pair_0025,validation,liar2_finance,2,22
train_pair_0723,validation,liar2_finance,2,22
train_pair_0327,validation,liar2_finance,2,22
validation_pair_0068,validation,liar2_finance,2,22
train_pair_0440,validation,liar2_finance,2,22
train_pair_0770,validation,liar2_finance,2,22
validation_pair_0094,validation,liar2_finance,2,22
train_pair_0075,validation,liar2_finance,2,22
train_pair_0040,validation,liar2_finance,2,22
train_pair_0041,validation,liar2_finance,2,22
train_pair_0778,validation,liar2_finance,2,22
train_pair_0226,validation,liar2_finance,2,22
validation_pair_0107,validation,liar2_finance,2,22
train_pair_0497,validation,liar2_finance,2,22
test_pair_0071,validation,liar2_finance,2,22
train_pair_0479,validation,liar2_finance,2,22
train_pair_0476,validation,liar2_finance,2,22
train_pair_0579,validation,liar2_finance,2,22
train_pair_0701,validation,liar2_finance,2,22
validation_pair_0105,validation,liar2_finance,2,22
train_pair_0499,validation,liar2_finance,2,22
train_pair_0359,validation,liar2_finance,2,22
train_pair_0360,validation,liar2_finance,2,22
train_pair_0690,validation,liar2_finance,2,22
train_pair_0209,validation,liar2_finance,2,22
test_pair_0085,validation,liar2_finance,2,22
train_pair_0505,validation,liar2_finance,2,22
train_pair_0797,validation,liar2_finance,2,22
train_pair_0006,validation,liar2_finance,2,22
train_pair_0265,validation,liar2_finance,2,22
train_pair_0336,validation,liar2_finance,2,22
train_pair_0311,validation,liar2_finance,2,22
train_pair_0310,validation,liar2_finance,2,22
train_pair_0056,validation,liar2_finance,2,22
train_pair_0262,validation,liar2_finance,2,22
train_pair_0409,validation,liar2_finance,2,22
train_pair_0536,validation,liar2_finance,2,22
train_pair_0008,validation,liar2_finance,2,22
train_pair_0157,validation,liar2_finance,2,22
train_pair_0722,validation,liar2_finance,2,22
train_pair_0094,validation,liar2_finance,2,22
train_pair_0349,validation,liar2_finance,2,22
train_pair_0047,validation,liar2_finance,2,22
train_pair_0252,validation,liar2_finance,2,22
validation_pair_0055,validation,liar2_finance,2,22
train_pair_0084,validation,liar2_finance,2,22
train_pair_0571,validation,liar2_finance,2,22
train_pair_0063,validation,liar2_finance,2,22
train_pair_0050,validation,liar2_finance,2,22
train_pair_0180,validation,liar2_finance,2,22
test_pair_0086,validation,liar2_finance,2,22
train_pair_0668,validation,liar2_finance,2,22
train_pair_0024,validation,liar2_finance,2,22
validation_pair_0014,validation,liar2_finance,2,22
train_pair_0292,validation,liar2_finance,2,22
train_pair_0772,validation,liar2_finance,2,22
train_pair_0021,validation,liar2_finance,2,22
train_pair_0273,validation,liar2_finance,2,22
validation_pair_0028,validation,liar2_finance,2,22
validation_pair_0052,validation,liar2_finance,2,22
train_pair_0751,validation,liar2_finance,2,22
train_pair_0518,validation,liar2_finance,2,22
validation_pair_0081,validation,liar2_finance,2,22
train_pair_0176,validation,liar2_finance,2,22
train_pair_0135,validation,liar2_finance,2,22
validation_pair_0111,validation,liar2_finance,2,22
test_pair_0029,validation,liar2_finance,2,22
train_pair_0275,test,liar2_finance,2,22
test_pair_0072,test,liar2_finance,2,22
train_pair_0188,test,liar2_finance,2,22
test_pair_0007,test,liar2_finance,2,22
train_pair_0601,test,liar2_finance,2,22
train_pair_0712,test,liar2_finance,2,22
test_pair_0083,test,liar2_finance,2,22
train_pair_0331,test,liar2_finance,2,22
train_pair_0507,test,liar2_finance,2,22
train_pair_0729,test,liar2_finance,2,22
test_pair_0079,test,liar2_finance,2,22
validation_pair_0034,test,liar2_finance,2,22
test_pair_0031,test,liar2_finance,2,22
test_pair_0048,test,liar2_finance,2,22
train_pair_0598,test,liar2_finance,2,22
train_pair_0659,test,liar2_finance,2,22
train_pair_0152,test,liar2_finance,2,22
train_pair_0379,test,liar2_finance,2,22
train_pair_0546,test,liar2_finance,2,22
train_pair_0290,test,liar2_finance,2,22
train_pair_0780,test,liar2_finance,2,22
train_pair_0109,test,liar2_finance,2,22
validation_pair_0097,test,liar2_finance,2,22
train_pair_0340,test,liar2_finance,2,22
train_pair_0635,test,liar2_finance,2,22
train_pair_0650,test,liar2_finance,2,22
train_pair_0791,test,liar2_finance,2,22
train_pair_0166,test,liar2_finance,2,22
test_pair_0070,test,liar2_finance,2,22
train_pair_0179,test,liar2_finance,2,22
train_pair_0727,test,liar2_finance,2,22
train_pair_0491,test,liar2_finance,2,22
train_pair_0200,test,liar2_finance,2,22
train_pair_0169,test,liar2_finance,2,22
validation_pair_0054,test,liar2_finance,2,22
train_pair_0259,test,liar2_finance,2,22
train_pair_0066,test,liar2_finance,2,22
train_pair_0562,test,liar2_finance,2,22
train_pair_0519,test,liar2_finance,2,22
train_pair_0221,test,liar2_finance,2,22
train_pair_0386,test,liar2_finance,2,22
test_pair_0015,test,liar2_finance,2,22
train_pair_0086,test,liar2_finance,2,22
train_pair_0264,test,liar2_finance,2,22
train_pair_0566,test,liar2_finance,2,22
validation_pair_0037,test,liar2_finance,2,22
validation_pair_0102,test,liar2_finance,2,22
train_pair_0606,test,liar2_finance,2,22
train_pair_0229,test,liar2_finance,2,22
test_pair_0018,test,liar2_finance,2,22
train_pair_0621,test,liar2_finance,2,22
train_pair_0395,test,liar2_finance,2,22
validation_pair_0100,test,liar2_finance,2,22
train_pair_0013,test,liar2_finance,2,22
train_pair_0631,test,liar2_finance,2,22
train_pair_0583,test,liar2_finance,2,22
train_pair_0417,test,liar2_finance,2,22
train_pair_0541,test,liar2_finance,2,22
train_pair_0574,test,liar2_finance,2,22
train_pair_0623,test,liar2_finance,2,22
validation_pair_0045,test,liar2_finance,2,22
train_pair_0194,test,liar2_finance,2,22
train_pair_0314,test,liar2_finance,2,22
train_pair_0792,test,liar2_finance,2,22
train_pair_0438,test,liar2_finance,2,22
validation_pair_0071,test,liar2_finance,2,22
train_pair_0046,test,liar2_finance,2,22
train_pair_0088,test,liar2_finance,2,22
validation_pair_0016,test,liar2_finance,2,22
validation_pair_0083,test,liar2_finance,2,22
train_pair_0702,test,liar2_finance,2,22
train_pair_0162,test,liar2_finance,2,22
train_pair_0313,test,liar2_finance,2,22
train_pair_0287,test,liar2_finance,2,22
train_pair_0414,test,liar2_finance,2,22
train_pair_0587,test,liar2_finance,2,22
train_pair_0484,test,liar2_finance,2,22
train_pair_0185,test,liar2_finance,2,22
train_pair_0294,test,liar2_finance,2,22
train_pair_0708,test,liar2_finance,2,22
validation_pair_0029,test,liar2_finance,2,22
train_pair_0715,test,liar2_finance,2,22
validation_pair_0063,test,liar2_finance,2,22
train_pair_0286,test,liar2_finance,2,22
train_pair_0575,test,liar2_finance,2,22
train_pair_0644,test,liar2_finance,2,22
train_pair_0466,test,liar2_finance,2,22
train_pair_0675,test,liar2_finance,2,22
train_pair_0451,test,liar2_finance,2,22
train_pair_0325,test,liar2_finance,2,22
train_pair_0731,test,liar2_finance,2,22
validation_pair_0038,test,liar2_finance,2,22
train_pair_0498,test,liar2_finance,2,22
train_pair_0804,test,liar2_finance,2,22
train_pair_0114,test,liar2_finance,2,22
train_pair_0517,test,liar2_finance,2,22
train_pair_0073,test,liar2_finance,2,22
train_pair_0577,test,liar2_finance,2,22
train_pair_0123,test,liar2_finance,2,22
validation_pair_0098,test,liar2_finance,2,22
train_pair_0563,test,liar2_finance,2,22
train_pair_0131,test,liar2_finance,2,22
test_pair_0049,train,liar2_finance,3,33
train_pair_0263,train,liar2_finance,3,33
train_pair_0330,train,liar2_finance,3,33
test_pair_0072,train,liar2_finance,3,33
train_pair_0764,train,liar2_finance,3,33
validation_pair_0049,train,liar2_finance,3,33
train_pair_0631,train,liar2_finance,3,33
train_pair_0734,train,liar2_finance,3,33
validation_pair_0102,train,liar2_finance,3,33
train_pair_0563,train,liar2_finance,3,33
train_pair_0760,train,liar2_finance,3,33
train_pair_0545,train,liar2_finance,3,33
train_pair_0688,train,liar2_finance,3,33
train_pair_0039,train,liar2_finance,3,33
train_pair_0518,train,liar2_finance,3,33
train_pair_0485,train,liar2_finance,3,33
train_pair_0183,train,liar2_finance,3,33
test_pair_0037,train,liar2_finance,3,33
train_pair_0680,train,liar2_finance,3,33
train_pair_0581,train,liar2_finance,3,33
train_pair_0371,train,liar2_finance,3,33
train_pair_0377,train,liar2_finance,3,33
train_pair_0730,train,liar2_finance,3,33
train_pair_0095,train,liar2_finance,3,33
train_pair_0083,train,liar2_finance,3,33
train_pair_0664,train,liar2_finance,3,33
train_pair_0605,train,liar2_finance,3,33
train_pair_0397,train,liar2_finance,3,33
train_pair_0564,train,liar2_finance,3,33
train_pair_0785,train,liar2_finance,3,33
train_pair_0598,train,liar2_finance,3,33
train_pair_0784,train,liar2_finance,3,33
validation_pair_0039,train,liar2_finance,3,33
validation_pair_0028,train,liar2_finance,3,33
train_pair_0097,train,liar2_finance,3,33
train_pair_0284,train,liar2_finance,3,33
test_pair_0053,train,liar2_finance,3,33
train_pair_0570,train,liar2_finance,3,33
train_pair_0242,train,liar2_finance,3,33
train_pair_0019,train,liar2_finance,3,33
train_pair_0182,train,liar2_finance,3,33
train_pair_0739,train,liar2_finance,3,33
train_pair_0683,train,liar2_finance,3,33
train_pair_0641,train,liar2_finance,3,33
train_pair_0167,train,liar2_finance,3,33
train_pair_0757,train,liar2_finance,3,33
test_pair_0091,train,liar2_finance,3,33
train_pair_0087,train,liar2_finance,3,33
validation_pair_0114,train,liar2_finance,3,33
train_pair_0649,train,liar2_finance,3,33
train_pair_0200,train,liar2_finance,3,33
test_pair_0082,train,liar2_finance,3,33
train_pair_0450,train,liar2_finance,3,33
validation_pair_0031,train,liar2_finance,3,33
train_pair_0366,train,liar2_finance,3,33
validation_pair_0040,train,liar2_finance,3,33
train_pair_0322,train,liar2_finance,3,33
train_pair_0162,train,liar2_finance,3,33
test_pair_0085,train,liar2_finance,3,33
validation_pair_0113,train,liar2_finance,3,33
train_pair_0024,train,liar2_finance,3,33
train_pair_0345,train,liar2_finance,3,33
validation_pair_0084,train,liar2_finance,3,33
train_pair_0003,train,liar2_finance,3,33
validation_pair_0083,train,liar2_finance,3,33
train_pair_0356,train,liar2_finance,3,33
train_pair_0711,train,liar2_finance,3,33
train_pair_0073,train,liar2_finance,3,33
train_pair_0119,train,liar2_finance,3,33
train_pair_0781,train,liar2_finance,3,33
train_pair_0352,train,liar2_finance,3,33
train_pair_0432,train,liar2_finance,3,33
train_pair_0412,train,liar2_finance,3,33
train_pair_0422,train,liar2_finance,3,33
validation_pair_0036,train,liar2_finance,3,33
train_pair_0014,train,liar2_finance,3,33
train_pair_0269,train,liar2_finance,3,33
train_pair_0085,train,liar2_finance,3,33
train_pair_0446,train,liar2_finance,3,33
train_pair_0181,train,liar2_finance,3,33
train_pair_0505,train,liar2_finance,3,33
train_pair_0444,train,liar2_finance,3,33
train_pair_0727,train,liar2_finance,3,33
train_pair_0575,train,liar2_finance,3,33
train_pair_0390,train,liar2_finance,3,33
train_pair_0814,train,liar2_finance,3,33
train_pair_0476,train,liar2_finance,3,33
train_pair_0698,train,liar2_finance,3,33
train_pair_0127,train,liar2_finance,3,33
train_pair_0547,train,liar2_finance,3,33
train_pair_0111,train,liar2_finance,3,33
train_pair_0442,train,liar2_finance,3,33
train_pair_0536,train,liar2_finance,3,33
train_pair_0553,train,liar2_finance,3,33
validation_pair_0068,train,liar2_finance,3,33
train_pair_0648,train,liar2_finance,3,33
train_pair_0275,train,liar2_finance,3,33
train_pair_0668,train,liar2_finance,3,33
train_pair_0709,train,liar2_finance,3,33
train_pair_0248,train,liar2_finance,3,33
validation_pair_0088,train,liar2_finance,3,33
train_pair_0704,train,liar2_finance,3,33
train_pair_0325,train,liar2_finance,3,33
train_pair_0454,train,liar2_finance,3,33
test_pair_0057,train,liar2_finance,3,33
test_pair_0020,train,liar2_finance,3,33
train_pair_0388,train,liar2_finance,3,33
validation_pair_0073,train,liar2_finance,3,33
train_pair_0118,train,liar2_finance,3,33
train_pair_0037,train,liar2_finance,3,33
train_pair_0421,train,liar2_finance,3,33
validation_pair_0025,train,liar2_finance,3,33
train_pair_0517,train,liar2_finance,3,33
train_pair_0525,train,liar2_finance,3,33
train_pair_0144,train,liar2_finance,3,33
train_pair_0706,train,liar2_finance,3,33
train_pair_0128,train,liar2_finance,3,33
train_pair_0504,train,liar2_finance,3,33
train_pair_0199,train,liar2_finance,3,33
train_pair_0577,train,liar2_finance,3,33
train_pair_0328,train,liar2_finance,3,33
train_pair_0453,train,liar2_finance,3,33
validation_pair_0075,train,liar2_finance,3,33
train_pair_0768,train,liar2_finance,3,33
train_pair_0634,train,liar2_finance,3,33
train_pair_0225,train,liar2_finance,3,33
test_pair_0019,train,liar2_finance,3,33
train_pair_0077,train,liar2_finance,3,33
train_pair_0410,train,liar2_finance,3,33
train_pair_0669,train,liar2_finance,3,33
validation_pair_0064,train,liar2_finance,3,33
train_pair_0419,train,liar2_finance,3,33
train_pair_0368,train,liar2_finance,3,33
train_pair_0234,train,liar2_finance,3,33
train_pair_0700,train,liar2_finance,3,33
train_pair_0302,train,liar2_finance,3,33
train_pair_0050,train,liar2_finance,3,33
train_pair_0179,train,liar2_finance,3,33
train_pair_0032,train,liar2_finance,3,33
train_pair_0767,train,liar2_finance,3,33
test_pair_0024,train,liar2_finance,3,33
validation_pair_0004,train,liar2_finance,3,33
train_pair_0146,train,liar2_finance,3,33
train_pair_0772,train,liar2_finance,3,33
train_pair_0203,train,liar2_finance,3,33
validation_pair_0082,train,liar2_finance,3,33
validation_pair_0095,train,liar2_finance,3,33
train_pair_0749,train,liar2_finance,3,33
train_pair_0126,train,liar2_finance,3,33
train_pair_0297,train,liar2_finance,3,33
train_pair_0093,train,liar2_finance,3,33
train_pair_0205,train,liar2_finance,3,33
train_pair_0145,train,liar2_finance,3,33
train_pair_0482,train,liar2_finance,3,33
train_pair_0584,train,liar2_finance,3,33
train_pair_0235,train,liar2_finance,3,33
test_pair_0014,train,liar2_finance,3,33
train_pair_0740,train,liar2_finance,3,33
train_pair_0273,train,liar2_finance,3,33
train_pair_0473,train,liar2_finance,3,33
test_pair_0002,train,liar2_finance,3,33
train_pair_0175,train,liar2_finance,3,33
train_pair_0048,train,liar2_finance,3,33
validation_pair_0086,train,liar2_finance,3,33
train_pair_0250,train,liar2_finance,3,33
train_pair_0443,train,liar2_finance,3,33
train_pair_0678,train,liar2_finance,3,33
train_pair_0217,train,liar2_finance,3,33
train_pair_0238,train,liar2_finance,3,33
train_pair_0260,train,liar2_finance,3,33
train_pair_0006,train,liar2_finance,3,33
train_pair_0674,train,liar2_finance,3,33
test_pair_0064,train,liar2_finance,3,33
train_pair_0151,train,liar2_finance,3,33
train_pair_0304,train,liar2_finance,3,33
train_pair_0427,train,liar2_finance,3,33
train_pair_0007,train,liar2_finance,3,33
train_pair_0244,train,liar2_finance,3,33
train_pair_0737,train,liar2_finance,3,33
train_pair_0597,train,liar2_finance,3,33
train_pair_0010,train,liar2_finance,3,33
train_pair_0643,train,liar2_finance,3,33
validation_pair_0081,train,liar2_finance,3,33
validation_pair_0033,train,liar2_finance,3,33
validation_pair_0007,train,liar2_finance,3,33
train_pair_0189,train,liar2_finance,3,33
train_pair_0327,train,liar2_finance,3,33
train_pair_0406,train,liar2_finance,3,33
train_pair_0696,train,liar2_finance,3,33
train_pair_0590,train,liar2_finance,3,33
train_pair_0626,train,liar2_finance,3,33
train_pair_0301,train,liar2_finance,3,33
train_pair_0699,train,liar2_finance,3,33
train_pair_0166,train,liar2_finance,3,33
train_pair_0503,train,liar2_finance,3,33
train_pair_0604,train,liar2_finance,3,33
train_pair_0726,train,liar2_finance,3,33
train_pair_0557,train,liar2_finance,3,33
train_pair_0540,train,liar2_finance,3,33
train_pair_0384,train,liar2_finance,3,33
train_pair_0208,train,liar2_finance,3,33
test_pair_0030,train,liar2_finance,3,33
validation_pair_0045,train,liar2_finance,3,33
train_pair_0512,train,liar2_finance,3,33
train_pair_0495,train,liar2_finance,3,33
train_pair_0016,train,liar2_finance,3,33
test_pair_0026,train,liar2_finance,3,33
train_pair_0466,train,liar2_finance,3,33
validation_pair_0054,train,liar2_finance,3,33
train_pair_0264,train,liar2_finance,3,33
train_pair_0411,train,liar2_finance,3,33
train_pair_0614,train,liar2_finance,3,33
train_pair_0497,train,liar2_finance,3,33
train_pair_0471,train,liar2_finance,3,33
train_pair_0349,train,liar2_finance,3,33
train_pair_0276,train,liar2_finance,3,33
validation_pair_0046,train,liar2_finance,3,33
train_pair_0147,train,liar2_finance,3,33
test_pair_0083,train,liar2_finance,3,33
train_pair_0022,train,liar2_finance,3,33
train_pair_0383,train,liar2_finance,3,33
train_pair_0285,train,liar2_finance,3,33
test_pair_0044,train,liar2_finance,3,33
validation_pair_0001,train,liar2_finance,3,33
train_pair_0777,train,liar2_finance,3,33
validation_pair_0061,train,liar2_finance,3,33
train_pair_0524,train,liar2_finance,3,33
train_pair_0290,train,liar2_finance,3,33
train_pair_0307,train,liar2_finance,3,33
train_pair_0078,train,liar2_finance,3,33
validation_pair_0032,train,liar2_finance,3,33
train_pair_0043,train,liar2_finance,3,33
train_pair_0498,train,liar2_finance,3,33
validation_pair_0018,train,liar2_finance,3,33
train_pair_0180,train,liar2_finance,3,33
train_pair_0703,train,liar2_finance,3,33
train_pair_0321,train,liar2_finance,3,33
train_pair_0312,train,liar2_finance,3,33
validation_pair_0066,train,liar2_finance,3,33
train_pair_0529,train,liar2_finance,3,33
train_pair_0595,train,liar2_finance,3,33
train_pair_0644,train,liar2_finance,3,33
train_pair_0541,train,liar2_finance,3,33
train_pair_0811,train,liar2_finance,3,33
train_pair_0464,train,liar2_finance,3,33
train_pair_0651,train,liar2_finance,3,33
train_pair_0507,train,liar2_finance,3,33
train_pair_0283,train,liar2_finance,3,33
validation_pair_0055,train,liar2_finance,3,33
test_pair_0078,train,liar2_finance,3,33
train_pair_0100,train,liar2_finance,3,33
train_pair_0353,train,liar2_finance,3,33
train_pair_0710,train,liar2_finance,3,33
train_pair_0751,train,liar2_finance,3,33
train_pair_0666,train,liar2_finance,3,33
train_pair_0387,train,liar2_finance,3,33
train_pair_0801,train,liar2_finance,3,33
validation_pair_0108,train,liar2_finance,3,33
train_pair_0246,train,liar2_finance,3,33
train_pair_0288,train,liar2_finance,3,33
train_pair_0079,train,liar2_finance,3,33
train_pair_0108,train,liar2_finance,3,33
train_pair_0089,train,liar2_finance,3,33
train_pair_0168,train,liar2_finance,3,33
validation_pair_0100,train,liar2_finance,3,33
train_pair_0653,train,liar2_finance,3,33
train_pair_0671,train,liar2_finance,3,33
train_pair_0124,train,liar2_finance,3,33
test_pair_0032,train,liar2_finance,3,33
train_pair_0329,train,liar2_finance,3,33
test_pair_0041,train,liar2_finance,3,33
validation_pair_0015,train,liar2_finance,3,33
train_pair_0687,train,liar2_finance,3,33
train_pair_0754,train,liar2_finance,3,33
train_pair_0159,train,liar2_finance,3,33
test_pair_0084,train,liar2_finance,3,33
train_pair_0061,train,liar2_finance,3,33
train_pair_0219,train,liar2_finance,3,33
train_pair_0117,train,liar2_finance,3,33
train_pair_0681,train,liar2_finance,3,33
train_pair_0142,train,liar2_finance,3,33
train_pair_0731,train,liar2_finance,3,33
train_pair_0407,train,liar2_finance,3,33
train_pair_0237,train,liar2_finance,3,33
train_pair_0096,train,liar2_finance,3,33
validation_pair_0056,train,liar2_finance,3,33
train_pair_0243,train,liar2_finance,3,33
train_pair_0134,train,liar2_finance,3,33
validation_pair_0080,train,liar2_finance,3,33
validation_pair_0096,train,liar2_finance,3,33
train_pair_0662,train,liar2_finance,3,33
train_pair_0609,train,liar2_finance,3,33
test_pair_0055,train,liar2_finance,3,33
train_pair_0279,train,liar2_finance,3,33
train_pair_0204,train,liar2_finance,3,33
train_pair_0425,train,liar2_finance,3,33
train_pair_0438,train,liar2_finance,3,33
train_pair_0021,train,liar2_finance,3,33
train_pair_0562,train,liar2_finance,3,33
train_pair_0628,train,liar2_finance,3,33
train_pair_0065,train,liar2_finance,3,33
train_pair_0665,train,liar2_finance,3,33
train_pair_0416,train,liar2_finance,3,33
train_pair_0527,train,liar2_finance,3,33
train_pair_0508,train,liar2_finance,3,33
train_pair_0221,train,liar2_finance,3,33
train_pair_0502,train,liar2_finance,3,33
train_pair_0663,train,liar2_finance,3,33
test_pair_0010,train,liar2_finance,3,33
train_pair_0309,train,liar2_finance,3,33
train_pair_0693,train,liar2_finance,3,33
train_pair_0708,train,liar2_finance,3,33
train_pair_0367,train,liar2_finance,3,33
train_pair_0218,train,liar2_finance,3,33
train_pair_0245,train,liar2_finance,3,33
train_pair_0786,train,liar2_finance,3,33
validation_pair_0093,train,liar2_finance,3,33
train_pair_0114,train,liar2_finance,3,33
validation_pair_0035,train,liar2_finance,3,33
train_pair_0650,train,liar2_finance,3,33
train_pair_0173,train,liar2_finance,3,33
train_pair_0337,train,liar2_finance,3,33
train_pair_0098,train,liar2_finance,3,33
test_pair_0043,train,liar2_finance,3,33
train_pair_0272,train,liar2_finance,3,33
train_pair_0069,train,liar2_finance,3,33
test_pair_0065,train,liar2_finance,3,33
train_pair_0468,train,liar2_finance,3,33
test_pair_0051,train,liar2_finance,3,33
train_pair_0080,train,liar2_finance,3,33
train_pair_0761,train,liar2_finance,3,33
train_pair_0359,train,liar2_finance,3,33
train_pair_0750,train,liar2_finance,3,33
train_pair_0139,train,liar2_finance,3,33
train_pair_0029,train,liar2_finance,3,33
train_pair_0747,train,liar2_finance,3,33
train_pair_0797,train,liar2_finance,3,33
train_pair_0537,train,liar2_finance,3,33
train_pair_0286,train,liar2_finance,3,33
train_pair_0414,train,liar2_finance,3,33
train_pair_0232,train,liar2_finance,3,33
train_pair_0261,train,liar2_finance,3,33
train_pair_0542,train,liar2_finance,3,33
train_pair_0552,train,liar2_finance,3,33
train_pair_0452,train,liar2_finance,3,33
validation_pair_0008,train,liar2_finance,3,33
train_pair_0499,train,liar2_finance,3,33
train_pair_0480,train,liar2_finance,3,33
train_pair_0137,train,liar2_finance,3,33
train_pair_0787,train,liar2_finance,3,33
train_pair_0755,train,liar2_finance,3,33
train_pair_0479,train,liar2_finance,3,33
train_pair_0395,train,liar2_finance,3,33
test_pair_0092,train,liar2_finance,3,33
train_pair_0195,train,liar2_finance,3,33
train_pair_0160,train,liar2_finance,3,33
train_pair_0462,train,liar2_finance,3,33
train_pair_0005,train,liar2_finance,3,33
train_pair_0752,train,liar2_finance,3,33
train_pair_0171,train,liar2_finance,3,33
validation_pair_0041,train,liar2_finance,3,33
test_pair_0094,train,liar2_finance,3,33
test_pair_0006,train,liar2_finance,3,33
test_pair_0047,train,liar2_finance,3,33
train_pair_0770,train,liar2_finance,3,33
train_pair_0692,train,liar2_finance,3,33
train_pair_0571,train,liar2_finance,3,33
train_pair_0510,train,liar2_finance,3,33
train_pair_0152,train,liar2_finance,3,33
train_pair_0084,train,liar2_finance,3,33
train_pair_0458,train,liar2_finance,3,33
train_pair_0067,train,liar2_finance,3,33
train_pair_0132,train,liar2_finance,3,33
train_pair_0424,train,liar2_finance,3,33
test_pair_0027,train,liar2_finance,3,33
train_pair_0369,train,liar2_finance,3,33
train_pair_0719,train,liar2_finance,3,33
train_pair_0340,train,liar2_finance,3,33
train_pair_0121,train,liar2_finance,3,33
train_pair_0058,train,liar2_finance,3,33
train_pair_0576,train,liar2_finance,3,33
train_pair_0091,train,liar2_finance,3,33
train_pair_0637,train,liar2_finance,3,33
train_pair_0639,train,liar2_finance,3,33
test_pair_0016,train,liar2_finance,3,33
train_pair_0381,train,liar2_finance,3,33
train_pair_0459,train,liar2_finance,3,33
train_pair_0259,train,liar2_finance,3,33
validation_pair_0047,train,liar2_finance,3,33
test_pair_0048,train,liar2_finance,3,33
train_pair_0776,train,liar2_finance,3,33
train_pair_0744,train,liar2_finance,3,33
train_pair_0068,train,liar2_finance,3,33
train_pair_0311,train,liar2_finance,3,33
train_pair_0554,train,liar2_finance,3,33
train_pair_0695,train,liar2_finance,3,33
train_pair_0227,train,liar2_finance,3,33
test_pair_0087,train,liar2_finance,3,33
train_pair_0516,train,liar2_finance,3,33
train_pair_0076,train,liar2_finance,3,33
validation_pair_0098,train,liar2_finance,3,33
validation_pair_0111,train,liar2_finance,3,33
train_pair_0176,train,liar2_finance,3,33
train_pair_0523,train,liar2_finance,3,33
train_pair_0560,train,liar2_finance,3,33
train_pair_0679,train,liar2_finance,3,33
train_pair_0206,train,liar2_finance,3,33
train_pair_0315,train,liar2_finance,3,33
train_pair_0362,train,liar2_finance,3,33
train_pair_0104,train,liar2_finance,3,33
validation_pair_0034,train,liar2_finance,3,33
train_pair_0157,train,liar2_finance,3,33
train_pair_0574,train,liar2_finance,3,33
train_pair_0475,train,liar2_finance,3,33
train_pair_0656,train,liar2_finance,3,33
validation_pair_0078,train,liar2_finance,3,33
train_pair_0038,train,liar2_finance,3,33
train_pair_0404,train,liar2_finance,3,33
train_pair_0618,train,liar2_finance,3,33
train_pair_0591,train,liar2_finance,3,33
train_pair_0810,train,liar2_finance,3,33
test_pair_0080,train,liar2_finance,3,33
train_pair_0002,train,liar2_finance,3,33
train_pair_0070,train,liar2_finance,3,33
train_pair_0008,train,liar2_finance,3,33
train_pair_0735,train,liar2_finance,3,33
train_pair_0364,train,liar2_finance,3,33
train_pair_0354,train,liar2_finance,3,33
train_pair_0550,train,liar2_finance,3,33
train_pair_0722,train,liar2_finance,3,33
test_pair_0056,train,liar2_finance,3,33
train_pair_0090,train,liar2_finance,3,33
train_pair_0075,train,liar2_finance,3,33
train_pair_0059,train,liar2_finance,3,33
train_pair_0004,train,liar2_finance,3,33
train_pair_0255,train,liar2_finance,3,33
train_pair_0155,train,liar2_finance,3,33
train_pair_0496,train,liar2_finance,3,33
train_pair_0461,train,liar2_finance,3,33
train_pair_0298,train,liar2_finance,3,33
train_pair_0270,train,liar2_finance,3,33
train_pair_0063,train,liar2_finance,3,33
train_pair_0247,train,liar2_finance,3,33
train_pair_0031,train,liar2_finance,3,33
train_pair_0494,train,liar2_finance,3,33
train_pair_0812,train,liar2_finance,3,33
train_pair_0192,train,liar2_finance,3,33
train_pair_0252,train,liar2_finance,3,33
train_pair_0729,train,liar2_finance,3,33
validation_pair_0006,train,liar2_finance,3,33
train_pair_0112,train,liar2_finance,3,33
train_pair_0358,train,liar2_finance,3,33
train_pair_0645,train,liar2_finance,3,33
train_pair_0566,train,liar2_finance,3,33
train_pair_0394,train,liar2_finance,3,33
test_pair_0081,train,liar2_finance,3,33
train_pair_0220,train,liar2_finance,3,33
train_pair_0343,train,liar2_finance,3,33
train_pair_0748,train,liar2_finance,3,33
train_pair_0057,train,liar2_finance,3,33
train_pair_0436,train,liar2_finance,3,33
train_pair_0373,train,liar2_finance,3,33
validation_pair_0023,train,liar2_finance,3,33
train_pair_0659,train,liar2_finance,3,33
train_pair_0415,train,liar2_finance,3,33
train_pair_0401,train,liar2_finance,3,33
train_pair_0460,train,liar2_finance,3,33
train_pair_0153,train,liar2_finance,3,33
train_pair_0457,train,liar2_finance,3,33
validation_pair_0037,train,liar2_finance,3,33
train_pair_0355,train,liar2_finance,3,33
train_pair_0018,train,liar2_finance,3,33
validation_pair_0112,train,liar2_finance,3,33
train_pair_0558,train,liar2_finance,3,33
train_pair_0236,train,liar2_finance,3,33
test_pair_0039,train,liar2_finance,3,33
train_pair_0685,train,liar2_finance,3,33
train_pair_0621,train,liar2_finance,3,33
train_pair_0360,train,liar2_finance,3,33
train_pair_0136,train,liar2_finance,3,33
validation_pair_0051,train,liar2_finance,3,33
train_pair_0253,train,liar2_finance,3,33
test_pair_0054,train,liar2_finance,3,33
test_pair_0046,train,liar2_finance,3,33
train_pair_0041,train,liar2_finance,3,33
train_pair_0610,train,liar2_finance,3,33
train_pair_0677,train,liar2_finance,3,33
train_pair_0526,train,liar2_finance,3,33
train_pair_0667,train,liar2_finance,3,33
validation_pair_0013,train,liar2_finance,3,33
train_pair_0198,train,liar2_finance,3,33
train_pair_0370,train,liar2_finance,3,33
train_pair_0379,train,liar2_finance,3,33
train_pair_0633,train,liar2_finance,3,33
train_pair_0334,train,liar2_finance,3,33
train_pair_0172,train,liar2_finance,3,33
train_pair_0135,train,liar2_finance,3,33
train_pair_0492,train,liar2_finance,3,33
train_pair_0565,train,liar2_finance,3,33
validation_pair_0106,train,liar2_finance,3,33
test_pair_0074,train,liar2_finance,3,33
train_pair_0033,train,liar2_finance,3,33
train_pair_0380,train,liar2_finance,3,33
train_pair_0346,train,liar2_finance,3,33
train_pair_0717,train,liar2_finance,3,33
train_pair_0780,train,liar2_finance,3,33
train_pair_0623,train,liar2_finance,3,33
train_pair_0594,train,liar2_finance,3,33
train_pair_0513,train,liar2_finance,3,33
train_pair_0249,train,liar2_finance,3,33
train_pair_0455,train,liar2_finance,3,33
train_pair_0724,train,liar2_finance,3,33
train_pair_0149,train,liar2_finance,3,33
train_pair_0088,train,liar2_finance,3,33
test_pair_0079,train,liar2_finance,3,33
train_pair_0028,train,liar2_finance,3,33
validation_pair_0058,train,liar2_finance,3,33
validation_pair_0070,train,liar2_finance,3,33
train_pair_0705,train,liar2_finance,3,33
train_pair_0045,train,liar2_finance,3,33
train_pair_0617,train,liar2_finance,3,33
train_pair_0592,train,liar2_finance,3,33
validation_pair_0103,train,liar2_finance,3,33
validation_pair_0077,train,liar2_finance,3,33
train_pair_0156,train,liar2_finance,3,33
train_pair_0544,train,liar2_finance,3,33
train_pair_0519,train,liar2_finance,3,33
test_pair_0036,train,liar2_finance,3,33
train_pair_0515,train,liar2_finance,3,33
train_pair_0694,train,liar2_finance,3,33
train_pair_0423,train,liar2_finance,3,33
train_pair_0611,train,liar2_finance,3,33
train_pair_0233,train,liar2_finance,3,33
train_pair_0642,train,liar2_finance,3,33
validation_pair_0038,train,liar2_finance,3,33
train_pair_0054,train,liar2_finance,3,33
train_pair_0294,train,liar2_finance,3,33
train_pair_0319,train,liar2_finance,3,33
validation_pair_0044,train,liar2_finance,3,33
train_pair_0661,train,liar2_finance,3,33
train_pair_0044,train,liar2_finance,3,33
train_pair_0616,train,liar2_finance,3,33
train_pair_0184,train,liar2_finance,3,33
test_pair_0005,train,liar2_finance,3,33
train_pair_0190,train,liar2_finance,3,33
train_pair_0815,train,liar2_finance,3,33
test_pair_0045,train,liar2_finance,3,33
train_pair_0638,train,liar2_finance,3,33
train_pair_0451,train,liar2_finance,3,33
train_pair_0110,train,liar2_finance,3,33
train_pair_0796,train,liar2_finance,3,33
train_pair_0511,train,liar2_finance,3,33
train_pair_0682,train,liar2_finance,3,33
train_pair_0589,train,liar2_finance,3,33
train_pair_0808,train,liar2_finance,3,33
train_pair_0509,train,liar2_finance,3,33
train_pair_0533,train,liar2_finance,3,33
train_pair_0226,train,liar2_finance,3,33
train_pair_0713,train,liar2_finance,3,33
test_pair_0075,train,liar2_finance,3,33
validation_pair_0019,train,liar2_finance,3,33
train_pair_0583,train,liar2_finance,3,33
train_pair_0271,train,liar2_finance,3,33
validation_pair_0022,train,liar2_finance,3,33
test_pair_0035,train,liar2_finance,3,33
test_pair_0058,train,liar2_finance,3,33
train_pair_0805,train,liar2_finance,3,33
train_pair_0798,train,liar2_finance,3,33
validation_pair_0029,train,liar2_finance,3,33
validation_pair_0014,train,liar2_finance,3,33
train_pair_0670,train,liar2_finance,3,33
train_pair_0158,train,liar2_finance,3,33
train_pair_0287,train,liar2_finance,3,33
validation_pair_0065,train,liar2_finance,3,33
train_pair_0295,train,liar2_finance,3,33
train_pair_0036,train,liar2_finance,3,33
train_pair_0120,train,liar2_finance,3,33
train_pair_0514,train,liar2_finance,3,33
train_pair_0308,train,liar2_finance,3,33
train_pair_0465,train,liar2_finance,3,33
train_pair_0433,train,liar2_finance,3,33
train_pair_0800,train,liar2_finance,3,33
train_pair_0324,train,liar2_finance,3,33
train_pair_0567,train,liar2_finance,3,33
test_pair_0008,train,liar2_finance,3,33
train_pair_0493,train,liar2_finance,3,33
train_pair_0413,train,liar2_finance,3,33
train_pair_0774,train,liar2_finance,3,33
train_pair_0102,train,liar2_finance,3,33
train_pair_0402,train,liar2_finance,3,33
train_pair_0357,train,liar2_finance,3,33
train_pair_0522,train,liar2_finance,3,33
train_pair_0224,train,liar2_finance,3,33
validation_pair_0042,train,liar2_finance,3,33
train_pair_0282,train,liar2_finance,3,33
train_pair_0773,train,liar2_finance,3,33
train_pair_0652,train,liar2_finance,3,33
train_pair_0115,train,liar2_finance,3,33
validation_pair_0011,train,liar2_finance,3,33
train_pair_0804,train,liar2_finance,3,33
train_pair_0187,train,liar2_finance,3,33
train_pair_0435,train,liar2_finance,3,33
train_pair_0258,train,liar2_finance,3,33
train_pair_0409,train,liar2_finance,3,33
train_pair_0806,train,liar2_finance,3,33
train_pair_0051,train,liar2_finance,3,33
train_pair_0385,train,liar2_finance,3,33
train_pair_0335,train,liar2_finance,3,33
train_pair_0758,train,liar2_finance,3,33
validation_pair_0105,train,liar2_finance,3,33
test_pair_0050,train,liar2_finance,3,33
test_pair_0086,train,liar2_finance,3,33
train_pair_0339,train,liar2_finance,3,33
train_pair_0600,train,liar2_finance,3,33
validation_pair_0012,train,liar2_finance,3,33
train_pair_0587,train,liar2_finance,3,33
train_pair_0707,train,liar2_finance,3,33
train_pair_0074,train,liar2_finance,3,33
train_pair_0702,train,liar2_finance,3,33
validation_pair_0104,train,liar2_finance,3,33
train_pair_0486,train,liar2_finance,3,33
train_pair_0658,train,liar2_finance,3,33
test_pair_0060,train,liar2_finance,3,33
train_pair_0046,train,liar2_finance,3,33
train_pair_0020,train,liar2_finance,3,33
train_pair_0133,train,liar2_finance,3,33
train_pair_0254,train,liar2_finance,3,33
train_pair_0716,train,liar2_finance,3,33
train_pair_0123,train,liar2_finance,3,33
train_pair_0023,train,liar2_finance,3,33
train_pair_0081,train,liar2_finance,3,33
train_pair_0738,train,liar2_finance,3,33
train_pair_0746,train,liar2_finance,3,33
train_pair_0430,train,liar2_finance,3,33
train_pair_0625,train,liar2_finance,3,33
train_pair_0528,train,liar2_finance,3,33
train_pair_0210,train,liar2_finance,3,33
train_pair_0310,train,liar2_finance,3,33
train_pair_0174,train,liar2_finance,3,33
validation_pair_0090,train,liar2_finance,3,33
train_pair_0365,train,liar2_finance,3,33
train_pair_0386,train,liar2_finance,3,33
train_pair_0766,train,liar2_finance,3,33
train_pair_0125,train,liar2_finance,3,33
train_pair_0697,train,liar2_finance,3,33
test_pair_0031,train,liar2_finance,3,33
train_pair_0607,train,liar2_finance,3,33
train_pair_0035,train,liar2_finance,3,33
train_pair_0630,train,liar2_finance,3,33
train_pair_0795,train,liar2_finance,3,33
train_pair_0129,train,liar2_finance,3,33
train_pair_0361,train,liar2_finance,3,33
validation_pair_0053,train,liar2_finance,3,33
train_pair_0191,train,liar2_finance,3,33
validation_pair_0079,train,liar2_finance,3,33
train_pair_0418,train,liar2_finance,3,33
train_pair_0040,train,liar2_finance,3,33
train_pair_0052,train,liar2_finance,3,33
train_pair_0222,train,liar2_finance,3,33
train_pair_0624,train,liar2_finance,3,33
train_pair_0803,train,liar2_finance,3,33
train_pair_0506,train,liar2_finance,3,33
train_pair_0231,train,liar2_finance,3,33
train_pair_0620,train,liar2_finance,3,33
train_pair_0763,train,liar2_finance,3,33
test_pair_0073,train,liar2_finance,3,33
train_pair_0809,train,liar2_finance,3,33
validation_pair_0026,train,liar2_finance,3,33
train_pair_0714,train,liar2_finance,3,33
test_pair_0033,train,liar2_finance,3,33
train_pair_0396,train,liar2_finance,3,33
test_pair_0028,train,liar2_finance,3,33
validation_pair_0030,train,liar2_finance,3,33
train_pair_0657,train,liar2_finance,3,33
validation_pair_0110,train,liar2_finance,3,33
train_pair_0055,train,liar2_finance,3,33
train_pair_0619,train,liar2_finance,3,33
test_pair_0089,train,liar2_finance,3,33
test_pair_0038,train,liar2_finance,3,33
train_pair_0348,train,liar2_finance,3,33
train_pair_0320,train,liar2_finance,3,33
train_pair_0635,train,liar2_finance,3,33
train_pair_0580,train,liar2_finance,3,33
train_pair_0141,train,liar2_finance,3,33
train_pair_0363,train,liar2_finance,3,33
test_pair_0061,train,liar2_finance,3,33
train_pair_0266,train,liar2_finance,3,33
train_pair_0086,train,liar2_finance,3,33
train_pair_0281,train,liar2_finance,3,33
train_pair_0274,train,liar2_finance,3,33
train_pair_0268,train,liar2_finance,3,33
train_pair_0169,train,liar2_finance,3,33
train_pair_0434,train,liar2_finance,3,33
validation_pair_0024,train,liar2_finance,3,33
test_pair_0001,train,liar2_finance,3,33
train_pair_0326,train,liar2_finance,3,33
train_pair_0599,train,liar2_finance,3,33
train_pair_0572,train,liar2_finance,3,33
train_pair_0816,train,liar2_finance,3,33
train_pair_0107,train,liar2_finance,3,33
train_pair_0736,train,liar2_finance,3,33
train_pair_0103,train,liar2_finance,3,33
train_pair_0534,train,liar2_finance,3,33
train_pair_0647,train,liar2_finance,3,33
train_pair_0333,train,liar2_finance,3,33
train_pair_0148,train,liar2_finance,3,33
train_pair_0062,train,liar2_finance,3,33
train_pair_0568,train,liar2_finance,3,33
train_pair_0549,train,liar2_finance,3,33
train_pair_0712,train,liar2_finance,3,33
train_pair_0392,train,liar2_finance,3,33
train_pair_0140,train,liar2_finance,3,33
train_pair_0615,train,liar2_finance,3,33
train_pair_0546,train,liar2_finance,3,33
train_pair_0161,train,liar2_finance,3,33
train_pair_0164,train,liar2_finance,3,33
train_pair_0064,train,liar2_finance,3,33
train_pair_0472,train,liar2_finance,3,33
train_pair_0613,train,liar2_finance,3,33
test_pair_0029,train,liar2_finance,3,33
train_pair_0578,train,liar2_finance,3,33
train_pair_0262,train,liar2_finance,3,33
train_pair_0017,train,liar2_finance,3,33
train_pair_0640,train,liar2_finance,3,33
train_pair_0612,train,liar2_finance,3,33
test_pair_0018,train,liar2_finance,3,33
train_pair_0202,train,liar2_finance,3,33
train_pair_0342,train,liar2_finance,3,33
train_pair_0531,train,liar2_finance,3,33
train_pair_0278,train,liar2_finance,3,33
train_pair_0300,train,liar2_finance,3,33
validation_pair_0021,train,liar2_finance,3,33
train_pair_0013,train,liar2_finance,3,33
train_pair_0130,train,liar2_finance,3,33
train_pair_0296,train,liar2_finance,3,33
test_pair_0088,train,liar2_finance,3,33
validation_pair_0048,train,liar2_finance,3,33
test_pair_0015,train,liar2_finance,3,33
train_pair_0500,train,liar2_finance,3,33
train_pair_0782,train,liar2_finance,3,33
train_pair_0229,train,liar2_finance,3,33
train_pair_0177,train,liar2_finance,3,33
train_pair_0440,train,liar2_finance,3,33
train_pair_0305,train,liar2_finance,3,33
train_pair_0240,train,liar2_finance,3,33
train_pair_0539,train,liar2_finance,3,33
train_pair_0299,train,liar2_finance,3,33
train_pair_0548,train,liar2_finance,3,33
train_pair_0783,train,liar2_finance,3,33
validation_pair_0091,train,liar2_finance,3,33
validation_pair_0071,train,liar2_finance,3,33
train_pair_0186,train,liar2_finance,3,33
train_pair_0389,train,liar2_finance,3,33
train_pair_0408,train,liar2_finance,3,33
train_pair_0646,train,liar2_finance,3,33
train_pair_0439,train,liar2_finance,3,33
train_pair_0351,train,liar2_finance,3,33
train_pair_0399,train,liar2_finance,3,33
train_pair_0467,train,liar2_finance,3,33
train_pair_0170,train,liar2_finance,3,33
validation_pair_0050,train,liar2_finance,3,33
test_pair_0040,train,liar2_finance,3,33
train_pair_0588,train,liar2_finance,3,33
train_pair_0543,train,liar2_finance,3,33
train_pair_0241,train,liar2_finance,3,33
validation_pair_0052,train,liar2_finance,3,33
train_pair_0593,train,liar2_finance,3,33
train_pair_0429,train,liar2_finance,3,33
train_pair_0082,train,liar2_finance,3,33
train_pair_0426,train,liar2_finance,3,33
train_pair_0216,train,liar2_finance,3,33
train_pair_0215,train,liar2_finance,3,33
train_pair_0313,train,liar2_finance,3,33
train_pair_0405,train,liar2_finance,3,33
train_pair_0378,train,liar2_finance,3,33
train_pair_0056,train,liar2_finance,3,33
train_pair_0209,train,liar2_finance,3,33
train_pair_0790,train,liar2_finance,3,33
test_pair_0003,train,liar2_finance,3,33
train_pair_0193,train,liar2_finance,3,33
train_pair_0445,train,liar2_finance,3,33
train_pair_0582,train,liar2_finance,3,33
validation_pair_0097,train,liar2_finance,3,33
train_pair_0280,train,liar2_finance,3,33
train_pair_0689,train,liar2_finance,3,33
validation_pair_0060,train,liar2_finance,3,33
train_pair_0400,train,liar2_finance,3,33
train_pair_0788,train,liar2_finance,3,33
train_pair_0332,train,liar2_finance,3,33
train_pair_0099,train,liar2_finance,3,33
train_pair_0341,train,liar2_finance,3,33
train_pair_0382,train,liar2_finance,3,33
validation_pair_0087,train,liar2_finance,3,33
validation_pair_0076,train,liar2_finance,3,33
train_pair_0478,train,liar2_finance,3,33
train_pair_0420,train,liar2_finance,3,33
train_pair_0728,train,liar2_finance,3,33
test_pair_0025,train,liar2_finance,3,33
test_pair_0012,train,liar2_finance,3,33
train_pair_0484,train,liar2_finance,3,33
train_pair_0376,train,liar2_finance,3,33
validation_pair_0109,train,liar2_finance,3,33
test_pair_0071,train,liar2_finance,3,33
train_pair_0201,train,liar2_finance,3,33
train_pair_0622,train,liar2_finance,3,33
train_pair_0012,train,liar2_finance,3,33
train_pair_0723,train,liar2_finance,3,33
test_pair_0052,train,liar2_finance,3,33
train_pair_0109,train,liar2_finance,3,33
validation_pair_0094,train,liar2_finance,3,33
train_pair_0256,train,liar2_finance,3,33
train_pair_0654,train,liar2_finance,3,33
train_pair_0163,train,liar2_finance,3,33
test_pair_0042,train,liar2_finance,3,33
train_pair_0520,train,liar2_finance,3,33
train_pair_0428,train,liar2_finance,3,33
validation_pair_0059,train,liar2_finance,3,33
train_pair_0601,train,liar2_finance,3,33
train_pair_0030,train,liar2_finance,3,33
train_pair_0251,train,liar2_finance,3,33
train_pair_0629,validation,liar2_finance,3,33
train_pair_0769,validation,liar2_finance,3,33
train_pair_0551,validation,liar2_finance,3,33
train_pair_0794,validation,liar2_finance,3,33
train_pair_0789,validation,liar2_finance,3,33
validation_pair_0009,validation,liar2_finance,3,33
train_pair_0441,validation,liar2_finance,3,33
train_pair_0691,validation,liar2_finance,3,33
test_pair_0059,validation,liar2_finance,3,33
test_pair_0067,validation,liar2_finance,3,33
train_pair_0792,validation,liar2_finance,3,33
train_pair_0490,validation,liar2_finance,3,33
train_pair_0778,validation,liar2_finance,3,33
train_pair_0316,validation,liar2_finance,3,33
train_pair_0317,validation,liar2_finance,3,33
validation_pair_0043,validation,liar2_finance,3,33
train_pair_0675,validation,liar2_finance,3,33
validation_pair_0002,validation,liar2_finance,3,33
train_pair_0267,validation,liar2_finance,3,33
validation_pair_0016,validation,liar2_finance,3,33
train_pair_0447,validation,liar2_finance,3,33
train_pair_0501,validation,liar2_finance,3,33
train_pair_0660,validation,liar2_finance,3,33
train_pair_0131,validation,liar2_finance,3,33
train_pair_0474,validation,liar2_finance,3,33
train_pair_0011,validation,liar2_finance,3,33
train_pair_0072,validation,liar2_finance,3,33
train_pair_0293,validation,liar2_finance,3,33
train_pair_0791,validation,liar2_finance,3,33
train_pair_0586,validation,liar2_finance,3,33
validation_pair_0003,validation,liar2_finance,3,33
train_pair_0398,validation,liar2_finance,3,33
train_pair_0606,validation,liar2_finance,3,33
test_pair_0013,validation,liar2_finance,3,33
train_pair_0374,validation,liar2_finance,3,33
train_pair_0116,validation,liar2_finance,3,33
train_pair_0690,validation,liar2_finance,3,33
validation_pair_0099,validation,liar2_finance,3,33
train_pair_0331,validation,liar2_finance,3,33
test_pair_0004,validation,liar2_finance,3,33
train_pair_0034,validation,liar2_finance,3,33
train_pair_0213,validation,liar2_finance,3,33
train_pair_0047,validation,liar2_finance,3,33
train_pair_0338,validation,liar2_finance,3,33
train_pair_0437,validation,liar2_finance,3,33
train_pair_0143,validation,liar2_finance,3,33
train_pair_0449,validation,liar2_finance,3,33
train_pair_0793,validation,liar2_finance,3,33
train_pair_0025,validation,liar2_finance,3,33
train_pair_0538,validation,liar2_finance,3,33
train_pair_0015,validation,liar2_finance,3,33
train_pair_0257,validation,liar2_finance,3,33
train_pair_0265,validation,liar2_finance,3,33
train_pair_0585,validation,liar2_finance,3,33
train_pair_0101,validation,liar2_finance,3,33
train_pair_0608,validation,liar2_finance,3,33
test_pair_0062,validation,liar2_finance,3,33
train_pair_0239,validation,liar2_finance,3,33
train_pair_0463,validation,liar2_finance,3,33
train_pair_0636,validation,liar2_finance,3,33
train_pair_0532,validation,liar2_finance,3,33
train_pair_0336,validation,liar2_finance,3,33
validation_pair_0063,validation,liar2_finance,3,33
test_pair_0009,validation,liar2_finance,3,33
train_pair_0715,validation,liar2_finance,3,33
train_pair_0721,validation,liar2_finance,3,33
train_pair_0291,validation,liar2_finance,3,33
train_pair_0559,validation,liar2_finance,3,33
train_pair_0009,validation,liar2_finance,3,33
train_pair_0535,validation,liar2_finance,3,33
validation_pair_0101,validation,liar2_finance,3,33
train_pair_0756,validation,liar2_finance,3,33
train_pair_0632,validation,liar2_finance,3,33
train_pair_0105,validation,liar2_finance,3,33
train_pair_0487,validation,liar2_finance,3,33
validation_pair_0074,validation,liar2_finance,3,33
train_pair_0684,validation,liar2_finance,3,33
test_pair_0077,validation,liar2_finance,3,33
train_pair_0391,validation,liar2_finance,3,33
train_pair_0753,validation,liar2_finance,3,33
train_pair_0469,validation,liar2_finance,3,33
train_pair_0122,validation,liar2_finance,3,33
train_pair_0742,validation,liar2_finance,3,33
train_pair_0417,validation,liar2_finance,3,33
train_pair_0579,validation,liar2_finance,3,33
train_pair_0154,validation,liar2_finance,3,33
train_pair_0743,validation,liar2_finance,3,33
train_pair_0212,validation,liar2_finance,3,33
train_pair_0491,validation,liar2_finance,3,33
train_pair_0701,validation,liar2_finance,3,33
train_pair_0807,validation,liar2_finance,3,33
train_pair_0150,validation,liar2_finance,3,33
test_pair_0063,validation,liar2_finance,3,33
test_pair_0022,validation,liar2_finance,3,33
train_pair_0178,validation,liar2_finance,3,33
train_pair_0431,validation,liar2_finance,3,33
train_pair_0448,validation,liar2_finance,3,33
test_pair_0023,validation,liar2_finance,3,33
train_pair_0602,validation,liar2_finance,3,33
train_pair_0759,validation,liar2_finance,3,33
train_pair_0686,validation,liar2_finance,3,33
validation_pair_0092,validation,liar2_finance,3,33
train_pair_0573,test,liar2_finance,3,33
train_pair_0306,test,liar2_finance,3,33
train_pair_0393,test,liar2_finance,3,33
train_pair_0725,test,liar2_finance,3,33
train_pair_0372,test,liar2_finance,3,33
train_pair_0071,test,liar2_finance,3,33
validation_pair_0107,test,liar2_finance,3,33
train_pair_0732,test,liar2_finance,3,33
test_pair_0011,test,liar2_finance,3,33
test_pair_0070,test,liar2_finance,3,33
train_pair_0292,test,liar2_finance,3,33
train_pair_0196,test,liar2_finance,3,33
train_pair_0672,test,liar2_finance,3,33
validation_pair_0072,test,liar2_finance,3,33
validation_pair_0067,test,liar2_finance,3,33
train_pair_0207,test,liar2_finance,3,33
train_pair_0188,test,liar2_finance,3,33
train_pair_0001,test,liar2_finance,3,33
test_pair_0093,test,liar2_finance,3,33
test_pair_0069,test,liar2_finance,3,33
validation_pair_0089,test,liar2_finance,3,33
train_pair_0092,test,liar2_finance,3,33
train_pair_0106,test,liar2_finance,3,33
train_pair_0489,test,liar2_finance,3,33
train_pair_0223,test,liar2_finance,3,33
train_pair_0813,test,liar2_finance,3,33
train_pair_0569,test,liar2_finance,3,33
test_pair_0076,test,liar2_finance,3,33
train_pair_0060,test,liar2_finance,3,33
validation_pair_0069,test,liar2_finance,3,33
validation_pair_0017,test,liar2_finance,3,33
train_pair_0228,test,liar2_finance,3,33
train_pair_0344,test,liar2_finance,3,33
train_pair_0185,test,liar2_finance,3,33
test_pair_0007,test,liar2_finance,3,33
validation_pair_0020,test,liar2_finance,3,33
validation_pair_0027,test,liar2_finance,3,33
train_pair_0676,test,liar2_finance,3,33
train_pair_0194,test,liar2_finance,3,33
train_pair_0673,test,liar2_finance,3,33
train_pair_0802,test,liar2_finance,3,33
train_pair_0303,test,liar2_finance,3,33
train_pair_0277,test,liar2_finance,3,33
train_pair_0741,test,liar2_finance,3,33
train_pair_0042,test,liar2_finance,3,33
train_pair_0027,test,liar2_finance,3,33
train_pair_0718,test,liar2_finance,3,33
train_pair_0521,test,liar2_finance,3,33
train_pair_0561,test,liar2_finance,3,33
test_pair_0066,test,liar2_finance,3,33
train_pair_0214,test,liar2_finance,3,33
validation_pair_0062,test,liar2_finance,3,33
train_pair_0318,test,liar2_finance,3,33
test_pair_0034,test,liar2_finance,3,33
train_pair_0470,test,liar2_finance,3,33
train_pair_0197,test,liar2_finance,3,33
train_pair_0211,test,liar2_finance,3,33
train_pair_0530,test,liar2_finance,3,33
train_pair_0765,test,liar2_finance,3,33
train_pair_0603,test,liar2_finance,3,33
train_pair_0456,test,liar2_finance,3,33
test_pair_0021,test,liar2_finance,3,33
train_pair_0053,test,liar2_finance,3,33
train_pair_0627,test,liar2_finance,3,33
train_pair_0556,test,liar2_finance,3,33
train_pair_0481,test,liar2_finance,3,33
train_pair_0289,test,liar2_finance,3,33
train_pair_0799,test,liar2_finance,3,33
train_pair_0165,test,liar2_finance,3,33
train_pair_0375,test,liar2_finance,3,33
train_pair_0066,test,liar2_finance,3,33
train_pair_0775,test,liar2_finance,3,33
train_pair_0771,test,liar2_finance,3,33
train_pair_0230,test,liar2_finance,3,33
train_pair_0113,test,liar2_finance,3,33
train_pair_0779,test,liar2_finance,3,33
train_pair_0094,test,liar2_finance,3,33
train_pair_0555,test,liar2_finance,3,33
test_pair_0017,test,liar2_finance,3,33
train_pair_0483,test,liar2_finance,3,33
train_pair_0488,test,liar2_finance,3,33
train_pair_0733,test,liar2_finance,3,33
train_pair_0762,test,liar2_finance,3,33
train_pair_0403,test,liar2_finance,3,33
train_pair_0049,test,liar2_finance,3,33
train_pair_0477,test,liar2_finance,3,33
validation_pair_0057,test,liar2_finance,3,33
train_pair_0655,test,liar2_finance,3,33
train_pair_0720,test,liar2_finance,3,33
validation_pair_0010,test,liar2_finance,3,33
train_pair_0026,test,liar2_finance,3,33
test_pair_0068,test,liar2_finance,3,33
train_pair_0314,test,liar2_finance,3,33
validation_pair_0085,test,liar2_finance,3,33
validation_pair_0005,test,liar2_finance,3,33
train_pair_0745,test,liar2_finance,3,33
train_pair_0138,test,liar2_finance,3,33
train_pair_0323,test,liar2_finance,3,33
train_pair_0350,test,liar2_finance,3,33
train_pair_0347,test,liar2_finance,3,33
train_pair_0596,test,liar2_finance,3,33
test_pair_0090,test,liar2_finance,3,33
train_pair_0734,train,liar2_finance,4,44
test_pair_0061,train,liar2_finance,4,44
train_pair_0584,train,liar2_finance,4,44
train_pair_0693,train,liar2_finance,4,44
train_pair_0306,train,liar2_finance,4,44
validation_pair_0019,train,liar2_finance,4,44
train_pair_0013,train,liar2_finance,4,44
train_pair_0641,train,liar2_finance,4,44
train_pair_0274,train,liar2_finance,4,44
test_pair_0026,train,liar2_finance,4,44
train_pair_0246,train,liar2_finance,4,44
train_pair_0318,train,liar2_finance,4,44
validation_pair_0084,train,liar2_finance,4,44
train_pair_0331,train,liar2_finance,4,44
test_pair_0014,train,liar2_finance,4,44
train_pair_0472,train,liar2_finance,4,44
train_pair_0422,train,liar2_finance,4,44
train_pair_0659,train,liar2_finance,4,44
train_pair_0769,train,liar2_finance,4,44
train_pair_0511,train,liar2_finance,4,44
train_pair_0683,train,liar2_finance,4,44
validation_pair_0066,train,liar2_finance,4,44
train_pair_0413,train,liar2_finance,4,44
train_pair_0502,train,liar2_finance,4,44
train_pair_0194,train,liar2_finance,4,44
validation_pair_0071,train,liar2_finance,4,44
train_pair_0760,train,liar2_finance,4,44
train_pair_0046,train,liar2_finance,4,44
train_pair_0528,train,liar2_finance,4,44
train_pair_0534,train,liar2_finance,4,44
train_pair_0387,train,liar2_finance,4,44
train_pair_0313,train,liar2_finance,4,44
train_pair_0436,train,liar2_finance,4,44
test_pair_0066,train,liar2_finance,4,44
train_pair_0329,train,liar2_finance,4,44
train_pair_0142,train,liar2_finance,4,44
train_pair_0786,train,liar2_finance,4,44
train_pair_0594,train,liar2_finance,4,44
train_pair_0085,train,liar2_finance,4,44
train_pair_0131,train,liar2_finance,4,44
validation_pair_0037,train,liar2_finance,4,44
train_pair_0037,train,liar2_finance,4,44
validation_pair_0072,train,liar2_finance,4,44
train_pair_0215,train,liar2_finance,4,44
train_pair_0320,train,liar2_finance,4,44
validation_pair_0068,train,liar2_finance,4,44
train_pair_0563,train,liar2_finance,4,44
validation_pair_0094,train,liar2_finance,4,44
train_pair_0136,train,liar2_finance,4,44
train_pair_0353,train,liar2_finance,4,44
train_pair_0603,train,liar2_finance,4,44
train_pair_0716,train,liar2_finance,4,44
train_pair_0293,train,liar2_finance,4,44
validation_pair_0009,train,liar2_finance,4,44
train_pair_0337,train,liar2_finance,4,44
train_pair_0697,train,liar2_finance,4,44
validation_pair_0025,train,liar2_finance,4,44
train_pair_0478,train,liar2_finance,4,44
train_pair_0583,train,liar2_finance,4,44
train_pair_0522,train,liar2_finance,4,44
train_pair_0389,train,liar2_finance,4,44
train_pair_0530,train,liar2_finance,4,44
train_pair_0240,train,liar2_finance,4,44
train_pair_0073,train,liar2_finance,4,44
train_pair_0740,train,liar2_finance,4,44
train_pair_0076,train,liar2_finance,4,44
train_pair_0098,train,liar2_finance,4,44
train_pair_0717,train,liar2_finance,4,44
train_pair_0727,train,liar2_finance,4,44
train_pair_0747,train,liar2_finance,4,44
test_pair_0006,train,liar2_finance,4,44
train_pair_0030,train,liar2_finance,4,44
train_pair_0643,train,liar2_finance,4,44
train_pair_0212,train,liar2_finance,4,44
train_pair_0140,train,liar2_finance,4,44
train_pair_0412,train,liar2_finance,4,44
train_pair_0618,train,liar2_finance,4,44
train_pair_0144,train,liar2_finance,4,44
train_pair_0459,train,liar2_finance,4,44
train_pair_0466,train,liar2_finance,4,44
test_pair_0003,train,liar2_finance,4,44
train_pair_0043,train,liar2_finance,4,44
train_pair_0493,train,liar2_finance,4,44
train_pair_0346,train,liar2_finance,4,44
validation_pair_0074,train,liar2_finance,4,44
test_pair_0093,train,liar2_finance,4,44
train_pair_0334,train,liar2_finance,4,44
train_pair_0025,train,liar2_finance,4,44
test_pair_0057,train,liar2_finance,4,44
train_pair_0638,train,liar2_finance,4,44
train_pair_0680,train,liar2_finance,4,44
train_pair_0219,train,liar2_finance,4,44
validation_pair_0090,train,liar2_finance,4,44
train_pair_0372,train,liar2_finance,4,44
train_pair_0265,train,liar2_finance,4,44
validation_pair_0105,train,liar2_finance,4,44
test_pair_0049,train,liar2_finance,4,44
validation_pair_0059,train,liar2_finance,4,44
train_pair_0297,train,liar2_finance,4,44
validation_pair_0048,train,liar2_finance,4,44
train_pair_0324,train,liar2_finance,4,44
train_pair_0709,train,liar2_finance,4,44
train_pair_0435,train,liar2_finance,4,44
train_pair_0178,train,liar2_finance,4,44
train_pair_0669,train,liar2_finance,4,44
train_pair_0665,train,liar2_finance,4,44
train_pair_0183,train,liar2_finance,4,44
validation_pair_0104,train,liar2_finance,4,44
train_pair_0482,train,liar2_finance,4,44
validation_pair_0086,train,liar2_finance,4,44
train_pair_0799,train,liar2_finance,4,44
train_pair_0573,train,liar2_finance,4,44
train_pair_0565,train,liar2_finance,4,44
train_pair_0369,train,liar2_finance,4,44
train_pair_0589,train,liar2_finance,4,44
train_pair_0416,train,liar2_finance,4,44
train_pair_0167,train,liar2_finance,4,44
train_pair_0351,train,liar2_finance,4,44
train_pair_0793,train,liar2_finance,4,44
train_pair_0227,train,liar2_finance,4,44
train_pair_0537,train,liar2_finance,4,44
train_pair_0343,train,liar2_finance,4,44
train_pair_0519,train,liar2_finance,4,44
train_pair_0040,train,liar2_finance,4,44
train_pair_0615,train,liar2_finance,4,44
validation_pair_0095,train,liar2_finance,4,44
train_pair_0352,train,liar2_finance,4,44
train_pair_0092,train,liar2_finance,4,44
validation_pair_0108,train,liar2_finance,4,44
train_pair_0001,train,liar2_finance,4,44
test_pair_0086,train,liar2_finance,4,44
train_pair_0069,train,liar2_finance,4,44
train_pair_0636,train,liar2_finance,4,44
train_pair_0456,train,liar2_finance,4,44
train_pair_0280,train,liar2_finance,4,44
train_pair_0230,train,liar2_finance,4,44
train_pair_0016,train,liar2_finance,4,44
train_pair_0650,train,liar2_finance,4,44
train_pair_0762,train,liar2_finance,4,44
train_pair_0479,train,liar2_finance,4,44
test_pair_0016,train,liar2_finance,4,44
train_pair_0764,train,liar2_finance,4,44
train_pair_0720,train,liar2_finance,4,44
train_pair_0815,train,liar2_finance,4,44
train_pair_0042,train,liar2_finance,4,44
train_pair_0333,train,liar2_finance,4,44
train_pair_0224,train,liar2_finance,4,44
train_pair_0554,train,liar2_finance,4,44
validation_pair_0069,train,liar2_finance,4,44
train_pair_0647,train,liar2_finance,4,44
train_pair_0806,train,liar2_finance,4,44
train_pair_0335,train,liar2_finance,4,44
train_pair_0266,train,liar2_finance,4,44
train_pair_0315,train,liar2_finance,4,44
train_pair_0796,train,liar2_finance,4,44
train_pair_0338,train,liar2_finance,4,44
train_pair_0210,train,liar2_finance,4,44
validation_pair_0036,train,liar2_finance,4,44
train_pair_0298,train,liar2_finance,4,44
train_pair_0816,train,liar2_finance,4,44
train_pair_0355,train,liar2_finance,4,44
train_pair_0309,train,liar2_finance,4,44
train_pair_0009,train,liar2_finance,4,44
test_pair_0064,train,liar2_finance,4,44
train_pair_0576,train,liar2_finance,4,44
train_pair_0286,train,liar2_finance,4,44
train_pair_0572,train,liar2_finance,4,44
train_pair_0409,train,liar2_finance,4,44
train_pair_0023,train,liar2_finance,4,44
train_pair_0257,train,liar2_finance,4,44
validation_pair_0083,train,liar2_finance,4,44
train_pair_0765,train,liar2_finance,4,44
train_pair_0714,train,liar2_finance,4,44
train_pair_0296,train,liar2_finance,4,44
train_pair_0243,train,liar2_finance,4,44
train_pair_0041,train,liar2_finance,4,44
test_pair_0044,train,liar2_finance,4,44
train_pair_0399,train,liar2_finance,4,44
validation_pair_0078,train,liar2_finance,4,44
train_pair_0214,train,liar2_finance,4,44
train_pair_0562,train,liar2_finance,4,44
train_pair_0706,train,liar2_finance,4,44
train_pair_0379,train,liar2_finance,4,44
train_pair_0561,train,liar2_finance,4,44
train_pair_0198,train,liar2_finance,4,44
test_pair_0045,train,liar2_finance,4,44
train_pair_0569,train,liar2_finance,4,44
train_pair_0559,train,liar2_finance,4,44
test_pair_0024,train,liar2_finance,4,44
train_pair_0795,train,liar2_finance,4,44
validation_pair_0046,train,liar2_finance,4,44
train_pair_0759,train,liar2_finance,4,44
train_pair_0752,train,liar2_finance,4,44
train_pair_0553,train,liar2_finance,4,44
train_pair_0660,train,liar2_finance,4,44
train_pair_0455,train,liar2_finance,4,44
test_pair_0037,train,liar2_finance,4,44
train_pair_0376,train,liar2_finance,4,44
train_pair_0442,train,liar2_finance,4,44
train_pair_0235,train,liar2_finance,4,44
train_pair_0582,train,liar2_finance,4,44
train_pair_0654,train,liar2_finance,4,44
train_pair_0464,train,liar2_finance,4,44
train_pair_0317,train,liar2_finance,4,44
train_pair_0462,train,liar2_finance,4,44
train_pair_0566,train,liar2_finance,4,44
validation_pair_0023,train,liar2_finance,4,44
train_pair_0403,train,liar2_finance,4,44
train_pair_0022,train,liar2_finance,4,44
train_pair_0785,train,liar2_finance,4,44
train_pair_0354,train,liar2_finance,4,44
train_pair_0375,train,liar2_finance,4,44
train_pair_0535,train,liar2_finance,4,44
validation_pair_0013,train,liar2_finance,4,44
train_pair_0234,train,liar2_finance,4,44
train_pair_0527,train,liar2_finance,4,44
train_pair_0175,train,liar2_finance,4,44
train_pair_0447,train,liar2_finance,4,44
train_pair_0377,train,liar2_finance,4,44
train_pair_0345,train,liar2_finance,4,44
train_pair_0005,train,liar2_finance,4,44
train_pair_0794,train,liar2_finance,4,44
train_pair_0161,train,liar2_finance,4,44
validation_pair_0015,train,liar2_finance,4,44
train_pair_0418,train,liar2_finance,4,44
train_pair_0123,train,liar2_finance,4,44
train_pair_0421,train,liar2_finance,4,44
validation_pair_0065,train,liar2_finance,4,44
train_pair_0470,train,liar2_finance,4,44
train_pair_0207,train,liar2_finance,4,44
train_pair_0642,train,liar2_finance,4,44
train_pair_0441,train,liar2_finance,4,44
test_pair_0032,train,liar2_finance,4,44
train_pair_0802,train,liar2_finance,4,44
test_pair_0005,train,liar2_finance,4,44
train_pair_0156,train,liar2_finance,4,44
train_pair_0179,train,liar2_finance,4,44
train_pair_0492,train,liar2_finance,4,44
train_pair_0385,train,liar2_finance,4,44
validation_pair_0050,train,liar2_finance,4,44
validation_pair_0007,train,liar2_finance,4,44
test_pair_0071,train,liar2_finance,4,44
train_pair_0476,train,liar2_finance,4,44
validation_pair_0011,train,liar2_finance,4,44
test_pair_0012,train,liar2_finance,4,44
train_pair_0663,train,liar2_finance,4,44
train_pair_0186,train,liar2_finance,4,44
train_pair_0149,train,liar2_finance,4,44
train_pair_0011,train,liar2_finance,4,44
train_pair_0781,train,liar2_finance,4,44
train_pair_0268,train,liar2_finance,4,44
train_pair_0503,train,liar2_finance,4,44
train_pair_0249,train,liar2_finance,4,44
train_pair_0359,train,liar2_finance,4,44
train_pair_0518,train,liar2_finance,4,44
train_pair_0471,train,liar2_finance,4,44
validation_pair_0101,train,liar2_finance,4,44
train_pair_0450,train,liar2_finance,4,44
train_pair_0529,train,liar2_finance,4,44
train_pair_0745,train,liar2_finance,4,44
train_pair_0712,train,liar2_finance,4,44
train_pair_0810,train,liar2_finance,4,44
train_pair_0428,train,liar2_finance,4,44
train_pair_0540,train,liar2_finance,4,44
train_pair_0348,train,liar2_finance,4,44
train_pair_0444,train,liar2_finance,4,44
validation_pair_0111,train,liar2_finance,4,44
train_pair_0220,train,liar2_finance,4,44
validation_pair_0029,train,liar2_finance,4,44
train_pair_0705,train,liar2_finance,4,44
train_pair_0321,train,liar2_finance,4,44
train_pair_0723,train,liar2_finance,4,44
train_pair_0012,train,liar2_finance,4,44
train_pair_0812,train,liar2_finance,4,44
train_pair_0283,train,liar2_finance,4,44
train_pair_0217,train,liar2_finance,4,44
train_pair_0251,train,liar2_finance,4,44
test_pair_0046,train,liar2_finance,4,44
train_pair_0662,train,liar2_finance,4,44
train_pair_0710,train,liar2_finance,4,44
train_pair_0430,train,liar2_finance,4,44
train_pair_0656,train,liar2_finance,4,44
test_pair_0058,train,liar2_finance,4,44
train_pair_0609,train,liar2_finance,4,44
train_pair_0597,train,liar2_finance,4,44
train_pair_0773,train,liar2_finance,4,44
train_pair_0446,train,liar2_finance,4,44
train_pair_0730,train,liar2_finance,4,44
train_pair_0453,train,liar2_finance,4,44
test_pair_0027,train,liar2_finance,4,44
train_pair_0193,train,liar2_finance,4,44
validation_pair_0017,train,liar2_finance,4,44
test_pair_0030,train,liar2_finance,4,44
train_pair_0075,train,liar2_finance,4,44
test_pair_0075,train,liar2_finance,4,44
validation_pair_0109,train,liar2_finance,4,44
train_pair_0126,train,liar2_finance,4,44
test_pair_0004,train,liar2_finance,4,44
train_pair_0157,train,liar2_finance,4,44
train_pair_0463,train,liar2_finance,4,44
train_pair_0722,train,liar2_finance,4,44
train_pair_0371,train,liar2_finance,4,44
train_pair_0360,train,liar2_finance,4,44
train_pair_0147,train,liar2_finance,4,44
train_pair_0473,train,liar2_finance,4,44
test_pair_0019,train,liar2_finance,4,44
train_pair_0342,train,liar2_finance,4,44
train_pair_0062,train,liar2_finance,4,44
train_pair_0713,train,liar2_finance,4,44
train_pair_0667,train,liar2_finance,4,44
train_pair_0181,train,liar2_finance,4,44
train_pair_0260,train,liar2_finance,4,44
validation_pair_0028,train,liar2_finance,4,44
train_pair_0468,train,liar2_finance,4,44
train_pair_0640,train,liar2_finance,4,44
train_pair_0113,train,liar2_finance,4,44
validation_pair_0010,train,liar2_finance,4,44
train_pair_0288,train,liar2_finance,4,44
train_pair_0725,train,liar2_finance,4,44
train_pair_0347,train,liar2_finance,4,44
train_pair_0698,train,liar2_finance,4,44
train_pair_0700,train,liar2_finance,4,44
validation_pair_0088,train,liar2_finance,4,44
train_pair_0646,train,liar2_finance,4,44
train_pair_0074,train,liar2_finance,4,44
train_pair_0364,train,liar2_finance,4,44
train_pair_0625,train,liar2_finance,4,44
train_pair_0531,train,liar2_finance,4,44
train_pair_0086,train,liar2_finance,4,44
train_pair_0776,train,liar2_finance,4,44
train_pair_0445,train,liar2_finance,4,44
train_pair_0134,train,liar2_finance,4,44
train_pair_0405,train,liar2_finance,4,44
train_pair_0575,train,liar2_finance,4,44
train_pair_0072,train,liar2_finance,4,44
train_pair_0757,train,liar2_finance,4,44
train_pair_0168,train,liar2_finance,4,44
train_pair_0557,train,liar2_finance,4,44
train_pair_0668,train,liar2_finance,4,44
train_pair_0138,train,liar2_finance,4,44
train_pair_0686,train,liar2_finance,4,44
train_pair_0590,train,liar2_finance,4,44
test_pair_0067,train,liar2_finance,4,44
test_pair_0060,train,liar2_finance,4,44
train_pair_0155,train,liar2_finance,4,44
train_pair_0141,train,liar2_finance,4,44
train_pair_0196,train,liar2_finance,4,44
validation_pair_0092,train,liar2_finance,4,44
train_pair_0006,train,liar2_finance,4,44
train_pair_0007,train,liar2_finance,4,44
train_pair_0761,train,liar2_finance,4,44
train_pair_0254,train,liar2_finance,4,44
test_pair_0033,train,liar2_finance,4,44
train_pair_0192,train,liar2_finance,4,44
train_pair_0424,train,liar2_finance,4,44
test_pair_0076,train,liar2_finance,4,44
train_pair_0809,train,liar2_finance,4,44
train_pair_0150,train,liar2_finance,4,44
train_pair_0696,train,liar2_finance,4,44
test_pair_0082,train,liar2_finance,4,44
train_pair_0578,train,liar2_finance,4,44
train_pair_0788,train,liar2_finance,4,44
train_pair_0384,train,liar2_finance,4,44
train_pair_0448,train,liar2_finance,4,44
test_pair_0094,train,liar2_finance,4,44
train_pair_0314,train,liar2_finance,4,44
validation_pair_0102,train,liar2_finance,4,44
train_pair_0699,train,liar2_finance,4,44
train_pair_0804,train,liar2_finance,4,44
train_pair_0222,train,liar2_finance,4,44
train_pair_0152,train,liar2_finance,4,44
train_pair_0247,train,liar2_finance,4,44
train_pair_0707,train,liar2_finance,4,44
train_pair_0397,train,liar2_finance,4,44
test_pair_0023,train,liar2_finance,4,44
validation_pair_0035,train,liar2_finance,4,44
validation_pair_0070,train,liar2_finance,4,44
train_pair_0571,train,liar2_finance,4,44
train_pair_0120,train,liar2_finance,4,44
train_pair_0218,train,liar2_finance,4,44
train_pair_0361,train,liar2_finance,4,44
train_pair_0277,train,liar2_finance,4,44
train_pair_0510,train,liar2_finance,4,44
train_pair_0520,train,liar2_finance,4,44
train_pair_0273,train,liar2_finance,4,44
test_pair_0077,train,liar2_finance,4,44
train_pair_0533,train,liar2_finance,4,44
validation_pair_0027,train,liar2_finance,4,44
test_pair_0008,train,liar2_finance,4,44
train_pair_0336,train,liar2_finance,4,44
train_pair_0546,train,liar2_finance,4,44
test_pair_0069,train,liar2_finance,4,44
train_pair_0213,train,liar2_finance,4,44
test_pair_0063,train,liar2_finance,4,44
test_pair_0091,train,liar2_finance,4,44
train_pair_0687,train,liar2_finance,4,44
train_pair_0051,train,liar2_finance,4,44
train_pair_0676,train,liar2_finance,4,44
train_pair_0514,train,liar2_finance,4,44
train_pair_0223,train,liar2_finance,4,44
train_pair_0689,train,liar2_finance,4,44
train_pair_0281,train,liar2_finance,4,44
train_pair_0460,train,liar2_finance,4,44
train_pair_0543,train,liar2_finance,4,44
train_pair_0504,train,liar2_finance,4,44
train_pair_0777,train,liar2_finance,4,44
train_pair_0570,train,liar2_finance,4,44
train_pair_0239,train,liar2_finance,4,44
train_pair_0079,train,liar2_finance,4,44
train_pair_0398,train,liar2_finance,4,44
train_pair_0645,train,liar2_finance,4,44
train_pair_0623,train,liar2_finance,4,44
train_pair_0165,train,liar2_finance,4,44
train_pair_0440,train,liar2_finance,4,44
train_pair_0363,train,liar2_finance,4,44
test_pair_0013,train,liar2_finance,4,44
test_pair_0051,train,liar2_finance,4,44
train_pair_0685,train,liar2_finance,4,44
validation_pair_0061,train,liar2_finance,4,44
train_pair_0061,train,liar2_finance,4,44
train_pair_0021,train,liar2_finance,4,44
train_pair_0368,train,liar2_finance,4,44
train_pair_0077,train,liar2_finance,4,44
train_pair_0124,train,liar2_finance,4,44
train_pair_0279,train,liar2_finance,4,44
train_pair_0778,train,liar2_finance,4,44
train_pair_0272,train,liar2_finance,4,44
train_pair_0242,train,liar2_finance,4,44
validation_pair_0012,train,liar2_finance,4,44
train_pair_0250,train,liar2_finance,4,44
train_pair_0081,train,liar2_finance,4,44
train_pair_0613,train,liar2_finance,4,44
train_pair_0284,train,liar2_finance,4,44
validation_pair_0114,train,liar2_finance,4,44
validation_pair_0081,train,liar2_finance,4,44
train_pair_0754,train,liar2_finance,4,44
train_pair_0501,train,liar2_finance,4,44
train_pair_0055,train,liar2_finance,4,44
train_pair_0774,train,liar2_finance,4,44
train_pair_0322,train,liar2_finance,4,44
test_pair_0007,train,liar2_finance,4,44
train_pair_0539,train,liar2_finance,4,44
train_pair_0010,train,liar2_finance,4,44
train_pair_0038,train,liar2_finance,4,44
test_pair_0056,train,liar2_finance,4,44
train_pair_0789,train,liar2_finance,4,44
train_pair_0093,train,liar2_finance,4,44
validation_pair_0077,train,liar2_finance,4,44
train_pair_0630,train,liar2_finance,4,44
train_pair_0599,train,liar2_finance,4,44
train_pair_0402,train,liar2_finance,4,44
train_pair_0381,train,liar2_finance,4,44
test_pair_0052,train,liar2_finance,4,44
train_pair_0032,train,liar2_finance,4,44
test_pair_0072,train,liar2_finance,4,44
train_pair_0189,train,liar2_finance,4,44
test_pair_0085,train,liar2_finance,4,44
train_pair_0350,train,liar2_finance,4,44
train_pair_0750,train,liar2_finance,4,44
train_pair_0703,train,liar2_finance,4,44
train_pair_0715,train,liar2_finance,4,44
train_pair_0439,train,liar2_finance,4,44
train_pair_0608,train,liar2_finance,4,44
train_pair_0330,train,liar2_finance,4,44
train_pair_0751,train,liar2_finance,4,44
validation_pair_0002,train,liar2_finance,4,44
validation_pair_0040,train,liar2_finance,4,44
test_pair_0059,train,liar2_finance,4,44
train_pair_0702,train,liar2_finance,4,44
train_pair_0532,train,liar2_finance,4,44
train_pair_0017,train,liar2_finance,4,44
train_pair_0746,train,liar2_finance,4,44
train_pair_0058,train,liar2_finance,4,44
train_pair_0496,train,liar2_finance,4,44
train_pair_0738,train,liar2_finance,4,44
train_pair_0003,train,liar2_finance,4,44
train_pair_0688,train,liar2_finance,4,44
train_pair_0153,train,liar2_finance,4,44
train_pair_0014,train,liar2_finance,4,44
train_pair_0718,train,liar2_finance,4,44
validation_pair_0008,train,liar2_finance,4,44
test_pair_0028,train,liar2_finance,4,44
validation_pair_0021,train,liar2_finance,4,44
validation_pair_0038,train,liar2_finance,4,44
test_pair_0047,train,liar2_finance,4,44
test_pair_0017,train,liar2_finance,4,44
train_pair_0652,train,liar2_finance,4,44
train_pair_0057,train,liar2_finance,4,44
train_pair_0102,train,liar2_finance,4,44
train_pair_0758,train,liar2_finance,4,44
test_pair_0068,train,liar2_finance,4,44
train_pair_0060,train,liar2_finance,4,44
test_pair_0038,train,liar2_finance,4,44
train_pair_0110,train,liar2_finance,4,44
train_pair_0408,train,liar2_finance,4,44
validation_pair_0100,train,liar2_finance,4,44
train_pair_0681,train,liar2_finance,4,44
validation_pair_0016,train,liar2_finance,4,44
train_pair_0154,train,liar2_finance,4,44
train_pair_0621,train,liar2_finance,4,44
train_pair_0635,train,liar2_finance,4,44
train_pair_0203,train,liar2_finance,4,44
train_pair_0292,train,liar2_finance,4,44
validation_pair_0080,train,liar2_finance,4,44
train_pair_0103,train,liar2_finance,4,44
train_pair_0768,train,liar2_finance,4,44
train_pair_0216,train,liar2_finance,4,44
train_pair_0728,train,liar2_finance,4,44
test_pair_0079,train,liar2_finance,4,44
train_pair_0677,train,liar2_finance,4,44
train_pair_0587,train,liar2_finance,4,44
validation_pair_0026,train,liar2_finance,4,44
train_pair_0813,train,liar2_finance,4,44
validation_pair_0005,train,liar2_finance,4,44
validation_pair_0076,train,liar2_finance,4,44
train_pair_0323,train,liar2_finance,4,44
train_pair_0484,train,liar2_finance,4,44
train_pair_0782,train,liar2_finance,4,44
train_pair_0004,train,liar2_finance,4,44
train_pair_0401,train,liar2_finance,4,44
train_pair_0486,train,liar2_finance,4,44
train_pair_0204,train,liar2_finance,4,44
train_pair_0808,train,liar2_finance,4,44
validation_pair_0087,train,liar2_finance,4,44
validation_pair_0020,train,liar2_finance,4,44
test_pair_0080,train,liar2_finance,4,44
train_pair_0651,train,liar2_finance,4,44
train_pair_0763,train,liar2_finance,4,44
test_pair_0029,train,liar2_finance,4,44
train_pair_0290,train,liar2_finance,4,44
train_pair_0628,train,liar2_finance,4,44
train_pair_0018,train,liar2_finance,4,44
train_pair_0127,train,liar2_finance,4,44
train_pair_0339,train,liar2_finance,4,44
train_pair_0474,train,liar2_finance,4,44
train_pair_0187,train,liar2_finance,4,44
train_pair_0305,train,liar2_finance,4,44
train_pair_0300,train,liar2_finance,4,44
train_pair_0499,train,liar2_finance,4,44
train_pair_0798,train,liar2_finance,4,44
train_pair_0087,train,liar2_finance,4,44
train_pair_0174,train,liar2_finance,4,44
train_pair_0199,train,liar2_finance,4,44
test_pair_0002,train,liar2_finance,4,44
train_pair_0491,train,liar2_finance,4,44
train_pair_0579,train,liar2_finance,4,44
test_pair_0084,train,liar2_finance,4,44
train_pair_0111,train,liar2_finance,4,44
train_pair_0743,train,liar2_finance,4,44
train_pair_0276,train,liar2_finance,4,44
train_pair_0271,train,liar2_finance,4,44
train_pair_0095,train,liar2_finance,4,44
train_pair_0299,train,liar2_finance,4,44
train_pair_0509,train,liar2_finance,4,44
train_pair_0238,train,liar2_finance,4,44
train_pair_0708,train,liar2_finance,4,44
validation_pair_0057,train,liar2_finance,4,44
train_pair_0169,train,liar2_finance,4,44
train_pair_0255,train,liar2_finance,4,44
test_pair_0089,train,liar2_finance,4,44
validation_pair_0052,train,liar2_finance,4,44
train_pair_0506,train,liar2_finance,4,44
train_pair_0052,train,liar2_finance,4,44
train_pair_0458,train,liar2_finance,4,44
train_pair_0601,train,liar2_finance,4,44
train_pair_0164,train,liar2_finance,4,44
train_pair_0205,train,liar2_finance,4,44
train_pair_0373,train,liar2_finance,4,44
train_pair_0600,train,liar2_finance,4,44
test_pair_0025,train,liar2_finance,4,44
train_pair_0201,train,liar2_finance,4,44
train_pair_0423,train,liar2_finance,4,44
train_pair_0125,train,liar2_finance,4,44
train_pair_0139,train,liar2_finance,4,44
train_pair_0008,train,liar2_finance,4,44
train_pair_0547,train,liar2_finance,4,44
train_pair_0370,train,liar2_finance,4,44
train_pair_0457,train,liar2_finance,4,44
train_pair_0780,train,liar2_finance,4,44
train_pair_0805,train,liar2_finance,4,44
train_pair_0044,train,liar2_finance,4,44
train_pair_0039,train,liar2_finance,4,44
train_pair_0357,train,liar2_finance,4,44
train_pair_0319,train,liar2_finance,4,44
train_pair_0749,train,liar2_finance,4,44
train_pair_0577,train,liar2_finance,4,44
train_pair_0814,train,liar2_finance,4,44
train_pair_0675,train,liar2_finance,4,44
validation_pair_0079,train,liar2_finance,4,44
train_pair_0454,train,liar2_finance,4,44
train_pair_0094,train,liar2_finance,4,44
train_pair_0307,train,liar2_finance,4,44
train_pair_0291,train,liar2_finance,4,44
train_pair_0148,train,liar2_finance,4,44
train_pair_0031,train,liar2_finance,4,44
train_pair_0100,train,liar2_finance,4,44
validation_pair_0085,train,liar2_finance,4,44
test_pair_0022,train,liar2_finance,4,44
train_pair_0245,train,liar2_finance,4,44
test_pair_0087,train,liar2_finance,4,44
train_pair_0461,train,liar2_finance,4,44
train_pair_0695,train,liar2_finance,4,44
train_pair_0733,train,liar2_finance,4,44
test_pair_0078,train,liar2_finance,4,44
train_pair_0560,train,liar2_finance,4,44
train_pair_0282,train,liar2_finance,4,44
train_pair_0564,train,liar2_finance,4,44
train_pair_0059,train,liar2_finance,4,44
train_pair_0756,train,liar2_finance,4,44
train_pair_0624,train,liar2_finance,4,44
validation_pair_0060,train,liar2_finance,4,44
validation_pair_0073,train,liar2_finance,4,44
validation_pair_0093,train,liar2_finance,4,44
validation_pair_0063,train,liar2_finance,4,44
test_pair_0055,train,liar2_finance,4,44
train_pair_0701,train,liar2_finance,4,44
validation_pair_0018,train,liar2_finance,4,44
train_pair_0185,train,liar2_finance,4,44
train_pair_0691,train,liar2_finance,4,44
train_pair_0664,train,liar2_finance,4,44
train_pair_0632,train,liar2_finance,4,44
train_pair_0269,train,liar2_finance,4,44
train_pair_0414,train,liar2_finance,4,44
train_pair_0550,train,liar2_finance,4,44
validation_pair_0051,train,liar2_finance,4,44
train_pair_0244,train,liar2_finance,4,44
train_pair_0469,train,liar2_finance,4,44
train_pair_0523,train,liar2_finance,4,44
train_pair_0289,train,liar2_finance,4,44
train_pair_0620,train,liar2_finance,4,44
train_pair_0629,train,liar2_finance,4,44
validation_pair_0047,train,liar2_finance,4,44
train_pair_0177,train,liar2_finance,4,44
test_pair_0073,train,liar2_finance,4,44
train_pair_0258,train,liar2_finance,4,44
train_pair_0792,train,liar2_finance,4,44
train_pair_0278,train,liar2_finance,4,44
train_pair_0480,train,liar2_finance,4,44
train_pair_0026,train,liar2_finance,4,44
train_pair_0027,train,liar2_finance,4,44
train_pair_0666,train,liar2_finance,4,44
test_pair_0031,train,liar2_finance,4,44
test_pair_0053,train,liar2_finance,4,44
train_pair_0395,train,liar2_finance,4,44
train_pair_0358,train,liar2_finance,4,44
validation_pair_0031,train,liar2_finance,4,44
train_pair_0020,train,liar2_finance,4,44
train_pair_0549,train,liar2_finance,4,44
test_pair_0065,train,liar2_finance,4,44
train_pair_0067,train,liar2_finance,4,44
train_pair_0735,train,liar2_finance,4,44
train_pair_0047,train,liar2_finance,4,44
train_pair_0617,train,liar2_finance,4,44
train_pair_0783,train,liar2_finance,4,44
train_pair_0065,train,liar2_finance,4,44
train_pair_0619,train,liar2_finance,4,44
validation_pair_0006,train,liar2_finance,4,44
train_pair_0673,train,liar2_finance,4,44
validation_pair_0004,train,liar2_finance,4,44
train_pair_0452,train,liar2_finance,4,44
validation_pair_0045,train,liar2_finance,4,44
train_pair_0099,train,liar2_finance,4,44
train_pair_0128,train,liar2_finance,4,44
validation_pair_0053,train,liar2_finance,4,44
train_pair_0753,train,liar2_finance,4,44
test_pair_0070,train,liar2_finance,4,44
train_pair_0366,train,liar2_finance,4,44
train_pair_0524,train,liar2_finance,4,44
train_pair_0248,train,liar2_finance,4,44
validation_pair_0043,train,liar2_finance,4,44
train_pair_0692,train,liar2_finance,4,44
validation_pair_0082,train,liar2_finance,4,44
train_pair_0304,train,liar2_finance,4,44
test_pair_0081,train,liar2_finance,4,44
train_pair_0173,train,liar2_finance,4,44
test_pair_0054,train,liar2_finance,4,44
train_pair_0287,train,liar2_finance,4,44
train_pair_0684,train,liar2_finance,4,44
train_pair_0036,train,liar2_finance,4,44
train_pair_0252,train,liar2_finance,4,44
train_pair_0670,train,liar2_finance,4,44
train_pair_0406,train,liar2_finance,4,44
train_pair_0256,train,liar2_finance,4,44
train_pair_0356,train,liar2_finance,4,44
train_pair_0426,train,liar2_finance,4,44
train_pair_0112,train,liar2_finance,4,44
train_pair_0724,train,liar2_finance,4,44
train_pair_0261,train,liar2_finance,4,44
train_pair_0648,train,liar2_finance,4,44
train_pair_0070,train,liar2_finance,4,44
validation_pair_0096,train,liar2_finance,4,44
train_pair_0678,train,liar2_finance,4,44
train_pair_0581,train,liar2_finance,4,44
train_pair_0117,train,liar2_finance,4,44
train_pair_0035,train,liar2_finance,4,44
train_pair_0596,train,liar2_finance,4,44
train_pair_0107,train,liar2_finance,4,44
train_pair_0327,train,liar2_finance,4,44
test_pair_0015,train,liar2_finance,4,44
train_pair_0295,train,liar2_finance,4,44
train_pair_0633,train,liar2_finance,4,44
train_pair_0526,train,liar2_finance,4,44
train_pair_0515,train,liar2_finance,4,44
train_pair_0063,train,liar2_finance,4,44
train_pair_0068,train,liar2_finance,4,44
train_pair_0115,train,liar2_finance,4,44
test_pair_0062,train,liar2_finance,4,44
train_pair_0541,train,liar2_finance,4,44
train_pair_0303,train,liar2_finance,4,44
train_pair_0767,train,liar2_finance,4,44
train_pair_0488,train,liar2_finance,4,44
train_pair_0494,train,liar2_finance,4,44
test_pair_0021,train,liar2_finance,4,44
validation_pair_0098,train,liar2_finance,4,44
train_pair_0394,train,liar2_finance,4,44
train_pair_0302,train,liar2_finance,4,44
train_pair_0433,train,liar2_finance,4,44
train_pair_0605,train,liar2_finance,4,44
train_pair_0206,train,liar2_finance,4,44
validation_pair_0097,train,liar2_finance,4,44
train_pair_0104,train,liar2_finance,4,44
train_pair_0791,train,liar2_finance,4,44
train_pair_0411,train,liar2_finance,4,44
train_pair_0602,train,liar2_finance,4,44
validation_pair_0044,train,liar2_finance,4,44
train_pair_0585,train,liar2_finance,4,44
train_pair_0784,train,liar2_finance,4,44
train_pair_0225,train,liar2_finance,4,44
train_pair_0390,train,liar2_finance,4,44
train_pair_0202,train,liar2_finance,4,44
train_pair_0432,train,liar2_finance,4,44
train_pair_0393,train,liar2_finance,4,44
train_pair_0180,train,liar2_finance,4,44
train_pair_0211,train,liar2_finance,4,44
train_pair_0655,train,liar2_finance,4,44
validation_pair_0113,train,liar2_finance,4,44
train_pair_0019,train,liar2_finance,4,44
train_pair_0105,train,liar2_finance,4,44
test_pair_0041,train,liar2_finance,4,44
validation_pair_0049,train,liar2_finance,4,44
train_pair_0787,train,liar2_finance,4,44
train_pair_0208,train,liar2_finance,4,44
train_pair_0639,train,liar2_finance,4,44
test_pair_0083,train,liar2_finance,4,44
train_pair_0622,train,liar2_finance,4,44
train_pair_0420,train,liar2_finance,4,44
train_pair_0592,train,liar2_finance,4,44
validation_pair_0112,train,liar2_finance,4,44
validation_pair_0033,train,liar2_finance,4,44
train_pair_0191,train,liar2_finance,4,44
train_pair_0419,train,liar2_finance,4,44
train_pair_0129,train,liar2_finance,4,44
train_pair_0382,train,liar2_finance,4,44
train_pair_0328,train,liar2_finance,4,44
train_pair_0657,train,liar2_finance,4,44
train_pair_0790,train,liar2_finance,4,44
test_pair_0042,train,liar2_finance,4,44
train_pair_0516,train,liar2_finance,4,44
train_pair_0485,train,liar2_finance,4,44
train_pair_0755,train,liar2_finance,4,44
train_pair_0606,train,liar2_finance,4,44
train_pair_0517,train,liar2_finance,4,44
train_pair_0748,train,liar2_finance,4,44
train_pair_0263,train,liar2_finance,4,44
train_pair_0172,train,liar2_finance,4,44
test_pair_0092,train,liar2_finance,4,44
train_pair_0521,train,liar2_finance,4,44
train_pair_0739,train,liar2_finance,4,44
train_pair_0310,train,liar2_finance,4,44
train_pair_0083,train,liar2_finance,4,44
validation_pair_0030,train,liar2_finance,4,44
train_pair_0736,train,liar2_finance,4,44
train_pair_0170,train,liar2_finance,4,44
train_pair_0593,train,liar2_finance,4,44
train_pair_0158,train,liar2_finance,4,44
train_pair_0512,train,liar2_finance,4,44
train_pair_0034,train,liar2_finance,4,44
train_pair_0033,train,liar2_finance,4,44
train_pair_0084,train,liar2_finance,4,44
test_pair_0048,train,liar2_finance,4,44
train_pair_0312,train,liar2_finance,4,44
train_pair_0182,train,liar2_finance,4,44
train_pair_0741,train,liar2_finance,4,44
train_pair_0275,train,liar2_finance,4,44
validation_pair_0099,train,liar2_finance,4,44
train_pair_0690,train,liar2_finance,4,44
train_pair_0771,train,liar2_finance,4,44
test_pair_0018,train,liar2_finance,4,44
train_pair_0089,train,liar2_finance,4,44
train_pair_0434,train,liar2_finance,4,44
train_pair_0548,train,liar2_finance,4,44
train_pair_0500,train,liar2_finance,4,44
train_pair_0119,train,liar2_finance,4,44
train_pair_0241,train,liar2_finance,4,44
train_pair_0166,train,liar2_finance,4,44
train_pair_0682,train,liar2_finance,4,44
test_pair_0009,train,liar2_finance,4,44
train_pair_0236,train,liar2_finance,4,44
train_pair_0556,train,liar2_finance,4,44
train_pair_0002,train,liar2_finance,4,44
train_pair_0133,train,liar2_finance,4,44
train_pair_0544,train,liar2_finance,4,44
test_pair_0010,train,liar2_finance,4,44
train_pair_0574,train,liar2_finance,4,44
train_pair_0184,train,liar2_finance,4,44
train_pair_0595,train,liar2_finance,4,44
train_pair_0097,train,liar2_finance,4,44
train_pair_0431,train,liar2_finance,4,44
train_pair_0096,train,liar2_finance,4,44
train_pair_0674,train,liar2_finance,4,44
train_pair_0056,train,liar2_finance,4,44
train_pair_0407,train,liar2_finance,4,44
train_pair_0811,train,liar2_finance,4,44
validation_pair_0056,train,liar2_finance,4,44
train_pair_0050,train,liar2_finance,4,44
train_pair_0800,train,liar2_finance,4,44
train_pair_0267,train,liar2_finance,4,44
train_pair_0807,train,liar2_finance,4,44
train_pair_0711,train,liar2_finance,4,44
test_pair_0090,train,liar2_finance,4,44
train_pair_0644,validation,liar2_finance,4,44
train_pair_0495,validation,liar2_finance,4,44
validation_pair_0075,validation,liar2_finance,4,44
train_pair_0631,validation,liar2_finance,4,44
train_pair_0054,validation,liar2_finance,4,44
train_pair_0400,validation,liar2_finance,4,44
train_pair_0477,validation,liar2_finance,4,44
train_pair_0744,validation,liar2_finance,4,44
validation_pair_0058,validation,liar2_finance,4,44
train_pair_0088,validation,liar2_finance,4,44
train_pair_0066,validation,liar2_finance,4,44
test_pair_0034,validation,liar2_finance,4,44
train_pair_0122,validation,liar2_finance,4,44
validation_pair_0042,validation,liar2_finance,4,44
train_pair_0259,validation,liar2_finance,4,44
train_pair_0729,validation,liar2_finance,4,44
test_pair_0088,validation,liar2_finance,4,44
train_pair_0772,validation,liar2_finance,4,44
validation_pair_0091,validation,liar2_finance,4,44
train_pair_0737,validation,liar2_finance,4,44
train_pair_0200,validation,liar2_finance,4,44
train_pair_0552,validation,liar2_finance,4,44
train_pair_0340,validation,liar2_finance,4,44
train_pair_0438,validation,liar2_finance,4,44
train_pair_0143,validation,liar2_finance,4,44
train_pair_0415,validation,liar2_finance,4,44
validation_pair_0024,validation,liar2_finance,4,44
train_pair_0229,validation,liar2_finance,4,44
train_pair_0437,validation,liar2_finance,4,44
train_pair_0726,validation,liar2_finance,4,44
validation_pair_0001,validation,liar2_finance,4,44
train_pair_0661,validation,liar2_finance,4,44
train_pair_0053,validation,liar2_finance,4,44
test_pair_0001,validation,liar2_finance,4,44
train_pair_0498,validation,liar2_finance,4,44
train_pair_0233,validation,liar2_finance,4,44
train_pair_0232,validation,liar2_finance,4,44
train_pair_0611,validation,liar2_finance,4,44
train_pair_0109,validation,liar2_finance,4,44
train_pair_0607,validation,liar2_finance,4,44
validation_pair_0022,validation,liar2_finance,4,44
test_pair_0020,validation,liar2_finance,4,44
train_pair_0048,validation,liar2_finance,4,44
train_pair_0586,validation,liar2_finance,4,44
train_pair_0132,validation,liar2_finance,4,44
train_pair_0627,validation,liar2_finance,4,44
validation_pair_0103,validation,liar2_finance,4,44
train_pair_0049,validation,liar2_finance,4,44
train_pair_0188,validation,liar2_finance,4,44
validation_pair_0106,validation,liar2_finance,4,44
train_pair_0542,validation,liar2_finance,4,44
train_pair_0404,validation,liar2_finance,4,44
train_pair_0775,validation,liar2_finance,4,44
validation_pair_0032,validation,liar2_finance,4,44
train_pair_0545,validation,liar2_finance,4,44
train_pair_0604,validation,liar2_finance,4,44
train_pair_0588,validation,liar2_finance,4,44
train_pair_0507,validation,liar2_finance,4,44
validation_pair_0039,validation,liar2_finance,4,44
train_pair_0610,validation,liar2_finance,4,44
train_pair_0388,validation,liar2_finance,4,44
train_pair_0176,validation,liar2_finance,4,44
train_pair_0024,validation,liar2_finance,4,44
train_pair_0316,validation,liar2_finance,4,44
train_pair_0658,validation,liar2_finance,4,44
train_pair_0294,validation,liar2_finance,4,44
validation_pair_0041,validation,liar2_finance,4,44
train_pair_0417,validation,liar2_finance,4,44
train_pair_0226,validation,liar2_finance,4,44
train_pair_0028,validation,liar2_finance,4,44
train_pair_0121,validation,liar2_finance,4,44
train_pair_0679,validation,liar2_finance,4,44
train_pair_0497,validation,liar2_finance,4,44
train_pair_0264,validation,liar2_finance,4,44
train_pair_0429,validation,liar2_finance,4,44
test_pair_0040,validation,liar2_finance,4,44
test_pair_0043,validation,liar2_finance,4,44
train_pair_0325,validation,liar2_finance,4,44
train_pair_0160,validation,liar2_finance,4,44
train_pair_0344,validation,liar2_finance,4,44
train_pair_0029,validation,liar2_finance,4,44
train_pair_0612,validation,liar2_finance,4,44
train_pair_0467,validation,liar2_finance,4,44
train_pair_0064,validation,liar2_finance,4,44
train_pair_0803,validation,liar2_finance,4,44
train_pair_0365,validation,liar2_finance,4,44
train_pair_0481,validation,liar2_finance,4,44
train_pair_0270,validation,liar2_finance,4,44
train_pair_0130,validation,liar2_finance,4,44
train_pair_0567,validation,liar2_finance,4,44
train_pair_0396,validation,liar2_finance,4,44
train_pair_0538,validation,liar2_finance,4,44
train_pair_0080,validation,liar2_finance,4,44
validation_pair_0003,validation,liar2_finance,4,44
train_pair_0114,validation,liar2_finance,4,44
train_pair_0380,validation,liar2_finance,4,44
train_pair_0349,validation,liar2_finance,4,44
train_pair_0653,validation,liar2_finance,4,44
train_pair_0341,validation,liar2_finance,4,44
train_pair_0555,validation,liar2_finance,4,44
train_pair_0071,validation,liar2_finance,4,44
train_pair_0078,validation,liar2_finance,4,44
train_pair_0508,test,liar2_finance,4,44
train_pair_0151,test,liar2_finance,4,44
train_pair_0568,test,liar2_finance,4,44
train_pair_0118,test,liar2_finance,4,44
train_pair_0383,test,liar2_finance,4,44
train_pair_0367,test,liar2_finance,4,44
validation_pair_0107,test,liar2_finance,4,44
train_pair_0237,test,liar2_finance,4,44
train_pair_0591,test,liar2_finance,4,44
train_pair_0558,test,liar2_finance,4,44
validation_pair_0089,test,liar2_finance,4,44
train_pair_0719,test,liar2_finance,4,44
train_pair_0332,test,liar2_finance,4,44
validation_pair_0034,test,liar2_finance,4,44
train_pair_0386,test,liar2_finance,4,44
train_pair_0195,test,liar2_finance,4,44
train_pair_0505,test,liar2_finance,4,44
train_pair_0378,test,liar2_finance,4,44
train_pair_0616,test,liar2_finance,4,44
train_pair_0410,test,liar2_finance,4,44
train_pair_0374,test,liar2_finance,4,44
train_pair_0285,test,liar2_finance,4,44
validation_pair_0055,test,liar2_finance,4,44
train_pair_0197,test,liar2_finance,4,44
train_pair_0135,test,liar2_finance,4,44
test_pair_0050,test,liar2_finance,4,44
train_pair_0672,test,liar2_finance,4,44
train_pair_0190,test,liar2_finance,4,44
train_pair_0536,test,liar2_finance,4,44
train_pair_0779,test,liar2_finance,4,44
train_pair_0671,test,liar2_finance,4,44
validation_pair_0062,test,liar2_finance,4,44
train_pair_0637,test,liar2_finance,4,44
train_pair_0101,test,liar2_finance,4,44
train_pair_0108,test,liar2_finance,4,44
train_pair_0598,test,liar2_finance,4,44
train_pair_0483,test,liar2_finance,4,44
train_pair_0634,test,liar2_finance,4,44
train_pair_0362,test,liar2_finance,4,44
train_pair_0551,test,liar2_finance,4,44
train_pair_0253,test,liar2_finance,4,44
train_pair_0731,test,liar2_finance,4,44
train_pair_0449,test,liar2_finance,4,44
train_pair_0425,test,liar2_finance,4,44
train_pair_0580,test,liar2_finance,4,44
train_pair_0489,test,liar2_finance,4,44
train_pair_0443,test,liar2_finance,4,44
validation_pair_0014,test,liar2_finance,4,44
validation_pair_0110,test,liar2_finance,4,44
train_pair_0427,test,liar2_finance,4,44
train_pair_0162,test,liar2_finance,4,44
train_pair_0116,test,liar2_finance,4,44
train_pair_0301,test,liar2_finance,4,44
train_pair_0392,test,liar2_finance,4,44
train_pair_0797,test,liar2_finance,4,44
train_pair_0490,test,liar2_finance,4,44
train_pair_0770,test,liar2_finance,4,44
train_pair_0704,test,liar2_finance,4,44
train_pair_0159,test,liar2_finance,4,44
train_pair_0228,test,liar2_finance,4,44
train_pair_0525,test,liar2_finance,4,44
train_pair_0146,test,liar2_finance,4,44
train_pair_0694,test,liar2_finance,4,44
train_pair_0732,test,liar2_finance,4,44
validation_pair_0067,test,liar2_finance,4,44
train_pair_0045,test,liar2_finance,4,44
validation_pair_0054,test,liar2_finance,4,44
train_pair_0171,test,liar2_finance,4,44
test_pair_0036,test,liar2_finance,4,44
train_pair_0487,test,liar2_finance,4,44
test_pair_0074,test,liar2_finance,4,44
train_pair_0475,test,liar2_finance,4,44
train_pair_0626,test,liar2_finance,4,44
train_pair_0262,test,liar2_finance,4,44
train_pair_0614,test,liar2_finance,4,44
train_pair_0308,test,liar2_finance,4,44
train_pair_0209,test,liar2_finance,4,44
train_pair_0451,test,liar2_finance,4,44
validation_pair_0064,test,liar2_finance,4,44
train_pair_0766,test,liar2_finance,4,44
train_pair_0311,test,liar2_finance,4,44
test_pair_0011,test,liar2_finance,4,44
train_pair_0137,test,liar2_finance,4,44
train_pair_0082,test,liar2_finance,4,44
train_pair_0721,test,liar2_finance,4,44
train_pair_0742,test,liar2_finance,4,44
train_pair_0015,test,liar2_finance,4,44
train_pair_0163,test,liar2_finance,4,44
train_pair_0465,test,liar2_finance,4,44
train_pair_0145,test,liar2_finance,4,44
train_pair_0106,test,liar2_finance,4,44
test_pair_0035,test,liar2_finance,4,44
train_pair_0326,test,liar2_finance,4,44
train_pair_0513,test,liar2_finance,4,44
train_pair_0391,test,liar2_finance,4,44
train_pair_0231,test,liar2_finance,4,44
train_pair_0801,test,liar2_finance,4,44
train_pair_0090,test,liar2_finance,4,44
train_pair_0221,test,liar2_finance,4,44
train_pair_0649,test,liar2_finance,4,44
test_pair_0039,test,liar2_finance,4,44
train_pair_0091,test,liar2_finance,4,44
train_pair_0755,train,liar2_finance,5,55
train_pair_0390,train,liar2_finance,5,55
train_pair_0380,train,liar2_finance,5,55
train_pair_0369,train,liar2_finance,5,55
train_pair_0406,train,liar2_finance,5,55
train_pair_0698,train,liar2_finance,5,55
train_pair_0777,train,liar2_finance,5,55
validation_pair_0109,train,liar2_finance,5,55
train_pair_0204,train,liar2_finance,5,55
train_pair_0766,train,liar2_finance,5,55
train_pair_0651,train,liar2_finance,5,55
train_pair_0745,train,liar2_finance,5,55
validation_pair_0104,train,liar2_finance,5,55
train_pair_0763,train,liar2_finance,5,55
test_pair_0007,train,liar2_finance,5,55
train_pair_0628,train,liar2_finance,5,55
validation_pair_0005,train,liar2_finance,5,55
train_pair_0601,train,liar2_finance,5,55
train_pair_0724,train,liar2_finance,5,55
train_pair_0078,train,liar2_finance,5,55
test_pair_0013,train,liar2_finance,5,55
train_pair_0730,train,liar2_finance,5,55
train_pair_0364,train,liar2_finance,5,55
train_pair_0222,train,liar2_finance,5,55
train_pair_0495,train,liar2_finance,5,55
train_pair_0727,train,liar2_finance,5,55
train_pair_0704,train,liar2_finance,5,55
test_pair_0059,train,liar2_finance,5,55
train_pair_0238,train,liar2_finance,5,55
validation_pair_0015,train,liar2_finance,5,55
train_pair_0271,train,liar2_finance,5,55
train_pair_0697,train,liar2_finance,5,55
train_pair_0421,train,liar2_finance,5,55
train_pair_0363,train,liar2_finance,5,55
test_pair_0062,train,liar2_finance,5,55
train_pair_0798,train,liar2_finance,5,55
test_pair_0001,train,liar2_finance,5,55
train_pair_0652,train,liar2_finance,5,55
train_pair_0565,train,liar2_finance,5,55
train_pair_0174,train,liar2_finance,5,55
train_pair_0444,train,liar2_finance,5,55
train_pair_0303,train,liar2_finance,5,55
train_pair_0085,train,liar2_finance,5,55
train_pair_0645,train,liar2_finance,5,55
train_pair_0691,train,liar2_finance,5,55
train_pair_0264,train,liar2_finance,5,55
train_pair_0378,train,liar2_finance,5,55
train_pair_0734,train,liar2_finance,5,55
train_pair_0251,train,liar2_finance,5,55
test_pair_0006,train,liar2_finance,5,55
validation_pair_0029,train,liar2_finance,5,55
test_pair_0053,train,liar2_finance,5,55
train_pair_0007,train,liar2_finance,5,55
train_pair_0220,train,liar2_finance,5,55
validation_pair_0033,train,liar2_finance,5,55
train_pair_0515,train,liar2_finance,5,55
train_pair_0578,train,liar2_finance,5,55
train_pair_0809,train,liar2_finance,5,55
train_pair_0101,train,liar2_finance,5,55
test_pair_0066,train,liar2_finance,5,55
train_pair_0449,train,liar2_finance,5,55
train_pair_0145,train,liar2_finance,5,55
train_pair_0224,train,liar2_finance,5,55
train_pair_0029,train,liar2_finance,5,55
train_pair_0038,train,liar2_finance,5,55
train_pair_0581,train,liar2_finance,5,55
train_pair_0316,train,liar2_finance,5,55
train_pair_0552,train,liar2_finance,5,55
test_pair_0067,train,liar2_finance,5,55
validation_pair_0031,train,liar2_finance,5,55
test_pair_0051,train,liar2_finance,5,55
train_pair_0241,train,liar2_finance,5,55
train_pair_0142,train,liar2_finance,5,55
train_pair_0662,train,liar2_finance,5,55
validation_pair_0113,train,liar2_finance,5,55
train_pair_0382,train,liar2_finance,5,55
train_pair_0786,train,liar2_finance,5,55
train_pair_0274,train,liar2_finance,5,55
test_pair_0072,train,liar2_finance,5,55
train_pair_0372,train,liar2_finance,5,55
train_pair_0125,train,liar2_finance,5,55
validation_pair_0053,train,liar2_finance,5,55
train_pair_0588,train,liar2_finance,5,55
train_pair_0156,train,liar2_finance,5,55
train_pair_0367,train,liar2_finance,5,55
train_pair_0620,train,liar2_finance,5,55
train_pair_0181,train,liar2_finance,5,55
train_pair_0022,train,liar2_finance,5,55
train_pair_0332,train,liar2_finance,5,55
train_pair_0424,train,liar2_finance,5,55
train_pair_0102,train,liar2_finance,5,55
train_pair_0660,train,liar2_finance,5,55
validation_pair_0089,train,liar2_finance,5,55
train_pair_0227,train,liar2_finance,5,55
test_pair_0048,train,liar2_finance,5,55
train_pair_0471,train,liar2_finance,5,55
train_pair_0053,train,liar2_finance,5,55
test_pair_0093,train,liar2_finance,5,55
train_pair_0010,train,liar2_finance,5,55
train_pair_0293,train,liar2_finance,5,55
train_pair_0413,train,liar2_finance,5,55
train_pair_0560,train,liar2_finance,5,55
validation_pair_0083,train,liar2_finance,5,55
train_pair_0217,train,liar2_finance,5,55
validation_pair_0048,train,liar2_finance,5,55
train_pair_0023,train,liar2_finance,5,55
train_pair_0216,train,liar2_finance,5,55
train_pair_0491,train,liar2_finance,5,55
train_pair_0797,train,liar2_finance,5,55
train_pair_0237,train,liar2_finance,5,55
train_pair_0739,train,liar2_finance,5,55
train_pair_0608,train,liar2_finance,5,55
train_pair_0128,train,liar2_finance,5,55
train_pair_0282,train,liar2_finance,5,55
train_pair_0505,train,liar2_finance,5,55
validation_pair_0069,train,liar2_finance,5,55
train_pair_0043,train,liar2_finance,5,55
train_pair_0154,train,liar2_finance,5,55
train_pair_0033,train,liar2_finance,5,55
train_pair_0298,train,liar2_finance,5,55
train_pair_0551,train,liar2_finance,5,55
train_pair_0230,train,liar2_finance,5,55
train_pair_0431,train,liar2_finance,5,55
train_pair_0433,train,liar2_finance,5,55
train_pair_0131,train,liar2_finance,5,55
train_pair_0440,train,liar2_finance,5,55
train_pair_0159,train,liar2_finance,5,55
train_pair_0375,train,liar2_finance,5,55
validation_pair_0064,train,liar2_finance,5,55
train_pair_0411,train,liar2_finance,5,55
validation_pair_0056,train,liar2_finance,5,55
train_pair_0139,train,liar2_finance,5,55
train_pair_0796,train,liar2_finance,5,55
train_pair_0670,train,liar2_finance,5,55
train_pair_0161,train,liar2_finance,5,55
train_pair_0054,train,liar2_finance,5,55
train_pair_0675,train,liar2_finance,5,55
test_pair_0043,train,liar2_finance,5,55
train_pair_0329,train,liar2_finance,5,55
train_pair_0774,train,liar2_finance,5,55
train_pair_0306,train,liar2_finance,5,55
train_pair_0674,train,liar2_finance,5,55
train_pair_0228,train,liar2_finance,5,55
validation_pair_0006,train,liar2_finance,5,55
train_pair_0310,train,liar2_finance,5,55
validation_pair_0060,train,liar2_finance,5,55
train_pair_0256,train,liar2_finance,5,55
train_pair_0525,train,liar2_finance,5,55
test_pair_0037,train,liar2_finance,5,55
train_pair_0171,train,liar2_finance,5,55
train_pair_0754,train,liar2_finance,5,55
train_pair_0442,train,liar2_finance,5,55
train_pair_0252,train,liar2_finance,5,55
train_pair_0357,train,liar2_finance,5,55
validation_pair_0032,train,liar2_finance,5,55
train_pair_0166,train,liar2_finance,5,55
validation_pair_0009,train,liar2_finance,5,55
train_pair_0713,train,liar2_finance,5,55
train_pair_0255,train,liar2_finance,5,55
train_pair_0416,train,liar2_finance,5,55
train_pair_0559,train,liar2_finance,5,55
train_pair_0595,train,liar2_finance,5,55
train_pair_0124,train,liar2_finance,5,55
validation_pair_0091,train,liar2_finance,5,55
train_pair_0080,train,liar2_finance,5,55
train_pair_0008,train,liar2_finance,5,55
train_pair_0800,train,liar2_finance,5,55
train_pair_0253,train,liar2_finance,5,55
train_pair_0257,train,liar2_finance,5,55
train_pair_0352,train,liar2_finance,5,55
train_pair_0600,train,liar2_finance,5,55
validation_pair_0063,train,liar2_finance,5,55
train_pair_0249,train,liar2_finance,5,55
train_pair_0135,train,liar2_finance,5,55
train_pair_0045,train,liar2_finance,5,55
train_pair_0178,train,liar2_finance,5,55
train_pair_0518,train,liar2_finance,5,55
test_pair_0071,train,liar2_finance,5,55
train_pair_0604,train,liar2_finance,5,55
train_pair_0426,train,liar2_finance,5,55
train_pair_0749,train,liar2_finance,5,55
train_pair_0073,train,liar2_finance,5,55
train_pair_0567,train,liar2_finance,5,55
train_pair_0681,train,liar2_finance,5,55
train_pair_0756,train,liar2_finance,5,55
train_pair_0528,train,liar2_finance,5,55
test_pair_0069,train,liar2_finance,5,55
train_pair_0524,train,liar2_finance,5,55
train_pair_0521,train,liar2_finance,5,55
train_pair_0185,train,liar2_finance,5,55
train_pair_0347,train,liar2_finance,5,55
validation_pair_0008,train,liar2_finance,5,55
validation_pair_0106,train,liar2_finance,5,55
train_pair_0095,train,liar2_finance,5,55
train_pair_0599,train,liar2_finance,5,55
test_pair_0028,train,liar2_finance,5,55
train_pair_0762,train,liar2_finance,5,55
validation_pair_0051,train,liar2_finance,5,55
train_pair_0116,train,liar2_finance,5,55
train_pair_0320,train,liar2_finance,5,55
train_pair_0314,train,liar2_finance,5,55
train_pair_0742,train,liar2_finance,5,55
train_pair_0201,train,liar2_finance,5,55
train_pair_0676,train,liar2_finance,5,55
train_pair_0427,train,liar2_finance,5,55
test_pair_0030,train,liar2_finance,5,55
train_pair_0136,train,liar2_finance,5,55
train_pair_0769,train,liar2_finance,5,55
train_pair_0058,train,liar2_finance,5,55
train_pair_0673,train,liar2_finance,5,55
train_pair_0397,train,liar2_finance,5,55
validation_pair_0097,train,liar2_finance,5,55
train_pair_0706,train,liar2_finance,5,55
train_pair_0612,train,liar2_finance,5,55
train_pair_0366,train,liar2_finance,5,55
train_pair_0213,train,liar2_finance,5,55
train_pair_0015,train,liar2_finance,5,55
train_pair_0682,train,liar2_finance,5,55
train_pair_0630,train,liar2_finance,5,55
train_pair_0350,train,liar2_finance,5,55
test_pair_0078,train,liar2_finance,5,55
train_pair_0377,train,liar2_finance,5,55
train_pair_0393,train,liar2_finance,5,55
train_pair_0068,train,liar2_finance,5,55
train_pair_0281,train,liar2_finance,5,55
train_pair_0710,train,liar2_finance,5,55
train_pair_0736,train,liar2_finance,5,55
train_pair_0574,train,liar2_finance,5,55
train_pair_0294,train,liar2_finance,5,55
train_pair_0703,train,liar2_finance,5,55
train_pair_0741,train,liar2_finance,5,55
train_pair_0487,train,liar2_finance,5,55
train_pair_0740,train,liar2_finance,5,55
train_pair_0215,train,liar2_finance,5,55
train_pair_0057,train,liar2_finance,5,55
train_pair_0088,train,liar2_finance,5,55
train_pair_0191,train,liar2_finance,5,55
train_pair_0693,train,liar2_finance,5,55
train_pair_0205,train,liar2_finance,5,55
train_pair_0714,train,liar2_finance,5,55
validation_pair_0027,train,liar2_finance,5,55
train_pair_0683,train,liar2_finance,5,55
test_pair_0005,train,liar2_finance,5,55
train_pair_0046,train,liar2_finance,5,55
train_pair_0162,train,liar2_finance,5,55
train_pair_0079,train,liar2_finance,5,55
validation_pair_0065,train,liar2_finance,5,55
test_pair_0021,train,liar2_finance,5,55
train_pair_0813,train,liar2_finance,5,55
train_pair_0733,train,liar2_finance,5,55
train_pair_0501,train,liar2_finance,5,55
train_pair_0177,train,liar2_finance,5,55
train_pair_0207,train,liar2_finance,5,55
train_pair_0371,train,liar2_finance,5,55
train_pair_0146,train,liar2_finance,5,55
train_pair_0047,train,liar2_finance,5,55
test_pair_0020,train,liar2_finance,5,55
train_pair_0589,train,liar2_finance,5,55
train_pair_0802,train,liar2_finance,5,55
train_pair_0564,train,liar2_finance,5,55
validation_pair_0105,train,liar2_finance,5,55
train_pair_0788,train,liar2_finance,5,55
train_pair_0801,train,liar2_finance,5,55
train_pair_0365,train,liar2_finance,5,55
train_pair_0360,train,liar2_finance,5,55
train_pair_0512,train,liar2_finance,5,55
train_pair_0598,train,liar2_finance,5,55
train_pair_0050,train,liar2_finance,5,55
train_pair_0020,train,liar2_finance,5,55
train_pair_0115,train,liar2_finance,5,55
train_pair_0284,train,liar2_finance,5,55
train_pair_0374,train,liar2_finance,5,55
train_pair_0028,train,liar2_finance,5,55
train_pair_0576,train,liar2_finance,5,55
train_pair_0209,train,liar2_finance,5,55
train_pair_0067,train,liar2_finance,5,55
train_pair_0473,train,liar2_finance,5,55
train_pair_0093,train,liar2_finance,5,55
train_pair_0288,train,liar2_finance,5,55
validation_pair_0114,train,liar2_finance,5,55
train_pair_0245,train,liar2_finance,5,55
train_pair_0632,train,liar2_finance,5,55
train_pair_0536,train,liar2_finance,5,55
validation_pair_0086,train,liar2_finance,5,55
train_pair_0018,train,liar2_finance,5,55
train_pair_0211,train,liar2_finance,5,55
validation_pair_0036,train,liar2_finance,5,55
train_pair_0456,train,liar2_finance,5,55
train_pair_0108,train,liar2_finance,5,55
train_pair_0619,train,liar2_finance,5,55
train_pair_0259,train,liar2_finance,5,55
train_pair_0516,train,liar2_finance,5,55
train_pair_0355,train,liar2_finance,5,55
validation_pair_0081,train,liar2_finance,5,55
train_pair_0522,train,liar2_finance,5,55
train_pair_0537,train,liar2_finance,5,55
train_pair_0272,train,liar2_finance,5,55
train_pair_0751,train,liar2_finance,5,55
validation_pair_0080,train,liar2_finance,5,55
train_pair_0356,train,liar2_finance,5,55
train_pair_0221,train,liar2_finance,5,55
train_pair_0030,train,liar2_finance,5,55
validation_pair_0020,train,liar2_finance,5,55
train_pair_0705,train,liar2_finance,5,55
validation_pair_0022,train,liar2_finance,5,55
train_pair_0324,train,liar2_finance,5,55
validation_pair_0018,train,liar2_finance,5,55
test_pair_0034,train,liar2_finance,5,55
train_pair_0747,train,liar2_finance,5,55
train_pair_0767,train,liar2_finance,5,55
train_pair_0672,train,liar2_finance,5,55
train_pair_0633,train,liar2_finance,5,55
train_pair_0470,train,liar2_finance,5,55
validation_pair_0093,train,liar2_finance,5,55
train_pair_0771,train,liar2_finance,5,55
validation_pair_0041,train,liar2_finance,5,55
train_pair_0533,train,liar2_finance,5,55
train_pair_0342,train,liar2_finance,5,55
train_pair_0152,train,liar2_finance,5,55
train_pair_0577,train,liar2_finance,5,55
train_pair_0799,train,liar2_finance,5,55
train_pair_0469,train,liar2_finance,5,55
train_pair_0098,train,liar2_finance,5,55
train_pair_0335,train,liar2_finance,5,55
train_pair_0099,train,liar2_finance,5,55
train_pair_0214,train,liar2_finance,5,55
train_pair_0105,train,liar2_finance,5,55
train_pair_0638,train,liar2_finance,5,55
train_pair_0341,train,liar2_finance,5,55
train_pair_0092,train,liar2_finance,5,55
train_pair_0278,train,liar2_finance,5,55
train_pair_0678,train,liar2_finance,5,55
train_pair_0785,train,liar2_finance,5,55
train_pair_0479,train,liar2_finance,5,55
train_pair_0738,train,liar2_finance,5,55
train_pair_0121,train,liar2_finance,5,55
train_pair_0189,train,liar2_finance,5,55
train_pair_0286,train,liar2_finance,5,55
train_pair_0144,train,liar2_finance,5,55
train_pair_0489,train,liar2_finance,5,55
train_pair_0526,train,liar2_finance,5,55
train_pair_0792,train,liar2_finance,5,55
test_pair_0016,train,liar2_finance,5,55
train_pair_0607,train,liar2_finance,5,55
validation_pair_0074,train,liar2_finance,5,55
train_pair_0104,train,liar2_finance,5,55
train_pair_0049,train,liar2_finance,5,55
train_pair_0279,train,liar2_finance,5,55
train_pair_0137,train,liar2_finance,5,55
train_pair_0571,train,liar2_finance,5,55
test_pair_0068,train,liar2_finance,5,55
train_pair_0729,train,liar2_finance,5,55
train_pair_0212,train,liar2_finance,5,55
train_pair_0192,train,liar2_finance,5,55
train_pair_0696,train,liar2_finance,5,55
test_pair_0027,train,liar2_finance,5,55
train_pair_0722,train,liar2_finance,5,55
train_pair_0534,train,liar2_finance,5,55
train_pair_0147,train,liar2_finance,5,55
validation_pair_0003,train,liar2_finance,5,55
train_pair_0318,train,liar2_finance,5,55
train_pair_0688,train,liar2_finance,5,55
train_pair_0550,train,liar2_finance,5,55
validation_pair_0111,train,liar2_finance,5,55
train_pair_0452,train,liar2_finance,5,55
train_pair_0034,train,liar2_finance,5,55
train_pair_0570,train,liar2_finance,5,55
train_pair_0731,train,liar2_finance,5,55
train_pair_0654,train,liar2_finance,5,55
validation_pair_0062,train,liar2_finance,5,55
train_pair_0465,train,liar2_finance,5,55
train_pair_0511,train,liar2_finance,5,55
train_pair_0476,train,liar2_finance,5,55
test_pair_0065,train,liar2_finance,5,55
train_pair_0793,train,liar2_finance,5,55
test_pair_0011,train,liar2_finance,5,55
train_pair_0262,train,liar2_finance,5,55
train_pair_0445,train,liar2_finance,5,55
train_pair_0381,train,liar2_finance,5,55
train_pair_0265,train,liar2_finance,5,55
train_pair_0666,train,liar2_finance,5,55
train_pair_0024,train,liar2_finance,5,55
train_pair_0179,train,liar2_finance,5,55
validation_pair_0112,train,liar2_finance,5,55
train_pair_0544,train,liar2_finance,5,55
test_pair_0012,train,liar2_finance,5,55
train_pair_0239,train,liar2_finance,5,55
train_pair_0529,train,liar2_finance,5,55
train_pair_0172,train,liar2_finance,5,55
validation_pair_0023,train,liar2_finance,5,55
train_pair_0816,train,liar2_finance,5,55
train_pair_0016,train,liar2_finance,5,55
train_pair_0180,train,liar2_finance,5,55
train_pair_0523,train,liar2_finance,5,55
train_pair_0596,train,liar2_finance,5,55
train_pair_0039,train,liar2_finance,5,55
train_pair_0195,train,liar2_finance,5,55
train_pair_0510,train,liar2_finance,5,55
train_pair_0778,train,liar2_finance,5,55
validation_pair_0066,train,liar2_finance,5,55
train_pair_0055,train,liar2_finance,5,55
train_pair_0460,train,liar2_finance,5,55
test_pair_0010,train,liar2_finance,5,55
test_pair_0056,train,liar2_finance,5,55
train_pair_0625,train,liar2_finance,5,55
test_pair_0077,train,liar2_finance,5,55
train_pair_0017,train,liar2_finance,5,55
train_pair_0527,train,liar2_finance,5,55
train_pair_0160,train,liar2_finance,5,55
train_pair_0031,train,liar2_finance,5,55
train_pair_0728,train,liar2_finance,5,55
train_pair_0650,train,liar2_finance,5,55
train_pair_0404,train,liar2_finance,5,55
test_pair_0031,train,liar2_finance,5,55
train_pair_0325,train,liar2_finance,5,55
train_pair_0579,train,liar2_finance,5,55
train_pair_0663,train,liar2_finance,5,55
validation_pair_0055,train,liar2_finance,5,55
train_pair_0110,train,liar2_finance,5,55
train_pair_0648,train,liar2_finance,5,55
train_pair_0196,train,liar2_finance,5,55
train_pair_0138,train,liar2_finance,5,55
test_pair_0035,train,liar2_finance,5,55
train_pair_0285,train,liar2_finance,5,55
train_pair_0513,train,liar2_finance,5,55
train_pair_0032,train,liar2_finance,5,55
train_pair_0685,train,liar2_finance,5,55
validation_pair_0012,train,liar2_finance,5,55
train_pair_0618,train,liar2_finance,5,55
train_pair_0226,train,liar2_finance,5,55
test_pair_0082,train,liar2_finance,5,55
train_pair_0301,train,liar2_finance,5,55
train_pair_0712,train,liar2_finance,5,55
train_pair_0606,train,liar2_finance,5,55
train_pair_0569,train,liar2_finance,5,55
train_pair_0234,train,liar2_finance,5,55
validation_pair_0057,train,liar2_finance,5,55
train_pair_0317,train,liar2_finance,5,55
train_pair_0155,train,liar2_finance,5,55
train_pair_0036,train,liar2_finance,5,55
train_pair_0592,train,liar2_finance,5,55
train_pair_0100,train,liar2_finance,5,55
train_pair_0541,train,liar2_finance,5,55
train_pair_0167,train,liar2_finance,5,55
train_pair_0074,train,liar2_finance,5,55
train_pair_0343,train,liar2_finance,5,55
train_pair_0388,train,liar2_finance,5,55
train_pair_0395,train,liar2_finance,5,55
train_pair_0582,train,liar2_finance,5,55
train_pair_0677,train,liar2_finance,5,55
test_pair_0040,train,liar2_finance,5,55
train_pair_0803,train,liar2_finance,5,55
train_pair_0732,train,liar2_finance,5,55
train_pair_0556,train,liar2_finance,5,55
train_pair_0133,train,liar2_finance,5,55
train_pair_0040,train,liar2_finance,5,55
validation_pair_0101,train,liar2_finance,5,55
train_pair_0772,train,liar2_finance,5,55
train_pair_0362,train,liar2_finance,5,55
train_pair_0701,train,liar2_finance,5,55
train_pair_0297,train,liar2_finance,5,55
train_pair_0436,train,liar2_finance,5,55
train_pair_0096,train,liar2_finance,5,55
train_pair_0623,train,liar2_finance,5,55
validation_pair_0035,train,liar2_finance,5,55
validation_pair_0046,train,liar2_finance,5,55
train_pair_0289,train,liar2_finance,5,55
train_pair_0542,train,liar2_finance,5,55
train_pair_0331,train,liar2_finance,5,55
train_pair_0070,train,liar2_finance,5,55
train_pair_0308,train,liar2_finance,5,55
train_pair_0484,train,liar2_finance,5,55
train_pair_0437,train,liar2_finance,5,55
train_pair_0235,train,liar2_finance,5,55
train_pair_0322,train,liar2_finance,5,55
train_pair_0715,train,liar2_finance,5,55
validation_pair_0076,train,liar2_finance,5,55
train_pair_0494,train,liar2_finance,5,55
train_pair_0659,train,liar2_finance,5,55
test_pair_0091,train,liar2_finance,5,55
train_pair_0223,train,liar2_finance,5,55
train_pair_0609,train,liar2_finance,5,55
train_pair_0562,train,liar2_finance,5,55
train_pair_0808,train,liar2_finance,5,55
train_pair_0680,train,liar2_finance,5,55
test_pair_0024,train,liar2_finance,5,55
train_pair_0229,train,liar2_finance,5,55
test_pair_0073,train,liar2_finance,5,55
test_pair_0038,train,liar2_finance,5,55
train_pair_0496,train,liar2_finance,5,55
validation_pair_0054,train,liar2_finance,5,55
test_pair_0044,train,liar2_finance,5,55
train_pair_0679,train,liar2_finance,5,55
test_pair_0004,train,liar2_finance,5,55
train_pair_0446,train,liar2_finance,5,55
train_pair_0358,train,liar2_finance,5,55
train_pair_0422,train,liar2_finance,5,55
train_pair_0396,train,liar2_finance,5,55
train_pair_0258,train,liar2_finance,5,55
test_pair_0089,train,liar2_finance,5,55
train_pair_0430,train,liar2_finance,5,55
validation_pair_0073,train,liar2_finance,5,55
train_pair_0428,train,liar2_finance,5,55
train_pair_0321,train,liar2_finance,5,55
train_pair_0164,train,liar2_finance,5,55
train_pair_0458,train,liar2_finance,5,55
train_pair_0668,train,liar2_finance,5,55
train_pair_0361,train,liar2_finance,5,55
train_pair_0603,train,liar2_finance,5,55
train_pair_0065,train,liar2_finance,5,55
train_pair_0665,train,liar2_finance,5,55
train_pair_0466,train,liar2_finance,5,55
train_pair_0379,train,liar2_finance,5,55
train_pair_0711,train,liar2_finance,5,55
train_pair_0723,train,liar2_finance,5,55
train_pair_0052,train,liar2_finance,5,55
train_pair_0807,train,liar2_finance,5,55
train_pair_0443,train,liar2_finance,5,55
train_pair_0291,train,liar2_finance,5,55
train_pair_0768,train,liar2_finance,5,55
train_pair_0183,train,liar2_finance,5,55
train_pair_0488,train,liar2_finance,5,55
train_pair_0758,train,liar2_finance,5,55
test_pair_0074,train,liar2_finance,5,55
train_pair_0037,train,liar2_finance,5,55
train_pair_0194,train,liar2_finance,5,55
validation_pair_0037,train,liar2_finance,5,55
train_pair_0447,train,liar2_finance,5,55
test_pair_0086,train,liar2_finance,5,55
train_pair_0451,train,liar2_finance,5,55
train_pair_0532,train,liar2_finance,5,55
train_pair_0699,train,liar2_finance,5,55
train_pair_0353,train,liar2_finance,5,55
train_pair_0467,train,liar2_finance,5,55
train_pair_0462,train,liar2_finance,5,55
train_pair_0001,train,liar2_finance,5,55
train_pair_0455,train,liar2_finance,5,55
train_pair_0806,train,liar2_finance,5,55
train_pair_0419,train,liar2_finance,5,55
train_pair_0208,train,liar2_finance,5,55
test_pair_0055,train,liar2_finance,5,55
train_pair_0507,train,liar2_finance,5,55
train_pair_0330,train,liar2_finance,5,55
train_pair_0247,train,liar2_finance,5,55
train_pair_0280,train,liar2_finance,5,55
train_pair_0482,train,liar2_finance,5,55
test_pair_0041,train,liar2_finance,5,55
train_pair_0573,train,liar2_finance,5,55
train_pair_0461,train,liar2_finance,5,55
train_pair_0605,train,liar2_finance,5,55
train_pair_0013,train,liar2_finance,5,55
train_pair_0273,train,liar2_finance,5,55
train_pair_0509,train,liar2_finance,5,55
train_pair_0304,train,liar2_finance,5,55
test_pair_0015,train,liar2_finance,5,55
train_pair_0530,train,liar2_finance,5,55
train_pair_0187,train,liar2_finance,5,55
train_pair_0025,train,liar2_finance,5,55
train_pair_0616,train,liar2_finance,5,55
train_pair_0114,train,liar2_finance,5,55
validation_pair_0090,train,liar2_finance,5,55
train_pair_0106,train,liar2_finance,5,55
train_pair_0402,train,liar2_finance,5,55
train_pair_0061,train,liar2_finance,5,55
train_pair_0266,train,liar2_finance,5,55
train_pair_0323,train,liar2_finance,5,55
train_pair_0546,train,liar2_finance,5,55
validation_pair_0043,train,liar2_finance,5,55
train_pair_0083,train,liar2_finance,5,55
train_pair_0575,train,liar2_finance,5,55
train_pair_0653,train,liar2_finance,5,55
train_pair_0453,train,liar2_finance,5,55
train_pair_0103,train,liar2_finance,5,55
train_pair_0391,train,liar2_finance,5,55
validation_pair_0034,train,liar2_finance,5,55
test_pair_0092,train,liar2_finance,5,55
train_pair_0348,train,liar2_finance,5,55
train_pair_0664,train,liar2_finance,5,55
train_pair_0026,train,liar2_finance,5,55
train_pair_0642,train,liar2_finance,5,55
train_pair_0246,train,liar2_finance,5,55
train_pair_0197,train,liar2_finance,5,55
validation_pair_0079,train,liar2_finance,5,55
train_pair_0585,train,liar2_finance,5,55
train_pair_0173,train,liar2_finance,5,55
train_pair_0794,train,liar2_finance,5,55
train_pair_0508,train,liar2_finance,5,55
train_pair_0657,train,liar2_finance,5,55
train_pair_0561,train,liar2_finance,5,55
train_pair_0066,train,liar2_finance,5,55
train_pair_0295,train,liar2_finance,5,55
validation_pair_0019,train,liar2_finance,5,55
train_pair_0621,train,liar2_finance,5,55
train_pair_0635,train,liar2_finance,5,55
train_pair_0327,train,liar2_finance,5,55
train_pair_0012,train,liar2_finance,5,55
train_pair_0644,train,liar2_finance,5,55
train_pair_0506,train,liar2_finance,5,55
test_pair_0081,train,liar2_finance,5,55
test_pair_0022,train,liar2_finance,5,55
train_pair_0140,train,liar2_finance,5,55
train_pair_0805,train,liar2_finance,5,55
train_pair_0250,train,liar2_finance,5,55
validation_pair_0049,train,liar2_finance,5,55
train_pair_0336,train,liar2_finance,5,55
train_pair_0005,train,liar2_finance,5,55
validation_pair_0094,train,liar2_finance,5,55
test_pair_0033,train,liar2_finance,5,55
train_pair_0069,train,liar2_finance,5,55
validation_pair_0042,train,liar2_finance,5,55
train_pair_0311,train,liar2_finance,5,55
train_pair_0060,train,liar2_finance,5,55
train_pair_0243,train,liar2_finance,5,55
train_pair_0520,train,liar2_finance,5,55
train_pair_0584,train,liar2_finance,5,55
validation_pair_0096,train,liar2_finance,5,55
train_pair_0410,train,liar2_finance,5,55
test_pair_0047,train,liar2_finance,5,55
train_pair_0401,train,liar2_finance,5,55
train_pair_0811,train,liar2_finance,5,55
train_pair_0708,train,liar2_finance,5,55
validation_pair_0025,train,liar2_finance,5,55
train_pair_0661,train,liar2_finance,5,55
train_pair_0176,train,liar2_finance,5,55
test_pair_0060,train,liar2_finance,5,55
train_pair_0420,train,liar2_finance,5,55
test_pair_0045,train,liar2_finance,5,55
train_pair_0009,train,liar2_finance,5,55
train_pair_0500,train,liar2_finance,5,55
train_pair_0750,train,liar2_finance,5,55
train_pair_0035,train,liar2_finance,5,55
test_pair_0023,train,liar2_finance,5,55
test_pair_0058,train,liar2_finance,5,55
train_pair_0472,train,liar2_finance,5,55
train_pair_0200,train,liar2_finance,5,55
test_pair_0075,train,liar2_finance,5,55
train_pair_0744,train,liar2_finance,5,55
train_pair_0337,train,liar2_finance,5,55
test_pair_0018,train,liar2_finance,5,55
train_pair_0188,train,liar2_finance,5,55
validation_pair_0072,train,liar2_finance,5,55
train_pair_0193,train,liar2_finance,5,55
train_pair_0586,train,liar2_finance,5,55
test_pair_0002,train,liar2_finance,5,55
train_pair_0354,train,liar2_finance,5,55
train_pair_0351,train,liar2_finance,5,55
train_pair_0300,train,liar2_finance,5,55
train_pair_0319,train,liar2_finance,5,55
train_pair_0631,train,liar2_finance,5,55
train_pair_0686,train,liar2_finance,5,55
train_pair_0517,train,liar2_finance,5,55
validation_pair_0110,train,liar2_finance,5,55
train_pair_0409,train,liar2_finance,5,55
test_pair_0084,train,liar2_finance,5,55
train_pair_0591,train,liar2_finance,5,55
train_pair_0637,train,liar2_finance,5,55
train_pair_0725,train,liar2_finance,5,55
train_pair_0312,train,liar2_finance,5,55
train_pair_0003,train,liar2_finance,5,55
train_pair_0415,train,liar2_finance,5,55
train_pair_0695,train,liar2_finance,5,55
train_pair_0457,train,liar2_finance,5,55
train_pair_0405,train,liar2_finance,5,55
validation_pair_0095,train,liar2_finance,5,55
train_pair_0398,train,liar2_finance,5,55
train_pair_0614,train,liar2_finance,5,55
test_pair_0054,train,liar2_finance,5,55
train_pair_0261,train,liar2_finance,5,55
train_pair_0746,train,liar2_finance,5,55
train_pair_0629,train,liar2_finance,5,55
train_pair_0313,train,liar2_finance,5,55
train_pair_0132,train,liar2_finance,5,55
train_pair_0232,train,liar2_finance,5,55
train_pair_0120,train,liar2_finance,5,55
train_pair_0315,train,liar2_finance,5,55
test_pair_0036,train,liar2_finance,5,55
train_pair_0540,train,liar2_finance,5,55
train_pair_0254,train,liar2_finance,5,55
train_pair_0563,train,liar2_finance,5,55
test_pair_0046,train,liar2_finance,5,55
train_pair_0269,train,liar2_finance,5,55
train_pair_0429,train,liar2_finance,5,55
train_pair_0345,train,liar2_finance,5,55
train_pair_0760,train,liar2_finance,5,55
train_pair_0002,train,liar2_finance,5,55
train_pair_0309,train,liar2_finance,5,55
train_pair_0689,train,liar2_finance,5,55
train_pair_0048,train,liar2_finance,5,55
train_pair_0270,train,liar2_finance,5,55
train_pair_0389,train,liar2_finance,5,55
train_pair_0376,train,liar2_finance,5,55
train_pair_0386,train,liar2_finance,5,55
validation_pair_0017,train,liar2_finance,5,55
test_pair_0032,train,liar2_finance,5,55
train_pair_0299,train,liar2_finance,5,55
train_pair_0021,train,liar2_finance,5,55
train_pair_0042,train,liar2_finance,5,55
train_pair_0077,train,liar2_finance,5,55
validation_pair_0026,train,liar2_finance,5,55
train_pair_0263,train,liar2_finance,5,55
validation_pair_0011,train,liar2_finance,5,55
train_pair_0783,train,liar2_finance,5,55
train_pair_0076,train,liar2_finance,5,55
train_pair_0671,train,liar2_finance,5,55
validation_pair_0044,train,liar2_finance,5,55
train_pair_0296,train,liar2_finance,5,55
train_pair_0784,train,liar2_finance,5,55
validation_pair_0047,train,liar2_finance,5,55
train_pair_0547,train,liar2_finance,5,55
train_pair_0684,train,liar2_finance,5,55
test_pair_0008,train,liar2_finance,5,55
train_pair_0149,train,liar2_finance,5,55
validation_pair_0103,train,liar2_finance,5,55
test_pair_0003,train,liar2_finance,5,55
train_pair_0539,train,liar2_finance,5,55
train_pair_0051,train,liar2_finance,5,55
train_pair_0044,train,liar2_finance,5,55
train_pair_0109,train,liar2_finance,5,55
validation_pair_0075,train,liar2_finance,5,55
train_pair_0202,train,liar2_finance,5,55
train_pair_0072,train,liar2_finance,5,55
train_pair_0735,train,liar2_finance,5,55
train_pair_0127,train,liar2_finance,5,55
validation_pair_0088,train,liar2_finance,5,55
test_pair_0025,train,liar2_finance,5,55
train_pair_0148,train,liar2_finance,5,55
train_pair_0186,train,liar2_finance,5,55
train_pair_0764,train,liar2_finance,5,55
validation_pair_0045,train,liar2_finance,5,55
train_pair_0765,train,liar2_finance,5,55
train_pair_0384,train,liar2_finance,5,55
validation_pair_0016,train,liar2_finance,5,55
train_pair_0717,train,liar2_finance,5,55
validation_pair_0087,train,liar2_finance,5,55
train_pair_0498,train,liar2_finance,5,55
validation_pair_0082,train,liar2_finance,5,55
train_pair_0519,train,liar2_finance,5,55
validation_pair_0077,train,liar2_finance,5,55
train_pair_0700,train,liar2_finance,5,55
train_pair_0089,train,liar2_finance,5,55
train_pair_0087,train,liar2_finance,5,55
train_pair_0346,train,liar2_finance,5,55
validation_pair_0108,train,liar2_finance,5,55
train_pair_0231,train,liar2_finance,5,55
train_pair_0118,train,liar2_finance,5,55
train_pair_0394,train,liar2_finance,5,55
train_pair_0587,train,liar2_finance,5,55
test_pair_0042,train,liar2_finance,5,55
train_pair_0480,train,liar2_finance,5,55
train_pair_0497,train,liar2_finance,5,55
test_pair_0049,train,liar2_finance,5,55
train_pair_0199,train,liar2_finance,5,55
train_pair_0459,train,liar2_finance,5,55
train_pair_0339,train,liar2_finance,5,55
train_pair_0370,train,liar2_finance,5,55
train_pair_0812,train,liar2_finance,5,55
train_pair_0779,train,liar2_finance,5,55
train_pair_0368,train,liar2_finance,5,55
test_pair_0014,train,liar2_finance,5,55
train_pair_0514,train,liar2_finance,5,55
train_pair_0097,train,liar2_finance,5,55
train_pair_0091,train,liar2_finance,5,55
train_pair_0059,train,liar2_finance,5,55
train_pair_0815,train,liar2_finance,5,55
train_pair_0287,train,liar2_finance,5,55
validation_pair_0092,train,liar2_finance,5,55
train_pair_0649,train,liar2_finance,5,55
train_pair_0400,train,liar2_finance,5,55
train_pair_0770,train,liar2_finance,5,55
train_pair_0590,train,liar2_finance,5,55
test_pair_0052,train,liar2_finance,5,55
train_pair_0624,train,liar2_finance,5,55
train_pair_0720,train,liar2_finance,5,55
train_pair_0615,train,liar2_finance,5,55
train_pair_0326,train,liar2_finance,5,55
validation_pair_0021,train,liar2_finance,5,55
validation_pair_0061,train,liar2_finance,5,55
train_pair_0163,train,liar2_finance,5,55
train_pair_0553,train,liar2_finance,5,55
train_pair_0425,train,liar2_finance,5,55
test_pair_0076,train,liar2_finance,5,55
train_pair_0417,train,liar2_finance,5,55
validation_pair_0059,train,liar2_finance,5,55
train_pair_0432,train,liar2_finance,5,55
train_pair_0062,train,liar2_finance,5,55
train_pair_0119,train,liar2_finance,5,55
train_pair_0153,train,liar2_finance,5,55
train_pair_0597,train,liar2_finance,5,55
train_pair_0759,train,liar2_finance,5,55
validation_pair_0071,train,liar2_finance,5,55
train_pair_0328,train,liar2_finance,5,55
train_pair_0307,train,liar2_finance,5,55
train_pair_0190,train,liar2_finance,5,55
train_pair_0481,train,liar2_finance,5,55
train_pair_0718,train,liar2_finance,5,55
train_pair_0647,train,liar2_finance,5,55
train_pair_0791,train,liar2_finance,5,55
train_pair_0143,train,liar2_finance,5,55
train_pair_0236,train,liar2_finance,5,55
train_pair_0463,train,liar2_finance,5,55
train_pair_0129,train,liar2_finance,5,55
validation_pair_0099,train,liar2_finance,5,55
validation_pair_0004,train,liar2_finance,5,55
train_pair_0244,train,liar2_finance,5,55
train_pair_0122,train,liar2_finance,5,55
train_pair_0123,train,liar2_finance,5,55
train_pair_0752,train,liar2_finance,5,55
train_pair_0687,train,liar2_finance,5,55
test_pair_0063,train,liar2_finance,5,55
test_pair_0085,train,liar2_finance,5,55
train_pair_0810,train,liar2_finance,5,55
validation_pair_0084,train,liar2_finance,5,55
validation_pair_0058,train,liar2_finance,5,55
train_pair_0175,train,liar2_finance,5,55
train_pair_0082,train,liar2_finance,5,55
train_pair_0267,train,liar2_finance,5,55
train_pair_0434,train,liar2_finance,5,55
train_pair_0450,train,liar2_finance,5,55
train_pair_0454,train,liar2_finance,5,55
train_pair_0757,train,liar2_finance,5,55
test_pair_0088,validation,liar2_finance,5,55
train_pair_0302,validation,liar2_finance,5,55
train_pair_0004,validation,liar2_finance,5,55
train_pair_0107,validation,liar2_finance,5,55
train_pair_0503,validation,liar2_finance,5,55
validation_pair_0030,validation,liar2_finance,5,55
train_pair_0804,validation,liar2_finance,5,55
validation_pair_0068,validation,liar2_finance,5,55
train_pair_0392,validation,liar2_finance,5,55
train_pair_0610,validation,liar2_finance,5,55
train_pair_0182,validation,liar2_finance,5,55
train_pair_0658,validation,liar2_finance,5,55
validation_pair_0107,validation,liar2_finance,5,55
train_pair_0721,validation,liar2_finance,5,55
train_pair_0340,validation,liar2_finance,5,55
train_pair_0334,validation,liar2_finance,5,55
test_pair_0009,validation,liar2_finance,5,55
train_pair_0158,validation,liar2_finance,5,55
train_pair_0112,validation,liar2_finance,5,55
train_pair_0709,validation,liar2_finance,5,55
train_pair_0554,validation,liar2_finance,5,55
validation_pair_0039,validation,liar2_finance,5,55
train_pair_0753,validation,liar2_finance,5,55
train_pair_0198,validation,liar2_finance,5,55
validation_pair_0085,validation,liar2_finance,5,55
train_pair_0548,validation,liar2_finance,5,55
train_pair_0084,validation,liar2_finance,5,55
train_pair_0111,validation,liar2_finance,5,55
validation_pair_0002,validation,liar2_finance,5,55
test_pair_0094,validation,liar2_finance,5,55
train_pair_0240,validation,liar2_finance,5,55
train_pair_0795,validation,liar2_finance,5,55
train_pair_0414,validation,liar2_finance,5,55
train_pair_0773,validation,liar2_finance,5,55
train_pair_0493,validation,liar2_finance,5,55
train_pair_0486,validation,liar2_finance,5,55
train_pair_0408,validation,liar2_finance,5,55
train_pair_0075,validation,liar2_finance,5,55
train_pair_0344,validation,liar2_finance,5,55
train_pair_0690,validation,liar2_finance,5,55
train_pair_0790,validation,liar2_finance,5,55
validation_pair_0078,validation,liar2_finance,5,55
train_pair_0113,validation,liar2_finance,5,55
train_pair_0399,validation,liar2_finance,5,55
train_pair_0435,validation,liar2_finance,5,55
test_pair_0083,validation,liar2_finance,5,55
train_pair_0184,validation,liar2_finance,5,55
train_pair_0761,validation,liar2_finance,5,55
train_pair_0064,validation,liar2_finance,5,55
train_pair_0474,validation,liar2_finance,5,55
train_pair_0359,validation,liar2_finance,5,55
train_pair_0478,validation,liar2_finance,5,55
train_pair_0418,validation,liar2_finance,5,55
train_pair_0290,validation,liar2_finance,5,55
train_pair_0669,validation,liar2_finance,5,55
train_pair_0545,validation,liar2_finance,5,55
test_pair_0039,validation,liar2_finance,5,55
train_pair_0748,validation,liar2_finance,5,55
train_pair_0593,validation,liar2_finance,5,55
train_pair_0206,validation,liar2_finance,5,55
train_pair_0242,validation,liar2_finance,5,55
train_pair_0151,validation,liar2_finance,5,55
train_pair_0627,validation,liar2_finance,5,55
test_pair_0070,validation,liar2_finance,5,55
train_pair_0490,validation,liar2_finance,5,55
train_pair_0170,validation,liar2_finance,5,55
train_pair_0157,validation,liar2_finance,5,55
train_pair_0743,validation,liar2_finance,5,55
validation_pair_0010,validation,liar2_finance,5,55
train_pair_0407,validation,liar2_finance,5,55
train_pair_0499,validation,liar2_finance,5,55
train_pair_0707,validation,liar2_finance,5,55
train_pair_0477,validation,liar2_finance,5,55
train_pair_0646,validation,liar2_finance,5,55
train_pair_0549,validation,liar2_finance,5,55
train_pair_0572,validation,liar2_finance,5,55
train_pair_0531,validation,liar2_finance,5,55
train_pair_0305,validation,liar2_finance,5,55
train_pair_0643,validation,liar2_finance,5,55
train_pair_0667,validation,liar2_finance,5,55
train_pair_0168,validation,liar2_finance,5,55
train_pair_0781,validation,liar2_finance,5,55
train_pair_0141,validation,liar2_finance,5,55
train_pair_0233,validation,liar2_finance,5,55
train_pair_0475,validation,liar2_finance,5,55
train_pair_0557,validation,liar2_finance,5,55
train_pair_0423,validation,liar2_finance,5,55
train_pair_0636,validation,liar2_finance,5,55
test_pair_0057,validation,liar2_finance,5,55
train_pair_0782,validation,liar2_finance,5,55
train_pair_0566,validation,liar2_finance,5,55
train_pair_0716,validation,liar2_finance,5,55
validation_pair_0038,validation,liar2_finance,5,55
train_pair_0014,validation,liar2_finance,5,55
validation_pair_0040,validation,liar2_finance,5,55
train_pair_0502,validation,liar2_finance,5,55
train_pair_0011,validation,liar2_finance,5,55
train_pair_0117,validation,liar2_finance,5,55
train_pair_0439,validation,liar2_finance,5,55
validation_pair_0028,validation,liar2_finance,5,55
validation_pair_0052,validation,liar2_finance,5,55
train_pair_0641,validation,liar2_finance,5,55
train_pair_0639,test,liar2_finance,5,55
test_pair_0029,test,liar2_finance,5,55
train_pair_0535,test,liar2_finance,5,55
train_pair_0583,test,liar2_finance,5,55
train_pair_0611,test,liar2_finance,5,55
validation_pair_0007,test,liar2_finance,5,55
train_pair_0006,test,liar2_finance,5,55
validation_pair_0013,test,liar2_finance,5,55
train_pair_0617,test,liar2_finance,5,55
train_pair_0694,test,liar2_finance,5,55
train_pair_0275,test,liar2_finance,5,55
train_pair_0041,test,liar2_finance,5,55
test_pair_0087,test,liar2_finance,5,55
train_pair_0203,test,liar2_finance,5,55
train_pair_0086,test,liar2_finance,5,55
train_pair_0260,test,liar2_finance,5,55
train_pair_0387,test,liar2_finance,5,55
train_pair_0448,test,liar2_finance,5,55
train_pair_0333,test,liar2_finance,5,55
train_pair_0403,test,liar2_finance,5,55
train_pair_0538,test,liar2_finance,5,55
train_pair_0027,test,liar2_finance,5,55
train_pair_0787,test,liar2_finance,5,55
validation_pair_0024,test,liar2_finance,5,55
train_pair_0090,test,liar2_finance,5,55
train_pair_0580,test,liar2_finance,5,55
train_pair_0780,test,liar2_finance,5,55
train_pair_0268,test,liar2_finance,5,55
train_pair_0789,test,liar2_finance,5,55
train_pair_0276,test,liar2_finance,5,55
train_pair_0130,test,liar2_finance,5,55
train_pair_0019,test,liar2_finance,5,55
train_pair_0277,test,liar2_finance,5,55
train_pair_0594,test,liar2_finance,5,55
validation_pair_0070,test,liar2_finance,5,55
train_pair_0219,test,liar2_finance,5,55
train_pair_0602,test,liar2_finance,5,55
train_pair_0218,test,liar2_finance,5,55
train_pair_0776,test,liar2_finance,5,55
train_pair_0441,test,liar2_finance,5,55
train_pair_0640,test,liar2_finance,5,55
train_pair_0292,test,liar2_finance,5,55
train_pair_0702,test,liar2_finance,5,55
train_pair_0383,test,liar2_finance,5,55
train_pair_0385,test,liar2_finance,5,55
train_pair_0485,test,liar2_finance,5,55
train_pair_0412,test,liar2_finance,5,55
train_pair_0150,test,liar2_finance,5,55
train_pair_0225,test,liar2_finance,5,55
test_pair_0050,test,liar2_finance,5,55
train_pair_0063,test,liar2_finance,5,55
train_pair_0373,test,liar2_finance,5,55
train_pair_0338,test,liar2_finance,5,55
validation_pair_0100,test,liar2_finance,5,55
train_pair_0726,test,liar2_finance,5,55
train_pair_0626,test,liar2_finance,5,55
train_pair_0248,test,liar2_finance,5,55
train_pair_0071,test,liar2_finance,5,55
train_pair_0134,test,liar2_finance,5,55
train_pair_0622,test,liar2_finance,5,55
validation_pair_0102,test,liar2_finance,5,55
validation_pair_0001,test,liar2_finance,5,55
validation_pair_0014,test,liar2_finance,5,55
train_pair_0656,test,liar2_finance,5,55
train_pair_0613,test,liar2_finance,5,55
train_pair_0504,test,liar2_finance,5,55
test_pair_0061,test,liar2_finance,5,55
test_pair_0090,test,liar2_finance,5,55
train_pair_0349,test,liar2_finance,5,55
train_pair_0056,test,liar2_finance,5,55
train_pair_0814,test,liar2_finance,5,55
validation_pair_0067,test,liar2_finance,5,55
test_pair_0017,test,liar2_finance,5,55
test_pair_0026,test,liar2_finance,5,55
train_pair_0634,test,liar2_finance,5,55
train_pair_0169,test,liar2_finance,5,55
test_pair_0064,test,liar2_finance,5,55
train_pair_0483,test,liar2_finance,5,55
train_pair_0094,test,liar2_finance,5,55
train_pair_0555,test,liar2_finance,5,55
train_pair_0081,test,liar2_finance,5,55
test_pair_0080,test,liar2_finance,5,55
train_pair_0737,test,liar2_finance,5,55
train_pair_0568,test,liar2_finance,5,55
test_pair_0019,test,liar2_finance,5,55
train_pair_0692,test,liar2_finance,5,55
train_pair_0165,test,liar2_finance,5,55
validation_pair_0098,test,liar2_finance,5,55
train_pair_0775,test,liar2_finance,5,55
train_pair_0558,test,liar2_finance,5,55
train_pair_0468,test,liar2_finance,5,55
train_pair_0464,test,liar2_finance,5,55
train_pair_0719,test,liar2_finance,5,55
train_pair_0543,test,liar2_finance,5,55
train_pair_0283,test,liar2_finance,5,55
train_pair_0210,test,liar2_finance,5,55
train_pair_0126,test,liar2_finance,5,55
train_pair_0492,test,liar2_finance,5,55
train_pair_0438,test,liar2_finance,5,55
validation_pair_0050,test,liar2_finance,5,55
train_pair_0655,test,liar2_finance,5,55
test_pair_0079,test,liar2_finance,5,55
test_pair_0025,train,liar2_finance,6,66
train_pair_0642,train,liar2_finance,6,66
train_pair_0374,train,liar2_finance,6,66
train_pair_0056,train,liar2_finance,6,66
train_pair_0591,train,liar2_finance,6,66
train_pair_0726,train,liar2_finance,6,66
train_pair_0280,train,liar2_finance,6,66
train_pair_0116,train,liar2_finance,6,66
train_pair_0595,train,liar2_finance,6,66
validation_pair_0089,train,liar2_finance,6,66
validation_pair_0062,train,liar2_finance,6,66
train_pair_0088,train,liar2_finance,6,66
train_pair_0780,train,liar2_finance,6,66
train_pair_0187,train,liar2_finance,6,66
train_pair_0419,train,liar2_finance,6,66
train_pair_0546,train,liar2_finance,6,66
validation_pair_0013,train,liar2_finance,6,66
train_pair_0802,train,liar2_finance,6,66
train_pair_0730,train,liar2_finance,6,66
test_pair_0022,train,liar2_finance,6,66
train_pair_0547,train,liar2_finance,6,66
train_pair_0344,train,liar2_finance,6,66
train_pair_0660,train,liar2_finance,6,66
train_pair_0357,train,liar2_finance,6,66
train_pair_0615,train,liar2_finance,6,66
train_pair_0421,train,liar2_finance,6,66
train_pair_0197,train,liar2_finance,6,66
validation_pair_0030,train,liar2_finance,6,66
train_pair_0184,train,liar2_finance,6,66
train_pair_0444,train,liar2_finance,6,66
train_pair_0008,train,liar2_finance,6,66
train_pair_0399,train,liar2_finance,6,66
train_pair_0424,train,liar2_finance,6,66
train_pair_0051,train,liar2_finance,6,66
train_pair_0349,train,liar2_finance,6,66
test_pair_0087,train,liar2_finance,6,66
train_pair_0433,train,liar2_finance,6,66
validation_pair_0073,train,liar2_finance,6,66
validation_pair_0070,train,liar2_finance,6,66
train_pair_0673,train,liar2_finance,6,66
train_pair_0251,train,liar2_finance,6,66
validation_pair_0083,train,liar2_finance,6,66
train_pair_0503,train,liar2_finance,6,66
train_pair_0649,train,liar2_finance,6,66
train_pair_0078,train,liar2_finance,6,66
train_pair_0770,train,liar2_finance,6,66
train_pair_0666,train,liar2_finance,6,66
train_pair_0126,train,liar2_finance,6,66
train_pair_0270,train,liar2_finance,6,66
train_pair_0147,train,liar2_finance,6,66
train_pair_0272,train,liar2_finance,6,66
validation_pair_0043,train,liar2_finance,6,66
validation_pair_0068,train,liar2_finance,6,66
train_pair_0669,train,liar2_finance,6,66
train_pair_0306,train,liar2_finance,6,66
validation_pair_0112,train,liar2_finance,6,66
train_pair_0548,train,liar2_finance,6,66
train_pair_0468,train,liar2_finance,6,66
train_pair_0338,train,liar2_finance,6,66
train_pair_0380,train,liar2_finance,6,66
train_pair_0286,train,liar2_finance,6,66
train_pair_0553,train,liar2_finance,6,66
train_pair_0337,train,liar2_finance,6,66
train_pair_0346,train,liar2_finance,6,66
train_pair_0773,train,liar2_finance,6,66
train_pair_0396,train,liar2_finance,6,66
train_pair_0255,train,liar2_finance,6,66
train_pair_0067,train,liar2_finance,6,66
train_pair_0220,train,liar2_finance,6,66
train_pair_0237,train,liar2_finance,6,66
train_pair_0694,train,liar2_finance,6,66
train_pair_0178,train,liar2_finance,6,66
train_pair_0482,train,liar2_finance,6,66
train_pair_0071,train,liar2_finance,6,66
train_pair_0042,train,liar2_finance,6,66
train_pair_0299,train,liar2_finance,6,66
train_pair_0786,train,liar2_finance,6,66
train_pair_0577,train,liar2_finance,6,66
train_pair_0391,train,liar2_finance,6,66
train_pair_0394,train,liar2_finance,6,66
train_pair_0689,train,liar2_finance,6,66
validation_pair_0041,train,liar2_finance,6,66
train_pair_0317,train,liar2_finance,6,66
train_pair_0628,train,liar2_finance,6,66
train_pair_0756,train,liar2_finance,6,66
test_pair_0066,train,liar2_finance,6,66
train_pair_0563,train,liar2_finance,6,66
train_pair_0134,train,liar2_finance,6,66
train_pair_0390,train,liar2_finance,6,66
train_pair_0799,train,liar2_finance,6,66
train_pair_0356,train,liar2_finance,6,66
validation_pair_0002,train,liar2_finance,6,66
train_pair_0331,train,liar2_finance,6,66
train_pair_0744,train,liar2_finance,6,66
validation_pair_0047,train,liar2_finance,6,66
test_pair_0064,train,liar2_finance,6,66
train_pair_0625,train,liar2_finance,6,66
train_pair_0214,train,liar2_finance,6,66
train_pair_0015,train,liar2_finance,6,66
train_pair_0101,train,liar2_finance,6,66
train_pair_0448,train,liar2_finance,6,66
test_pair_0060,train,liar2_finance,6,66
train_pair_0180,train,liar2_finance,6,66
test_pair_0017,train,liar2_finance,6,66
validation_pair_0032,train,liar2_finance,6,66
train_pair_0801,train,liar2_finance,6,66
train_pair_0601,train,liar2_finance,6,66
train_pair_0127,train,liar2_finance,6,66
train_pair_0378,train,liar2_finance,6,66
train_pair_0758,train,liar2_finance,6,66
validation_pair_0090,train,liar2_finance,6,66
train_pair_0405,train,liar2_finance,6,66
validation_pair_0096,train,liar2_finance,6,66
train_pair_0493,train,liar2_finance,6,66
train_pair_0771,train,liar2_finance,6,66
train_pair_0706,train,liar2_finance,6,66
train_pair_0456,train,liar2_finance,6,66
train_pair_0277,train,liar2_finance,6,66
train_pair_0186,train,liar2_finance,6,66
train_pair_0777,train,liar2_finance,6,66
train_pair_0261,train,liar2_finance,6,66
train_pair_0177,train,liar2_finance,6,66
test_pair_0015,train,liar2_finance,6,66
train_pair_0811,train,liar2_finance,6,66
train_pair_0016,train,liar2_finance,6,66
train_pair_0017,train,liar2_finance,6,66
train_pair_0072,train,liar2_finance,6,66
train_pair_0561,train,liar2_finance,6,66
train_pair_0767,train,liar2_finance,6,66
train_pair_0487,train,liar2_finance,6,66
train_pair_0494,train,liar2_finance,6,66
train_pair_0700,train,liar2_finance,6,66
train_pair_0189,train,liar2_finance,6,66
train_pair_0029,train,liar2_finance,6,66
train_pair_0273,train,liar2_finance,6,66
train_pair_0351,train,liar2_finance,6,66
train_pair_0772,train,liar2_finance,6,66
train_pair_0382,train,liar2_finance,6,66
train_pair_0571,train,liar2_finance,6,66
test_pair_0080,train,liar2_finance,6,66
train_pair_0584,train,liar2_finance,6,66
validation_pair_0040,train,liar2_finance,6,66
train_pair_0160,train,liar2_finance,6,66
train_pair_0201,train,liar2_finance,6,66
train_pair_0376,train,liar2_finance,6,66
train_pair_0473,train,liar2_finance,6,66
test_pair_0070,train,liar2_finance,6,66
train_pair_0224,train,liar2_finance,6,66
train_pair_0205,train,liar2_finance,6,66
test_pair_0026,train,liar2_finance,6,66
train_pair_0227,train,liar2_finance,6,66
train_pair_0038,train,liar2_finance,6,66
train_pair_0401,train,liar2_finance,6,66
train_pair_0005,train,liar2_finance,6,66
train_pair_0743,train,liar2_finance,6,66
train_pair_0257,train,liar2_finance,6,66
train_pair_0082,train,liar2_finance,6,66
train_pair_0624,train,liar2_finance,6,66
train_pair_0253,train,liar2_finance,6,66
train_pair_0559,train,liar2_finance,6,66
train_pair_0513,train,liar2_finance,6,66
test_pair_0016,train,liar2_finance,6,66
validation_pair_0020,train,liar2_finance,6,66
train_pair_0729,train,liar2_finance,6,66
validation_pair_0108,train,liar2_finance,6,66
train_pair_0570,train,liar2_finance,6,66
train_pair_0124,train,liar2_finance,6,66
train_pair_0059,train,liar2_finance,6,66
train_pair_0050,train,liar2_finance,6,66
train_pair_0245,train,liar2_finance,6,66
train_pair_0622,train,liar2_finance,6,66
train_pair_0517,train,liar2_finance,6,66
train_pair_0748,train,liar2_finance,6,66
validation_pair_0057,train,liar2_finance,6,66
train_pair_0757,train,liar2_finance,6,66
train_pair_0567,train,liar2_finance,6,66
train_pair_0519,train,liar2_finance,6,66
validation_pair_0100,train,liar2_finance,6,66
train_pair_0683,train,liar2_finance,6,66
train_pair_0463,train,liar2_finance,6,66
train_pair_0655,train,liar2_finance,6,66
train_pair_0305,train,liar2_finance,6,66
train_pair_0054,train,liar2_finance,6,66
train_pair_0240,train,liar2_finance,6,66
train_pair_0333,train,liar2_finance,6,66
train_pair_0392,train,liar2_finance,6,66
train_pair_0531,train,liar2_finance,6,66
train_pair_0504,train,liar2_finance,6,66
train_pair_0176,train,liar2_finance,6,66
train_pair_0502,train,liar2_finance,6,66
train_pair_0527,train,liar2_finance,6,66
train_pair_0019,train,liar2_finance,6,66
train_pair_0389,train,liar2_finance,6,66
train_pair_0816,train,liar2_finance,6,66
train_pair_0099,train,liar2_finance,6,66
train_pair_0036,train,liar2_finance,6,66
train_pair_0096,train,liar2_finance,6,66
train_pair_0262,train,liar2_finance,6,66
train_pair_0083,train,liar2_finance,6,66
test_pair_0071,train,liar2_finance,6,66
train_pair_0130,train,liar2_finance,6,66
train_pair_0120,train,liar2_finance,6,66
train_pair_0026,train,liar2_finance,6,66
validation_pair_0021,train,liar2_finance,6,66
train_pair_0532,train,liar2_finance,6,66
train_pair_0490,train,liar2_finance,6,66
test_pair_0081,train,liar2_finance,6,66
train_pair_0728,train,liar2_finance,6,66
train_pair_0741,train,liar2_finance,6,66
train_pair_0174,train,liar2_finance,6,66
test_pair_0037,train,liar2_finance,6,66
train_pair_0692,train,liar2_finance,6,66
train_pair_0308,train,liar2_finance,6,66
train_pair_0512,train,liar2_finance,6,66
validation_pair_0007,train,liar2_finance,6,66
test_pair_0023,train,liar2_finance,6,66
train_pair_0423,train,liar2_finance,6,66
train_pair_0387,train,liar2_finance,6,66
train_pair_0316,train,liar2_finance,6,66
train_pair_0557,train,liar2_finance,6,66
train_pair_0422,train,liar2_finance,6,66
train_pair_0022,train,liar2_finance,6,66
train_pair_0385,train,liar2_finance,6,66
train_pair_0209,train,liar2_finance,6,66
train_pair_0095,train,liar2_finance,6,66
train_pair_0434,train,liar2_finance,6,66
test_pair_0068,train,liar2_finance,6,66
train_pair_0418,train,liar2_finance,6,66
validation_pair_0039,train,liar2_finance,6,66
test_pair_0002,train,liar2_finance,6,66
train_pair_0284,train,liar2_finance,6,66
train_pair_0724,train,liar2_finance,6,66
train_pair_0633,train,liar2_finance,6,66
test_pair_0052,train,liar2_finance,6,66
train_pair_0324,train,liar2_finance,6,66
train_pair_0239,train,liar2_finance,6,66
train_pair_0763,train,liar2_finance,6,66
train_pair_0544,train,liar2_finance,6,66
train_pair_0196,train,liar2_finance,6,66
train_pair_0256,train,liar2_finance,6,66
train_pair_0345,train,liar2_finance,6,66
train_pair_0676,train,liar2_finance,6,66
train_pair_0009,train,liar2_finance,6,66
validation_pair_0042,train,liar2_finance,6,66
train_pair_0440,train,liar2_finance,6,66
train_pair_0616,train,liar2_finance,6,66
train_pair_0265,train,liar2_finance,6,66
train_pair_0311,train,liar2_finance,6,66
train_pair_0536,train,liar2_finance,6,66
train_pair_0065,train,liar2_finance,6,66
train_pair_0030,train,liar2_finance,6,66
train_pair_0350,train,liar2_finance,6,66
train_pair_0505,train,liar2_finance,6,66
train_pair_0722,train,liar2_finance,6,66
train_pair_0712,train,liar2_finance,6,66
train_pair_0236,train,liar2_finance,6,66
train_pair_0040,train,liar2_finance,6,66
train_pair_0600,train,liar2_finance,6,66
train_pair_0207,train,liar2_finance,6,66
train_pair_0693,train,liar2_finance,6,66
train_pair_0430,train,liar2_finance,6,66
train_pair_0219,train,liar2_finance,6,66
validation_pair_0061,train,liar2_finance,6,66
train_pair_0139,train,liar2_finance,6,66
train_pair_0229,train,liar2_finance,6,66
train_pair_0053,train,liar2_finance,6,66
train_pair_0142,train,liar2_finance,6,66
train_pair_0233,train,liar2_finance,6,66
train_pair_0645,train,liar2_finance,6,66
train_pair_0462,train,liar2_finance,6,66
train_pair_0733,train,liar2_finance,6,66
validation_pair_0069,train,liar2_finance,6,66
train_pair_0151,train,liar2_finance,6,66
train_pair_0195,train,liar2_finance,6,66
train_pair_0535,train,liar2_finance,6,66
train_pair_0090,train,liar2_finance,6,66
test_pair_0053,train,liar2_finance,6,66
train_pair_0808,train,liar2_finance,6,66
train_pair_0300,train,liar2_finance,6,66
test_pair_0010,train,liar2_finance,6,66
train_pair_0672,train,liar2_finance,6,66
train_pair_0260,train,liar2_finance,6,66
train_pair_0403,train,liar2_finance,6,66
test_pair_0077,train,liar2_finance,6,66
train_pair_0204,train,liar2_finance,6,66
train_pair_0623,train,liar2_finance,6,66
validation_pair_0064,train,liar2_finance,6,66
train_pair_0377,train,liar2_finance,6,66
test_pair_0079,train,liar2_finance,6,66
test_pair_0065,train,liar2_finance,6,66
train_pair_0238,train,liar2_finance,6,66
validation_pair_0006,train,liar2_finance,6,66
train_pair_0372,train,liar2_finance,6,66
train_pair_0671,train,liar2_finance,6,66
train_pair_0409,train,liar2_finance,6,66
train_pair_0451,train,liar2_finance,6,66
train_pair_0805,train,liar2_finance,6,66
train_pair_0332,train,liar2_finance,6,66
train_pair_0725,train,liar2_finance,6,66
train_pair_0436,train,liar2_finance,6,66
validation_pair_0009,train,liar2_finance,6,66
train_pair_0098,train,liar2_finance,6,66
train_pair_0720,train,liar2_finance,6,66
train_pair_0491,train,liar2_finance,6,66
test_pair_0055,train,liar2_finance,6,66
train_pair_0465,train,liar2_finance,6,66
test_pair_0006,train,liar2_finance,6,66
train_pair_0223,train,liar2_finance,6,66
validation_pair_0014,train,liar2_finance,6,66
train_pair_0414,train,liar2_finance,6,66
test_pair_0084,train,liar2_finance,6,66
train_pair_0534,train,liar2_finance,6,66
train_pair_0789,train,liar2_finance,6,66
train_pair_0230,train,liar2_finance,6,66
train_pair_0087,train,liar2_finance,6,66
train_pair_0668,train,liar2_finance,6,66
validation_pair_0019,train,liar2_finance,6,66
test_pair_0092,train,liar2_finance,6,66
train_pair_0656,train,liar2_finance,6,66
train_pair_0406,train,liar2_finance,6,66
test_pair_0051,train,liar2_finance,6,66
train_pair_0721,train,liar2_finance,6,66
train_pair_0520,train,liar2_finance,6,66
validation_pair_0046,train,liar2_finance,6,66
train_pair_0541,train,liar2_finance,6,66
validation_pair_0088,train,liar2_finance,6,66
train_pair_0285,train,liar2_finance,6,66
train_pair_0486,train,liar2_finance,6,66
train_pair_0709,train,liar2_finance,6,66
train_pair_0792,train,liar2_finance,6,66
train_pair_0466,train,liar2_finance,6,66
train_pair_0707,train,liar2_finance,6,66
train_pair_0603,train,liar2_finance,6,66
train_pair_0652,train,liar2_finance,6,66
train_pair_0353,train,liar2_finance,6,66
train_pair_0643,train,liar2_finance,6,66
train_pair_0569,train,liar2_finance,6,66
train_pair_0754,train,liar2_finance,6,66
train_pair_0572,train,liar2_finance,6,66
test_pair_0049,train,liar2_finance,6,66
test_pair_0072,train,liar2_finance,6,66
train_pair_0446,train,liar2_finance,6,66
train_pair_0587,train,liar2_finance,6,66
train_pair_0025,train,liar2_finance,6,66
train_pair_0325,train,liar2_finance,6,66
train_pair_0366,train,liar2_finance,6,66
train_pair_0646,train,liar2_finance,6,66
train_pair_0445,train,liar2_finance,6,66
test_pair_0001,train,liar2_finance,6,66
test_pair_0083,train,liar2_finance,6,66
train_pair_0159,train,liar2_finance,6,66
train_pair_0807,train,liar2_finance,6,66
train_pair_0107,train,liar2_finance,6,66
train_pair_0560,train,liar2_finance,6,66
train_pair_0787,train,liar2_finance,6,66
train_pair_0297,train,liar2_finance,6,66
train_pair_0052,train,liar2_finance,6,66
train_pair_0234,train,liar2_finance,6,66
train_pair_0578,train,liar2_finance,6,66
train_pair_0618,train,liar2_finance,6,66
train_pair_0010,train,liar2_finance,6,66
test_pair_0044,train,liar2_finance,6,66
train_pair_0566,train,liar2_finance,6,66
train_pair_0307,train,liar2_finance,6,66
train_pair_0732,train,liar2_finance,6,66
train_pair_0688,train,liar2_finance,6,66
train_pair_0806,train,liar2_finance,6,66
train_pair_0004,train,liar2_finance,6,66
train_pair_0427,train,liar2_finance,6,66
train_pair_0810,train,liar2_finance,6,66
train_pair_0686,train,liar2_finance,6,66
train_pair_0791,train,liar2_finance,6,66
train_pair_0326,train,liar2_finance,6,66
train_pair_0064,train,liar2_finance,6,66
train_pair_0295,train,liar2_finance,6,66
train_pair_0141,train,liar2_finance,6,66
train_pair_0032,train,liar2_finance,6,66
train_pair_0411,train,liar2_finance,6,66
train_pair_0586,train,liar2_finance,6,66
test_pair_0047,train,liar2_finance,6,66
train_pair_0574,train,liar2_finance,6,66
train_pair_0759,train,liar2_finance,6,66
train_pair_0155,train,liar2_finance,6,66
train_pair_0216,train,liar2_finance,6,66
train_pair_0031,train,liar2_finance,6,66
train_pair_0278,train,liar2_finance,6,66
train_pair_0203,train,liar2_finance,6,66
train_pair_0713,train,liar2_finance,6,66
train_pair_0638,train,liar2_finance,6,66
train_pair_0510,train,liar2_finance,6,66
train_pair_0315,train,liar2_finance,6,66
test_pair_0009,train,liar2_finance,6,66
train_pair_0769,train,liar2_finance,6,66
validation_pair_0107,train,liar2_finance,6,66
train_pair_0551,train,liar2_finance,6,66
test_pair_0042,train,liar2_finance,6,66
train_pair_0641,train,liar2_finance,6,66
train_pair_0355,train,liar2_finance,6,66
train_pair_0102,train,liar2_finance,6,66
test_pair_0020,train,liar2_finance,6,66
train_pair_0543,train,liar2_finance,6,66
validation_pair_0076,train,liar2_finance,6,66
train_pair_0602,train,liar2_finance,6,66
validation_pair_0103,train,liar2_finance,6,66
test_pair_0089,train,liar2_finance,6,66
train_pair_0731,train,liar2_finance,6,66
train_pair_0447,train,liar2_finance,6,66
train_pair_0492,train,liar2_finance,6,66
validation_pair_0003,train,liar2_finance,6,66
train_pair_0181,train,liar2_finance,6,66
train_pair_0192,train,liar2_finance,6,66
train_pair_0598,train,liar2_finance,6,66
train_pair_0410,train,liar2_finance,6,66
validation_pair_0086,train,liar2_finance,6,66
train_pair_0696,train,liar2_finance,6,66
train_pair_0292,train,liar2_finance,6,66
train_pair_0114,train,liar2_finance,6,66
train_pair_0794,train,liar2_finance,6,66
train_pair_0593,train,liar2_finance,6,66
train_pair_0523,train,liar2_finance,6,66
train_pair_0264,train,liar2_finance,6,66
train_pair_0637,train,liar2_finance,6,66
train_pair_0747,train,liar2_finance,6,66
train_pair_0342,train,liar2_finance,6,66
train_pair_0690,train,liar2_finance,6,66
train_pair_0145,train,liar2_finance,6,66
train_pair_0018,train,liar2_finance,6,66
train_pair_0545,train,liar2_finance,6,66
train_pair_0621,train,liar2_finance,6,66
train_pair_0138,train,liar2_finance,6,66
train_pair_0170,train,liar2_finance,6,66
validation_pair_0067,train,liar2_finance,6,66
train_pair_0675,train,liar2_finance,6,66
validation_pair_0093,train,liar2_finance,6,66
train_pair_0161,train,liar2_finance,6,66
train_pair_0077,train,liar2_finance,6,66
train_pair_0749,train,liar2_finance,6,66
train_pair_0678,train,liar2_finance,6,66
validation_pair_0001,train,liar2_finance,6,66
train_pair_0511,train,liar2_finance,6,66
train_pair_0632,train,liar2_finance,6,66
train_pair_0674,train,liar2_finance,6,66
train_pair_0348,train,liar2_finance,6,66
validation_pair_0079,train,liar2_finance,6,66
test_pair_0004,train,liar2_finance,6,66
train_pair_0097,train,liar2_finance,6,66
train_pair_0636,train,liar2_finance,6,66
train_pair_0499,train,liar2_finance,6,66
train_pair_0242,train,liar2_finance,6,66
train_pair_0188,train,liar2_finance,6,66
train_pair_0202,train,liar2_finance,6,66
train_pair_0609,train,liar2_finance,6,66
train_pair_0318,train,liar2_finance,6,66
train_pair_0783,train,liar2_finance,6,66
train_pair_0711,train,liar2_finance,6,66
train_pair_0309,train,liar2_finance,6,66
validation_pair_0111,train,liar2_finance,6,66
validation_pair_0004,train,liar2_finance,6,66
validation_pair_0087,train,liar2_finance,6,66
train_pair_0215,train,liar2_finance,6,66
train_pair_0043,train,liar2_finance,6,66
train_pair_0714,train,liar2_finance,6,66
train_pair_0169,train,liar2_finance,6,66
validation_pair_0055,train,liar2_finance,6,66
train_pair_0074,train,liar2_finance,6,66
train_pair_0014,train,liar2_finance,6,66
train_pair_0293,train,liar2_finance,6,66
train_pair_0384,train,liar2_finance,6,66
train_pair_0302,train,liar2_finance,6,66
train_pair_0037,train,liar2_finance,6,66
train_pair_0163,train,liar2_finance,6,66
train_pair_0765,train,liar2_finance,6,66
train_pair_0407,train,liar2_finance,6,66
train_pair_0426,train,liar2_finance,6,66
train_pair_0479,train,liar2_finance,6,66
validation_pair_0059,train,liar2_finance,6,66
train_pair_0481,train,liar2_finance,6,66
validation_pair_0099,train,liar2_finance,6,66
train_pair_0718,train,liar2_finance,6,66
train_pair_0076,train,liar2_finance,6,66
train_pair_0149,train,liar2_finance,6,66
train_pair_0619,train,liar2_finance,6,66
test_pair_0073,train,liar2_finance,6,66
test_pair_0030,train,liar2_finance,6,66
train_pair_0167,train,liar2_finance,6,66
validation_pair_0106,train,liar2_finance,6,66
train_pair_0369,train,liar2_finance,6,66
train_pair_0133,train,liar2_finance,6,66
train_pair_0248,train,liar2_finance,6,66
validation_pair_0025,train,liar2_finance,6,66
train_pair_0137,train,liar2_finance,6,66
test_pair_0033,train,liar2_finance,6,66
train_pair_0627,train,liar2_finance,6,66
train_pair_0268,train,liar2_finance,6,66
train_pair_0397,train,liar2_finance,6,66
train_pair_0657,train,liar2_finance,6,66
train_pair_0454,train,liar2_finance,6,66
train_pair_0086,train,liar2_finance,6,66
train_pair_0057,train,liar2_finance,6,66
train_pair_0079,train,liar2_finance,6,66
train_pair_0283,train,liar2_finance,6,66
validation_pair_0015,train,liar2_finance,6,66
validation_pair_0104,train,liar2_finance,6,66
train_pair_0062,train,liar2_finance,6,66
train_pair_0460,train,liar2_finance,6,66
validation_pair_0101,train,liar2_finance,6,66
train_pair_0320,train,liar2_finance,6,66
train_pair_0471,train,liar2_finance,6,66
test_pair_0086,train,liar2_finance,6,66
train_pair_0109,train,liar2_finance,6,66
train_pair_0452,train,liar2_finance,6,66
validation_pair_0078,train,liar2_finance,6,66
test_pair_0005,train,liar2_finance,6,66
train_pair_0704,train,liar2_finance,6,66
train_pair_0467,train,liar2_finance,6,66
train_pair_0125,train,liar2_finance,6,66
train_pair_0103,train,liar2_finance,6,66
validation_pair_0110,train,liar2_finance,6,66
train_pair_0498,train,liar2_finance,6,66
train_pair_0514,train,liar2_finance,6,66
train_pair_0416,train,liar2_finance,6,66
train_pair_0365,train,liar2_finance,6,66
test_pair_0082,train,liar2_finance,6,66
train_pair_0550,train,liar2_finance,6,66
train_pair_0312,train,liar2_finance,6,66
train_pair_0442,train,liar2_finance,6,66
train_pair_0630,train,liar2_finance,6,66
test_pair_0040,train,liar2_finance,6,66
validation_pair_0037,train,liar2_finance,6,66
train_pair_0540,train,liar2_finance,6,66
train_pair_0388,train,liar2_finance,6,66
train_pair_0269,train,liar2_finance,6,66
train_pair_0246,train,liar2_finance,6,66
train_pair_0148,train,liar2_finance,6,66
train_pair_0381,train,liar2_finance,6,66
train_pair_0705,train,liar2_finance,6,66
train_pair_0011,train,liar2_finance,6,66
test_pair_0074,train,liar2_finance,6,66
train_pair_0573,train,liar2_finance,6,66
validation_pair_0008,train,liar2_finance,6,66
test_pair_0038,train,liar2_finance,6,66
train_pair_0122,train,liar2_finance,6,66
train_pair_0104,train,liar2_finance,6,66
train_pair_0075,train,liar2_finance,6,66
train_pair_0695,train,liar2_finance,6,66
train_pair_0458,train,liar2_finance,6,66
train_pair_0157,train,liar2_finance,6,66
train_pair_0128,train,liar2_finance,6,66
test_pair_0062,train,liar2_finance,6,66
test_pair_0003,train,liar2_finance,6,66
train_pair_0190,train,liar2_finance,6,66
train_pair_0171,train,liar2_finance,6,66
train_pair_0488,train,liar2_finance,6,66
train_pair_0258,train,liar2_finance,6,66
train_pair_0682,train,liar2_finance,6,66
train_pair_0538,train,liar2_finance,6,66
train_pair_0614,train,liar2_finance,6,66
train_pair_0661,train,liar2_finance,6,66
train_pair_0100,train,liar2_finance,6,66
train_pair_0379,train,liar2_finance,6,66
train_pair_0582,train,liar2_finance,6,66
train_pair_0662,train,liar2_finance,6,66
train_pair_0650,train,liar2_finance,6,66
train_pair_0680,train,liar2_finance,6,66
test_pair_0008,train,liar2_finance,6,66
train_pair_0583,train,liar2_finance,6,66
train_pair_0007,train,liar2_finance,6,66
train_pair_0336,train,liar2_finance,6,66
train_pair_0803,train,liar2_finance,6,66
train_pair_0651,train,liar2_finance,6,66
train_pair_0110,train,liar2_finance,6,66
train_pair_0020,train,liar2_finance,6,66
train_pair_0760,train,liar2_finance,6,66
train_pair_0804,train,liar2_finance,6,66
train_pair_0393,train,liar2_finance,6,66
train_pair_0629,train,liar2_finance,6,66
test_pair_0075,train,liar2_finance,6,66
train_pair_0539,train,liar2_finance,6,66
train_pair_0521,train,liar2_finance,6,66
train_pair_0439,train,liar2_finance,6,66
train_pair_0247,train,liar2_finance,6,66
train_pair_0585,train,liar2_finance,6,66
train_pair_0061,train,liar2_finance,6,66
train_pair_0415,train,liar2_finance,6,66
test_pair_0046,train,liar2_finance,6,66
train_pair_0640,train,liar2_finance,6,66
train_pair_0373,train,liar2_finance,6,66
train_pair_0288,train,liar2_finance,6,66
train_pair_0279,train,liar2_finance,6,66
train_pair_0060,train,liar2_finance,6,66
train_pair_0119,train,liar2_finance,6,66
train_pair_0084,train,liar2_finance,6,66
validation_pair_0097,train,liar2_finance,6,66
train_pair_0626,train,liar2_finance,6,66
train_pair_0537,train,liar2_finance,6,66
train_pair_0453,train,liar2_finance,6,66
train_pair_0533,train,liar2_finance,6,66
train_pair_0495,train,liar2_finance,6,66
train_pair_0073,train,liar2_finance,6,66
train_pair_0529,train,liar2_finance,6,66
train_pair_0484,train,liar2_finance,6,66
train_pair_0228,train,liar2_finance,6,66
train_pair_0795,train,liar2_finance,6,66
train_pair_0367,train,liar2_finance,6,66
test_pair_0007,train,liar2_finance,6,66
train_pair_0069,train,liar2_finance,6,66
train_pair_0408,train,liar2_finance,6,66
validation_pair_0075,train,liar2_finance,6,66
train_pair_0055,train,liar2_finance,6,66
train_pair_0244,train,liar2_finance,6,66
train_pair_0034,train,liar2_finance,6,66
validation_pair_0113,train,liar2_finance,6,66
validation_pair_0034,train,liar2_finance,6,66
validation_pair_0029,train,liar2_finance,6,66
train_pair_0681,train,liar2_finance,6,66
train_pair_0428,train,liar2_finance,6,66
train_pair_0035,train,liar2_finance,6,66
train_pair_0335,train,liar2_finance,6,66
train_pair_0012,train,liar2_finance,6,66
validation_pair_0049,train,liar2_finance,6,66
train_pair_0154,train,liar2_finance,6,66
test_pair_0021,train,liar2_finance,6,66
validation_pair_0084,train,liar2_finance,6,66
train_pair_0024,train,liar2_finance,6,66
train_pair_0213,train,liar2_finance,6,66
train_pair_0310,train,liar2_finance,6,66
train_pair_0002,train,liar2_finance,6,66
train_pair_0021,train,liar2_finance,6,66
train_pair_0164,train,liar2_finance,6,66
train_pair_0691,train,liar2_finance,6,66
train_pair_0485,train,liar2_finance,6,66
train_pair_0480,train,liar2_finance,6,66
train_pair_0140,train,liar2_finance,6,66
train_pair_0049,train,liar2_finance,6,66
train_pair_0298,train,liar2_finance,6,66
train_pair_0231,train,liar2_finance,6,66
train_pair_0506,train,liar2_finance,6,66
train_pair_0121,train,liar2_finance,6,66
validation_pair_0045,train,liar2_finance,6,66
train_pair_0766,train,liar2_finance,6,66
train_pair_0500,train,liar2_finance,6,66
validation_pair_0077,train,liar2_finance,6,66
validation_pair_0012,train,liar2_finance,6,66
train_pair_0635,train,liar2_finance,6,66
validation_pair_0048,train,liar2_finance,6,66
train_pair_0241,train,liar2_finance,6,66
train_pair_0518,train,liar2_finance,6,66
validation_pair_0066,train,liar2_finance,6,66
validation_pair_0054,train,liar2_finance,6,66
train_pair_0267,train,liar2_finance,6,66
train_pair_0768,train,liar2_finance,6,66
train_pair_0470,train,liar2_finance,6,66
train_pair_0477,train,liar2_finance,6,66
test_pair_0012,train,liar2_finance,6,66
test_pair_0088,train,liar2_finance,6,66
train_pair_0489,train,liar2_finance,6,66
train_pair_0708,train,liar2_finance,6,66
train_pair_0501,train,liar2_finance,6,66
train_pair_0775,train,liar2_finance,6,66
train_pair_0322,train,liar2_finance,6,66
train_pair_0450,train,liar2_finance,6,66
train_pair_0168,train,liar2_finance,6,66
train_pair_0634,train,liar2_finance,6,66
train_pair_0136,train,liar2_finance,6,66
train_pair_0206,train,liar2_finance,6,66
train_pair_0150,train,liar2_finance,6,66
validation_pair_0033,train,liar2_finance,6,66
test_pair_0035,train,liar2_finance,6,66
validation_pair_0114,train,liar2_finance,6,66
train_pair_0703,train,liar2_finance,6,66
train_pair_0118,train,liar2_finance,6,66
validation_pair_0063,train,liar2_finance,6,66
test_pair_0014,train,liar2_finance,6,66
train_pair_0165,train,liar2_finance,6,66
train_pair_0606,train,liar2_finance,6,66
train_pair_0274,train,liar2_finance,6,66
train_pair_0755,train,liar2_finance,6,66
train_pair_0562,train,liar2_finance,6,66
train_pair_0654,train,liar2_finance,6,66
train_pair_0464,train,liar2_finance,6,66
train_pair_0045,train,liar2_finance,6,66
train_pair_0679,train,liar2_finance,6,66
train_pair_0647,train,liar2_finance,6,66
train_pair_0576,train,liar2_finance,6,66
train_pair_0579,train,liar2_finance,6,66
train_pair_0323,train,liar2_finance,6,66
train_pair_0599,train,liar2_finance,6,66
train_pair_0191,train,liar2_finance,6,66
train_pair_0152,train,liar2_finance,6,66
validation_pair_0052,train,liar2_finance,6,66
train_pair_0607,train,liar2_finance,6,66
train_pair_0156,train,liar2_finance,6,66
test_pair_0057,train,liar2_finance,6,66
train_pair_0701,train,liar2_finance,6,66
train_pair_0217,train,liar2_finance,6,66
validation_pair_0109,train,liar2_finance,6,66
train_pair_0282,train,liar2_finance,6,66
train_pair_0740,train,liar2_finance,6,66
train_pair_0143,train,liar2_finance,6,66
train_pair_0358,train,liar2_finance,6,66
train_pair_0370,train,liar2_finance,6,66
validation_pair_0038,train,liar2_finance,6,66
train_pair_0781,train,liar2_finance,6,66
train_pair_0275,train,liar2_finance,6,66
train_pair_0303,train,liar2_finance,6,66
train_pair_0472,train,liar2_finance,6,66
train_pair_0290,train,liar2_finance,6,66
train_pair_0790,train,liar2_finance,6,66
train_pair_0146,train,liar2_finance,6,66
test_pair_0019,train,liar2_finance,6,66
train_pair_0564,train,liar2_finance,6,66
train_pair_0814,train,liar2_finance,6,66
train_pair_0226,train,liar2_finance,6,66
train_pair_0080,train,liar2_finance,6,66
train_pair_0225,train,liar2_finance,6,66
train_pair_0515,train,liar2_finance,6,66
validation_pair_0082,train,liar2_finance,6,66
train_pair_0717,train,liar2_finance,6,66
train_pair_0737,train,liar2_finance,6,66
train_pair_0664,train,liar2_finance,6,66
train_pair_0457,train,liar2_finance,6,66
train_pair_0776,train,liar2_finance,6,66
validation_pair_0036,train,liar2_finance,6,66
train_pair_0670,train,liar2_finance,6,66
train_pair_0478,train,liar2_finance,6,66
train_pair_0158,train,liar2_finance,6,66
train_pair_0568,train,liar2_finance,6,66
train_pair_0685,train,liar2_finance,6,66
validation_pair_0016,train,liar2_finance,6,66
train_pair_0719,train,liar2_finance,6,66
train_pair_0063,train,liar2_finance,6,66
train_pair_0639,train,liar2_finance,6,66
test_pair_0018,train,liar2_finance,6,66
train_pair_0398,train,liar2_finance,6,66
validation_pair_0027,train,liar2_finance,6,66
train_pair_0208,train,liar2_finance,6,66
train_pair_0815,train,liar2_finance,6,66
train_pair_0753,train,liar2_finance,6,66
train_pair_0735,train,liar2_finance,6,66
train_pair_0386,train,liar2_finance,6,66
train_pair_0413,train,liar2_finance,6,66
train_pair_0441,train,liar2_finance,6,66
train_pair_0329,train,liar2_finance,6,66
train_pair_0542,train,liar2_finance,6,66
train_pair_0613,train,liar2_finance,6,66
train_pair_0117,train,liar2_finance,6,66
train_pair_0497,train,liar2_finance,6,66
train_pair_0739,train,liar2_finance,6,66
train_pair_0193,train,liar2_finance,6,66
test_pair_0085,train,liar2_finance,6,66
test_pair_0027,train,liar2_finance,6,66
train_pair_0715,train,liar2_finance,6,66
train_pair_0259,train,liar2_finance,6,66
train_pair_0594,train,liar2_finance,6,66
train_pair_0474,train,liar2_finance,6,66
test_pair_0063,train,liar2_finance,6,66
validation_pair_0071,train,liar2_finance,6,66
train_pair_0266,train,liar2_finance,6,66
validation_pair_0081,train,liar2_finance,6,66
train_pair_0368,train,liar2_finance,6,66
train_pair_0183,train,liar2_finance,6,66
test_pair_0036,train,liar2_finance,6,66
train_pair_0132,train,liar2_finance,6,66
train_pair_0761,train,liar2_finance,6,66
test_pair_0011,train,liar2_finance,6,66
train_pair_0429,train,liar2_finance,6,66
train_pair_0068,train,liar2_finance,6,66
validation_pair_0028,train,liar2_finance,6,66
train_pair_0218,train,liar2_finance,6,66
validation_pair_0094,train,liar2_finance,6,66
train_pair_0048,train,liar2_finance,6,66
train_pair_0734,train,liar2_finance,6,66
validation_pair_0010,train,liar2_finance,6,66
train_pair_0746,train,liar2_finance,6,66
train_pair_0812,train,liar2_finance,6,66
train_pair_0091,train,liar2_finance,6,66
train_pair_0530,train,liar2_finance,6,66
test_pair_0058,train,liar2_finance,6,66
train_pair_0371,train,liar2_finance,6,66
train_pair_0359,train,liar2_finance,6,66
train_pair_0597,train,liar2_finance,6,66
train_pair_0339,train,liar2_finance,6,66
train_pair_0028,train,liar2_finance,6,66
test_pair_0090,train,liar2_finance,6,66
validation_pair_0051,train,liar2_finance,6,66
train_pair_0745,train,liar2_finance,6,66
train_pair_0383,train,liar2_finance,6,66
train_pair_0798,train,liar2_finance,6,66
train_pair_0443,train,liar2_finance,6,66
train_pair_0194,train,liar2_finance,6,66
train_pair_0592,train,liar2_finance,6,66
train_pair_0281,train,liar2_finance,6,66
train_pair_0431,train,liar2_finance,6,66
train_pair_0526,train,liar2_finance,6,66
train_pair_0085,train,liar2_finance,6,66
train_pair_0620,train,liar2_finance,6,66
train_pair_0764,train,liar2_finance,6,66
train_pair_0402,train,liar2_finance,6,66
validation_pair_0085,train,liar2_finance,6,66
train_pair_0094,train,liar2_finance,6,66
train_pair_0092,train,liar2_finance,6,66
train_pair_0653,train,liar2_finance,6,66
train_pair_0115,train,liar2_finance,6,66
train_pair_0750,train,liar2_finance,6,66
train_pair_0438,train,liar2_finance,6,66
train_pair_0175,train,liar2_finance,6,66
train_pair_0565,train,liar2_finance,6,66
train_pair_0644,train,liar2_finance,6,66
train_pair_0108,train,liar2_finance,6,66
train_pair_0752,train,liar2_finance,6,66
train_pair_0105,train,liar2_finance,6,66
train_pair_0211,train,liar2_finance,6,66
validation_pair_0080,train,liar2_finance,6,66
train_pair_0070,train,liar2_finance,6,66
train_pair_0809,train,liar2_finance,6,66
train_pair_0556,train,liar2_finance,6,66
train_pair_0254,train,liar2_finance,6,66
train_pair_0509,train,liar2_finance,6,66
validation_pair_0053,train,liar2_finance,6,66
validation_pair_0072,train,liar2_finance,6,66
train_pair_0006,validation,liar2_finance,6,66
train_pair_0263,validation,liar2_finance,6,66
train_pair_0588,validation,liar2_finance,6,66
train_pair_0252,validation,liar2_finance,6,66
train_pair_0081,validation,liar2_finance,6,66
train_pair_0023,validation,liar2_finance,6,66
train_pair_0354,validation,liar2_finance,6,66
train_pair_0778,validation,liar2_finance,6,66
train_pair_0363,validation,liar2_finance,6,66
train_pair_0528,validation,liar2_finance,6,66
train_pair_0667,validation,liar2_finance,6,66
train_pair_0001,validation,liar2_finance,6,66
train_pair_0555,validation,liar2_finance,6,66
train_pair_0301,validation,liar2_finance,6,66
validation_pair_0031,validation,liar2_finance,6,66
train_pair_0066,validation,liar2_finance,6,66
train_pair_0659,validation,liar2_finance,6,66
train_pair_0788,validation,liar2_finance,6,66
test_pair_0094,validation,liar2_finance,6,66
train_pair_0738,validation,liar2_finance,6,66
train_pair_0135,validation,liar2_finance,6,66
train_pair_0581,validation,liar2_finance,6,66
train_pair_0364,validation,liar2_finance,6,66
train_pair_0524,validation,liar2_finance,6,66
validation_pair_0105,validation,liar2_finance,6,66
train_pair_0235,validation,liar2_finance,6,66
validation_pair_0091,validation,liar2_finance,6,66
train_pair_0334,validation,liar2_finance,6,66
train_pair_0144,validation,liar2_finance,6,66
train_pair_0611,validation,liar2_finance,6,66
train_pair_0575,validation,liar2_finance,6,66
train_pair_0221,validation,liar2_finance,6,66
train_pair_0395,validation,liar2_finance,6,66
train_pair_0425,validation,liar2_finance,6,66
train_pair_0699,validation,liar2_finance,6,66
train_pair_0496,validation,liar2_finance,6,66
test_pair_0056,validation,liar2_finance,6,66
train_pair_0723,validation,liar2_finance,6,66
train_pair_0483,validation,liar2_finance,6,66
train_pair_0179,validation,liar2_finance,6,66
train_pair_0343,validation,liar2_finance,6,66
train_pair_0185,validation,liar2_finance,6,66
validation_pair_0065,validation,liar2_finance,6,66
train_pair_0361,validation,liar2_finance,6,66
train_pair_0617,validation,liar2_finance,6,66
train_pair_0058,validation,liar2_finance,6,66
validation_pair_0018,validation,liar2_finance,6,66
train_pair_0549,validation,liar2_finance,6,66
train_pair_0352,validation,liar2_finance,6,66
validation_pair_0035,validation,liar2_finance,6,66
validation_pair_0056,validation,liar2_finance,6,66
train_pair_0554,validation,liar2_finance,6,66
train_pair_0687,validation,liar2_finance,6,66
train_pair_0172,validation,liar2_finance,6,66
train_pair_0173,validation,liar2_finance,6,66
train_pair_0648,validation,liar2_finance,6,66
validation_pair_0095,validation,liar2_finance,6,66
train_pair_0558,validation,liar2_finance,6,66
train_pair_0665,validation,liar2_finance,6,66
test_pair_0045,validation,liar2_finance,6,66
train_pair_0340,validation,liar2_finance,6,66
train_pair_0596,validation,liar2_finance,6,66
test_pair_0069,validation,liar2_finance,6,66
train_pair_0782,validation,liar2_finance,6,66
train_pair_0525,validation,liar2_finance,6,66
train_pair_0166,validation,liar2_finance,6,66
train_pair_0313,validation,liar2_finance,6,66
train_pair_0604,validation,liar2_finance,6,66
validation_pair_0011,validation,liar2_finance,6,66
test_pair_0091,validation,liar2_finance,6,66
train_pair_0123,validation,liar2_finance,6,66
train_pair_0800,validation,liar2_finance,6,66
train_pair_0199,validation,liar2_finance,6,66
train_pair_0736,validation,liar2_finance,6,66
test_pair_0034,validation,liar2_finance,6,66
validation_pair_0098,validation,liar2_finance,6,66
train_pair_0610,validation,liar2_finance,6,66
test_pair_0032,validation,liar2_finance,6,66
train_pair_0112,validation,liar2_finance,6,66
train_pair_0742,validation,liar2_finance,6,66
validation_pair_0044,validation,liar2_finance,6,66
validation_pair_0023,validation,liar2_finance,6,66
train_pair_0243,validation,liar2_finance,6,66
validation_pair_0060,validation,liar2_finance,6,66
train_pair_0449,validation,liar2_finance,6,66
train_pair_0698,validation,liar2_finance,6,66
train_pair_0250,validation,liar2_finance,6,66
train_pair_0198,validation,liar2_finance,6,66
train_pair_0089,validation,liar2_finance,6,66
train_pair_0131,validation,liar2_finance,6,66
train_pair_0271,validation,liar2_finance,6,66
train_pair_0455,validation,liar2_finance,6,66
train_pair_0727,validation,liar2_finance,6,66
train_pair_0210,validation,liar2_finance,6,66
train_pair_0362,validation,liar2_finance,6,66
train_pair_0093,validation,liar2_finance,6,66
train_pair_0590,validation,liar2_finance,6,66
train_pair_0319,validation,liar2_finance,6,66
train_pair_0360,validation,liar2_finance,6,66
validation_pair_0017,validation,liar2_finance,6,66
train_pair_0291,validation,liar2_finance,6,66
train_pair_0420,validation,liar2_finance,6,66
train_pair_0044,test,liar2_finance,6,66
train_pair_0785,test,liar2_finance,6,66
test_pair_0041,test,liar2_finance,6,66
validation_pair_0074,test,liar2_finance,6,66
test_pair_0043,test,liar2_finance,6,66
train_pair_0580,test,liar2_finance,6,66
train_pair_0341,test,liar2_finance,6,66
train_pair_0762,test,liar2_finance,6,66
test_pair_0078,test,liar2_finance,6,66
train_pair_0276,test,liar2_finance,6,66
train_pair_0469,test,liar2_finance,6,66
train_pair_0212,test,liar2_finance,6,66
test_pair_0050,test,liar2_finance,6,66
train_pair_0047,test,liar2_finance,6,66
validation_pair_0102,test,liar2_finance,6,66
train_pair_0663,test,liar2_finance,6,66
validation_pair_0058,test,liar2_finance,6,66
train_pair_0347,test,liar2_finance,6,66
train_pair_0375,test,liar2_finance,6,66
train_pair_0710,test,liar2_finance,6,66
train_pair_0779,test,liar2_finance,6,66
train_pair_0412,test,liar2_finance,6,66
test_pair_0059,test,liar2_finance,6,66
test_pair_0028,test,liar2_finance,6,66
test_pair_0061,test,liar2_finance,6,66
train_pair_0608,test,liar2_finance,6,66
train_pair_0033,test,liar2_finance,6,66
train_pair_0400,test,liar2_finance,6,66
test_pair_0029,test,liar2_finance,6,66
train_pair_0813,test,liar2_finance,6,66
validation_pair_0092,test,liar2_finance,6,66
train_pair_0612,test,liar2_finance,6,66
train_pair_0404,test,liar2_finance,6,66
train_pair_0658,test,liar2_finance,6,66
test_pair_0048,test,liar2_finance,6,66
train_pair_0111,test,liar2_finance,6,66
train_pair_0296,test,liar2_finance,6,66
train_pair_0774,test,liar2_finance,6,66
test_pair_0024,test,liar2_finance,6,66
train_pair_0605,test,liar2_finance,6,66
train_pair_0041,test,liar2_finance,6,66
train_pair_0162,test,liar2_finance,6,66
validation_pair_0022,test,liar2_finance,6,66
train_pair_0330,test,liar2_finance,6,66
train_pair_0232,test,liar2_finance,6,66
train_pair_0684,test,liar2_finance,6,66
train_pair_0797,test,liar2_finance,6,66
train_pair_0046,test,liar2_finance,6,66
train_pair_0432,test,liar2_finance,6,66
train_pair_0304,test,liar2_finance,6,66
train_pair_0027,test,liar2_finance,6,66
train_pair_0461,test,liar2_finance,6,66
train_pair_0796,test,liar2_finance,6,66
train_pair_0435,test,liar2_finance,6,66
train_pair_0417,test,liar2_finance,6,66
test_pair_0031,test,liar2_finance,6,66
train_pair_0287,test,liar2_finance,6,66
train_pair_0552,test,liar2_finance,6,66
train_pair_0003,test,liar2_finance,6,66
train_pair_0249,test,liar2_finance,6,66
train_pair_0702,test,liar2_finance,6,66
train_pair_0222,test,liar2_finance,6,66
train_pair_0294,test,liar2_finance,6,66
test_pair_0013,test,liar2_finance,6,66
train_pair_0182,test,liar2_finance,6,66
train_pair_0321,test,liar2_finance,6,66
validation_pair_0026,test,liar2_finance,6,66
validation_pair_0005,test,liar2_finance,6,66
train_pair_0589,test,liar2_finance,6,66
train_pair_0507,test,liar2_finance,6,66
test_pair_0054,test,liar2_finance,6,66
train_pair_0793,test,liar2_finance,6,66
validation_pair_0050,test,liar2_finance,6,66
train_pair_0677,test,liar2_finance,6,66
train_pair_0459,test,liar2_finance,6,66
test_pair_0076,test,liar2_finance,6,66
train_pair_0751,test,liar2_finance,6,66
train_pair_0327,test,liar2_finance,6,66
validation_pair_0024,test,liar2_finance,6,66
test_pair_0093,test,liar2_finance,6,66
train_pair_0200,test,liar2_finance,6,66
test_pair_0067,test,liar2_finance,6,66
train_pair_0314,test,liar2_finance,6,66
train_pair_0328,test,liar2_finance,6,66
train_pair_0476,test,liar2_finance,6,66
train_pair_0522,test,liar2_finance,6,66
train_pair_0716,test,liar2_finance,6,66
train_pair_0697,test,liar2_finance,6,66
test_pair_0039,test,liar2_finance,6,66
train_pair_0631,test,liar2_finance,6,66
train_pair_0129,test,liar2_finance,6,66
train_pair_0784,test,liar2_finance,6,66
train_pair_0013,test,liar2_finance,6,66
train_pair_0475,test,liar2_finance,6,66
train_pair_0289,test,liar2_finance,6,66
train_pair_0153,test,liar2_finance,6,66
train_pair_0516,test,liar2_finance,6,66
train_pair_0106,test,liar2_finance,6,66
train_pair_0508,test,liar2_finance,6,66
train_pair_0039,test,liar2_finance,6,66
train_pair_0113,test,liar2_finance,6,66
train_pair_0437,test,liar2_finance,6,66
train_pair_0066,train,liar2_finance,7,77
train_pair_0092,train,liar2_finance,7,77
train_pair_0770,train,liar2_finance,7,77
train_pair_0801,train,liar2_finance,7,77
train_pair_0498,train,liar2_finance,7,77
train_pair_0669,train,liar2_finance,7,77
train_pair_0511,train,liar2_finance,7,77
validation_pair_0043,train,liar2_finance,7,77
train_pair_0302,train,liar2_finance,7,77
train_pair_0597,train,liar2_finance,7,77
test_pair_0026,train,liar2_finance,7,77
train_pair_0779,train,liar2_finance,7,77
train_pair_0712,train,liar2_finance,7,77
train_pair_0493,train,liar2_finance,7,77
train_pair_0392,train,liar2_finance,7,77
validation_pair_0006,train,liar2_finance,7,77
test_pair_0083,train,liar2_finance,7,77
test_pair_0051,train,liar2_finance,7,77
train_pair_0311,train,liar2_finance,7,77
test_pair_0031,train,liar2_finance,7,77
validation_pair_0109,train,liar2_finance,7,77
train_pair_0056,train,liar2_finance,7,77
train_pair_0140,train,liar2_finance,7,77
train_pair_0566,train,liar2_finance,7,77
test_pair_0049,train,liar2_finance,7,77
validation_pair_0047,train,liar2_finance,7,77
train_pair_0022,train,liar2_finance,7,77
train_pair_0004,train,liar2_finance,7,77
validation_pair_0028,train,liar2_finance,7,77
train_pair_0618,train,liar2_finance,7,77
train_pair_0076,train,liar2_finance,7,77
train_pair_0038,train,liar2_finance,7,77
train_pair_0087,train,liar2_finance,7,77
train_pair_0533,train,liar2_finance,7,77
test_pair_0020,train,liar2_finance,7,77
train_pair_0419,train,liar2_finance,7,77
train_pair_0168,train,liar2_finance,7,77
train_pair_0371,train,liar2_finance,7,77
train_pair_0672,train,liar2_finance,7,77
train_pair_0761,train,liar2_finance,7,77
test_pair_0084,train,liar2_finance,7,77
train_pair_0668,train,liar2_finance,7,77
test_pair_0019,train,liar2_finance,7,77
train_pair_0544,train,liar2_finance,7,77
validation_pair_0103,train,liar2_finance,7,77
train_pair_0572,train,liar2_finance,7,77
train_pair_0009,train,liar2_finance,7,77
train_pair_0393,train,liar2_finance,7,77
test_pair_0027,train,liar2_finance,7,77
train_pair_0670,train,liar2_finance,7,77
train_pair_0251,train,liar2_finance,7,77
train_pair_0749,train,liar2_finance,7,77
validation_pair_0052,train,liar2_finance,7,77
train_pair_0800,train,liar2_finance,7,77
train_pair_0175,train,liar2_finance,7,77
validation_pair_0107,train,liar2_finance,7,77
train_pair_0494,train,liar2_finance,7,77
train_pair_0676,train,liar2_finance,7,77
test_pair_0065,train,liar2_finance,7,77
train_pair_0783,train,liar2_finance,7,77
train_pair_0728,train,liar2_finance,7,77
validation_pair_0095,train,liar2_finance,7,77
train_pair_0699,train,liar2_finance,7,77
train_pair_0233,train,liar2_finance,7,77
train_pair_0663,train,liar2_finance,7,77
test_pair_0040,train,liar2_finance,7,77
train_pair_0523,train,liar2_finance,7,77
test_pair_0030,train,liar2_finance,7,77
validation_pair_0042,train,liar2_finance,7,77
train_pair_0642,train,liar2_finance,7,77
validation_pair_0070,train,liar2_finance,7,77
validation_pair_0098,train,liar2_finance,7,77
train_pair_0563,train,liar2_finance,7,77
train_pair_0429,train,liar2_finance,7,77
validation_pair_0072,train,liar2_finance,7,77
train_pair_0157,train,liar2_finance,7,77
train_pair_0237,train,liar2_finance,7,77
train_pair_0186,train,liar2_finance,7,77
train_pair_0617,train,liar2_finance,7,77
train_pair_0439,train,liar2_finance,7,77
train_pair_0217,train,liar2_finance,7,77
train_pair_0629,train,liar2_finance,7,77
validation_pair_0088,train,liar2_finance,7,77
train_pair_0312,train,liar2_finance,7,77
train_pair_0536,train,liar2_finance,7,77
train_pair_0090,train,liar2_finance,7,77
test_pair_0046,train,liar2_finance,7,77
train_pair_0013,train,liar2_finance,7,77
test_pair_0085,train,liar2_finance,7,77
train_pair_0589,train,liar2_finance,7,77
train_pair_0111,train,liar2_finance,7,77
train_pair_0755,train,liar2_finance,7,77
train_pair_0160,train,liar2_finance,7,77
train_pair_0132,train,liar2_finance,7,77
train_pair_0505,train,liar2_finance,7,77
test_pair_0036,train,liar2_finance,7,77
test_pair_0072,train,liar2_finance,7,77
train_pair_0292,train,liar2_finance,7,77
train_pair_0466,train,liar2_finance,7,77
test_pair_0018,train,liar2_finance,7,77
train_pair_0283,train,liar2_finance,7,77
train_pair_0550,train,liar2_finance,7,77
train_pair_0229,train,liar2_finance,7,77
train_pair_0461,train,liar2_finance,7,77
validation_pair_0080,train,liar2_finance,7,77
train_pair_0763,train,liar2_finance,7,77
train_pair_0619,train,liar2_finance,7,77
train_pair_0245,train,liar2_finance,7,77
train_pair_0343,train,liar2_finance,7,77
train_pair_0677,train,liar2_finance,7,77
train_pair_0538,train,liar2_finance,7,77
train_pair_0769,train,liar2_finance,7,77
train_pair_0497,train,liar2_finance,7,77
train_pair_0262,train,liar2_finance,7,77
train_pair_0789,train,liar2_finance,7,77
train_pair_0241,train,liar2_finance,7,77
train_pair_0158,train,liar2_finance,7,77
test_pair_0015,train,liar2_finance,7,77
train_pair_0790,train,liar2_finance,7,77
test_pair_0029,train,liar2_finance,7,77
test_pair_0074,train,liar2_finance,7,77
train_pair_0583,train,liar2_finance,7,77
train_pair_0202,train,liar2_finance,7,77
train_pair_0531,train,liar2_finance,7,77
test_pair_0057,train,liar2_finance,7,77
train_pair_0666,train,liar2_finance,7,77
train_pair_0639,train,liar2_finance,7,77
train_pair_0482,train,liar2_finance,7,77
train_pair_0787,train,liar2_finance,7,77
train_pair_0653,train,liar2_finance,7,77
test_pair_0052,train,liar2_finance,7,77
train_pair_0522,train,liar2_finance,7,77
train_pair_0476,train,liar2_finance,7,77
train_pair_0573,train,liar2_finance,7,77
train_pair_0499,train,liar2_finance,7,77
train_pair_0188,train,liar2_finance,7,77
train_pair_0206,train,liar2_finance,7,77
test_pair_0091,train,liar2_finance,7,77
train_pair_0671,train,liar2_finance,7,77
train_pair_0561,train,liar2_finance,7,77
train_pair_0171,train,liar2_finance,7,77
validation_pair_0026,train,liar2_finance,7,77
train_pair_0484,train,liar2_finance,7,77
test_pair_0078,train,liar2_finance,7,77
train_pair_0169,train,liar2_finance,7,77
train_pair_0773,train,liar2_finance,7,77
train_pair_0360,train,liar2_finance,7,77
train_pair_0385,train,liar2_finance,7,77
train_pair_0760,train,liar2_finance,7,77
train_pair_0084,train,liar2_finance,7,77
train_pair_0674,train,liar2_finance,7,77
validation_pair_0021,train,liar2_finance,7,77
train_pair_0336,train,liar2_finance,7,77
train_pair_0457,train,liar2_finance,7,77
train_pair_0345,train,liar2_finance,7,77
validation_pair_0062,train,liar2_finance,7,77
train_pair_0558,train,liar2_finance,7,77
train_pair_0594,train,liar2_finance,7,77
train_pair_0253,train,liar2_finance,7,77
train_pair_0290,train,liar2_finance,7,77
train_pair_0815,train,liar2_finance,7,77
train_pair_0510,train,liar2_finance,7,77
train_pair_0636,train,liar2_finance,7,77
train_pair_0135,train,liar2_finance,7,77
train_pair_0291,train,liar2_finance,7,77
train_pair_0516,train,liar2_finance,7,77
train_pair_0187,train,liar2_finance,7,77
validation_pair_0105,train,liar2_finance,7,77
train_pair_0496,train,liar2_finance,7,77
train_pair_0082,train,liar2_finance,7,77
train_pair_0643,train,liar2_finance,7,77
train_pair_0211,train,liar2_finance,7,77
train_pair_0258,train,liar2_finance,7,77
train_pair_0114,train,liar2_finance,7,77
train_pair_0065,train,liar2_finance,7,77
train_pair_0308,train,liar2_finance,7,77
train_pair_0613,train,liar2_finance,7,77
train_pair_0707,train,liar2_finance,7,77
train_pair_0152,train,liar2_finance,7,77
train_pair_0464,train,liar2_finance,7,77
train_pair_0193,train,liar2_finance,7,77
test_pair_0080,train,liar2_finance,7,77
train_pair_0108,train,liar2_finance,7,77
test_pair_0081,train,liar2_finance,7,77
train_pair_0102,train,liar2_finance,7,77
train_pair_0146,train,liar2_finance,7,77
train_pair_0299,train,liar2_finance,7,77
train_pair_0705,train,liar2_finance,7,77
train_pair_0403,train,liar2_finance,7,77
train_pair_0256,train,liar2_finance,7,77
train_pair_0811,train,liar2_finance,7,77
train_pair_0047,train,liar2_finance,7,77
test_pair_0032,train,liar2_finance,7,77
validation_pair_0030,train,liar2_finance,7,77
train_pair_0344,train,liar2_finance,7,77
train_pair_0137,train,liar2_finance,7,77
validation_pair_0063,train,liar2_finance,7,77
train_pair_0184,train,liar2_finance,7,77
train_pair_0010,train,liar2_finance,7,77
train_pair_0488,train,liar2_finance,7,77
test_pair_0055,train,liar2_finance,7,77
train_pair_0359,train,liar2_finance,7,77
validation_pair_0005,train,liar2_finance,7,77
train_pair_0501,train,liar2_finance,7,77
train_pair_0436,train,liar2_finance,7,77
train_pair_0267,train,liar2_finance,7,77
train_pair_0560,train,liar2_finance,7,77
validation_pair_0071,train,liar2_finance,7,77
train_pair_0735,train,liar2_finance,7,77
train_pair_0049,train,liar2_finance,7,77
train_pair_0673,train,liar2_finance,7,77
train_pair_0284,train,liar2_finance,7,77
validation_pair_0015,train,liar2_finance,7,77
validation_pair_0037,train,liar2_finance,7,77
train_pair_0472,train,liar2_finance,7,77
train_pair_0334,train,liar2_finance,7,77
train_pair_0315,train,liar2_finance,7,77
train_pair_0675,train,liar2_finance,7,77
test_pair_0054,train,liar2_finance,7,77
train_pair_0060,train,liar2_finance,7,77
train_pair_0147,train,liar2_finance,7,77
train_pair_0273,train,liar2_finance,7,77
train_pair_0586,train,liar2_finance,7,77
train_pair_0552,train,liar2_finance,7,77
train_pair_0780,train,liar2_finance,7,77
train_pair_0778,train,liar2_finance,7,77
train_pair_0596,train,liar2_finance,7,77
validation_pair_0022,train,liar2_finance,7,77
train_pair_0339,train,liar2_finance,7,77
train_pair_0624,train,liar2_finance,7,77
train_pair_0390,train,liar2_finance,7,77
test_pair_0061,train,liar2_finance,7,77
train_pair_0756,train,liar2_finance,7,77
train_pair_0400,train,liar2_finance,7,77
train_pair_0012,train,liar2_finance,7,77
train_pair_0813,train,liar2_finance,7,77
test_pair_0039,train,liar2_finance,7,77
train_pair_0234,train,liar2_finance,7,77
train_pair_0389,train,liar2_finance,7,77
train_pair_0816,train,liar2_finance,7,77
train_pair_0242,train,liar2_finance,7,77
train_pair_0489,train,liar2_finance,7,77
train_pair_0141,train,liar2_finance,7,77
train_pair_0478,train,liar2_finance,7,77
train_pair_0519,train,liar2_finance,7,77
test_pair_0002,train,liar2_finance,7,77
train_pair_0307,train,liar2_finance,7,77
train_pair_0736,train,liar2_finance,7,77
train_pair_0079,train,liar2_finance,7,77
train_pair_0491,train,liar2_finance,7,77
train_pair_0582,train,liar2_finance,7,77
train_pair_0031,train,liar2_finance,7,77
test_pair_0059,train,liar2_finance,7,77
train_pair_0414,train,liar2_finance,7,77
train_pair_0059,train,liar2_finance,7,77
train_pair_0652,train,liar2_finance,7,77
train_pair_0380,train,liar2_finance,7,77
train_pair_0387,train,liar2_finance,7,77
train_pair_0513,train,liar2_finance,7,77
train_pair_0265,train,liar2_finance,7,77
test_pair_0053,train,liar2_finance,7,77
train_pair_0474,train,liar2_finance,7,77
train_pair_0458,train,liar2_finance,7,77
train_pair_0759,train,liar2_finance,7,77
train_pair_0508,train,liar2_finance,7,77
train_pair_0323,train,liar2_finance,7,77
validation_pair_0035,train,liar2_finance,7,77
train_pair_0595,train,liar2_finance,7,77
train_pair_0121,train,liar2_finance,7,77
train_pair_0726,train,liar2_finance,7,77
train_pair_0695,train,liar2_finance,7,77
train_pair_0556,train,liar2_finance,7,77
test_pair_0001,train,liar2_finance,7,77
train_pair_0456,train,liar2_finance,7,77
train_pair_0772,train,liar2_finance,7,77
train_pair_0264,train,liar2_finance,7,77
train_pair_0541,train,liar2_finance,7,77
train_pair_0384,train,liar2_finance,7,77
train_pair_0775,train,liar2_finance,7,77
train_pair_0317,train,liar2_finance,7,77
train_pair_0394,train,liar2_finance,7,77
train_pair_0548,train,liar2_finance,7,77
train_pair_0632,train,liar2_finance,7,77
test_pair_0088,train,liar2_finance,7,77
train_pair_0023,train,liar2_finance,7,77
train_pair_0259,train,liar2_finance,7,77
train_pair_0585,train,liar2_finance,7,77
train_pair_0625,train,liar2_finance,7,77
train_pair_0353,train,liar2_finance,7,77
train_pair_0447,train,liar2_finance,7,77
validation_pair_0056,train,liar2_finance,7,77
train_pair_0708,train,liar2_finance,7,77
train_pair_0288,train,liar2_finance,7,77
train_pair_0405,train,liar2_finance,7,77
train_pair_0130,train,liar2_finance,7,77
train_pair_0207,train,liar2_finance,7,77
train_pair_0591,train,liar2_finance,7,77
train_pair_0333,train,liar2_finance,7,77
train_pair_0719,train,liar2_finance,7,77
test_pair_0086,train,liar2_finance,7,77
train_pair_0515,train,liar2_finance,7,77
train_pair_0271,train,liar2_finance,7,77
train_pair_0641,train,liar2_finance,7,77
train_pair_0814,train,liar2_finance,7,77
train_pair_0068,train,liar2_finance,7,77
train_pair_0578,train,liar2_finance,7,77
validation_pair_0086,train,liar2_finance,7,77
train_pair_0286,train,liar2_finance,7,77
train_pair_0574,train,liar2_finance,7,77
train_pair_0768,train,liar2_finance,7,77
test_pair_0069,train,liar2_finance,7,77
train_pair_0180,train,liar2_finance,7,77
train_pair_0329,train,liar2_finance,7,77
train_pair_0304,train,liar2_finance,7,77
train_pair_0306,train,liar2_finance,7,77
train_pair_0044,train,liar2_finance,7,77
train_pair_0420,train,liar2_finance,7,77
train_pair_0327,train,liar2_finance,7,77
validation_pair_0090,train,liar2_finance,7,77
train_pair_0723,train,liar2_finance,7,77
train_pair_0039,train,liar2_finance,7,77
train_pair_0153,train,liar2_finance,7,77
train_pair_0122,train,liar2_finance,7,77
train_pair_0628,train,liar2_finance,7,77
train_pair_0468,train,liar2_finance,7,77
train_pair_0678,train,liar2_finance,7,77
train_pair_0293,train,liar2_finance,7,77
train_pair_0178,train,liar2_finance,7,77
train_pair_0266,train,liar2_finance,7,77
test_pair_0045,train,liar2_finance,7,77
train_pair_0575,train,liar2_finance,7,77
train_pair_0701,train,liar2_finance,7,77
train_pair_0382,train,liar2_finance,7,77
train_pair_0328,train,liar2_finance,7,77
train_pair_0542,train,liar2_finance,7,77
train_pair_0232,train,liar2_finance,7,77
validation_pair_0078,train,liar2_finance,7,77
train_pair_0557,train,liar2_finance,7,77
train_pair_0431,train,liar2_finance,7,77
train_pair_0375,train,liar2_finance,7,77
validation_pair_0051,train,liar2_finance,7,77
train_pair_0020,train,liar2_finance,7,77
train_pair_0150,train,liar2_finance,7,77
train_pair_0078,train,liar2_finance,7,77
train_pair_0744,train,liar2_finance,7,77
train_pair_0555,train,liar2_finance,7,77
validation_pair_0017,train,liar2_finance,7,77
train_pair_0361,train,liar2_finance,7,77
train_pair_0435,train,liar2_finance,7,77
train_pair_0426,train,liar2_finance,7,77
train_pair_0554,train,liar2_finance,7,77
train_pair_0095,train,liar2_finance,7,77
train_pair_0762,train,liar2_finance,7,77
train_pair_0469,train,liar2_finance,7,77
train_pair_0270,train,liar2_finance,7,77
train_pair_0483,train,liar2_finance,7,77
train_pair_0117,train,liar2_finance,7,77
train_pair_0506,train,liar2_finance,7,77
train_pair_0635,train,liar2_finance,7,77
test_pair_0094,train,liar2_finance,7,77
train_pair_0163,train,liar2_finance,7,77
test_pair_0007,train,liar2_finance,7,77
train_pair_0593,train,liar2_finance,7,77
train_pair_0319,train,liar2_finance,7,77
train_pair_0527,train,liar2_finance,7,77
train_pair_0367,train,liar2_finance,7,77
train_pair_0539,train,liar2_finance,7,77
train_pair_0104,train,liar2_finance,7,77
validation_pair_0029,train,liar2_finance,7,77
train_pair_0486,train,liar2_finance,7,77
test_pair_0025,train,liar2_finance,7,77
train_pair_0747,train,liar2_finance,7,77
train_pair_0449,train,liar2_finance,7,77
train_pair_0404,train,liar2_finance,7,77
train_pair_0192,train,liar2_finance,7,77
train_pair_0803,train,liar2_finance,7,77
validation_pair_0025,train,liar2_finance,7,77
train_pair_0492,train,liar2_finance,7,77
train_pair_0409,train,liar2_finance,7,77
train_pair_0706,train,liar2_finance,7,77
train_pair_0793,train,liar2_finance,7,77
train_pair_0014,train,liar2_finance,7,77
train_pair_0713,train,liar2_finance,7,77
train_pair_0305,train,liar2_finance,7,77
train_pair_0804,train,liar2_finance,7,77
train_pair_0807,train,liar2_finance,7,77
train_pair_0231,train,liar2_finance,7,77
train_pair_0709,train,liar2_finance,7,77
validation_pair_0007,train,liar2_finance,7,77
train_pair_0109,train,liar2_finance,7,77
train_pair_0698,train,liar2_finance,7,77
train_pair_0603,train,liar2_finance,7,77
train_pair_0620,train,liar2_finance,7,77
train_pair_0587,train,liar2_finance,7,77
train_pair_0139,train,liar2_finance,7,77
validation_pair_0020,train,liar2_finance,7,77
train_pair_0473,train,liar2_finance,7,77
train_pair_0689,train,liar2_finance,7,77
validation_pair_0046,train,liar2_finance,7,77
train_pair_0372,train,liar2_finance,7,77
train_pair_0105,train,liar2_finance,7,77
train_pair_0179,train,liar2_finance,7,77
train_pair_0142,train,liar2_finance,7,77
train_pair_0546,train,liar2_finance,7,77
train_pair_0647,train,liar2_finance,7,77
train_pair_0316,train,liar2_finance,7,77
train_pair_0495,train,liar2_finance,7,77
train_pair_0703,train,liar2_finance,7,77
train_pair_0216,train,liar2_finance,7,77
train_pair_0300,train,liar2_finance,7,77
train_pair_0204,train,liar2_finance,7,77
train_pair_0314,train,liar2_finance,7,77
validation_pair_0092,train,liar2_finance,7,77
train_pair_0069,train,liar2_finance,7,77
validation_pair_0039,train,liar2_finance,7,77
train_pair_0129,train,liar2_finance,7,77
train_pair_0521,train,liar2_finance,7,77
train_pair_0729,train,liar2_finance,7,77
train_pair_0722,train,liar2_finance,7,77
train_pair_0714,train,liar2_finance,7,77
validation_pair_0101,train,liar2_finance,7,77
train_pair_0203,train,liar2_finance,7,77
train_pair_0418,train,liar2_finance,7,77
train_pair_0540,train,liar2_finance,7,77
train_pair_0487,train,liar2_finance,7,77
train_pair_0162,train,liar2_finance,7,77
train_pair_0198,train,liar2_finance,7,77
train_pair_0313,train,liar2_finance,7,77
train_pair_0021,train,liar2_finance,7,77
train_pair_0075,train,liar2_finance,7,77
validation_pair_0094,train,liar2_finance,7,77
train_pair_0257,train,liar2_finance,7,77
train_pair_0364,train,liar2_finance,7,77
train_pair_0026,train,liar2_finance,7,77
train_pair_0452,train,liar2_finance,7,77
train_pair_0633,train,liar2_finance,7,77
train_pair_0346,train,liar2_finance,7,77
train_pair_0113,train,liar2_finance,7,77
train_pair_0504,train,liar2_finance,7,77
train_pair_0015,train,liar2_finance,7,77
train_pair_0627,train,liar2_finance,7,77
train_pair_0774,train,liar2_finance,7,77
train_pair_0424,train,liar2_finance,7,77
train_pair_0644,train,liar2_finance,7,77
train_pair_0246,train,liar2_finance,7,77
train_pair_0422,train,liar2_finance,7,77
validation_pair_0058,train,liar2_finance,7,77
train_pair_0410,train,liar2_finance,7,77
train_pair_0149,train,liar2_finance,7,77
test_pair_0048,train,liar2_finance,7,77
test_pair_0041,train,liar2_finance,7,77
train_pair_0058,train,liar2_finance,7,77
test_pair_0066,train,liar2_finance,7,77
train_pair_0739,train,liar2_finance,7,77
train_pair_0805,train,liar2_finance,7,77
train_pair_0750,train,liar2_finance,7,77
train_pair_0086,train,liar2_finance,7,77
train_pair_0664,train,liar2_finance,7,77
test_pair_0073,train,liar2_finance,7,77
train_pair_0064,train,liar2_finance,7,77
train_pair_0607,train,liar2_finance,7,77
train_pair_0213,train,liar2_finance,7,77
train_pair_0537,train,liar2_finance,7,77
train_pair_0413,train,liar2_finance,7,77
train_pair_0191,train,liar2_finance,7,77
train_pair_0053,train,liar2_finance,7,77
train_pair_0220,train,liar2_finance,7,77
train_pair_0348,train,liar2_finance,7,77
test_pair_0068,train,liar2_finance,7,77
validation_pair_0010,train,liar2_finance,7,77
train_pair_0347,train,liar2_finance,7,77
train_pair_0700,train,liar2_finance,7,77
train_pair_0737,train,liar2_finance,7,77
train_pair_0565,train,liar2_finance,7,77
train_pair_0134,train,liar2_finance,7,77
train_pair_0733,train,liar2_finance,7,77
train_pair_0395,train,liar2_finance,7,77
train_pair_0376,train,liar2_finance,7,77
validation_pair_0004,train,liar2_finance,7,77
train_pair_0007,train,liar2_finance,7,77
test_pair_0017,train,liar2_finance,7,77
train_pair_0534,train,liar2_finance,7,77
train_pair_0222,train,liar2_finance,7,77
train_pair_0276,train,liar2_finance,7,77
train_pair_0432,train,liar2_finance,7,77
validation_pair_0061,train,liar2_finance,7,77
train_pair_0791,train,liar2_finance,7,77
train_pair_0190,train,liar2_finance,7,77
train_pair_0442,train,liar2_finance,7,77
train_pair_0136,train,liar2_finance,7,77
train_pair_0138,train,liar2_finance,7,77
train_pair_0684,train,liar2_finance,7,77
train_pair_0001,train,liar2_finance,7,77
validation_pair_0067,train,liar2_finance,7,77
train_pair_0185,train,liar2_finance,7,77
train_pair_0324,train,liar2_finance,7,77
train_pair_0401,train,liar2_finance,7,77
train_pair_0209,train,liar2_finance,7,77
train_pair_0704,train,liar2_finance,7,77
train_pair_0646,train,liar2_finance,7,77
train_pair_0626,train,liar2_finance,7,77
train_pair_0225,train,liar2_finance,7,77
train_pair_0277,train,liar2_finance,7,77
train_pair_0553,train,liar2_finance,7,77
train_pair_0638,train,liar2_finance,7,77
train_pair_0640,train,liar2_finance,7,77
train_pair_0103,train,liar2_finance,7,77
validation_pair_0065,train,liar2_finance,7,77
validation_pair_0108,train,liar2_finance,7,77
train_pair_0459,train,liar2_finance,7,77
train_pair_0354,train,liar2_finance,7,77
train_pair_0444,train,liar2_finance,7,77
train_pair_0581,train,liar2_finance,7,77
test_pair_0064,train,liar2_finance,7,77
train_pair_0281,train,liar2_finance,7,77
train_pair_0485,train,liar2_finance,7,77
train_pair_0294,train,liar2_finance,7,77
train_pair_0437,train,liar2_finance,7,77
train_pair_0584,train,liar2_finance,7,77
train_pair_0159,train,liar2_finance,7,77
train_pair_0551,train,liar2_finance,7,77
train_pair_0648,train,liar2_finance,7,77
train_pair_0341,train,liar2_finance,7,77
train_pair_0782,train,liar2_finance,7,77
train_pair_0338,train,liar2_finance,7,77
train_pair_0631,train,liar2_finance,7,77
test_pair_0050,train,liar2_finance,7,77
train_pair_0809,train,liar2_finance,7,77
train_pair_0453,train,liar2_finance,7,77
validation_pair_0060,train,liar2_finance,7,77
train_pair_0520,train,liar2_finance,7,77
train_pair_0120,train,liar2_finance,7,77
train_pair_0107,train,liar2_finance,7,77
train_pair_0812,train,liar2_finance,7,77
train_pair_0278,train,liar2_finance,7,77
train_pair_0330,train,liar2_finance,7,77
train_pair_0693,train,liar2_finance,7,77
train_pair_0386,train,liar2_finance,7,77
test_pair_0003,train,liar2_finance,7,77
train_pair_0325,train,liar2_finance,7,77
train_pair_0526,train,liar2_finance,7,77
train_pair_0027,train,liar2_finance,7,77
train_pair_0475,train,liar2_finance,7,77
train_pair_0610,train,liar2_finance,7,77
train_pair_0543,train,liar2_finance,7,77
test_pair_0093,train,liar2_finance,7,77
test_pair_0062,train,liar2_finance,7,77
test_pair_0008,train,liar2_finance,7,77
train_pair_0430,train,liar2_finance,7,77
train_pair_0530,train,liar2_finance,7,77
test_pair_0028,train,liar2_finance,7,77
train_pair_0052,train,liar2_finance,7,77
train_pair_0500,train,liar2_finance,7,77
train_pair_0730,train,liar2_finance,7,77
train_pair_0462,train,liar2_finance,7,77
validation_pair_0075,train,liar2_finance,7,77
train_pair_0295,train,liar2_finance,7,77
train_pair_0658,train,liar2_finance,7,77
train_pair_0042,train,liar2_finance,7,77
train_pair_0448,train,liar2_finance,7,77
train_pair_0692,train,liar2_finance,7,77
validation_pair_0032,train,liar2_finance,7,77
test_pair_0006,train,liar2_finance,7,77
train_pair_0148,train,liar2_finance,7,77
train_pair_0189,train,liar2_finance,7,77
train_pair_0614,train,liar2_finance,7,77
train_pair_0661,train,liar2_finance,7,77
validation_pair_0110,train,liar2_finance,7,77
train_pair_0525,train,liar2_finance,7,77
train_pair_0683,train,liar2_finance,7,77
train_pair_0366,train,liar2_finance,7,77
train_pair_0650,train,liar2_finance,7,77
train_pair_0734,train,liar2_finance,7,77
train_pair_0732,train,liar2_finance,7,77
train_pair_0196,train,liar2_finance,7,77
train_pair_0415,train,liar2_finance,7,77
train_pair_0040,train,liar2_finance,7,77
train_pair_0373,train,liar2_finance,7,77
train_pair_0608,train,liar2_finance,7,77
train_pair_0088,train,liar2_finance,7,77
train_pair_0342,train,liar2_finance,7,77
train_pair_0446,train,liar2_finance,7,77
train_pair_0588,train,liar2_finance,7,77
train_pair_0806,train,liar2_finance,7,77
train_pair_0116,train,liar2_finance,7,77
validation_pair_0089,train,liar2_finance,7,77
train_pair_0351,train,liar2_finance,7,77
train_pair_0067,train,liar2_finance,7,77
test_pair_0014,train,liar2_finance,7,77
validation_pair_0077,train,liar2_finance,7,77
train_pair_0792,train,liar2_finance,7,77
train_pair_0441,train,liar2_finance,7,77
train_pair_0368,train,liar2_finance,7,77
test_pair_0038,train,liar2_finance,7,77
train_pair_0694,train,liar2_finance,7,77
train_pair_0751,train,liar2_finance,7,77
train_pair_0717,train,liar2_finance,7,77
train_pair_0502,train,liar2_finance,7,77
train_pair_0331,train,liar2_finance,7,77
train_pair_0438,train,liar2_finance,7,77
validation_pair_0003,train,liar2_finance,7,77
train_pair_0062,train,liar2_finance,7,77
train_pair_0562,train,liar2_finance,7,77
train_pair_0577,train,liar2_finance,7,77
train_pair_0616,train,liar2_finance,7,77
train_pair_0200,train,liar2_finance,7,77
train_pair_0340,train,liar2_finance,7,77
train_pair_0019,train,liar2_finance,7,77
validation_pair_0012,train,liar2_finance,7,77
train_pair_0051,train,liar2_finance,7,77
train_pair_0174,train,liar2_finance,7,77
train_pair_0518,train,liar2_finance,7,77
train_pair_0690,train,liar2_finance,7,77
validation_pair_0044,train,liar2_finance,7,77
train_pair_0335,train,liar2_finance,7,77
train_pair_0765,train,liar2_finance,7,77
test_pair_0075,train,liar2_finance,7,77
train_pair_0101,train,liar2_finance,7,77
train_pair_0721,train,liar2_finance,7,77
train_pair_0119,train,liar2_finance,7,77
train_pair_0731,train,liar2_finance,7,77
train_pair_0321,train,liar2_finance,7,77
test_pair_0089,train,liar2_finance,7,77
train_pair_0665,train,liar2_finance,7,77
train_pair_0223,train,liar2_finance,7,77
train_pair_0110,train,liar2_finance,7,77
validation_pair_0031,train,liar2_finance,7,77
train_pair_0093,train,liar2_finance,7,77
validation_pair_0041,train,liar2_finance,7,77
train_pair_0753,train,liar2_finance,7,77
validation_pair_0074,train,liar2_finance,7,77
train_pair_0715,train,liar2_finance,7,77
test_pair_0011,train,liar2_finance,7,77
train_pair_0784,train,liar2_finance,7,77
train_pair_0337,train,liar2_finance,7,77
train_pair_0365,train,liar2_finance,7,77
train_pair_0738,train,liar2_finance,7,77
train_pair_0285,train,liar2_finance,7,77
validation_pair_0082,train,liar2_finance,7,77
train_pair_0235,train,liar2_finance,7,77
train_pair_0205,train,liar2_finance,7,77
validation_pair_0001,train,liar2_finance,7,77
train_pair_0208,train,liar2_finance,7,77
train_pair_0480,train,liar2_finance,7,77
train_pair_0467,train,liar2_finance,7,77
train_pair_0742,train,liar2_finance,7,77
train_pair_0123,train,liar2_finance,7,77
train_pair_0407,train,liar2_finance,7,77
validation_pair_0069,train,liar2_finance,7,77
train_pair_0702,train,liar2_finance,7,77
train_pair_0272,train,liar2_finance,7,77
train_pair_0362,train,liar2_finance,7,77
train_pair_0535,train,liar2_finance,7,77
train_pair_0509,train,liar2_finance,7,77
validation_pair_0049,train,liar2_finance,7,77
train_pair_0606,train,liar2_finance,7,77
train_pair_0118,train,liar2_finance,7,77
train_pair_0443,train,liar2_finance,7,77
train_pair_0545,train,liar2_finance,7,77
train_pair_0167,train,liar2_finance,7,77
train_pair_0725,train,liar2_finance,7,77
train_pair_0094,train,liar2_finance,7,77
test_pair_0012,train,liar2_finance,7,77
train_pair_0016,train,liar2_finance,7,77
train_pair_0503,train,liar2_finance,7,77
validation_pair_0011,train,liar2_finance,7,77
train_pair_0128,train,liar2_finance,7,77
train_pair_0098,train,liar2_finance,7,77
validation_pair_0016,train,liar2_finance,7,77
train_pair_0397,train,liar2_finance,7,77
train_pair_0083,train,liar2_finance,7,77
validation_pair_0057,train,liar2_finance,7,77
train_pair_0592,train,liar2_finance,7,77
validation_pair_0076,train,liar2_finance,7,77
train_pair_0034,train,liar2_finance,7,77
train_pair_0247,train,liar2_finance,7,77
train_pair_0226,train,liar2_finance,7,77
train_pair_0025,train,liar2_finance,7,77
train_pair_0287,train,liar2_finance,7,77
train_pair_0155,train,liar2_finance,7,77
train_pair_0611,train,liar2_finance,7,77
validation_pair_0033,train,liar2_finance,7,77
train_pair_0227,train,liar2_finance,7,77
train_pair_0746,train,liar2_finance,7,77
train_pair_0758,train,liar2_finance,7,77
train_pair_0796,train,liar2_finance,7,77
validation_pair_0066,train,liar2_finance,7,77
train_pair_0408,train,liar2_finance,7,77
train_pair_0172,train,liar2_finance,7,77
test_pair_0022,train,liar2_finance,7,77
train_pair_0263,train,liar2_finance,7,77
test_pair_0035,train,liar2_finance,7,77
train_pair_0218,train,liar2_finance,7,77
train_pair_0440,train,liar2_finance,7,77
train_pair_0210,train,liar2_finance,7,77
train_pair_0124,train,liar2_finance,7,77
train_pair_0173,train,liar2_finance,7,77
train_pair_0445,train,liar2_finance,7,77
train_pair_0810,train,liar2_finance,7,77
train_pair_0143,train,liar2_finance,7,77
test_pair_0043,train,liar2_finance,7,77
train_pair_0029,train,liar2_finance,7,77
train_pair_0569,train,liar2_finance,7,77
train_pair_0681,train,liar2_finance,7,77
train_pair_0250,train,liar2_finance,7,77
train_pair_0006,train,liar2_finance,7,77
train_pair_0181,train,liar2_finance,7,77
train_pair_0696,train,liar2_finance,7,77
test_pair_0033,train,liar2_finance,7,77
train_pair_0296,train,liar2_finance,7,77
validation_pair_0079,train,liar2_finance,7,77
train_pair_0406,train,liar2_finance,7,77
train_pair_0764,train,liar2_finance,7,77
train_pair_0197,train,liar2_finance,7,77
train_pair_0219,train,liar2_finance,7,77
validation_pair_0100,train,liar2_finance,7,77
validation_pair_0084,train,liar2_finance,7,77
train_pair_0297,train,liar2_finance,7,77
train_pair_0637,train,liar2_finance,7,77
train_pair_0145,train,liar2_finance,7,77
train_pair_0455,train,liar2_finance,7,77
train_pair_0421,train,liar2_finance,7,77
test_pair_0063,train,liar2_finance,7,77
train_pair_0559,train,liar2_finance,7,77
train_pair_0081,train,liar2_finance,7,77
train_pair_0785,train,liar2_finance,7,77
train_pair_0808,train,liar2_finance,7,77
train_pair_0399,train,liar2_finance,7,77
validation_pair_0024,train,liar2_finance,7,77
test_pair_0079,train,liar2_finance,7,77
train_pair_0054,train,liar2_finance,7,77
train_pair_0240,train,liar2_finance,7,77
validation_pair_0113,train,liar2_finance,7,77
train_pair_0164,train,liar2_finance,7,77
train_pair_0274,train,liar2_finance,7,77
validation_pair_0064,train,liar2_finance,7,77
train_pair_0199,train,liar2_finance,7,77
train_pair_0282,train,liar2_finance,7,77
validation_pair_0083,train,liar2_finance,7,77
train_pair_0645,train,liar2_finance,7,77
train_pair_0470,train,liar2_finance,7,77
train_pair_0685,train,liar2_finance,7,77
train_pair_0771,train,liar2_finance,7,77
validation_pair_0045,train,liar2_finance,7,77
train_pair_0221,train,liar2_finance,7,77
train_pair_0350,train,liar2_finance,7,77
train_pair_0037,train,liar2_finance,7,77
train_pair_0601,train,liar2_finance,7,77
train_pair_0682,train,liar2_finance,7,77
test_pair_0092,train,liar2_finance,7,77
train_pair_0280,train,liar2_finance,7,77
train_pair_0490,train,liar2_finance,7,77
train_pair_0680,train,liar2_finance,7,77
train_pair_0477,train,liar2_finance,7,77
train_pair_0794,train,liar2_finance,7,77
train_pair_0517,train,liar2_finance,7,77
train_pair_0691,train,liar2_finance,7,77
train_pair_0471,train,liar2_finance,7,77
train_pair_0126,train,liar2_finance,7,77
train_pair_0454,train,liar2_finance,7,77
train_pair_0252,train,liar2_finance,7,77
train_pair_0655,train,liar2_finance,7,77
train_pair_0070,train,liar2_finance,7,77
train_pair_0688,train,liar2_finance,7,77
train_pair_0378,train,liar2_finance,7,77
train_pair_0215,train,liar2_finance,7,77
test_pair_0076,train,liar2_finance,7,77
train_pair_0030,train,liar2_finance,7,77
validation_pair_0023,train,liar2_finance,7,77
train_pair_0570,train,liar2_finance,7,77
train_pair_0528,train,liar2_finance,7,77
train_pair_0201,train,liar2_finance,7,77
train_pair_0028,train,liar2_finance,7,77
train_pair_0720,train,liar2_finance,7,77
train_pair_0740,train,liar2_finance,7,77
validation_pair_0048,train,liar2_finance,7,77
test_pair_0090,train,liar2_finance,7,77
validation_pair_0059,train,liar2_finance,7,77
validation_pair_0106,train,liar2_finance,7,77
train_pair_0388,train,liar2_finance,7,77
test_pair_0058,train,liar2_finance,7,77
test_pair_0016,train,liar2_finance,7,77
test_pair_0004,train,liar2_finance,7,77
train_pair_0228,train,liar2_finance,7,77
train_pair_0269,train,liar2_finance,7,77
train_pair_0048,train,liar2_finance,7,77
train_pair_0112,train,liar2_finance,7,77
train_pair_0679,train,liar2_finance,7,77
train_pair_0799,train,liar2_finance,7,77
train_pair_0322,train,liar2_finance,7,77
train_pair_0032,train,liar2_finance,7,77
test_pair_0047,train,liar2_finance,7,77
train_pair_0623,train,liar2_finance,7,77
test_pair_0071,train,liar2_finance,7,77
train_pair_0144,train,liar2_finance,7,77
test_pair_0077,train,liar2_finance,7,77
test_pair_0067,train,liar2_finance,7,77
train_pair_0170,train,liar2_finance,7,77
train_pair_0381,train,liar2_finance,7,77
train_pair_0427,train,liar2_finance,7,77
train_pair_0370,train,liar2_finance,7,77
validation_pair_0013,train,liar2_finance,7,77
validation_pair_0008,train,liar2_finance,7,77
train_pair_0061,train,liar2_finance,7,77
train_pair_0125,train,liar2_finance,7,77
train_pair_0072,train,liar2_finance,7,77
train_pair_0549,train,liar2_finance,7,77
validation_pair_0111,train,liar2_finance,7,77
train_pair_0194,train,liar2_finance,7,77
validation_pair_0091,train,liar2_finance,7,77
train_pair_0567,train,liar2_finance,7,77
train_pair_0352,train,liar2_finance,7,77
train_pair_0011,train,liar2_finance,7,77
test_pair_0021,train,liar2_finance,7,77
train_pair_0024,train,liar2_finance,7,77
train_pair_0036,train,liar2_finance,7,77
validation_pair_0102,train,liar2_finance,7,77
train_pair_0236,train,liar2_finance,7,77
train_pair_0177,train,liar2_finance,7,77
train_pair_0743,train,liar2_finance,7,77
train_pair_0590,validation,liar2_finance,7,77
train_pair_0151,validation,liar2_finance,7,77
train_pair_0766,validation,liar2_finance,7,77
train_pair_0100,validation,liar2_finance,7,77
train_pair_0310,validation,liar2_finance,7,77
train_pair_0514,validation,liar2_finance,7,77
train_pair_0309,validation,liar2_finance,7,77
train_pair_0349,validation,liar2_finance,7,77
train_pair_0605,validation,liar2_finance,7,77
validation_pair_0054,validation,liar2_finance,7,77
train_pair_0634,validation,liar2_finance,7,77
train_pair_0391,validation,liar2_finance,7,77
train_pair_0777,validation,liar2_finance,7,77
train_pair_0402,validation,liar2_finance,7,77
test_pair_0082,validation,liar2_finance,7,77
train_pair_0797,validation,liar2_finance,7,77
test_pair_0009,validation,liar2_finance,7,77
train_pair_0289,validation,liar2_finance,7,77
train_pair_0224,validation,liar2_finance,7,77
train_pair_0260,validation,liar2_finance,7,77
train_pair_0600,validation,liar2_finance,7,77
test_pair_0087,validation,liar2_finance,7,77
validation_pair_0009,validation,liar2_finance,7,77
train_pair_0481,validation,liar2_finance,7,77
train_pair_0622,validation,liar2_finance,7,77
train_pair_0154,validation,liar2_finance,7,77
validation_pair_0087,validation,liar2_finance,7,77
train_pair_0657,validation,liar2_finance,7,77
train_pair_0612,validation,liar2_finance,7,77
train_pair_0786,validation,liar2_finance,7,77
train_pair_0183,validation,liar2_finance,7,77
validation_pair_0040,validation,liar2_finance,7,77
validation_pair_0055,validation,liar2_finance,7,77
train_pair_0532,validation,liar2_finance,7,77
train_pair_0165,validation,liar2_finance,7,77
train_pair_0050,validation,liar2_finance,7,77
train_pair_0244,validation,liar2_finance,7,77
validation_pair_0018,validation,liar2_finance,7,77
train_pair_0303,validation,liar2_finance,7,77
test_pair_0037,validation,liar2_finance,7,77
train_pair_0238,validation,liar2_finance,7,77
train_pair_0396,validation,liar2_finance,7,77
test_pair_0034,validation,liar2_finance,7,77
train_pair_0741,validation,liar2_finance,7,77
validation_pair_0096,validation,liar2_finance,7,77
train_pair_0524,validation,liar2_finance,7,77
test_pair_0010,validation,liar2_finance,7,77
train_pair_0411,validation,liar2_finance,7,77
train_pair_0212,validation,liar2_finance,7,77
train_pair_0651,validation,liar2_finance,7,77
train_pair_0580,validation,liar2_finance,7,77
train_pair_0727,validation,liar2_finance,7,77
train_pair_0115,validation,liar2_finance,7,77
train_pair_0686,validation,liar2_finance,7,77
train_pair_0071,validation,liar2_finance,7,77
train_pair_0383,validation,liar2_finance,7,77
train_pair_0656,validation,liar2_finance,7,77
test_pair_0024,validation,liar2_finance,7,77
validation_pair_0097,validation,liar2_finance,7,77
train_pair_0176,validation,liar2_finance,7,77
validation_pair_0014,validation,liar2_finance,7,77
train_pair_0357,validation,liar2_finance,7,77
train_pair_0379,validation,liar2_finance,7,77
train_pair_0096,validation,liar2_finance,7,77
train_pair_0479,validation,liar2_finance,7,77
train_pair_0249,validation,liar2_finance,7,77
train_pair_0127,validation,liar2_finance,7,77
train_pair_0063,validation,liar2_finance,7,77
train_pair_0724,validation,liar2_finance,7,77
train_pair_0398,validation,liar2_finance,7,77
train_pair_0776,validation,liar2_finance,7,77
train_pair_0649,validation,liar2_finance,7,77
train_pair_0697,validation,liar2_finance,7,77
train_pair_0788,validation,liar2_finance,7,77
test_pair_0056,validation,liar2_finance,7,77
train_pair_0547,validation,liar2_finance,7,77
train_pair_0568,validation,liar2_finance,7,77
train_pair_0254,validation,liar2_finance,7,77
train_pair_0243,validation,liar2_finance,7,77
train_pair_0045,validation,liar2_finance,7,77
train_pair_0358,validation,liar2_finance,7,77
train_pair_0156,validation,liar2_finance,7,77
train_pair_0579,validation,liar2_finance,7,77
train_pair_0080,validation,liar2_finance,7,77
train_pair_0275,validation,liar2_finance,7,77
train_pair_0450,validation,liar2_finance,7,77
train_pair_0571,validation,liar2_finance,7,77
validation_pair_0081,validation,liar2_finance,7,77
train_pair_0598,validation,liar2_finance,7,77
train_pair_0106,validation,liar2_finance,7,77
train_pair_0301,validation,liar2_finance,7,77
test_pair_0070,validation,liar2_finance,7,77
train_pair_0745,validation,liar2_finance,7,77
train_pair_0033,validation,liar2_finance,7,77
train_pair_0356,validation,liar2_finance,7,77
train_pair_0077,validation,liar2_finance,7,77
train_pair_0630,validation,liar2_finance,7,77
train_pair_0005,validation,liar2_finance,7,77
test_pair_0023,validation,liar2_finance,7,77
validation_pair_0027,validation,liar2_finance,7,77
train_pair_0564,validation,liar2_finance,7,77
train_pair_0248,validation,liar2_finance,7,77
train_pair_0512,test,liar2_finance,7,77
test_pair_0005,test,liar2_finance,7,77
train_pair_0003,test,liar2_finance,7,77
validation_pair_0038,test,liar2_finance,7,77
train_pair_0099,test,liar2_finance,7,77
train_pair_0795,test,liar2_finance,7,77
train_pair_0660,test,liar2_finance,7,77
train_pair_0182,test,liar2_finance,7,77
train_pair_0214,test,liar2_finance,7,77
train_pair_0369,test,liar2_finance,7,77
train_pair_0654,test,liar2_finance,7,77
validation_pair_0112,test,liar2_finance,7,77
train_pair_0752,test,liar2_finance,7,77
train_pair_0017,test,liar2_finance,7,77
validation_pair_0019,test,liar2_finance,7,77
train_pair_0425,test,liar2_finance,7,77
validation_pair_0053,test,liar2_finance,7,77
train_pair_0085,test,liar2_finance,7,77
train_pair_0465,test,liar2_finance,7,77
train_pair_0667,test,liar2_finance,7,77
train_pair_0279,test,liar2_finance,7,77
train_pair_0239,test,liar2_finance,7,77
train_pair_0687,test,liar2_finance,7,77
validation_pair_0002,test,liar2_finance,7,77
train_pair_0529,test,liar2_finance,7,77
train_pair_0802,test,liar2_finance,7,77
validation_pair_0050,test,liar2_finance,7,77
train_pair_0332,test,liar2_finance,7,77
train_pair_0377,test,liar2_finance,7,77
test_pair_0044,test,liar2_finance,7,77
train_pair_0615,test,liar2_finance,7,77
train_pair_0133,test,liar2_finance,7,77
train_pair_0748,test,liar2_finance,7,77
train_pair_0602,test,liar2_finance,7,77
test_pair_0060,test,liar2_finance,7,77
test_pair_0042,test,liar2_finance,7,77
train_pair_0754,test,liar2_finance,7,77
validation_pair_0073,test,liar2_finance,7,77
train_pair_0074,test,liar2_finance,7,77
validation_pair_0085,test,liar2_finance,7,77
train_pair_0416,test,liar2_finance,7,77
train_pair_0451,test,liar2_finance,7,77
train_pair_0097,test,liar2_finance,7,77
train_pair_0161,test,liar2_finance,7,77
train_pair_0363,test,liar2_finance,7,77
train_pair_0298,test,liar2_finance,7,77
train_pair_0055,test,liar2_finance,7,77
train_pair_0757,test,liar2_finance,7,77
validation_pair_0068,test,liar2_finance,7,77
train_pair_0261,test,liar2_finance,7,77
train_pair_0507,test,liar2_finance,7,77
train_pair_0166,test,liar2_finance,7,77
train_pair_0576,test,liar2_finance,7,77
validation_pair_0099,test,liar2_finance,7,77
train_pair_0326,test,liar2_finance,7,77
train_pair_0041,test,liar2_finance,7,77
validation_pair_0093,test,liar2_finance,7,77
train_pair_0718,test,liar2_finance,7,77
train_pair_0195,test,liar2_finance,7,77
train_pair_0412,test,liar2_finance,7,77
train_pair_0716,test,liar2_finance,7,77
train_pair_0417,test,liar2_finance,7,77
train_pair_0798,test,liar2_finance,7,77
train_pair_0463,test,liar2_finance,7,77
train_pair_0355,test,liar2_finance,7,77
train_pair_0255,test,liar2_finance,7,77
train_pair_0008,test,liar2_finance,7,77
train_pair_0659,test,liar2_finance,7,77
train_pair_0781,test,liar2_finance,7,77
train_pair_0002,test,liar2_finance,7,77
train_pair_0091,test,liar2_finance,7,77
train_pair_0433,test,liar2_finance,7,77
train_pair_0131,test,liar2_finance,7,77
train_pair_0599,test,liar2_finance,7,77
validation_pair_0036,test,liar2_finance,7,77
train_pair_0043,test,liar2_finance,7,77
train_pair_0374,test,liar2_finance,7,77
train_pair_0434,test,liar2_finance,7,77
validation_pair_0034,test,liar2_finance,7,77
train_pair_0609,test,liar2_finance,7,77
train_pair_0320,test,liar2_finance,7,77
validation_pair_0104,test,liar2_finance,7,77
train_pair_0767,test,liar2_finance,7,77
train_pair_0604,test,liar2_finance,7,77
train_pair_0035,test,liar2_finance,7,77
validation_pair_0114,test,liar2_finance,7,77
train_pair_0230,test,liar2_finance,7,77
train_pair_0428,test,liar2_finance,7,77
train_pair_0318,test,liar2_finance,7,77
train_pair_0460,test,liar2_finance,7,77
train_pair_0662,test,liar2_finance,7,77
train_pair_0046,test,liar2_finance,7,77
train_pair_0089,test,liar2_finance,7,77
train_pair_0057,test,liar2_finance,7,77
train_pair_0423,test,liar2_finance,7,77
train_pair_0621,test,liar2_finance,7,77
train_pair_0710,test,liar2_finance,7,77
train_pair_0268,test,liar2_finance,7,77
train_pair_0073,test,liar2_finance,7,77
train_pair_0018,test,liar2_finance,7,77
test_pair_0013,test,liar2_finance,7,77
train_pair_0711,test,liar2_finance,7,77
validation_pair_0021,train,liar2_finance,8,88
test_pair_0077,train,liar2_finance,8,88
train_pair_0508,train,liar2_finance,8,88
train_pair_0748,train,liar2_finance,8,88
train_pair_0028,train,liar2_finance,8,88
train_pair_0319,train,liar2_finance,8,88
train_pair_0734,train,liar2_finance,8,88
train_pair_0106,train,liar2_finance,8,88
train_pair_0578,train,liar2_finance,8,88
validation_pair_0070,train,liar2_finance,8,88
validation_pair_0054,train,liar2_finance,8,88
train_pair_0518,train,liar2_finance,8,88
train_pair_0116,train,liar2_finance,8,88
train_pair_0519,train,liar2_finance,8,88
test_pair_0057,train,liar2_finance,8,88
train_pair_0675,train,liar2_finance,8,88
test_pair_0072,train,liar2_finance,8,88
train_pair_0210,train,liar2_finance,8,88
train_pair_0524,train,liar2_finance,8,88
train_pair_0068,train,liar2_finance,8,88
test_pair_0014,train,liar2_finance,8,88
train_pair_0645,train,liar2_finance,8,88
validation_pair_0037,train,liar2_finance,8,88
train_pair_0330,train,liar2_finance,8,88
train_pair_0793,train,liar2_finance,8,88
train_pair_0371,train,liar2_finance,8,88
train_pair_0255,train,liar2_finance,8,88
train_pair_0057,train,liar2_finance,8,88
test_pair_0070,train,liar2_finance,8,88
train_pair_0306,train,liar2_finance,8,88
test_pair_0048,train,liar2_finance,8,88
train_pair_0796,train,liar2_finance,8,88
train_pair_0469,train,liar2_finance,8,88
train_pair_0253,train,liar2_finance,8,88
train_pair_0605,train,liar2_finance,8,88
train_pair_0426,train,liar2_finance,8,88
train_pair_0179,train,liar2_finance,8,88
train_pair_0324,train,liar2_finance,8,88
validation_pair_0106,train,liar2_finance,8,88
train_pair_0531,train,liar2_finance,8,88
train_pair_0552,train,liar2_finance,8,88
train_pair_0760,train,liar2_finance,8,88
train_pair_0317,train,liar2_finance,8,88
test_pair_0015,train,liar2_finance,8,88
train_pair_0034,train,liar2_finance,8,88
train_pair_0190,train,liar2_finance,8,88
train_pair_0044,train,liar2_finance,8,88
train_pair_0774,train,liar2_finance,8,88
validation_pair_0092,train,liar2_finance,8,88
train_pair_0785,train,liar2_finance,8,88
train_pair_0372,train,liar2_finance,8,88
train_pair_0479,train,liar2_finance,8,88
train_pair_0698,train,liar2_finance,8,88
train_pair_0208,train,liar2_finance,8,88
test_pair_0053,train,liar2_finance,8,88
validation_pair_0035,train,liar2_finance,8,88
train_pair_0084,train,liar2_finance,8,88
train_pair_0132,train,liar2_finance,8,88
train_pair_0736,train,liar2_finance,8,88
train_pair_0152,train,liar2_finance,8,88
train_pair_0611,train,liar2_finance,8,88
train_pair_0702,train,liar2_finance,8,88
train_pair_0721,train,liar2_finance,8,88
train_pair_0412,train,liar2_finance,8,88
train_pair_0355,train,liar2_finance,8,88
train_pair_0612,train,liar2_finance,8,88
validation_pair_0068,train,liar2_finance,8,88
train_pair_0654,train,liar2_finance,8,88
train_pair_0279,train,liar2_finance,8,88
train_pair_0424,train,liar2_finance,8,88
train_pair_0404,train,liar2_finance,8,88
test_pair_0035,train,liar2_finance,8,88
train_pair_0049,train,liar2_finance,8,88
train_pair_0591,train,liar2_finance,8,88
train_pair_0816,train,liar2_finance,8,88
test_pair_0050,train,liar2_finance,8,88
train_pair_0705,train,liar2_finance,8,88
train_pair_0621,train,liar2_finance,8,88
train_pair_0668,train,liar2_finance,8,88
train_pair_0687,train,liar2_finance,8,88
train_pair_0598,train,liar2_finance,8,88
train_pair_0187,train,liar2_finance,8,88
train_pair_0459,train,liar2_finance,8,88
train_pair_0195,train,liar2_finance,8,88
train_pair_0114,train,liar2_finance,8,88
train_pair_0192,train,liar2_finance,8,88
test_pair_0031,train,liar2_finance,8,88
train_pair_0318,train,liar2_finance,8,88
train_pair_0383,train,liar2_finance,8,88
train_pair_0626,train,liar2_finance,8,88
train_pair_0304,train,liar2_finance,8,88
train_pair_0050,train,liar2_finance,8,88
train_pair_0532,train,liar2_finance,8,88
train_pair_0092,train,liar2_finance,8,88
train_pair_0504,train,liar2_finance,8,88
train_pair_0103,train,liar2_finance,8,88
train_pair_0024,train,liar2_finance,8,88
validation_pair_0104,train,liar2_finance,8,88
train_pair_0473,train,liar2_finance,8,88
test_pair_0066,train,liar2_finance,8,88
train_pair_0663,train,liar2_finance,8,88
train_pair_0070,train,liar2_finance,8,88
train_pair_0746,train,liar2_finance,8,88
validation_pair_0074,train,liar2_finance,8,88
train_pair_0726,train,liar2_finance,8,88
train_pair_0563,train,liar2_finance,8,88
train_pair_0359,train,liar2_finance,8,88
train_pair_0302,train,liar2_finance,8,88
train_pair_0286,train,liar2_finance,8,88
train_pair_0573,train,liar2_finance,8,88
train_pair_0465,train,liar2_finance,8,88
test_pair_0022,train,liar2_finance,8,88
test_pair_0044,train,liar2_finance,8,88
train_pair_0346,train,liar2_finance,8,88
train_pair_0651,train,liar2_finance,8,88
train_pair_0740,train,liar2_finance,8,88
train_pair_0634,train,liar2_finance,8,88
train_pair_0728,train,liar2_finance,8,88
train_pair_0117,train,liar2_finance,8,88
train_pair_0201,train,liar2_finance,8,88
train_pair_0301,train,liar2_finance,8,88
train_pair_0360,train,liar2_finance,8,88
validation_pair_0056,train,liar2_finance,8,88
train_pair_0071,train,liar2_finance,8,88
train_pair_0382,train,liar2_finance,8,88
train_pair_0128,train,liar2_finance,8,88
train_pair_0252,train,liar2_finance,8,88
train_pair_0523,train,liar2_finance,8,88
train_pair_0405,train,liar2_finance,8,88
train_pair_0292,train,liar2_finance,8,88
train_pair_0707,train,liar2_finance,8,88
train_pair_0551,train,liar2_finance,8,88
train_pair_0031,train,liar2_finance,8,88
train_pair_0352,train,liar2_finance,8,88
train_pair_0432,train,liar2_finance,8,88
validation_pair_0071,train,liar2_finance,8,88
train_pair_0772,train,liar2_finance,8,88
train_pair_0053,train,liar2_finance,8,88
train_pair_0624,train,liar2_finance,8,88
train_pair_0399,train,liar2_finance,8,88
train_pair_0377,train,liar2_finance,8,88
train_pair_0693,train,liar2_finance,8,88
train_pair_0517,train,liar2_finance,8,88
train_pair_0361,train,liar2_finance,8,88
test_pair_0068,train,liar2_finance,8,88
train_pair_0203,train,liar2_finance,8,88
train_pair_0434,train,liar2_finance,8,88
train_pair_0813,train,liar2_finance,8,88
train_pair_0743,train,liar2_finance,8,88
test_pair_0024,train,liar2_finance,8,88
train_pair_0086,train,liar2_finance,8,88
train_pair_0217,train,liar2_finance,8,88
train_pair_0652,train,liar2_finance,8,88
train_pair_0150,train,liar2_finance,8,88
train_pair_0379,train,liar2_finance,8,88
train_pair_0561,train,liar2_finance,8,88
train_pair_0566,train,liar2_finance,8,88
train_pair_0227,train,liar2_finance,8,88
validation_pair_0091,train,liar2_finance,8,88
validation_pair_0050,train,liar2_finance,8,88
train_pair_0539,train,liar2_finance,8,88
train_pair_0040,train,liar2_finance,8,88
train_pair_0026,train,liar2_finance,8,88
validation_pair_0086,train,liar2_finance,8,88
test_pair_0086,train,liar2_finance,8,88
train_pair_0538,train,liar2_finance,8,88
train_pair_0752,train,liar2_finance,8,88
validation_pair_0079,train,liar2_finance,8,88
train_pair_0476,train,liar2_finance,8,88
validation_pair_0088,train,liar2_finance,8,88
train_pair_0314,train,liar2_finance,8,88
train_pair_0123,train,liar2_finance,8,88
train_pair_0742,train,liar2_finance,8,88
validation_pair_0019,train,liar2_finance,8,88
test_pair_0093,train,liar2_finance,8,88
test_pair_0033,train,liar2_finance,8,88
train_pair_0679,train,liar2_finance,8,88
validation_pair_0006,train,liar2_finance,8,88
train_pair_0542,train,liar2_finance,8,88
train_pair_0614,train,liar2_finance,8,88
train_pair_0240,train,liar2_finance,8,88
train_pair_0389,train,liar2_finance,8,88
train_pair_0560,train,liar2_finance,8,88
train_pair_0709,train,liar2_finance,8,88
train_pair_0339,train,liar2_finance,8,88
train_pair_0336,train,liar2_finance,8,88
validation_pair_0043,train,liar2_finance,8,88
train_pair_0433,train,liar2_finance,8,88
train_pair_0029,train,liar2_finance,8,88
validation_pair_0096,train,liar2_finance,8,88
test_pair_0029,train,liar2_finance,8,88
train_pair_0490,train,liar2_finance,8,88
validation_pair_0010,train,liar2_finance,8,88
train_pair_0188,train,liar2_finance,8,88
train_pair_0666,train,liar2_finance,8,88
train_pair_0604,train,liar2_finance,8,88
validation_pair_0059,train,liar2_finance,8,88
train_pair_0009,train,liar2_finance,8,88
train_pair_0121,train,liar2_finance,8,88
train_pair_0214,train,liar2_finance,8,88
train_pair_0515,train,liar2_finance,8,88
train_pair_0466,train,liar2_finance,8,88
train_pair_0156,train,liar2_finance,8,88
train_pair_0482,train,liar2_finance,8,88
train_pair_0472,train,liar2_finance,8,88
train_pair_0288,train,liar2_finance,8,88
train_pair_0136,train,liar2_finance,8,88
train_pair_0481,train,liar2_finance,8,88
train_pair_0189,train,liar2_finance,8,88
train_pair_0575,train,liar2_finance,8,88
train_pair_0030,train,liar2_finance,8,88
train_pair_0467,train,liar2_finance,8,88
train_pair_0033,train,liar2_finance,8,88
validation_pair_0048,train,liar2_finance,8,88
validation_pair_0012,train,liar2_finance,8,88
train_pair_0555,train,liar2_finance,8,88
train_pair_0495,train,liar2_finance,8,88
test_pair_0081,train,liar2_finance,8,88
train_pair_0444,train,liar2_finance,8,88
train_pair_0603,train,liar2_finance,8,88
train_pair_0248,train,liar2_finance,8,88
train_pair_0750,train,liar2_finance,8,88
train_pair_0438,train,liar2_finance,8,88
train_pair_0315,train,liar2_finance,8,88
train_pair_0549,train,liar2_finance,8,88
train_pair_0798,train,liar2_finance,8,88
validation_pair_0114,train,liar2_finance,8,88
train_pair_0525,train,liar2_finance,8,88
test_pair_0016,train,liar2_finance,8,88
train_pair_0054,train,liar2_finance,8,88
train_pair_0079,train,liar2_finance,8,88
validation_pair_0014,train,liar2_finance,8,88
test_pair_0010,train,liar2_finance,8,88
train_pair_0153,train,liar2_finance,8,88
train_pair_0043,train,liar2_finance,8,88
test_pair_0004,train,liar2_finance,8,88
train_pair_0610,train,liar2_finance,8,88
train_pair_0544,train,liar2_finance,8,88
train_pair_0805,train,liar2_finance,8,88
test_pair_0017,train,liar2_finance,8,88
validation_pair_0036,train,liar2_finance,8,88
train_pair_0340,train,liar2_finance,8,88
train_pair_0396,train,liar2_finance,8,88
train_pair_0729,train,liar2_finance,8,88
train_pair_0172,train,liar2_finance,8,88
train_pair_0646,train,liar2_finance,8,88
train_pair_0768,train,liar2_finance,8,88
train_pair_0069,train,liar2_finance,8,88
test_pair_0038,train,liar2_finance,8,88
train_pair_0022,train,liar2_finance,8,88
train_pair_0642,train,liar2_finance,8,88
train_pair_0010,train,liar2_finance,8,88
train_pair_0119,train,liar2_finance,8,88
train_pair_0468,train,liar2_finance,8,88
train_pair_0653,train,liar2_finance,8,88
train_pair_0147,train,liar2_finance,8,88
train_pair_0706,train,liar2_finance,8,88
validation_pair_0024,train,liar2_finance,8,88
train_pair_0408,train,liar2_finance,8,88
train_pair_0280,train,liar2_finance,8,88
train_pair_0662,train,liar2_finance,8,88
test_pair_0074,train,liar2_finance,8,88
train_pair_0247,train,liar2_finance,8,88
test_pair_0046,train,liar2_finance,8,88
train_pair_0236,train,liar2_finance,8,88
train_pair_0137,train,liar2_finance,8,88
train_pair_0357,train,liar2_finance,8,88
train_pair_0644,train,liar2_finance,8,88
train_pair_0797,train,liar2_finance,8,88
validation_pair_0004,train,liar2_finance,8,88
test_pair_0019,train,liar2_finance,8,88
validation_pair_0020,train,liar2_finance,8,88
train_pair_0658,train,liar2_finance,8,88
train_pair_0528,train,liar2_finance,8,88
test_pair_0037,train,liar2_finance,8,88
train_pair_0259,train,liar2_finance,8,88
train_pair_0278,train,liar2_finance,8,88
train_pair_0443,train,liar2_finance,8,88
train_pair_0200,train,liar2_finance,8,88
train_pair_0449,train,liar2_finance,8,88
train_pair_0710,train,liar2_finance,8,88
train_pair_0273,train,liar2_finance,8,88
train_pair_0125,train,liar2_finance,8,88
train_pair_0176,train,liar2_finance,8,88
validation_pair_0058,train,liar2_finance,8,88
test_pair_0082,train,liar2_finance,8,88
train_pair_0655,train,liar2_finance,8,88
train_pair_0387,train,liar2_finance,8,88
train_pair_0553,train,liar2_finance,8,88
train_pair_0565,train,liar2_finance,8,88
train_pair_0753,train,liar2_finance,8,88
test_pair_0007,train,liar2_finance,8,88
train_pair_0715,train,liar2_finance,8,88
train_pair_0364,train,liar2_finance,8,88
train_pair_0146,train,liar2_finance,8,88
validation_pair_0022,train,liar2_finance,8,88
train_pair_0474,train,liar2_finance,8,88
train_pair_0738,train,liar2_finance,8,88
test_pair_0045,train,liar2_finance,8,88
train_pair_0325,train,liar2_finance,8,88
train_pair_0228,train,liar2_finance,8,88
train_pair_0400,train,liar2_finance,8,88
train_pair_0583,train,liar2_finance,8,88
train_pair_0186,train,liar2_finance,8,88
train_pair_0312,train,liar2_finance,8,88
train_pair_0170,train,liar2_finance,8,88
train_pair_0572,train,liar2_finance,8,88
train_pair_0487,train,liar2_finance,8,88
train_pair_0225,train,liar2_finance,8,88
train_pair_0064,train,liar2_finance,8,88
train_pair_0718,train,liar2_finance,8,88
train_pair_0222,train,liar2_finance,8,88
train_pair_0589,train,liar2_finance,8,88
train_pair_0660,train,liar2_finance,8,88
train_pair_0625,train,liar2_finance,8,88
train_pair_0511,train,liar2_finance,8,88
train_pair_0283,train,liar2_finance,8,88
train_pair_0363,train,liar2_finance,8,88
train_pair_0094,train,liar2_finance,8,88
train_pair_0496,train,liar2_finance,8,88
train_pair_0023,train,liar2_finance,8,88
train_pair_0334,train,liar2_finance,8,88
train_pair_0757,train,liar2_finance,8,88
train_pair_0047,train,liar2_finance,8,88
train_pair_0564,train,liar2_finance,8,88
train_pair_0445,train,liar2_finance,8,88
train_pair_0045,train,liar2_finance,8,88
train_pair_0422,train,liar2_finance,8,88
train_pair_0141,train,liar2_finance,8,88
train_pair_0455,train,liar2_finance,8,88
validation_pair_0042,train,liar2_finance,8,88
train_pair_0418,train,liar2_finance,8,88
train_pair_0196,train,liar2_finance,8,88
train_pair_0061,train,liar2_finance,8,88
test_pair_0026,train,liar2_finance,8,88
train_pair_0241,train,liar2_finance,8,88
train_pair_0649,train,liar2_finance,8,88
test_pair_0073,train,liar2_finance,8,88
train_pair_0004,train,liar2_finance,8,88
train_pair_0727,train,liar2_finance,8,88
test_pair_0034,train,liar2_finance,8,88
test_pair_0030,train,liar2_finance,8,88
train_pair_0102,train,liar2_finance,8,88
validation_pair_0028,train,liar2_finance,8,88
train_pair_0550,train,liar2_finance,8,88
validation_pair_0029,train,liar2_finance,8,88
validation_pair_0003,train,liar2_finance,8,88
train_pair_0682,train,liar2_finance,8,88
validation_pair_0032,train,liar2_finance,8,88
train_pair_0185,train,liar2_finance,8,88
train_pair_0637,train,liar2_finance,8,88
train_pair_0097,train,liar2_finance,8,88
train_pair_0272,train,liar2_finance,8,88
validation_pair_0011,train,liar2_finance,8,88
validation_pair_0013,train,liar2_finance,8,88
train_pair_0139,train,liar2_finance,8,88
train_pair_0534,train,liar2_finance,8,88
train_pair_0456,train,liar2_finance,8,88
train_pair_0451,train,liar2_finance,8,88
train_pair_0173,train,liar2_finance,8,88
train_pair_0402,train,liar2_finance,8,88
train_pair_0331,train,liar2_finance,8,88
train_pair_0143,train,liar2_finance,8,88
train_pair_0429,train,liar2_finance,8,88
train_pair_0585,train,liar2_finance,8,88
train_pair_0794,train,liar2_finance,8,88
train_pair_0501,train,liar2_finance,8,88
train_pair_0158,train,liar2_finance,8,88
train_pair_0212,train,liar2_finance,8,88
train_pair_0607,train,liar2_finance,8,88
train_pair_0701,train,liar2_finance,8,88
train_pair_0275,train,liar2_finance,8,88
train_pair_0242,train,liar2_finance,8,88
train_pair_0207,train,liar2_finance,8,88
train_pair_0622,train,liar2_finance,8,88
test_pair_0047,train,liar2_finance,8,88
train_pair_0182,train,liar2_finance,8,88
train_pair_0669,train,liar2_finance,8,88
train_pair_0809,train,liar2_finance,8,88
train_pair_0808,train,liar2_finance,8,88
train_pair_0329,train,liar2_finance,8,88
train_pair_0498,train,liar2_finance,8,88
train_pair_0095,train,liar2_finance,8,88
train_pair_0777,train,liar2_finance,8,88
train_pair_0667,train,liar2_finance,8,88
train_pair_0771,train,liar2_finance,8,88
train_pair_0257,train,liar2_finance,8,88
test_pair_0040,train,liar2_finance,8,88
train_pair_0019,train,liar2_finance,8,88
train_pair_0615,train,liar2_finance,8,88
train_pair_0420,train,liar2_finance,8,88
train_pair_0384,train,liar2_finance,8,88
train_pair_0051,train,liar2_finance,8,88
train_pair_0596,train,liar2_finance,8,88
train_pair_0499,train,liar2_finance,8,88
train_pair_0145,train,liar2_finance,8,88
train_pair_0124,train,liar2_finance,8,88
train_pair_0401,train,liar2_finance,8,88
train_pair_0811,train,liar2_finance,8,88
train_pair_0488,train,liar2_finance,8,88
validation_pair_0023,train,liar2_finance,8,88
train_pair_0313,train,liar2_finance,8,88
train_pair_0403,train,liar2_finance,8,88
train_pair_0664,train,liar2_finance,8,88
train_pair_0231,train,liar2_finance,8,88
train_pair_0041,train,liar2_finance,8,88
train_pair_0113,train,liar2_finance,8,88
validation_pair_0025,train,liar2_finance,8,88
test_pair_0061,train,liar2_finance,8,88
validation_pair_0097,train,liar2_finance,8,88
train_pair_0381,train,liar2_finance,8,88
train_pair_0732,train,liar2_finance,8,88
train_pair_0277,train,liar2_finance,8,88
train_pair_0711,train,liar2_finance,8,88
train_pair_0393,train,liar2_finance,8,88
test_pair_0065,train,liar2_finance,8,88
train_pair_0087,train,liar2_finance,8,88
train_pair_0090,train,liar2_finance,8,88
train_pair_0724,train,liar2_finance,8,88
train_pair_0480,train,liar2_finance,8,88
train_pair_0007,train,liar2_finance,8,88
validation_pair_0001,train,liar2_finance,8,88
train_pair_0536,train,liar2_finance,8,88
test_pair_0011,train,liar2_finance,8,88
train_pair_0562,train,liar2_finance,8,88
train_pair_0266,train,liar2_finance,8,88
train_pair_0374,train,liar2_finance,8,88
validation_pair_0009,train,liar2_finance,8,88
train_pair_0486,train,liar2_finance,8,88
train_pair_0526,train,liar2_finance,8,88
train_pair_0762,train,liar2_finance,8,88
train_pair_0613,train,liar2_finance,8,88
train_pair_0535,train,liar2_finance,8,88
validation_pair_0081,train,liar2_finance,8,88
train_pair_0491,train,liar2_finance,8,88
train_pair_0309,train,liar2_finance,8,88
train_pair_0157,train,liar2_finance,8,88
train_pair_0048,train,liar2_finance,8,88
train_pair_0804,train,liar2_finance,8,88
train_pair_0213,train,liar2_finance,8,88
validation_pair_0044,train,liar2_finance,8,88
test_pair_0078,train,liar2_finance,8,88
train_pair_0747,train,liar2_finance,8,88
train_pair_0513,train,liar2_finance,8,88
train_pair_0716,train,liar2_finance,8,88
validation_pair_0008,train,liar2_finance,8,88
train_pair_0600,train,liar2_finance,8,88
train_pair_0180,train,liar2_finance,8,88
train_pair_0650,train,liar2_finance,8,88
train_pair_0672,train,liar2_finance,8,88
train_pair_0202,train,liar2_finance,8,88
test_pair_0084,train,liar2_finance,8,88
train_pair_0631,train,liar2_finance,8,88
test_pair_0063,train,liar2_finance,8,88
train_pair_0628,train,liar2_finance,8,88
train_pair_0731,train,liar2_finance,8,88
train_pair_0683,train,liar2_finance,8,88
train_pair_0120,train,liar2_finance,8,88
train_pair_0741,train,liar2_finance,8,88
train_pair_0127,train,liar2_finance,8,88
train_pair_0522,train,liar2_finance,8,88
train_pair_0618,train,liar2_finance,8,88
test_pair_0087,train,liar2_finance,8,88
train_pair_0723,train,liar2_finance,8,88
train_pair_0320,train,liar2_finance,8,88
train_pair_0294,train,liar2_finance,8,88
train_pair_0390,train,liar2_finance,8,88
train_pair_0105,train,liar2_finance,8,88
validation_pair_0033,train,liar2_finance,8,88
train_pair_0754,train,liar2_finance,8,88
train_pair_0376,train,liar2_finance,8,88
train_pair_0161,train,liar2_finance,8,88
train_pair_0425,train,liar2_finance,8,88
train_pair_0168,train,liar2_finance,8,88
train_pair_0423,train,liar2_finance,8,88
validation_pair_0026,train,liar2_finance,8,88
train_pair_0270,train,liar2_finance,8,88
train_pair_0593,train,liar2_finance,8,88
train_pair_0239,train,liar2_finance,8,88
train_pair_0756,train,liar2_finance,8,88
train_pair_0789,train,liar2_finance,8,88
train_pair_0198,train,liar2_finance,8,88
train_pair_0020,train,liar2_finance,8,88
train_pair_0717,train,liar2_finance,8,88
train_pair_0556,train,liar2_finance,8,88
train_pair_0636,train,liar2_finance,8,88
train_pair_0409,train,liar2_finance,8,88
validation_pair_0087,train,liar2_finance,8,88
validation_pair_0076,train,liar2_finance,8,88
train_pair_0540,train,liar2_finance,8,88
train_pair_0411,train,liar2_finance,8,88
train_pair_0807,train,liar2_finance,8,88
validation_pair_0089,train,liar2_finance,8,88
train_pair_0737,train,liar2_finance,8,88
test_pair_0042,train,liar2_finance,8,88
train_pair_0055,train,liar2_finance,8,88
train_pair_0098,train,liar2_finance,8,88
train_pair_0206,train,liar2_finance,8,88
train_pair_0154,train,liar2_finance,8,88
train_pair_0708,train,liar2_finance,8,88
train_pair_0786,train,liar2_finance,8,88
validation_pair_0055,train,liar2_finance,8,88
train_pair_0697,train,liar2_finance,8,88
train_pair_0749,train,liar2_finance,8,88
train_pair_0767,train,liar2_finance,8,88
train_pair_0245,train,liar2_finance,8,88
train_pair_0229,train,liar2_finance,8,88
train_pair_0441,train,liar2_finance,8,88
validation_pair_0084,train,liar2_finance,8,88
train_pair_0812,train,liar2_finance,8,88
train_pair_0758,train,liar2_finance,8,88
train_pair_0215,train,liar2_finance,8,88
validation_pair_0066,train,liar2_finance,8,88
train_pair_0725,train,liar2_finance,8,88
validation_pair_0065,train,liar2_finance,8,88
train_pair_0264,train,liar2_finance,8,88
train_pair_0457,train,liar2_finance,8,88
train_pair_0262,train,liar2_finance,8,88
test_pair_0092,train,liar2_finance,8,88
train_pair_0282,train,liar2_finance,8,88
test_pair_0075,train,liar2_finance,8,88
train_pair_0815,train,liar2_finance,8,88
test_pair_0090,train,liar2_finance,8,88
train_pair_0780,train,liar2_finance,8,88
train_pair_0342,train,liar2_finance,8,88
train_pair_0453,train,liar2_finance,8,88
train_pair_0370,train,liar2_finance,8,88
train_pair_0497,train,liar2_finance,8,88
train_pair_0574,train,liar2_finance,8,88
validation_pair_0047,train,liar2_finance,8,88
validation_pair_0046,train,liar2_finance,8,88
validation_pair_0112,train,liar2_finance,8,88
validation_pair_0085,train,liar2_finance,8,88
train_pair_0719,train,liar2_finance,8,88
train_pair_0392,train,liar2_finance,8,88
train_pair_0599,train,liar2_finance,8,88
train_pair_0110,train,liar2_finance,8,88
test_pair_0049,train,liar2_finance,8,88
train_pair_0665,train,liar2_finance,8,88
train_pair_0699,train,liar2_finance,8,88
validation_pair_0069,train,liar2_finance,8,88
train_pair_0458,train,liar2_finance,8,88
train_pair_0238,train,liar2_finance,8,88
train_pair_0801,train,liar2_finance,8,88
train_pair_0076,train,liar2_finance,8,88
train_pair_0506,train,liar2_finance,8,88
train_pair_0439,train,liar2_finance,8,88
train_pair_0597,train,liar2_finance,8,88
validation_pair_0080,train,liar2_finance,8,88
train_pair_0775,train,liar2_finance,8,88
train_pair_0075,train,liar2_finance,8,88
train_pair_0327,train,liar2_finance,8,88
validation_pair_0053,train,liar2_finance,8,88
train_pair_0427,train,liar2_finance,8,88
validation_pair_0101,train,liar2_finance,8,88
train_pair_0521,train,liar2_finance,8,88
train_pair_0276,train,liar2_finance,8,88
validation_pair_0099,train,liar2_finance,8,88
train_pair_0713,train,liar2_finance,8,88
train_pair_0296,train,liar2_finance,8,88
train_pair_0477,train,liar2_finance,8,88
train_pair_0483,train,liar2_finance,8,88
test_pair_0091,train,liar2_finance,8,88
train_pair_0659,train,liar2_finance,8,88
test_pair_0008,train,liar2_finance,8,88
train_pair_0165,train,liar2_finance,8,88
train_pair_0096,train,liar2_finance,8,88
train_pair_0520,train,liar2_finance,8,88
train_pair_0421,train,liar2_finance,8,88
train_pair_0763,train,liar2_finance,8,88
validation_pair_0113,train,liar2_finance,8,88
train_pair_0661,train,liar2_finance,8,88
train_pair_0351,train,liar2_finance,8,88
train_pair_0694,train,liar2_finance,8,88
train_pair_0193,train,liar2_finance,8,88
train_pair_0527,train,liar2_finance,8,88
train_pair_0577,train,liar2_finance,8,88
train_pair_0684,train,liar2_finance,8,88
train_pair_0059,train,liar2_finance,8,88
train_pair_0362,train,liar2_finance,8,88
train_pair_0579,train,liar2_finance,8,88
train_pair_0471,train,liar2_finance,8,88
train_pair_0108,train,liar2_finance,8,88
train_pair_0512,train,liar2_finance,8,88
train_pair_0021,train,liar2_finance,8,88
test_pair_0001,train,liar2_finance,8,88
train_pair_0058,train,liar2_finance,8,88
train_pair_0285,train,liar2_finance,8,88
validation_pair_0098,train,liar2_finance,8,88
train_pair_0385,train,liar2_finance,8,88
validation_pair_0100,train,liar2_finance,8,88
train_pair_0311,train,liar2_finance,8,88
train_pair_0038,train,liar2_finance,8,88
train_pair_0046,train,liar2_finance,8,88
train_pair_0592,train,liar2_finance,8,88
train_pair_0735,train,liar2_finance,8,88
validation_pair_0039,train,liar2_finance,8,88
train_pair_0548,train,liar2_finance,8,88
train_pair_0369,train,liar2_finance,8,88
validation_pair_0083,train,liar2_finance,8,88
validation_pair_0075,train,liar2_finance,8,88
train_pair_0546,train,liar2_finance,8,88
validation_pair_0052,train,liar2_finance,8,88
train_pair_0224,train,liar2_finance,8,88
train_pair_0533,train,liar2_finance,8,88
validation_pair_0017,train,liar2_finance,8,88
validation_pair_0060,train,liar2_finance,8,88
train_pair_0074,train,liar2_finance,8,88
train_pair_0177,train,liar2_finance,8,88
train_pair_0601,train,liar2_finance,8,88
train_pair_0310,train,liar2_finance,8,88
validation_pair_0007,train,liar2_finance,8,88
train_pair_0630,train,liar2_finance,8,88
train_pair_0287,train,liar2_finance,8,88
train_pair_0148,train,liar2_finance,8,88
validation_pair_0067,train,liar2_finance,8,88
train_pair_0545,train,liar2_finance,8,88
test_pair_0020,train,liar2_finance,8,88
train_pair_0657,train,liar2_finance,8,88
train_pair_0303,train,liar2_finance,8,88
train_pair_0703,train,liar2_finance,8,88
train_pair_0609,train,liar2_finance,8,88
train_pair_0803,train,liar2_finance,8,88
train_pair_0300,train,liar2_finance,8,88
train_pair_0413,train,liar2_finance,8,88
train_pair_0025,train,liar2_finance,8,88
train_pair_0770,train,liar2_finance,8,88
train_pair_0582,train,liar2_finance,8,88
train_pair_0321,train,liar2_finance,8,88
train_pair_0160,train,liar2_finance,8,88
test_pair_0043,train,liar2_finance,8,88
train_pair_0430,train,liar2_finance,8,88
train_pair_0493,train,liar2_finance,8,88
train_pair_0289,train,liar2_finance,8,88
train_pair_0514,train,liar2_finance,8,88
train_pair_0378,train,liar2_finance,8,88
train_pair_0230,train,liar2_finance,8,88
train_pair_0243,train,liar2_finance,8,88
train_pair_0635,train,liar2_finance,8,88
validation_pair_0038,train,liar2_finance,8,88
test_pair_0067,train,liar2_finance,8,88
validation_pair_0064,train,liar2_finance,8,88
train_pair_0221,train,liar2_finance,8,88
train_pair_0335,train,liar2_finance,8,88
train_pair_0199,train,liar2_finance,8,88
train_pair_0155,train,liar2_finance,8,88
train_pair_0647,train,liar2_finance,8,88
train_pair_0568,train,liar2_finance,8,88
train_pair_0166,train,liar2_finance,8,88
train_pair_0122,train,liar2_finance,8,88
train_pair_0587,train,liar2_finance,8,88
train_pair_0446,train,liar2_finance,8,88
train_pair_0142,train,liar2_finance,8,88
train_pair_0089,train,liar2_finance,8,88
train_pair_0530,train,liar2_finance,8,88
test_pair_0058,train,liar2_finance,8,88
train_pair_0093,train,liar2_finance,8,88
train_pair_0258,train,liar2_finance,8,88
train_pair_0077,train,liar2_finance,8,88
train_pair_0435,train,liar2_finance,8,88
train_pair_0062,train,liar2_finance,8,88
validation_pair_0095,train,liar2_finance,8,88
train_pair_0673,train,liar2_finance,8,88
train_pair_0689,train,liar2_finance,8,88
train_pair_0194,train,liar2_finance,8,88
validation_pair_0030,train,liar2_finance,8,88
train_pair_0144,train,liar2_finance,8,88
train_pair_0353,train,liar2_finance,8,88
train_pair_0773,train,liar2_finance,8,88
test_pair_0094,train,liar2_finance,8,88
test_pair_0083,train,liar2_finance,8,88
train_pair_0205,train,liar2_finance,8,88
train_pair_0557,train,liar2_finance,8,88
train_pair_0235,train,liar2_finance,8,88
train_pair_0656,train,liar2_finance,8,88
train_pair_0639,train,liar2_finance,8,88
train_pair_0099,train,liar2_finance,8,88
train_pair_0629,train,liar2_finance,8,88
train_pair_0632,train,liar2_finance,8,88
test_pair_0041,train,liar2_finance,8,88
train_pair_0112,train,liar2_finance,8,88
train_pair_0265,train,liar2_finance,8,88
train_pair_0537,train,liar2_finance,8,88
train_pair_0678,train,liar2_finance,8,88
test_pair_0025,train,liar2_finance,8,88
train_pair_0211,train,liar2_finance,8,88
train_pair_0559,train,liar2_finance,8,88
train_pair_0462,train,liar2_finance,8,88
train_pair_0365,train,liar2_finance,8,88
train_pair_0463,train,liar2_finance,8,88
train_pair_0017,train,liar2_finance,8,88
train_pair_0492,train,liar2_finance,8,88
train_pair_0130,train,liar2_finance,8,88
train_pair_0133,train,liar2_finance,8,88
train_pair_0271,train,liar2_finance,8,88
train_pair_0791,train,liar2_finance,8,88
train_pair_0452,train,liar2_finance,8,88
train_pair_0348,train,liar2_finance,8,88
train_pair_0333,train,liar2_finance,8,88
train_pair_0291,train,liar2_finance,8,88
train_pair_0442,train,liar2_finance,8,88
train_pair_0267,train,liar2_finance,8,88
train_pair_0290,train,liar2_finance,8,88
train_pair_0263,train,liar2_finance,8,88
train_pair_0744,train,liar2_finance,8,88
train_pair_0268,train,liar2_finance,8,88
train_pair_0307,train,liar2_finance,8,88
train_pair_0005,train,liar2_finance,8,88
train_pair_0249,train,liar2_finance,8,88
train_pair_0691,train,liar2_finance,8,88
test_pair_0009,train,liar2_finance,8,88
train_pair_0494,train,liar2_finance,8,88
test_pair_0069,train,liar2_finance,8,88
train_pair_0354,train,liar2_finance,8,88
train_pair_0011,train,liar2_finance,8,88
train_pair_0293,train,liar2_finance,8,88
train_pair_0733,train,liar2_finance,8,88
train_pair_0167,train,liar2_finance,8,88
train_pair_0131,train,liar2_finance,8,88
validation_pair_0045,train,liar2_finance,8,88
validation_pair_0034,train,liar2_finance,8,88
train_pair_0295,train,liar2_finance,8,88
train_pair_0674,train,liar2_finance,8,88
train_pair_0648,train,liar2_finance,8,88
train_pair_0500,train,liar2_finance,8,88
validation_pair_0108,train,liar2_finance,8,88
train_pair_0765,train,liar2_finance,8,88
validation_pair_0062,train,liar2_finance,8,88
train_pair_0104,train,liar2_finance,8,88
validation_pair_0090,train,liar2_finance,8,88
train_pair_0571,train,liar2_finance,8,88
train_pair_0299,train,liar2_finance,8,88
train_pair_0633,train,liar2_finance,8,88
train_pair_0037,train,liar2_finance,8,88
validation_pair_0107,train,liar2_finance,8,88
train_pair_0680,train,liar2_finance,8,88
train_pair_0274,train,liar2_finance,8,88
train_pair_0584,train,liar2_finance,8,88
train_pair_0218,train,liar2_finance,8,88
train_pair_0448,train,liar2_finance,8,88
train_pair_0326,train,liar2_finance,8,88
train_pair_0690,train,liar2_finance,8,88
test_pair_0036,train,liar2_finance,8,88
validation_pair_0015,train,liar2_finance,8,88
train_pair_0140,train,liar2_finance,8,88
train_pair_0014,train,liar2_finance,8,88
train_pair_0640,train,liar2_finance,8,88
train_pair_0450,train,liar2_finance,8,88
train_pair_0464,train,liar2_finance,8,88
validation_pair_0063,train,liar2_finance,8,88
test_pair_0013,train,liar2_finance,8,88
train_pair_0232,train,liar2_finance,8,88
train_pair_0100,train,liar2_finance,8,88
train_pair_0478,train,liar2_finance,8,88
train_pair_0083,train,liar2_finance,8,88
train_pair_0595,train,liar2_finance,8,88
train_pair_0135,train,liar2_finance,8,88
train_pair_0516,train,liar2_finance,8,88
train_pair_0407,train,liar2_finance,8,88
train_pair_0454,train,liar2_finance,8,88
train_pair_0081,train,liar2_finance,8,88
train_pair_0027,train,liar2_finance,8,88
train_pair_0012,train,liar2_finance,8,88
train_pair_0328,train,liar2_finance,8,88
validation_pair_0093,train,liar2_finance,8,88
train_pair_0080,train,liar2_finance,8,88
train_pair_0220,train,liar2_finance,8,88
train_pair_0001,train,liar2_finance,8,88
train_pair_0082,train,liar2_finance,8,88
train_pair_0246,train,liar2_finance,8,88
train_pair_0410,train,liar2_finance,8,88
train_pair_0792,train,liar2_finance,8,88
train_pair_0722,train,liar2_finance,8,88
train_pair_0126,train,liar2_finance,8,88
train_pair_0254,train,liar2_finance,8,88
train_pair_0118,train,liar2_finance,8,88
train_pair_0787,train,liar2_finance,8,88
validation_pair_0073,train,liar2_finance,8,88
train_pair_0416,train,liar2_finance,8,88
train_pair_0181,train,liar2_finance,8,88
train_pair_0350,train,liar2_finance,8,88
train_pair_0692,train,liar2_finance,8,88
train_pair_0745,train,liar2_finance,8,88
train_pair_0799,train,liar2_finance,8,88
train_pair_0035,train,liar2_finance,8,88
train_pair_0134,train,liar2_finance,8,88
test_pair_0062,train,liar2_finance,8,88
train_pair_0184,train,liar2_finance,8,88
train_pair_0594,train,liar2_finance,8,88
train_pair_0226,train,liar2_finance,8,88
train_pair_0129,train,liar2_finance,8,88
train_pair_0223,train,liar2_finance,8,88
train_pair_0507,train,liar2_finance,8,88
validation_pair_0103,train,liar2_finance,8,88
train_pair_0510,train,liar2_finance,8,88
train_pair_0431,train,liar2_finance,8,88
train_pair_0761,train,liar2_finance,8,88
train_pair_0779,train,liar2_finance,8,88
train_pair_0688,train,liar2_finance,8,88
train_pair_0162,train,liar2_finance,8,88
test_pair_0076,train,liar2_finance,8,88
train_pair_0244,train,liar2_finance,8,88
validation_pair_0078,train,liar2_finance,8,88
test_pair_0012,train,liar2_finance,8,88
validation_pair_0031,train,liar2_finance,8,88
train_pair_0704,train,liar2_finance,8,88
train_pair_0541,train,liar2_finance,8,88
train_pair_0616,train,liar2_finance,8,88
train_pair_0003,train,liar2_finance,8,88
train_pair_0305,train,liar2_finance,8,88
train_pair_0343,train,liar2_finance,8,88
validation_pair_0110,train,liar2_finance,8,88
validation_pair_0061,train,liar2_finance,8,88
validation_pair_0094,train,liar2_finance,8,88
train_pair_0171,train,liar2_finance,8,88
train_pair_0085,train,liar2_finance,8,88
train_pair_0367,train,liar2_finance,8,88
train_pair_0590,train,liar2_finance,8,88
train_pair_0394,train,liar2_finance,8,88
train_pair_0720,train,liar2_finance,8,88
validation_pair_0105,validation,liar2_finance,8,88
train_pair_0216,validation,liar2_finance,8,88
train_pair_0073,validation,liar2_finance,8,88
train_pair_0606,validation,liar2_finance,8,88
train_pair_0375,validation,liar2_finance,8,88
train_pair_0415,validation,liar2_finance,8,88
train_pair_0766,validation,liar2_finance,8,88
train_pair_0814,validation,liar2_finance,8,88
train_pair_0337,validation,liar2_finance,8,88
train_pair_0002,validation,liar2_finance,8,88
train_pair_0570,validation,liar2_finance,8,88
test_pair_0079,validation,liar2_finance,8,88
train_pair_0067,validation,liar2_finance,8,88
train_pair_0676,validation,liar2_finance,8,88
validation_pair_0041,validation,liar2_finance,8,88
train_pair_0608,validation,liar2_finance,8,88
train_pair_0751,validation,liar2_finance,8,88
train_pair_0209,validation,liar2_finance,8,88
train_pair_0489,validation,liar2_finance,8,88
train_pair_0730,validation,liar2_finance,8,88
train_pair_0015,validation,liar2_finance,8,88
train_pair_0032,validation,liar2_finance,8,88
train_pair_0769,validation,liar2_finance,8,88
train_pair_0373,validation,liar2_finance,8,88
train_pair_0428,validation,liar2_finance,8,88
train_pair_0391,validation,liar2_finance,8,88
train_pair_0261,validation,liar2_finance,8,88
test_pair_0027,validation,liar2_finance,8,88
train_pair_0440,validation,liar2_finance,8,88
train_pair_0183,validation,liar2_finance,8,88
train_pair_0502,validation,liar2_finance,8,88
train_pair_0700,validation,liar2_finance,8,88
train_pair_0509,validation,liar2_finance,8,88
test_pair_0071,validation,liar2_finance,8,88
train_pair_0341,validation,liar2_finance,8,88
validation_pair_0005,validation,liar2_finance,8,88
train_pair_0332,validation,liar2_finance,8,88
train_pair_0174,validation,liar2_finance,8,88
train_pair_0366,validation,liar2_finance,8,88
train_pair_0397,validation,liar2_finance,8,88
train_pair_0149,validation,liar2_finance,8,88
test_pair_0051,validation,liar2_finance,8,88
train_pair_0316,validation,liar2_finance,8,88
train_pair_0380,validation,liar2_finance,8,88
validation_pair_0002,validation,liar2_finance,8,88
train_pair_0349,validation,liar2_finance,8,88
train_pair_0764,validation,liar2_finance,8,88
train_pair_0386,validation,liar2_finance,8,88
validation_pair_0057,validation,liar2_finance,8,88
train_pair_0790,validation,liar2_finance,8,88
train_pair_0505,validation,liar2_finance,8,88
train_pair_0338,validation,liar2_finance,8,88
train_pair_0782,validation,liar2_finance,8,88
train_pair_0810,validation,liar2_finance,8,88
validation_pair_0072,validation,liar2_finance,8,88
train_pair_0641,validation,liar2_finance,8,88
validation_pair_0027,validation,liar2_finance,8,88
train_pair_0164,validation,liar2_finance,8,88
train_pair_0191,validation,liar2_finance,8,88
test_pair_0055,validation,liar2_finance,8,88
train_pair_0013,validation,liar2_finance,8,88
train_pair_0475,validation,liar2_finance,8,88
test_pair_0028,validation,liar2_finance,8,88
train_pair_0251,validation,liar2_finance,8,88
train_pair_0685,validation,liar2_finance,8,88
train_pair_0308,validation,liar2_finance,8,88
test_pair_0032,validation,liar2_finance,8,88
train_pair_0696,validation,liar2_finance,8,88
train_pair_0686,validation,liar2_finance,8,88
test_pair_0054,validation,liar2_finance,8,88
train_pair_0638,validation,liar2_finance,8,88
train_pair_0284,validation,liar2_finance,8,88
train_pair_0802,validation,liar2_finance,8,88
validation_pair_0102,validation,liar2_finance,8,88
test_pair_0085,validation,liar2_finance,8,88
train_pair_0581,validation,liar2_finance,8,88
train_pair_0356,validation,liar2_finance,8,88
train_pair_0237,validation,liar2_finance,8,88
test_pair_0080,validation,liar2_finance,8,88
train_pair_0052,validation,liar2_finance,8,88
train_pair_0485,validation,liar2_finance,8,88
train_pair_0234,validation,liar2_finance,8,88
train_pair_0437,validation,liar2_finance,8,88
validation_pair_0016,validation,liar2_finance,8,88
train_pair_0580,validation,liar2_finance,8,88
test_pair_0003,validation,liar2_finance,8,88
train_pair_0567,validation,liar2_finance,8,88
train_pair_0091,validation,liar2_finance,8,88
train_pair_0175,validation,liar2_finance,8,88
train_pair_0800,validation,liar2_finance,8,88
train_pair_0547,validation,liar2_finance,8,88
train_pair_0323,validation,liar2_finance,8,88
train_pair_0018,validation,liar2_finance,8,88
train_pair_0503,validation,liar2_finance,8,88
train_pair_0781,validation,liar2_finance,8,88
train_pair_0151,validation,liar2_finance,8,88
train_pair_0388,validation,liar2_finance,8,88
train_pair_0078,validation,liar2_finance,8,88
train_pair_0169,validation,liar2_finance,8,88
train_pair_0436,validation,liar2_finance,8,88
train_pair_0107,validation,liar2_finance,8,88
test_pair_0060,validation,liar2_finance,8,88
train_pair_0695,test,liar2_finance,8,88
validation_pair_0077,test,liar2_finance,8,88
train_pair_0588,test,liar2_finance,8,88
train_pair_0681,test,liar2_finance,8,88
train_pair_0056,test,liar2_finance,8,88
train_pair_0398,test,liar2_finance,8,88
train_pair_0643,test,liar2_finance,8,88
train_pair_0784,test,liar2_finance,8,88
train_pair_0163,test,liar2_finance,8,88
train_pair_0204,test,liar2_finance,8,88
train_pair_0569,test,liar2_finance,8,88
train_pair_0778,test,liar2_finance,8,88
train_pair_0250,test,liar2_finance,8,88
train_pair_0347,test,liar2_finance,8,88
validation_pair_0049,test,liar2_finance,8,88
train_pair_0788,test,liar2_finance,8,88
train_pair_0344,test,liar2_finance,8,88
test_pair_0023,test,liar2_finance,8,88
test_pair_0052,test,liar2_finance,8,88
train_pair_0260,test,liar2_finance,8,88
train_pair_0783,test,liar2_finance,8,88
train_pair_0576,test,liar2_finance,8,88
test_pair_0039,test,liar2_finance,8,88
train_pair_0101,test,liar2_finance,8,88
train_pair_0178,test,liar2_finance,8,88
train_pair_0256,test,liar2_finance,8,88
train_pair_0358,test,liar2_finance,8,88
train_pair_0138,test,liar2_finance,8,88
train_pair_0447,test,liar2_finance,8,88
validation_pair_0018,test,liar2_finance,8,88
test_pair_0006,test,liar2_finance,8,88
train_pair_0298,test,liar2_finance,8,88
train_pair_0115,test,liar2_finance,8,88
validation_pair_0109,test,liar2_finance,8,88
train_pair_0269,test,liar2_finance,8,88
train_pair_0063,test,liar2_finance,8,88
train_pair_0042,test,liar2_finance,8,88
train_pair_0060,test,liar2_finance,8,88
train_pair_0066,test,liar2_finance,8,88
train_pair_0414,test,liar2_finance,8,88
train_pair_0461,test,liar2_finance,8,88
train_pair_0233,test,liar2_finance,8,88
train_pair_0039,test,liar2_finance,8,88
train_pair_0619,test,liar2_finance,8,88
train_pair_0484,test,liar2_finance,8,88
validation_pair_0040,test,liar2_finance,8,88
train_pair_0670,test,liar2_finance,8,88
train_pair_0281,test,liar2_finance,8,88
train_pair_0008,test,liar2_finance,8,88
test_pair_0089,test,liar2_finance,8,88
train_pair_0419,test,liar2_finance,8,88
test_pair_0056,test,liar2_finance,8,88
train_pair_0297,test,liar2_finance,8,88
test_pair_0088,test,liar2_finance,8,88
validation_pair_0111,test,liar2_finance,8,88
train_pair_0345,test,liar2_finance,8,88
train_pair_0529,test,liar2_finance,8,88
train_pair_0671,test,liar2_finance,8,88
train_pair_0776,test,liar2_finance,8,88
train_pair_0677,test,liar2_finance,8,88
train_pair_0109,test,liar2_finance,8,88
train_pair_0006,test,liar2_finance,8,88
train_pair_0072,test,liar2_finance,8,88
test_pair_0005,test,liar2_finance,8,88
train_pair_0714,test,liar2_finance,8,88
test_pair_0002,test,liar2_finance,8,88
train_pair_0795,test,liar2_finance,8,88
train_pair_0712,test,liar2_finance,8,88
train_pair_0739,test,liar2_finance,8,88
train_pair_0759,test,liar2_finance,8,88
validation_pair_0082,test,liar2_finance,8,88
train_pair_0065,test,liar2_finance,8,88
test_pair_0059,test,liar2_finance,8,88
train_pair_0036,test,liar2_finance,8,88
train_pair_0197,test,liar2_finance,8,88
train_pair_0623,test,liar2_finance,8,88
test_pair_0064,test,liar2_finance,8,88
train_pair_0586,test,liar2_finance,8,88
train_pair_0558,test,liar2_finance,8,88
validation_pair_0051,test,liar2_finance,8,88
train_pair_0016,test,liar2_finance,8,88
train_pair_0554,test,liar2_finance,8,88
train_pair_0755,test,liar2_finance,8,88
train_pair_0806,test,liar2_finance,8,88
train_pair_0620,test,liar2_finance,8,88
train_pair_0159,test,liar2_finance,8,88
train_pair_0617,test,liar2_finance,8,88
train_pair_0111,test,liar2_finance,8,88
train_pair_0406,test,liar2_finance,8,88
train_pair_0219,test,liar2_finance,8,88
train_pair_0395,test,liar2_finance,8,88
test_pair_0021,test,liar2_finance,8,88
train_pair_0322,test,liar2_finance,8,88
train_pair_0543,test,liar2_finance,8,88
train_pair_0417,test,liar2_finance,8,88
test_pair_0018,test,liar2_finance,8,88
train_pair_0602,test,liar2_finance,8,88
train_pair_0088,test,liar2_finance,8,88
train_pair_0627,test,liar2_finance,8,88
train_pair_0460,test,liar2_finance,8,88
train_pair_0470,test,liar2_finance,8,88
train_pair_0368,test,liar2_finance,8,88
train_pair_0805,train,liar2_finance,9,99
train_pair_0705,train,liar2_finance,9,99
train_pair_0185,train,liar2_finance,9,99
train_pair_0607,train,liar2_finance,9,99
train_pair_0033,train,liar2_finance,9,99
train_pair_0062,train,liar2_finance,9,99
train_pair_0226,train,liar2_finance,9,99
train_pair_0228,train,liar2_finance,9,99
test_pair_0072,train,liar2_finance,9,99
train_pair_0615,train,liar2_finance,9,99
validation_pair_0037,train,liar2_finance,9,99
train_pair_0421,train,liar2_finance,9,99
train_pair_0131,train,liar2_finance,9,99
train_pair_0060,train,liar2_finance,9,99
train_pair_0487,train,liar2_finance,9,99
train_pair_0241,train,liar2_finance,9,99
validation_pair_0031,train,liar2_finance,9,99
train_pair_0110,train,liar2_finance,9,99
test_pair_0008,train,liar2_finance,9,99
train_pair_0488,train,liar2_finance,9,99
train_pair_0696,train,liar2_finance,9,99
train_pair_0035,train,liar2_finance,9,99
test_pair_0077,train,liar2_finance,9,99
train_pair_0188,train,liar2_finance,9,99
train_pair_0744,train,liar2_finance,9,99
train_pair_0288,train,liar2_finance,9,99
train_pair_0481,train,liar2_finance,9,99
validation_pair_0077,train,liar2_finance,9,99
train_pair_0361,train,liar2_finance,9,99
train_pair_0030,train,liar2_finance,9,99
test_pair_0035,train,liar2_finance,9,99
train_pair_0462,train,liar2_finance,9,99
train_pair_0598,train,liar2_finance,9,99
validation_pair_0052,train,liar2_finance,9,99
validation_pair_0074,train,liar2_finance,9,99
train_pair_0479,train,liar2_finance,9,99
train_pair_0057,train,liar2_finance,9,99
train_pair_0782,train,liar2_finance,9,99
test_pair_0092,train,liar2_finance,9,99
train_pair_0543,train,liar2_finance,9,99
train_pair_0656,train,liar2_finance,9,99
train_pair_0797,train,liar2_finance,9,99
train_pair_0059,train,liar2_finance,9,99
train_pair_0502,train,liar2_finance,9,99
test_pair_0071,train,liar2_finance,9,99
train_pair_0263,train,liar2_finance,9,99
train_pair_0451,train,liar2_finance,9,99
train_pair_0305,train,liar2_finance,9,99
train_pair_0297,train,liar2_finance,9,99
train_pair_0331,train,liar2_finance,9,99
train_pair_0358,train,liar2_finance,9,99
train_pair_0168,train,liar2_finance,9,99
test_pair_0087,train,liar2_finance,9,99
train_pair_0024,train,liar2_finance,9,99
train_pair_0676,train,liar2_finance,9,99
train_pair_0651,train,liar2_finance,9,99
train_pair_0757,train,liar2_finance,9,99
train_pair_0791,train,liar2_finance,9,99
train_pair_0739,train,liar2_finance,9,99
train_pair_0194,train,liar2_finance,9,99
train_pair_0800,train,liar2_finance,9,99
train_pair_0070,train,liar2_finance,9,99
train_pair_0437,train,liar2_finance,9,99
test_pair_0032,train,liar2_finance,9,99
train_pair_0285,train,liar2_finance,9,99
train_pair_0554,train,liar2_finance,9,99
validation_pair_0038,train,liar2_finance,9,99
train_pair_0065,train,liar2_finance,9,99
train_pair_0546,train,liar2_finance,9,99
train_pair_0171,train,liar2_finance,9,99
train_pair_0411,train,liar2_finance,9,99
train_pair_0153,train,liar2_finance,9,99
validation_pair_0008,train,liar2_finance,9,99
train_pair_0729,train,liar2_finance,9,99
test_pair_0016,train,liar2_finance,9,99
train_pair_0344,train,liar2_finance,9,99
train_pair_0751,train,liar2_finance,9,99
train_pair_0752,train,liar2_finance,9,99
train_pair_0080,train,liar2_finance,9,99
validation_pair_0007,train,liar2_finance,9,99
train_pair_0391,train,liar2_finance,9,99
train_pair_0713,train,liar2_finance,9,99
train_pair_0123,train,liar2_finance,9,99
train_pair_0025,train,liar2_finance,9,99
test_pair_0045,train,liar2_finance,9,99
train_pair_0092,train,liar2_finance,9,99
train_pair_0457,train,liar2_finance,9,99
train_pair_0650,train,liar2_finance,9,99
validation_pair_0100,train,liar2_finance,9,99
train_pair_0548,train,liar2_finance,9,99
train_pair_0468,train,liar2_finance,9,99
train_pair_0419,train,liar2_finance,9,99
train_pair_0740,train,liar2_finance,9,99
train_pair_0470,train,liar2_finance,9,99
train_pair_0031,train,liar2_finance,9,99
train_pair_0747,train,liar2_finance,9,99
train_pair_0750,train,liar2_finance,9,99
train_pair_0524,train,liar2_finance,9,99
train_pair_0250,train,liar2_finance,9,99
validation_pair_0027,train,liar2_finance,9,99
validation_pair_0097,train,liar2_finance,9,99
train_pair_0161,train,liar2_finance,9,99
train_pair_0036,train,liar2_finance,9,99
train_pair_0015,train,liar2_finance,9,99
validation_pair_0014,train,liar2_finance,9,99
train_pair_0050,train,liar2_finance,9,99
train_pair_0422,train,liar2_finance,9,99
train_pair_0390,train,liar2_finance,9,99
train_pair_0717,train,liar2_finance,9,99
test_pair_0028,train,liar2_finance,9,99
train_pair_0103,train,liar2_finance,9,99
train_pair_0815,train,liar2_finance,9,99
test_pair_0054,train,liar2_finance,9,99
train_pair_0731,train,liar2_finance,9,99
validation_pair_0085,train,liar2_finance,9,99
train_pair_0203,train,liar2_finance,9,99
train_pair_0020,train,liar2_finance,9,99
train_pair_0109,train,liar2_finance,9,99
train_pair_0117,train,liar2_finance,9,99
train_pair_0353,train,liar2_finance,9,99
train_pair_0142,train,liar2_finance,9,99
train_pair_0475,train,liar2_finance,9,99
train_pair_0151,train,liar2_finance,9,99
train_pair_0409,train,liar2_finance,9,99
validation_pair_0036,train,liar2_finance,9,99
train_pair_0771,train,liar2_finance,9,99
train_pair_0091,train,liar2_finance,9,99
train_pair_0760,train,liar2_finance,9,99
train_pair_0399,train,liar2_finance,9,99
train_pair_0340,train,liar2_finance,9,99
train_pair_0376,train,liar2_finance,9,99
test_pair_0044,train,liar2_finance,9,99
train_pair_0666,train,liar2_finance,9,99
train_pair_0653,train,liar2_finance,9,99
validation_pair_0039,train,liar2_finance,9,99
train_pair_0483,train,liar2_finance,9,99
train_pair_0626,train,liar2_finance,9,99
validation_pair_0095,train,liar2_finance,9,99
train_pair_0115,train,liar2_finance,9,99
validation_pair_0016,train,liar2_finance,9,99
train_pair_0619,train,liar2_finance,9,99
train_pair_0145,train,liar2_finance,9,99
train_pair_0096,train,liar2_finance,9,99
train_pair_0777,train,liar2_finance,9,99
train_pair_0693,train,liar2_finance,9,99
test_pair_0030,train,liar2_finance,9,99
train_pair_0336,train,liar2_finance,9,99
train_pair_0102,train,liar2_finance,9,99
train_pair_0704,train,liar2_finance,9,99
train_pair_0490,train,liar2_finance,9,99
train_pair_0184,train,liar2_finance,9,99
train_pair_0471,train,liar2_finance,9,99
validation_pair_0089,train,liar2_finance,9,99
train_pair_0654,train,liar2_finance,9,99
validation_pair_0043,train,liar2_finance,9,99
train_pair_0246,train,liar2_finance,9,99
train_pair_0779,train,liar2_finance,9,99
train_pair_0189,train,liar2_finance,9,99
train_pair_0565,train,liar2_finance,9,99
train_pair_0734,train,liar2_finance,9,99
train_pair_0725,train,liar2_finance,9,99
train_pair_0328,train,liar2_finance,9,99
train_pair_0037,train,liar2_finance,9,99
train_pair_0159,train,liar2_finance,9,99
test_pair_0049,train,liar2_finance,9,99
train_pair_0560,train,liar2_finance,9,99
train_pair_0205,train,liar2_finance,9,99
validation_pair_0081,train,liar2_finance,9,99
train_pair_0781,train,liar2_finance,9,99
train_pair_0642,train,liar2_finance,9,99
train_pair_0648,train,liar2_finance,9,99
test_pair_0041,train,liar2_finance,9,99
train_pair_0093,train,liar2_finance,9,99
test_pair_0024,train,liar2_finance,9,99
train_pair_0303,train,liar2_finance,9,99
train_pair_0349,train,liar2_finance,9,99
train_pair_0217,train,liar2_finance,9,99
train_pair_0164,train,liar2_finance,9,99
train_pair_0416,train,liar2_finance,9,99
train_pair_0400,train,liar2_finance,9,99
train_pair_0029,train,liar2_finance,9,99
validation_pair_0083,train,liar2_finance,9,99
validation_pair_0090,train,liar2_finance,9,99
test_pair_0067,train,liar2_finance,9,99
train_pair_0063,train,liar2_finance,9,99
train_pair_0067,train,liar2_finance,9,99
train_pair_0366,train,liar2_finance,9,99
train_pair_0216,train,liar2_finance,9,99
train_pair_0385,train,liar2_finance,9,99
train_pair_0330,train,liar2_finance,9,99
train_pair_0084,train,liar2_finance,9,99
validation_pair_0022,train,liar2_finance,9,99
train_pair_0724,train,liar2_finance,9,99
train_pair_0271,train,liar2_finance,9,99
test_pair_0060,train,liar2_finance,9,99
test_pair_0027,train,liar2_finance,9,99
train_pair_0540,train,liar2_finance,9,99
train_pair_0167,train,liar2_finance,9,99
train_pair_0673,train,liar2_finance,9,99
train_pair_0678,train,liar2_finance,9,99
validation_pair_0032,train,liar2_finance,9,99
train_pair_0692,train,liar2_finance,9,99
train_pair_0723,train,liar2_finance,9,99
validation_pair_0029,train,liar2_finance,9,99
train_pair_0332,train,liar2_finance,9,99
train_pair_0542,train,liar2_finance,9,99
train_pair_0716,train,liar2_finance,9,99
train_pair_0446,train,liar2_finance,9,99
train_pair_0249,train,liar2_finance,9,99
validation_pair_0042,train,liar2_finance,9,99
train_pair_0514,train,liar2_finance,9,99
train_pair_0075,train,liar2_finance,9,99
train_pair_0163,train,liar2_finance,9,99
test_pair_0082,train,liar2_finance,9,99
train_pair_0280,train,liar2_finance,9,99
train_pair_0116,train,liar2_finance,9,99
test_pair_0079,train,liar2_finance,9,99
validation_pair_0012,train,liar2_finance,9,99
train_pair_0688,train,liar2_finance,9,99
train_pair_0261,train,liar2_finance,9,99
train_pair_0571,train,liar2_finance,9,99
train_pair_0289,train,liar2_finance,9,99
test_pair_0081,train,liar2_finance,9,99
train_pair_0701,train,liar2_finance,9,99
train_pair_0038,train,liar2_finance,9,99
train_pair_0768,train,liar2_finance,9,99
train_pair_0702,train,liar2_finance,9,99
train_pair_0342,train,liar2_finance,9,99
train_pair_0041,train,liar2_finance,9,99
validation_pair_0064,train,liar2_finance,9,99
train_pair_0183,train,liar2_finance,9,99
test_pair_0038,train,liar2_finance,9,99
train_pair_0198,train,liar2_finance,9,99
test_pair_0018,train,liar2_finance,9,99
train_pair_0256,train,liar2_finance,9,99
test_pair_0001,train,liar2_finance,9,99
train_pair_0284,train,liar2_finance,9,99
train_pair_0753,train,liar2_finance,9,99
test_pair_0039,train,liar2_finance,9,99
train_pair_0301,train,liar2_finance,9,99
test_pair_0063,train,liar2_finance,9,99
train_pair_0345,train,liar2_finance,9,99
train_pair_0812,train,liar2_finance,9,99
validation_pair_0035,train,liar2_finance,9,99
train_pair_0700,train,liar2_finance,9,99
test_pair_0093,train,liar2_finance,9,99
train_pair_0576,train,liar2_finance,9,99
test_pair_0012,train,liar2_finance,9,99
train_pair_0257,train,liar2_finance,9,99
test_pair_0007,train,liar2_finance,9,99
train_pair_0407,train,liar2_finance,9,99
train_pair_0147,train,liar2_finance,9,99
train_pair_0596,train,liar2_finance,9,99
train_pair_0002,train,liar2_finance,9,99
validation_pair_0033,train,liar2_finance,9,99
train_pair_0104,train,liar2_finance,9,99
test_pair_0043,train,liar2_finance,9,99
train_pair_0160,train,liar2_finance,9,99
train_pair_0290,train,liar2_finance,9,99
train_pair_0486,train,liar2_finance,9,99
train_pair_0796,train,liar2_finance,9,99
train_pair_0222,train,liar2_finance,9,99
train_pair_0276,train,liar2_finance,9,99
train_pair_0232,train,liar2_finance,9,99
train_pair_0745,train,liar2_finance,9,99
train_pair_0425,train,liar2_finance,9,99
train_pair_0621,train,liar2_finance,9,99
train_pair_0028,train,liar2_finance,9,99
train_pair_0783,train,liar2_finance,9,99
validation_pair_0013,train,liar2_finance,9,99
train_pair_0736,train,liar2_finance,9,99
train_pair_0784,train,liar2_finance,9,99
train_pair_0244,train,liar2_finance,9,99
validation_pair_0107,train,liar2_finance,9,99
train_pair_0427,train,liar2_finance,9,99
test_pair_0005,train,liar2_finance,9,99
validation_pair_0114,train,liar2_finance,9,99
train_pair_0266,train,liar2_finance,9,99
train_pair_0055,train,liar2_finance,9,99
train_pair_0526,train,liar2_finance,9,99
train_pair_0492,train,liar2_finance,9,99
train_pair_0177,train,liar2_finance,9,99
train_pair_0136,train,liar2_finance,9,99
train_pair_0173,train,liar2_finance,9,99
train_pair_0520,train,liar2_finance,9,99
train_pair_0086,train,liar2_finance,9,99
train_pair_0114,train,liar2_finance,9,99
train_pair_0337,train,liar2_finance,9,99
train_pair_0608,train,liar2_finance,9,99
train_pair_0022,train,liar2_finance,9,99
train_pair_0318,train,liar2_finance,9,99
train_pair_0003,train,liar2_finance,9,99
test_pair_0074,train,liar2_finance,9,99
train_pair_0459,train,liar2_finance,9,99
train_pair_0179,train,liar2_finance,9,99
train_pair_0234,train,liar2_finance,9,99
validation_pair_0041,train,liar2_finance,9,99
test_pair_0046,train,liar2_finance,9,99
train_pair_0567,train,liar2_finance,9,99
train_pair_0139,train,liar2_finance,9,99
test_pair_0031,train,liar2_finance,9,99
validation_pair_0094,train,liar2_finance,9,99
train_pair_0485,train,liar2_finance,9,99
train_pair_0511,train,liar2_finance,9,99
test_pair_0025,train,liar2_finance,9,99
train_pair_0461,train,liar2_finance,9,99
train_pair_0170,train,liar2_finance,9,99
train_pair_0213,train,liar2_finance,9,99
train_pair_0431,train,liar2_finance,9,99
train_pair_0735,train,liar2_finance,9,99
validation_pair_0054,train,liar2_finance,9,99
train_pair_0388,train,liar2_finance,9,99
train_pair_0456,train,liar2_finance,9,99
train_pair_0181,train,liar2_finance,9,99
train_pair_0350,train,liar2_finance,9,99
train_pair_0368,train,liar2_finance,9,99
train_pair_0085,train,liar2_finance,9,99
train_pair_0522,train,liar2_finance,9,99
train_pair_0282,train,liar2_finance,9,99
train_pair_0670,train,liar2_finance,9,99
train_pair_0708,train,liar2_finance,9,99
train_pair_0531,train,liar2_finance,9,99
train_pair_0150,train,liar2_finance,9,99
train_pair_0703,train,liar2_finance,9,99
train_pair_0645,train,liar2_finance,9,99
train_pair_0258,train,liar2_finance,9,99
train_pair_0370,train,liar2_finance,9,99
train_pair_0204,train,liar2_finance,9,99
train_pair_0379,train,liar2_finance,9,99
train_pair_0624,train,liar2_finance,9,99
train_pair_0566,train,liar2_finance,9,99
train_pair_0209,train,liar2_finance,9,99
train_pair_0466,train,liar2_finance,9,99
train_pair_0004,train,liar2_finance,9,99
train_pair_0137,train,liar2_finance,9,99
train_pair_0105,train,liar2_finance,9,99
train_pair_0162,train,liar2_finance,9,99
train_pair_0381,train,liar2_finance,9,99
validation_pair_0076,train,liar2_finance,9,99
train_pair_0426,train,liar2_finance,9,99
validation_pair_0026,train,liar2_finance,9,99
train_pair_0294,train,liar2_finance,9,99
train_pair_0149,train,liar2_finance,9,99
validation_pair_0093,train,liar2_finance,9,99
train_pair_0313,train,liar2_finance,9,99
train_pair_0592,train,liar2_finance,9,99
train_pair_0081,train,liar2_finance,9,99
train_pair_0521,train,liar2_finance,9,99
train_pair_0634,train,liar2_finance,9,99
train_pair_0321,train,liar2_finance,9,99
train_pair_0215,train,liar2_finance,9,99
train_pair_0813,train,liar2_finance,9,99
train_pair_0309,train,liar2_finance,9,99
train_pair_0562,train,liar2_finance,9,99
train_pair_0450,train,liar2_finance,9,99
train_pair_0727,train,liar2_finance,9,99
test_pair_0033,train,liar2_finance,9,99
validation_pair_0046,train,liar2_finance,9,99
train_pair_0229,train,liar2_finance,9,99
test_pair_0051,train,liar2_finance,9,99
validation_pair_0045,train,liar2_finance,9,99
train_pair_0628,train,liar2_finance,9,99
train_pair_0377,train,liar2_finance,9,99
train_pair_0210,train,liar2_finance,9,99
test_pair_0004,train,liar2_finance,9,99
train_pair_0259,train,liar2_finance,9,99
train_pair_0320,train,liar2_finance,9,99
train_pair_0674,train,liar2_finance,9,99
train_pair_0581,train,liar2_finance,9,99
test_pair_0062,train,liar2_finance,9,99
train_pair_0192,train,liar2_finance,9,99
train_pair_0351,train,liar2_finance,9,99
train_pair_0632,train,liar2_finance,9,99
test_pair_0068,train,liar2_finance,9,99
train_pair_0445,train,liar2_finance,9,99
train_pair_0135,train,liar2_finance,9,99
train_pair_0014,train,liar2_finance,9,99
train_pair_0611,train,liar2_finance,9,99
train_pair_0508,train,liar2_finance,9,99
validation_pair_0110,train,liar2_finance,9,99
validation_pair_0108,train,liar2_finance,9,99
train_pair_0623,train,liar2_finance,9,99
test_pair_0042,train,liar2_finance,9,99
train_pair_0774,train,liar2_finance,9,99
train_pair_0100,train,liar2_finance,9,99
train_pair_0549,train,liar2_finance,9,99
train_pair_0484,train,liar2_finance,9,99
train_pair_0061,train,liar2_finance,9,99
train_pair_0474,train,liar2_finance,9,99
train_pair_0737,train,liar2_finance,9,99
validation_pair_0070,train,liar2_finance,9,99
validation_pair_0092,train,liar2_finance,9,99
train_pair_0495,train,liar2_finance,9,99
train_pair_0378,train,liar2_finance,9,99
train_pair_0201,train,liar2_finance,9,99
train_pair_0124,train,liar2_finance,9,99
test_pair_0009,train,liar2_finance,9,99
train_pair_0169,train,liar2_finance,9,99
validation_pair_0004,train,liar2_finance,9,99
train_pair_0802,train,liar2_finance,9,99
test_pair_0086,train,liar2_finance,9,99
train_pair_0660,train,liar2_finance,9,99
validation_pair_0011,train,liar2_finance,9,99
train_pair_0472,train,liar2_finance,9,99
train_pair_0452,train,liar2_finance,9,99
validation_pair_0063,train,liar2_finance,9,99
test_pair_0053,train,liar2_finance,9,99
train_pair_0448,train,liar2_finance,9,99
test_pair_0050,train,liar2_finance,9,99
train_pair_0235,train,liar2_finance,9,99
train_pair_0326,train,liar2_finance,9,99
test_pair_0085,train,liar2_finance,9,99
train_pair_0141,train,liar2_finance,9,99
validation_pair_0048,train,liar2_finance,9,99
train_pair_0364,train,liar2_finance,9,99
train_pair_0148,train,liar2_finance,9,99
train_pair_0262,train,liar2_finance,9,99
train_pair_0417,train,liar2_finance,9,99
train_pair_0440,train,liar2_finance,9,99
train_pair_0517,train,liar2_finance,9,99
train_pair_0458,train,liar2_finance,9,99
train_pair_0558,train,liar2_finance,9,99
train_pair_0595,train,liar2_finance,9,99
train_pair_0636,train,liar2_finance,9,99
train_pair_0697,train,liar2_finance,9,99
train_pair_0287,train,liar2_finance,9,99
train_pair_0408,train,liar2_finance,9,99
train_pair_0277,train,liar2_finance,9,99
train_pair_0594,train,liar2_finance,9,99
train_pair_0469,train,liar2_finance,9,99
train_pair_0767,train,liar2_finance,9,99
train_pair_0617,train,liar2_finance,9,99
train_pair_0746,train,liar2_finance,9,99
train_pair_0764,train,liar2_finance,9,99
train_pair_0559,train,liar2_finance,9,99
train_pair_0237,train,liar2_finance,9,99
train_pair_0533,train,liar2_finance,9,99
train_pair_0778,train,liar2_finance,9,99
train_pair_0119,train,liar2_finance,9,99
train_pair_0247,train,liar2_finance,9,99
validation_pair_0030,train,liar2_finance,9,99
train_pair_0622,train,liar2_finance,9,99
train_pair_0359,train,liar2_finance,9,99
train_pair_0143,train,liar2_finance,9,99
train_pair_0006,train,liar2_finance,9,99
train_pair_0375,train,liar2_finance,9,99
test_pair_0014,train,liar2_finance,9,99
train_pair_0756,train,liar2_finance,9,99
train_pair_0252,train,liar2_finance,9,99
train_pair_0593,train,liar2_finance,9,99
test_pair_0055,train,liar2_finance,9,99
train_pair_0001,train,liar2_finance,9,99
train_pair_0208,train,liar2_finance,9,99
train_pair_0180,train,liar2_finance,9,99
train_pair_0154,train,liar2_finance,9,99
validation_pair_0087,train,liar2_finance,9,99
train_pair_0646,train,liar2_finance,9,99
train_pair_0304,train,liar2_finance,9,99
test_pair_0047,train,liar2_finance,9,99
train_pair_0017,train,liar2_finance,9,99
train_pair_0639,train,liar2_finance,9,99
train_pair_0026,train,liar2_finance,9,99
train_pair_0586,train,liar2_finance,9,99
train_pair_0372,train,liar2_finance,9,99
validation_pair_0034,train,liar2_finance,9,99
train_pair_0010,train,liar2_finance,9,99
train_pair_0412,train,liar2_finance,9,99
train_pair_0046,train,liar2_finance,9,99
train_pair_0755,train,liar2_finance,9,99
train_pair_0792,train,liar2_finance,9,99
test_pair_0061,train,liar2_finance,9,99
train_pair_0580,train,liar2_finance,9,99
validation_pair_0086,train,liar2_finance,9,99
train_pair_0107,train,liar2_finance,9,99
train_pair_0770,train,liar2_finance,9,99
train_pair_0207,train,liar2_finance,9,99
train_pair_0120,train,liar2_finance,9,99
train_pair_0233,train,liar2_finance,9,99
train_pair_0395,train,liar2_finance,9,99
train_pair_0071,train,liar2_finance,9,99
train_pair_0094,train,liar2_finance,9,99
train_pair_0655,train,liar2_finance,9,99
train_pair_0449,train,liar2_finance,9,99
train_pair_0547,train,liar2_finance,9,99
test_pair_0069,train,liar2_finance,9,99
train_pair_0088,train,liar2_finance,9,99
validation_pair_0059,train,liar2_finance,9,99
train_pair_0463,train,liar2_finance,9,99
train_pair_0722,train,liar2_finance,9,99
validation_pair_0018,train,liar2_finance,9,99
test_pair_0026,train,liar2_finance,9,99
train_pair_0798,train,liar2_finance,9,99
train_pair_0155,train,liar2_finance,9,99
train_pair_0699,train,liar2_finance,9,99
validation_pair_0106,train,liar2_finance,9,99
train_pair_0557,train,liar2_finance,9,99
validation_pair_0073,train,liar2_finance,9,99
train_pair_0231,train,liar2_finance,9,99
train_pair_0095,train,liar2_finance,9,99
train_pair_0295,train,liar2_finance,9,99
validation_pair_0051,train,liar2_finance,9,99
train_pair_0534,train,liar2_finance,9,99
test_pair_0003,train,liar2_finance,9,99
validation_pair_0002,train,liar2_finance,9,99
train_pair_0806,train,liar2_finance,9,99
train_pair_0008,train,liar2_finance,9,99
train_pair_0631,train,liar2_finance,9,99
train_pair_0544,train,liar2_finance,9,99
train_pair_0738,train,liar2_finance,9,99
validation_pair_0088,train,liar2_finance,9,99
train_pair_0577,train,liar2_finance,9,99
train_pair_0627,train,liar2_finance,9,99
test_pair_0089,train,liar2_finance,9,99
train_pair_0338,train,liar2_finance,9,99
validation_pair_0099,train,liar2_finance,9,99
train_pair_0480,train,liar2_finance,9,99
train_pair_0790,train,liar2_finance,9,99
test_pair_0022,train,liar2_finance,9,99
train_pair_0053,train,liar2_finance,9,99
train_pair_0695,train,liar2_finance,9,99
test_pair_0023,train,liar2_finance,9,99
train_pair_0286,train,liar2_finance,9,99
train_pair_0663,train,liar2_finance,9,99
train_pair_0248,train,liar2_finance,9,99
train_pair_0433,train,liar2_finance,9,99
train_pair_0493,train,liar2_finance,9,99
test_pair_0076,train,liar2_finance,9,99
train_pair_0613,train,liar2_finance,9,99
test_pair_0064,train,liar2_finance,9,99
train_pair_0438,train,liar2_finance,9,99
train_pair_0200,train,liar2_finance,9,99
train_pair_0582,train,liar2_finance,9,99
train_pair_0393,train,liar2_finance,9,99
train_pair_0243,train,liar2_finance,9,99
train_pair_0270,train,liar2_finance,9,99
train_pair_0473,train,liar2_finance,9,99
train_pair_0044,train,liar2_finance,9,99
train_pair_0245,train,liar2_finance,9,99
validation_pair_0023,train,liar2_finance,9,99
train_pair_0772,train,liar2_finance,9,99
train_pair_0083,train,liar2_finance,9,99
train_pair_0515,train,liar2_finance,9,99
train_pair_0312,train,liar2_finance,9,99
train_pair_0012,train,liar2_finance,9,99
train_pair_0555,train,liar2_finance,9,99
train_pair_0242,train,liar2_finance,9,99
train_pair_0429,train,liar2_finance,9,99
train_pair_0195,train,liar2_finance,9,99
train_pair_0496,train,liar2_finance,9,99
train_pair_0478,train,liar2_finance,9,99
test_pair_0013,train,liar2_finance,9,99
train_pair_0069,train,liar2_finance,9,99
train_pair_0609,train,liar2_finance,9,99
test_pair_0006,train,liar2_finance,9,99
train_pair_0675,train,liar2_finance,9,99
train_pair_0564,train,liar2_finance,9,99
validation_pair_0006,train,liar2_finance,9,99
train_pair_0402,train,liar2_finance,9,99
train_pair_0125,train,liar2_finance,9,99
train_pair_0732,train,liar2_finance,9,99
train_pair_0715,train,liar2_finance,9,99
train_pair_0089,train,liar2_finance,9,99
train_pair_0442,train,liar2_finance,9,99
train_pair_0816,train,liar2_finance,9,99
train_pair_0357,train,liar2_finance,9,99
train_pair_0224,train,liar2_finance,9,99
train_pair_0741,train,liar2_finance,9,99
train_pair_0362,train,liar2_finance,9,99
train_pair_0423,train,liar2_finance,9,99
train_pair_0532,train,liar2_finance,9,99
train_pair_0811,train,liar2_finance,9,99
train_pair_0122,train,liar2_finance,9,99
train_pair_0196,train,liar2_finance,9,99
train_pair_0138,train,liar2_finance,9,99
validation_pair_0044,train,liar2_finance,9,99
train_pair_0111,train,liar2_finance,9,99
train_pair_0273,train,liar2_finance,9,99
validation_pair_0082,train,liar2_finance,9,99
validation_pair_0078,train,liar2_finance,9,99
train_pair_0625,train,liar2_finance,9,99
validation_pair_0019,train,liar2_finance,9,99
train_pair_0329,train,liar2_finance,9,99
train_pair_0671,train,liar2_finance,9,99
train_pair_0236,train,liar2_finance,9,99
train_pair_0809,train,liar2_finance,9,99
validation_pair_0058,train,liar2_finance,9,99
train_pair_0239,train,liar2_finance,9,99
train_pair_0319,train,liar2_finance,9,99
train_pair_0178,train,liar2_finance,9,99
train_pair_0556,train,liar2_finance,9,99
validation_pair_0112,train,liar2_finance,9,99
train_pair_0299,train,liar2_finance,9,99
train_pair_0719,train,liar2_finance,9,99
train_pair_0255,train,liar2_finance,9,99
train_pair_0759,train,liar2_finance,9,99
validation_pair_0067,train,liar2_finance,9,99
train_pair_0068,train,liar2_finance,9,99
test_pair_0034,train,liar2_finance,9,99
train_pair_0191,train,liar2_finance,9,99
train_pair_0291,train,liar2_finance,9,99
train_pair_0339,train,liar2_finance,9,99
train_pair_0281,train,liar2_finance,9,99
train_pair_0158,train,liar2_finance,9,99
train_pair_0780,train,liar2_finance,9,99
train_pair_0721,train,liar2_finance,9,99
train_pair_0539,train,liar2_finance,9,99
train_pair_0267,train,liar2_finance,9,99
validation_pair_0071,train,liar2_finance,9,99
train_pair_0748,train,liar2_finance,9,99
train_pair_0602,train,liar2_finance,9,99
train_pair_0659,train,liar2_finance,9,99
test_pair_0021,train,liar2_finance,9,99
train_pair_0272,train,liar2_finance,9,99
train_pair_0187,train,liar2_finance,9,99
train_pair_0251,train,liar2_finance,9,99
train_pair_0386,train,liar2_finance,9,99
train_pair_0121,train,liar2_finance,9,99
test_pair_0059,train,liar2_finance,9,99
train_pair_0396,train,liar2_finance,9,99
train_pair_0097,train,liar2_finance,9,99
train_pair_0444,train,liar2_finance,9,99
train_pair_0206,train,liar2_finance,9,99
train_pair_0743,train,liar2_finance,9,99
train_pair_0130,train,liar2_finance,9,99
train_pair_0269,train,liar2_finance,9,99
validation_pair_0065,train,liar2_finance,9,99
train_pair_0428,train,liar2_finance,9,99
train_pair_0530,train,liar2_finance,9,99
train_pair_0082,train,liar2_finance,9,99
train_pair_0801,train,liar2_finance,9,99
validation_pair_0101,train,liar2_finance,9,99
train_pair_0766,train,liar2_finance,9,99
train_pair_0278,train,liar2_finance,9,99
train_pair_0789,train,liar2_finance,9,99
train_pair_0465,train,liar2_finance,9,99
train_pair_0306,train,liar2_finance,9,99
train_pair_0325,train,liar2_finance,9,99
train_pair_0573,train,liar2_finance,9,99
train_pair_0643,train,liar2_finance,9,99
train_pair_0509,train,liar2_finance,9,99
train_pair_0706,train,liar2_finance,9,99
test_pair_0040,train,liar2_finance,9,99
train_pair_0275,train,liar2_finance,9,99
train_pair_0101,train,liar2_finance,9,99
train_pair_0600,train,liar2_finance,9,99
test_pair_0002,train,liar2_finance,9,99
train_pair_0620,train,liar2_finance,9,99
train_pair_0087,train,liar2_finance,9,99
train_pair_0775,train,liar2_finance,9,99
test_pair_0011,train,liar2_finance,9,99
validation_pair_0102,train,liar2_finance,9,99
train_pair_0599,train,liar2_finance,9,99
train_pair_0265,train,liar2_finance,9,99
train_pair_0373,train,liar2_finance,9,99
train_pair_0382,train,liar2_finance,9,99
train_pair_0698,train,liar2_finance,9,99
train_pair_0535,train,liar2_finance,9,99
train_pair_0383,train,liar2_finance,9,99
train_pair_0146,train,liar2_finance,9,99
train_pair_0405,train,liar2_finance,9,99
train_pair_0591,train,liar2_finance,9,99
test_pair_0080,train,liar2_finance,9,99
train_pair_0064,train,liar2_finance,9,99
train_pair_0661,train,liar2_finance,9,99
train_pair_0274,train,liar2_finance,9,99
train_pair_0711,train,liar2_finance,9,99
train_pair_0369,train,liar2_finance,9,99
train_pair_0397,train,liar2_finance,9,99
train_pair_0292,train,liar2_finance,9,99
train_pair_0013,train,liar2_finance,9,99
train_pair_0677,train,liar2_finance,9,99
train_pair_0175,train,liar2_finance,9,99
train_pair_0380,train,liar2_finance,9,99
train_pair_0348,train,liar2_finance,9,99
train_pair_0583,train,liar2_finance,9,99
train_pair_0662,train,liar2_finance,9,99
train_pair_0686,train,liar2_finance,9,99
validation_pair_0053,train,liar2_finance,9,99
test_pair_0091,train,liar2_finance,9,99
train_pair_0804,train,liar2_finance,9,99
train_pair_0776,train,liar2_finance,9,99
train_pair_0518,train,liar2_finance,9,99
train_pair_0807,train,liar2_finance,9,99
train_pair_0106,train,liar2_finance,9,99
validation_pair_0091,train,liar2_finance,9,99
train_pair_0436,train,liar2_finance,9,99
train_pair_0140,train,liar2_finance,9,99
validation_pair_0068,train,liar2_finance,9,99
train_pair_0814,train,liar2_finance,9,99
train_pair_0794,train,liar2_finance,9,99
validation_pair_0072,train,liar2_finance,9,99
train_pair_0664,train,liar2_finance,9,99
train_pair_0510,train,liar2_finance,9,99
train_pair_0056,train,liar2_finance,9,99
validation_pair_0001,train,liar2_finance,9,99
train_pair_0550,train,liar2_finance,9,99
train_pair_0612,train,liar2_finance,9,99
train_pair_0254,train,liar2_finance,9,99
train_pair_0447,train,liar2_finance,9,99
train_pair_0253,train,liar2_finance,9,99
train_pair_0127,train,liar2_finance,9,99
validation_pair_0066,train,liar2_finance,9,99
train_pair_0668,train,liar2_finance,9,99
train_pair_0039,train,liar2_finance,9,99
train_pair_0637,train,liar2_finance,9,99
validation_pair_0113,train,liar2_finance,9,99
train_pair_0773,train,liar2_finance,9,99
validation_pair_0079,train,liar2_finance,9,99
train_pair_0681,train,liar2_finance,9,99
train_pair_0761,train,liar2_finance,9,99
test_pair_0094,train,liar2_finance,9,99
train_pair_0476,train,liar2_finance,9,99
train_pair_0682,train,liar2_finance,9,99
train_pair_0298,train,liar2_finance,9,99
train_pair_0404,train,liar2_finance,9,99
train_pair_0211,train,liar2_finance,9,99
train_pair_0680,train,liar2_finance,9,99
train_pair_0453,train,liar2_finance,9,99
train_pair_0418,train,liar2_finance,9,99
train_pair_0238,train,liar2_finance,9,99
train_pair_0489,train,liar2_finance,9,99
train_pair_0578,train,liar2_finance,9,99
test_pair_0015,train,liar2_finance,9,99
train_pair_0644,train,liar2_finance,9,99
train_pair_0679,train,liar2_finance,9,99
train_pair_0032,train,liar2_finance,9,99
train_pair_0260,train,liar2_finance,9,99
train_pair_0454,train,liar2_finance,9,99
train_pair_0460,train,liar2_finance,9,99
train_pair_0467,train,liar2_finance,9,99
train_pair_0569,train,liar2_finance,9,99
validation_pair_0103,train,liar2_finance,9,99
train_pair_0513,train,liar2_finance,9,99
validation_pair_0009,train,liar2_finance,9,99
test_pair_0058,train,liar2_finance,9,99
train_pair_0392,train,liar2_finance,9,99
train_pair_0606,train,liar2_finance,9,99
train_pair_0166,train,liar2_finance,9,99
train_pair_0641,train,liar2_finance,9,99
train_pair_0685,train,liar2_finance,9,99
train_pair_0363,train,liar2_finance,9,99
train_pair_0536,train,liar2_finance,9,99
train_pair_0354,train,liar2_finance,9,99
validation_pair_0015,train,liar2_finance,9,99
train_pair_0647,train,liar2_finance,9,99
train_pair_0058,train,liar2_finance,9,99
train_pair_0720,train,liar2_finance,9,99
train_pair_0672,train,liar2_finance,9,99
train_pair_0371,train,liar2_finance,9,99
train_pair_0347,train,liar2_finance,9,99
train_pair_0225,train,liar2_finance,9,99
train_pair_0710,train,liar2_finance,9,99
train_pair_0152,train,liar2_finance,9,99
train_pair_0389,train,liar2_finance,9,99
train_pair_0561,train,liar2_finance,9,99
train_pair_0512,train,liar2_finance,9,99
train_pair_0709,train,liar2_finance,9,99
train_pair_0689,train,liar2_finance,9,99
train_pair_0133,train,liar2_finance,9,99
train_pair_0333,train,liar2_finance,9,99
test_pair_0088,train,liar2_finance,9,99
train_pair_0742,train,liar2_finance,9,99
validation_pair_0010,train,liar2_finance,9,99
train_pair_0019,train,liar2_finance,9,99
train_pair_0500,train,liar2_finance,9,99
train_pair_0356,train,liar2_finance,9,99
train_pair_0584,train,liar2_finance,9,99
train_pair_0728,train,liar2_finance,9,99
train_pair_0441,train,liar2_finance,9,99
train_pair_0334,train,liar2_finance,9,99
train_pair_0186,train,liar2_finance,9,99
train_pair_0403,train,liar2_finance,9,99
train_pair_0684,train,liar2_finance,9,99
train_pair_0219,train,liar2_finance,9,99
train_pair_0090,train,liar2_finance,9,99
train_pair_0769,train,liar2_finance,9,99
train_pair_0066,train,liar2_finance,9,99
validation_pair_0050,train,liar2_finance,9,99
train_pair_0072,train,liar2_finance,9,99
train_pair_0027,train,liar2_finance,9,99
train_pair_0043,train,liar2_finance,9,99
train_pair_0525,train,liar2_finance,9,99
validation_pair_0080,train,liar2_finance,9,99
validation_pair_0096,train,liar2_finance,9,99
train_pair_0505,train,liar2_finance,9,99
train_pair_0264,train,liar2_finance,9,99
train_pair_0009,train,liar2_finance,9,99
train_pair_0507,train,liar2_finance,9,99
train_pair_0174,train,liar2_finance,9,99
train_pair_0787,train,liar2_finance,9,99
validation_pair_0020,train,liar2_finance,9,99
train_pair_0420,train,liar2_finance,9,99
train_pair_0799,train,liar2_finance,9,99
validation_pair_0109,train,liar2_finance,9,99
train_pair_0504,train,liar2_finance,9,99
train_pair_0563,train,liar2_finance,9,99
train_pair_0387,train,liar2_finance,9,99
train_pair_0360,train,liar2_finance,9,99
train_pair_0718,train,liar2_finance,9,99
train_pair_0528,train,liar2_finance,9,99
train_pair_0572,train,liar2_finance,9,99
train_pair_0793,train,liar2_finance,9,99
validation_pair_0021,train,liar2_finance,9,99
train_pair_0590,train,liar2_finance,9,99
train_pair_0327,train,liar2_finance,9,99
train_pair_0144,train,liar2_finance,9,99
train_pair_0108,train,liar2_finance,9,99
train_pair_0126,train,liar2_finance,9,99
train_pair_0079,train,liar2_finance,9,99
train_pair_0300,train,liar2_finance,9,99
train_pair_0240,train,liar2_finance,9,99
train_pair_0220,train,liar2_finance,9,99
train_pair_0034,train,liar2_finance,9,99
train_pair_0541,train,liar2_finance,9,99
train_pair_0788,train,liar2_finance,9,99
train_pair_0314,train,liar2_finance,9,99
train_pair_0658,train,liar2_finance,9,99
test_pair_0070,train,liar2_finance,9,99
train_pair_0638,train,liar2_finance,9,99
train_pair_0047,train,liar2_finance,9,99
train_pair_0076,validation,liar2_finance,9,99
train_pair_0165,validation,liar2_finance,9,99
train_pair_0652,validation,liar2_finance,9,99
test_pair_0066,validation,liar2_finance,9,99
test_pair_0075,validation,liar2_finance,9,99
train_pair_0506,validation,liar2_finance,9,99
train_pair_0051,validation,liar2_finance,9,99
train_pair_0604,validation,liar2_finance,9,99
train_pair_0023,validation,liar2_finance,9,99
train_pair_0635,validation,liar2_finance,9,99
validation_pair_0017,validation,liar2_finance,9,99
train_pair_0310,validation,liar2_finance,9,99
train_pair_0315,validation,liar2_finance,9,99
train_pair_0011,validation,liar2_finance,9,99
validation_pair_0056,validation,liar2_finance,9,99
train_pair_0762,validation,liar2_finance,9,99
train_pair_0683,validation,liar2_finance,9,99
validation_pair_0060,validation,liar2_finance,9,99
train_pair_0610,validation,liar2_finance,9,99
validation_pair_0055,validation,liar2_finance,9,99
train_pair_0667,validation,liar2_finance,9,99
train_pair_0529,validation,liar2_finance,9,99
train_pair_0597,validation,liar2_finance,9,99
train_pair_0074,validation,liar2_finance,9,99
train_pair_0099,validation,liar2_finance,9,99
train_pair_0172,validation,liar2_finance,9,99
test_pair_0029,validation,liar2_finance,9,99
train_pair_0763,validation,liar2_finance,9,99
test_pair_0056,validation,liar2_finance,9,99
train_pair_0501,validation,liar2_finance,9,99
train_pair_0691,validation,liar2_finance,9,99
train_pair_0367,validation,liar2_finance,9,99
train_pair_0808,validation,liar2_finance,9,99
train_pair_0494,validation,liar2_finance,9,99
train_pair_0519,validation,liar2_finance,9,99
train_pair_0182,validation,liar2_finance,9,99
validation_pair_0003,validation,liar2_finance,9,99
train_pair_0078,validation,liar2_finance,9,99
train_pair_0537,validation,liar2_finance,9,99
validation_pair_0005,validation,liar2_finance,9,99
train_pair_0335,validation,liar2_finance,9,99
train_pair_0365,validation,liar2_finance,9,99
train_pair_0322,validation,liar2_finance,9,99
train_pair_0464,validation,liar2_finance,9,99
train_pair_0176,validation,liar2_finance,9,99
train_pair_0629,validation,liar2_finance,9,99
validation_pair_0047,validation,liar2_finance,9,99
train_pair_0498,validation,liar2_finance,9,99
validation_pair_0049,validation,liar2_finance,9,99
train_pair_0293,validation,liar2_finance,9,99
train_pair_0346,validation,liar2_finance,9,99
train_pair_0308,validation,liar2_finance,9,99
train_pair_0733,validation,liar2_finance,9,99
train_pair_0296,validation,liar2_finance,9,99
train_pair_0193,validation,liar2_finance,9,99
train_pair_0268,validation,liar2_finance,9,99
validation_pair_0084,validation,liar2_finance,9,99
train_pair_0132,validation,liar2_finance,9,99
train_pair_0157,validation,liar2_finance,9,99
validation_pair_0105,validation,liar2_finance,9,99
train_pair_0415,validation,liar2_finance,9,99
train_pair_0523,validation,liar2_finance,9,99
train_pair_0316,validation,liar2_finance,9,99
test_pair_0010,validation,liar2_finance,9,99
test_pair_0083,validation,liar2_finance,9,99
train_pair_0491,validation,liar2_finance,9,99
train_pair_0323,validation,liar2_finance,9,99
train_pair_0579,validation,liar2_finance,9,99
train_pair_0098,validation,liar2_finance,9,99
test_pair_0037,validation,liar2_finance,9,99
train_pair_0156,validation,liar2_finance,9,99
test_pair_0036,validation,liar2_finance,9,99
test_pair_0057,validation,liar2_finance,9,99
train_pair_0538,validation,liar2_finance,9,99
train_pair_0283,validation,liar2_finance,9,99
train_pair_0605,validation,liar2_finance,9,99
train_pair_0230,validation,liar2_finance,9,99
train_pair_0401,validation,liar2_finance,9,99
train_pair_0394,validation,liar2_finance,9,99
train_pair_0585,validation,liar2_finance,9,99
train_pair_0355,validation,liar2_finance,9,99
train_pair_0410,validation,liar2_finance,9,99
train_pair_0553,validation,liar2_finance,9,99
train_pair_0221,validation,liar2_finance,9,99
train_pair_0398,validation,liar2_finance,9,99
validation_pair_0111,validation,liar2_finance,9,99
train_pair_0279,validation,liar2_finance,9,99
train_pair_0430,validation,liar2_finance,9,99
train_pair_0765,validation,liar2_finance,9,99
validation_pair_0024,validation,liar2_finance,9,99
train_pair_0477,validation,liar2_finance,9,99
validation_pair_0075,validation,liar2_finance,9,99
train_pair_0786,validation,liar2_finance,9,99
train_pair_0551,validation,liar2_finance,9,99
train_pair_0618,validation,liar2_finance,9,99
train_pair_0016,validation,liar2_finance,9,99
train_pair_0406,validation,liar2_finance,9,99
test_pair_0084,validation,liar2_finance,9,99
train_pair_0574,validation,liar2_finance,9,99
train_pair_0649,validation,liar2_finance,9,99
train_pair_0669,validation,liar2_finance,9,99
train_pair_0077,validation,liar2_finance,9,99
test_pair_0048,test,liar2_finance,9,99
test_pair_0078,test,liar2_finance,9,99
train_pair_0190,test,liar2_finance,9,99
train_pair_0413,test,liar2_finance,9,99
train_pair_0443,test,liar2_finance,9,99
train_pair_0575,test,liar2_finance,9,99
train_pair_0112,test,liar2_finance,9,99
train_pair_0570,test,liar2_finance,9,99
train_pair_0726,test,liar2_finance,9,99
train_pair_0218,test,liar2_finance,9,99
train_pair_0439,test,liar2_finance,9,99
train_pair_0223,test,liar2_finance,9,99
train_pair_0785,test,liar2_finance,9,99
validation_pair_0104,test,liar2_finance,9,99
train_pair_0714,test,liar2_finance,9,99
train_pair_0214,test,liar2_finance,9,99
train_pair_0803,test,liar2_finance,9,99
train_pair_0045,test,liar2_finance,9,99
validation_pair_0057,test,liar2_finance,9,99
train_pair_0197,test,liar2_finance,9,99
train_pair_0758,test,liar2_finance,9,99
train_pair_0687,test,liar2_finance,9,99
train_pair_0603,test,liar2_finance,9,99
train_pair_0384,test,liar2_finance,9,99
train_pair_0202,test,liar2_finance,9,99
validation_pair_0028,test,liar2_finance,9,99
train_pair_0527,test,liar2_finance,9,99
train_pair_0640,test,liar2_finance,9,99
train_pair_0324,test,liar2_finance,9,99
train_pair_0432,test,liar2_finance,9,99
train_pair_0712,test,liar2_finance,9,99
test_pair_0017,test,liar2_finance,9,99
train_pair_0545,test,liar2_finance,9,99
train_pair_0341,test,liar2_finance,9,99
train_pair_0552,test,liar2_finance,9,99
train_pair_0073,test,liar2_finance,9,99
train_pair_0707,test,liar2_finance,9,99
validation_pair_0040,test,liar2_finance,9,99
train_pair_0052,test,liar2_finance,9,99
train_pair_0694,test,liar2_finance,9,99
train_pair_0302,test,liar2_finance,9,99
train_pair_0588,test,liar2_finance,9,99
train_pair_0690,test,liar2_finance,9,99
train_pair_0482,test,liar2_finance,9,99
test_pair_0065,test,liar2_finance,9,99
train_pair_0118,test,liar2_finance,9,99
test_pair_0090,test,liar2_finance,9,99
validation_pair_0061,test,liar2_finance,9,99
train_pair_0665,test,liar2_finance,9,99
validation_pair_0025,test,liar2_finance,9,99
train_pair_0227,test,liar2_finance,9,99
train_pair_0212,test,liar2_finance,9,99
train_pair_0343,test,liar2_finance,9,99
train_pair_0414,test,liar2_finance,9,99
train_pair_0497,test,liar2_finance,9,99
train_pair_0795,test,liar2_finance,9,99
test_pair_0073,test,liar2_finance,9,99
train_pair_0352,test,liar2_finance,9,99
train_pair_0199,test,liar2_finance,9,99
train_pair_0129,test,liar2_finance,9,99
train_pair_0307,test,liar2_finance,9,99
train_pair_0589,test,liar2_finance,9,99
train_pair_0317,test,liar2_finance,9,99
train_pair_0018,test,liar2_finance,9,99
train_pair_0633,test,liar2_finance,9,99
train_pair_0434,test,liar2_finance,9,99
train_pair_0040,test,liar2_finance,9,99
train_pair_0007,test,liar2_finance,9,99
validation_pair_0098,test,liar2_finance,9,99
validation_pair_0069,test,liar2_finance,9,99
train_pair_0754,test,liar2_finance,9,99
train_pair_0311,test,liar2_finance,9,99
train_pair_0005,test,liar2_finance,9,99
train_pair_0810,test,liar2_finance,9,99
validation_pair_0062,test,liar2_finance,9,99
train_pair_0455,test,liar2_finance,9,99
train_pair_0749,test,liar2_finance,9,99
train_pair_0021,test,liar2_finance,9,99
test_pair_0020,test,liar2_finance,9,99
train_pair_0042,test,liar2_finance,9,99
train_pair_0568,test,liar2_finance,9,99
train_pair_0516,test,liar2_finance,9,99
train_pair_0601,test,liar2_finance,9,99
test_pair_0019,test,liar2_finance,9,99
train_pair_0048,test,liar2_finance,9,99
train_pair_0657,test,liar2_finance,9,99
train_pair_0587,test,liar2_finance,9,99
train_pair_0134,test,liar2_finance,9,99
train_pair_0113,test,liar2_finance,9,99
train_pair_0616,test,liar2_finance,9,99
train_pair_0614,test,liar2_finance,9,99
train_pair_0435,test,liar2_finance,9,99
train_pair_0424,test,liar2_finance,9,99
train_pair_0630,test,liar2_finance,9,99
train_pair_0503,test,liar2_finance,9,99
train_pair_0730,test,liar2_finance,9,99
train_pair_0374,test,liar2_finance,9,99
train_pair_0499,test,liar2_finance,9,99
test_pair_0052,test,liar2_finance,9,99
train_pair_0128,test,liar2_finance,9,99
train_pair_0054,test,liar2_finance,9,99
train_pair_0049,test,liar2_finance,9,99
train_pair_0615,train,liar2_finance,10,110
train_pair_0084,train,liar2_finance,10,110
validation_pair_0001,train,liar2_finance,10,110
train_pair_0050,train,liar2_finance,10,110
train_pair_0593,train,liar2_finance,10,110
validation_pair_0053,train,liar2_finance,10,110
train_pair_0314,train,liar2_finance,10,110
train_pair_0529,train,liar2_finance,10,110
train_pair_0453,train,liar2_finance,10,110
train_pair_0657,train,liar2_finance,10,110
train_pair_0630,train,liar2_finance,10,110
train_pair_0776,train,liar2_finance,10,110
train_pair_0642,train,liar2_finance,10,110
train_pair_0338,train,liar2_finance,10,110
train_pair_0793,train,liar2_finance,10,110
train_pair_0570,train,liar2_finance,10,110
train_pair_0116,train,liar2_finance,10,110
train_pair_0181,train,liar2_finance,10,110
train_pair_0655,train,liar2_finance,10,110
train_pair_0333,train,liar2_finance,10,110
train_pair_0366,train,liar2_finance,10,110
train_pair_0647,train,liar2_finance,10,110
train_pair_0554,train,liar2_finance,10,110
train_pair_0575,train,liar2_finance,10,110
train_pair_0284,train,liar2_finance,10,110
train_pair_0772,train,liar2_finance,10,110
train_pair_0656,train,liar2_finance,10,110
train_pair_0430,train,liar2_finance,10,110
train_pair_0796,train,liar2_finance,10,110
train_pair_0347,train,liar2_finance,10,110
train_pair_0216,train,liar2_finance,10,110
train_pair_0583,train,liar2_finance,10,110
train_pair_0690,train,liar2_finance,10,110
test_pair_0074,train,liar2_finance,10,110
train_pair_0159,train,liar2_finance,10,110
test_pair_0057,train,liar2_finance,10,110
train_pair_0327,train,liar2_finance,10,110
train_pair_0667,train,liar2_finance,10,110
train_pair_0807,train,liar2_finance,10,110
train_pair_0697,train,liar2_finance,10,110
train_pair_0387,train,liar2_finance,10,110
validation_pair_0098,train,liar2_finance,10,110
train_pair_0535,train,liar2_finance,10,110
train_pair_0257,train,liar2_finance,10,110
train_pair_0688,train,liar2_finance,10,110
validation_pair_0030,train,liar2_finance,10,110
train_pair_0500,train,liar2_finance,10,110
validation_pair_0065,train,liar2_finance,10,110
train_pair_0252,train,liar2_finance,10,110
train_pair_0607,train,liar2_finance,10,110
train_pair_0780,train,liar2_finance,10,110
train_pair_0809,train,liar2_finance,10,110
test_pair_0067,train,liar2_finance,10,110
train_pair_0408,train,liar2_finance,10,110
train_pair_0618,train,liar2_finance,10,110
train_pair_0526,train,liar2_finance,10,110
train_pair_0274,train,liar2_finance,10,110
train_pair_0800,train,liar2_finance,10,110
train_pair_0765,train,liar2_finance,10,110
train_pair_0282,train,liar2_finance,10,110
train_pair_0233,train,liar2_finance,10,110
train_pair_0020,train,liar2_finance,10,110
train_pair_0365,train,liar2_finance,10,110
train_pair_0352,train,liar2_finance,10,110
train_pair_0030,train,liar2_finance,10,110
train_pair_0625,train,liar2_finance,10,110
train_pair_0056,train,liar2_finance,10,110
train_pair_0158,train,liar2_finance,10,110
train_pair_0466,train,liar2_finance,10,110
test_pair_0059,train,liar2_finance,10,110
validation_pair_0011,train,liar2_finance,10,110
validation_pair_0002,train,liar2_finance,10,110
train_pair_0729,train,liar2_finance,10,110
train_pair_0673,train,liar2_finance,10,110
train_pair_0717,train,liar2_finance,10,110
train_pair_0058,train,liar2_finance,10,110
train_pair_0401,train,liar2_finance,10,110
train_pair_0049,train,liar2_finance,10,110
train_pair_0382,train,liar2_finance,10,110
train_pair_0283,train,liar2_finance,10,110
test_pair_0055,train,liar2_finance,10,110
train_pair_0367,train,liar2_finance,10,110
train_pair_0505,train,liar2_finance,10,110
train_pair_0427,train,liar2_finance,10,110
train_pair_0124,train,liar2_finance,10,110
train_pair_0397,train,liar2_finance,10,110
train_pair_0643,train,liar2_finance,10,110
train_pair_0490,train,liar2_finance,10,110
train_pair_0739,train,liar2_finance,10,110
train_pair_0708,train,liar2_finance,10,110
test_pair_0047,train,liar2_finance,10,110
test_pair_0001,train,liar2_finance,10,110
test_pair_0054,train,liar2_finance,10,110
train_pair_0119,train,liar2_finance,10,110
train_pair_0254,train,liar2_finance,10,110
train_pair_0249,train,liar2_finance,10,110
train_pair_0732,train,liar2_finance,10,110
train_pair_0139,train,liar2_finance,10,110
train_pair_0375,train,liar2_finance,10,110
train_pair_0332,train,liar2_finance,10,110
train_pair_0770,train,liar2_finance,10,110
validation_pair_0079,train,liar2_finance,10,110
train_pair_0355,train,liar2_finance,10,110
test_pair_0065,train,liar2_finance,10,110
train_pair_0502,train,liar2_finance,10,110
validation_pair_0099,train,liar2_finance,10,110
train_pair_0251,train,liar2_finance,10,110
train_pair_0026,train,liar2_finance,10,110
train_pair_0533,train,liar2_finance,10,110
train_pair_0682,train,liar2_finance,10,110
train_pair_0344,train,liar2_finance,10,110
train_pair_0491,train,liar2_finance,10,110
train_pair_0527,train,liar2_finance,10,110
train_pair_0032,train,liar2_finance,10,110
train_pair_0246,train,liar2_finance,10,110
test_pair_0045,train,liar2_finance,10,110
train_pair_0629,train,liar2_finance,10,110
train_pair_0025,train,liar2_finance,10,110
train_pair_0659,train,liar2_finance,10,110
test_pair_0008,train,liar2_finance,10,110
train_pair_0465,train,liar2_finance,10,110
train_pair_0065,train,liar2_finance,10,110
train_pair_0703,train,liar2_finance,10,110
test_pair_0028,train,liar2_finance,10,110
validation_pair_0026,train,liar2_finance,10,110
train_pair_0326,train,liar2_finance,10,110
train_pair_0396,train,liar2_finance,10,110
train_pair_0545,train,liar2_finance,10,110
train_pair_0752,train,liar2_finance,10,110
train_pair_0090,train,liar2_finance,10,110
test_pair_0083,train,liar2_finance,10,110
train_pair_0304,train,liar2_finance,10,110
validation_pair_0022,train,liar2_finance,10,110
train_pair_0463,train,liar2_finance,10,110
train_pair_0668,train,liar2_finance,10,110
train_pair_0081,train,liar2_finance,10,110
train_pair_0470,train,liar2_finance,10,110
train_pair_0754,train,liar2_finance,10,110
train_pair_0402,train,liar2_finance,10,110
train_pair_0224,train,liar2_finance,10,110
train_pair_0458,train,liar2_finance,10,110
train_pair_0740,train,liar2_finance,10,110
validation_pair_0029,train,liar2_finance,10,110
train_pair_0484,train,liar2_finance,10,110
test_pair_0056,train,liar2_finance,10,110
train_pair_0719,train,liar2_finance,10,110
train_pair_0509,train,liar2_finance,10,110
train_pair_0432,train,liar2_finance,10,110
validation_pair_0049,train,liar2_finance,10,110
train_pair_0784,train,liar2_finance,10,110
train_pair_0269,train,liar2_finance,10,110
train_pair_0794,train,liar2_finance,10,110
train_pair_0410,train,liar2_finance,10,110
train_pair_0072,train,liar2_finance,10,110
train_pair_0670,train,liar2_finance,10,110
train_pair_0577,train,liar2_finance,10,110
train_pair_0758,train,liar2_finance,10,110
train_pair_0075,train,liar2_finance,10,110
validation_pair_0084,train,liar2_finance,10,110
train_pair_0691,train,liar2_finance,10,110
train_pair_0454,train,liar2_finance,10,110
train_pair_0354,train,liar2_finance,10,110
train_pair_0263,train,liar2_finance,10,110
test_pair_0076,train,liar2_finance,10,110
train_pair_0171,train,liar2_finance,10,110
train_pair_0669,train,liar2_finance,10,110
validation_pair_0058,train,liar2_finance,10,110
train_pair_0342,train,liar2_finance,10,110
train_pair_0524,train,liar2_finance,10,110
train_pair_0122,train,liar2_finance,10,110
validation_pair_0052,train,liar2_finance,10,110
train_pair_0009,train,liar2_finance,10,110
train_pair_0271,train,liar2_finance,10,110
train_pair_0727,train,liar2_finance,10,110
train_pair_0336,train,liar2_finance,10,110
train_pair_0698,train,liar2_finance,10,110
train_pair_0405,train,liar2_finance,10,110
train_pair_0437,train,liar2_finance,10,110
train_pair_0044,train,liar2_finance,10,110
test_pair_0005,train,liar2_finance,10,110
train_pair_0582,train,liar2_finance,10,110
train_pair_0370,train,liar2_finance,10,110
train_pair_0297,train,liar2_finance,10,110
train_pair_0417,train,liar2_finance,10,110
train_pair_0460,train,liar2_finance,10,110
train_pair_0204,train,liar2_finance,10,110
train_pair_0362,train,liar2_finance,10,110
train_pair_0320,train,liar2_finance,10,110
train_pair_0358,train,liar2_finance,10,110
train_pair_0624,train,liar2_finance,10,110
train_pair_0645,train,liar2_finance,10,110
train_pair_0468,train,liar2_finance,10,110
train_pair_0021,train,liar2_finance,10,110
train_pair_0191,train,liar2_finance,10,110
train_pair_0228,train,liar2_finance,10,110
train_pair_0606,train,liar2_finance,10,110
train_pair_0188,train,liar2_finance,10,110
train_pair_0641,train,liar2_finance,10,110
train_pair_0323,train,liar2_finance,10,110
validation_pair_0012,train,liar2_finance,10,110
train_pair_0449,train,liar2_finance,10,110
train_pair_0723,train,liar2_finance,10,110
train_pair_0113,train,liar2_finance,10,110
train_pair_0571,train,liar2_finance,10,110
train_pair_0515,train,liar2_finance,10,110
train_pair_0211,train,liar2_finance,10,110
train_pair_0356,train,liar2_finance,10,110
train_pair_0151,train,liar2_finance,10,110
validation_pair_0040,train,liar2_finance,10,110
validation_pair_0020,train,liar2_finance,10,110
train_pair_0418,train,liar2_finance,10,110
train_pair_0147,train,liar2_finance,10,110
train_pair_0008,train,liar2_finance,10,110
train_pair_0715,train,liar2_finance,10,110
train_pair_0144,train,liar2_finance,10,110
train_pair_0178,train,liar2_finance,10,110
train_pair_0686,train,liar2_finance,10,110
train_pair_0281,train,liar2_finance,10,110
train_pair_0422,train,liar2_finance,10,110
train_pair_0130,train,liar2_finance,10,110
validation_pair_0075,train,liar2_finance,10,110
train_pair_0270,train,liar2_finance,10,110
train_pair_0777,train,liar2_finance,10,110
train_pair_0157,train,liar2_finance,10,110
test_pair_0032,train,liar2_finance,10,110
train_pair_0485,train,liar2_finance,10,110
train_pair_0623,train,liar2_finance,10,110
validation_pair_0032,train,liar2_finance,10,110
train_pair_0737,train,liar2_finance,10,110
validation_pair_0057,train,liar2_finance,10,110
train_pair_0743,train,liar2_finance,10,110
train_pair_0331,train,liar2_finance,10,110
train_pair_0741,train,liar2_finance,10,110
train_pair_0718,train,liar2_finance,10,110
train_pair_0074,train,liar2_finance,10,110
train_pair_0694,train,liar2_finance,10,110
validation_pair_0008,train,liar2_finance,10,110
test_pair_0014,train,liar2_finance,10,110
test_pair_0006,train,liar2_finance,10,110
validation_pair_0091,train,liar2_finance,10,110
train_pair_0779,train,liar2_finance,10,110
train_pair_0005,train,liar2_finance,10,110
train_pair_0654,train,liar2_finance,10,110
train_pair_0759,train,liar2_finance,10,110
train_pair_0378,train,liar2_finance,10,110
train_pair_0398,train,liar2_finance,10,110
train_pair_0481,train,liar2_finance,10,110
validation_pair_0015,train,liar2_finance,10,110
train_pair_0513,train,liar2_finance,10,110
validation_pair_0100,train,liar2_finance,10,110
train_pair_0123,train,liar2_finance,10,110
train_pair_0092,train,liar2_finance,10,110
test_pair_0049,train,liar2_finance,10,110
test_pair_0024,train,liar2_finance,10,110
train_pair_0416,train,liar2_finance,10,110
train_pair_0581,train,liar2_finance,10,110
train_pair_0506,train,liar2_finance,10,110
train_pair_0514,train,liar2_finance,10,110
train_pair_0736,train,liar2_finance,10,110
train_pair_0117,train,liar2_finance,10,110
train_pair_0644,train,liar2_finance,10,110
train_pair_0646,train,liar2_finance,10,110
train_pair_0475,train,liar2_finance,10,110
train_pair_0788,train,liar2_finance,10,110
train_pair_0353,train,liar2_finance,10,110
validation_pair_0062,train,liar2_finance,10,110
train_pair_0680,train,liar2_finance,10,110
train_pair_0022,train,liar2_finance,10,110
validation_pair_0080,train,liar2_finance,10,110
validation_pair_0007,train,liar2_finance,10,110
train_pair_0797,train,liar2_finance,10,110
train_pair_0059,train,liar2_finance,10,110
train_pair_0799,train,liar2_finance,10,110
train_pair_0329,train,liar2_finance,10,110
train_pair_0322,train,liar2_finance,10,110
train_pair_0640,train,liar2_finance,10,110
train_pair_0611,train,liar2_finance,10,110
train_pair_0558,train,liar2_finance,10,110
train_pair_0482,train,liar2_finance,10,110
test_pair_0080,train,liar2_finance,10,110
validation_pair_0081,train,liar2_finance,10,110
train_pair_0055,train,liar2_finance,10,110
train_pair_0603,train,liar2_finance,10,110
train_pair_0693,train,liar2_finance,10,110
train_pair_0309,train,liar2_finance,10,110
train_pair_0783,train,liar2_finance,10,110
test_pair_0064,train,liar2_finance,10,110
train_pair_0663,train,liar2_finance,10,110
train_pair_0054,train,liar2_finance,10,110
train_pair_0419,train,liar2_finance,10,110
train_pair_0203,train,liar2_finance,10,110
train_pair_0045,train,liar2_finance,10,110
train_pair_0585,train,liar2_finance,10,110
train_pair_0172,train,liar2_finance,10,110
train_pair_0452,train,liar2_finance,10,110
train_pair_0567,train,liar2_finance,10,110
train_pair_0335,train,liar2_finance,10,110
train_pair_0613,train,liar2_finance,10,110
train_pair_0456,train,liar2_finance,10,110
validation_pair_0006,train,liar2_finance,10,110
train_pair_0156,train,liar2_finance,10,110
train_pair_0534,train,liar2_finance,10,110
train_pair_0684,train,liar2_finance,10,110
train_pair_0230,train,liar2_finance,10,110
train_pair_0294,train,liar2_finance,10,110
train_pair_0189,train,liar2_finance,10,110
train_pair_0034,train,liar2_finance,10,110
train_pair_0308,train,liar2_finance,10,110
train_pair_0036,train,liar2_finance,10,110
train_pair_0192,train,liar2_finance,10,110
test_pair_0012,train,liar2_finance,10,110
train_pair_0699,train,liar2_finance,10,110
validation_pair_0105,train,liar2_finance,10,110
train_pair_0381,train,liar2_finance,10,110
validation_pair_0038,train,liar2_finance,10,110
train_pair_0549,train,liar2_finance,10,110
train_pair_0250,train,liar2_finance,10,110
train_pair_0062,train,liar2_finance,10,110
test_pair_0078,train,liar2_finance,10,110
test_pair_0038,train,liar2_finance,10,110
validation_pair_0051,train,liar2_finance,10,110
train_pair_0301,train,liar2_finance,10,110
train_pair_0479,train,liar2_finance,10,110
train_pair_0317,train,liar2_finance,10,110
train_pair_0104,train,liar2_finance,10,110
train_pair_0306,train,liar2_finance,10,110
train_pair_0220,train,liar2_finance,10,110
train_pair_0695,train,liar2_finance,10,110
train_pair_0321,train,liar2_finance,10,110
validation_pair_0109,train,liar2_finance,10,110
test_pair_0031,train,liar2_finance,10,110
train_pair_0552,train,liar2_finance,10,110
train_pair_0232,train,liar2_finance,10,110
train_pair_0237,train,liar2_finance,10,110
train_pair_0245,train,liar2_finance,10,110
train_pair_0227,train,liar2_finance,10,110
train_pair_0150,train,liar2_finance,10,110
train_pair_0597,train,liar2_finance,10,110
test_pair_0007,train,liar2_finance,10,110
train_pair_0091,train,liar2_finance,10,110
train_pair_0210,train,liar2_finance,10,110
train_pair_0047,train,liar2_finance,10,110
test_pair_0037,train,liar2_finance,10,110
train_pair_0536,train,liar2_finance,10,110
validation_pair_0024,train,liar2_finance,10,110
train_pair_0543,train,liar2_finance,10,110
train_pair_0483,train,liar2_finance,10,110
train_pair_0671,train,liar2_finance,10,110
train_pair_0692,train,liar2_finance,10,110
train_pair_0213,train,liar2_finance,10,110
validation_pair_0050,train,liar2_finance,10,110
train_pair_0149,train,liar2_finance,10,110
test_pair_0023,train,liar2_finance,10,110
train_pair_0789,train,liar2_finance,10,110
train_pair_0077,train,liar2_finance,10,110
train_pair_0039,train,liar2_finance,10,110
train_pair_0750,train,liar2_finance,10,110
validation_pair_0009,train,liar2_finance,10,110
train_pair_0168,train,liar2_finance,10,110
test_pair_0068,train,liar2_finance,10,110
test_pair_0081,train,liar2_finance,10,110
train_pair_0738,train,liar2_finance,10,110
train_pair_0350,train,liar2_finance,10,110
train_pair_0429,train,liar2_finance,10,110
train_pair_0563,train,liar2_finance,10,110
train_pair_0604,train,liar2_finance,10,110
train_pair_0546,train,liar2_finance,10,110
validation_pair_0010,train,liar2_finance,10,110
train_pair_0088,train,liar2_finance,10,110
train_pair_0523,train,liar2_finance,10,110
test_pair_0051,train,liar2_finance,10,110
train_pair_0627,train,liar2_finance,10,110
validation_pair_0074,train,liar2_finance,10,110
test_pair_0043,train,liar2_finance,10,110
train_pair_0471,train,liar2_finance,10,110
train_pair_0261,train,liar2_finance,10,110
train_pair_0760,train,liar2_finance,10,110
train_pair_0599,train,liar2_finance,10,110
test_pair_0079,train,liar2_finance,10,110
train_pair_0101,train,liar2_finance,10,110
validation_pair_0056,train,liar2_finance,10,110
train_pair_0208,train,liar2_finance,10,110
train_pair_0501,train,liar2_finance,10,110
train_pair_0672,train,liar2_finance,10,110
train_pair_0564,train,liar2_finance,10,110
train_pair_0568,train,liar2_finance,10,110
train_pair_0399,train,liar2_finance,10,110
train_pair_0448,train,liar2_finance,10,110
train_pair_0316,train,liar2_finance,10,110
train_pair_0548,train,liar2_finance,10,110
train_pair_0403,train,liar2_finance,10,110
train_pair_0511,train,liar2_finance,10,110
train_pair_0183,train,liar2_finance,10,110
train_pair_0683,train,liar2_finance,10,110
train_pair_0768,train,liar2_finance,10,110
train_pair_0094,train,liar2_finance,10,110
train_pair_0337,train,liar2_finance,10,110
train_pair_0660,train,liar2_finance,10,110
train_pair_0787,train,liar2_finance,10,110
train_pair_0496,train,liar2_finance,10,110
train_pair_0574,train,liar2_finance,10,110
train_pair_0763,train,liar2_finance,10,110
validation_pair_0110,train,liar2_finance,10,110
train_pair_0155,train,liar2_finance,10,110
train_pair_0266,train,liar2_finance,10,110
test_pair_0041,train,liar2_finance,10,110
train_pair_0445,train,liar2_finance,10,110
train_pair_0079,train,liar2_finance,10,110
train_pair_0674,train,liar2_finance,10,110
train_pair_0619,train,liar2_finance,10,110
train_pair_0477,train,liar2_finance,10,110
train_pair_0608,train,liar2_finance,10,110
test_pair_0091,train,liar2_finance,10,110
train_pair_0587,train,liar2_finance,10,110
train_pair_0685,train,liar2_finance,10,110
train_pair_0492,train,liar2_finance,10,110
train_pair_0742,train,liar2_finance,10,110
train_pair_0051,train,liar2_finance,10,110
train_pair_0206,train,liar2_finance,10,110
validation_pair_0108,train,liar2_finance,10,110
test_pair_0048,train,liar2_finance,10,110
train_pair_0198,train,liar2_finance,10,110
train_pair_0176,train,liar2_finance,10,110
train_pair_0578,train,liar2_finance,10,110
train_pair_0217,train,liar2_finance,10,110
train_pair_0136,train,liar2_finance,10,110
train_pair_0007,train,liar2_finance,10,110
test_pair_0093,train,liar2_finance,10,110
test_pair_0018,train,liar2_finance,10,110
train_pair_0450,train,liar2_finance,10,110
train_pair_0330,train,liar2_finance,10,110
validation_pair_0089,train,liar2_finance,10,110
train_pair_0146,train,liar2_finance,10,110
validation_pair_0037,train,liar2_finance,10,110
train_pair_0334,train,liar2_finance,10,110
train_pair_0152,train,liar2_finance,10,110
train_pair_0700,train,liar2_finance,10,110
train_pair_0042,train,liar2_finance,10,110
test_pair_0033,train,liar2_finance,10,110
train_pair_0755,train,liar2_finance,10,110
train_pair_0414,train,liar2_finance,10,110
train_pair_0519,train,liar2_finance,10,110
train_pair_0095,train,liar2_finance,10,110
train_pair_0806,train,liar2_finance,10,110
train_pair_0547,train,liar2_finance,10,110
train_pair_0421,train,liar2_finance,10,110
train_pair_0612,train,liar2_finance,10,110
train_pair_0236,train,liar2_finance,10,110
train_pair_0426,train,liar2_finance,10,110
train_pair_0179,train,liar2_finance,10,110
test_pair_0002,train,liar2_finance,10,110
train_pair_0617,train,liar2_finance,10,110
validation_pair_0082,train,liar2_finance,10,110
train_pair_0616,train,liar2_finance,10,110
train_pair_0753,train,liar2_finance,10,110
validation_pair_0060,train,liar2_finance,10,110
train_pair_0027,train,liar2_finance,10,110
validation_pair_0093,train,liar2_finance,10,110
train_pair_0542,train,liar2_finance,10,110
validation_pair_0005,train,liar2_finance,10,110
train_pair_0810,train,liar2_finance,10,110
train_pair_0681,train,liar2_finance,10,110
train_pair_0658,train,liar2_finance,10,110
train_pair_0296,train,liar2_finance,10,110
test_pair_0052,train,liar2_finance,10,110
validation_pair_0055,train,liar2_finance,10,110
train_pair_0425,train,liar2_finance,10,110
train_pair_0046,train,liar2_finance,10,110
train_pair_0264,train,liar2_finance,10,110
train_pair_0073,train,liar2_finance,10,110
train_pair_0528,train,liar2_finance,10,110
train_pair_0745,train,liar2_finance,10,110
train_pair_0197,train,liar2_finance,10,110
train_pair_0071,train,liar2_finance,10,110
test_pair_0034,train,liar2_finance,10,110
test_pair_0039,train,liar2_finance,10,110
train_pair_0747,train,liar2_finance,10,110
validation_pair_0111,train,liar2_finance,10,110
train_pair_0057,train,liar2_finance,10,110
test_pair_0044,train,liar2_finance,10,110
train_pair_0728,train,liar2_finance,10,110
train_pair_0186,train,liar2_finance,10,110
train_pair_0276,train,liar2_finance,10,110
train_pair_0696,train,liar2_finance,10,110
train_pair_0440,train,liar2_finance,10,110
train_pair_0521,train,liar2_finance,10,110
train_pair_0675,train,liar2_finance,10,110
train_pair_0110,train,liar2_finance,10,110
train_pair_0193,train,liar2_finance,10,110
train_pair_0165,train,liar2_finance,10,110
train_pair_0196,train,liar2_finance,10,110
validation_pair_0019,train,liar2_finance,10,110
train_pair_0010,train,liar2_finance,10,110
test_pair_0025,train,liar2_finance,10,110
test_pair_0009,train,liar2_finance,10,110
train_pair_0498,train,liar2_finance,10,110
train_pair_0814,train,liar2_finance,10,110
train_pair_0650,train,liar2_finance,10,110
train_pair_0368,train,liar2_finance,10,110
train_pair_0129,train,liar2_finance,10,110
train_pair_0443,train,liar2_finance,10,110
train_pair_0441,train,liar2_finance,10,110
train_pair_0724,train,liar2_finance,10,110
validation_pair_0101,train,liar2_finance,10,110
train_pair_0345,train,liar2_finance,10,110
train_pair_0598,train,liar2_finance,10,110
train_pair_0795,train,liar2_finance,10,110
validation_pair_0069,train,liar2_finance,10,110
train_pair_0444,train,liar2_finance,10,110
train_pair_0544,train,liar2_finance,10,110
train_pair_0518,train,liar2_finance,10,110
train_pair_0120,train,liar2_finance,10,110
train_pair_0678,train,liar2_finance,10,110
train_pair_0372,train,liar2_finance,10,110
train_pair_0240,train,liar2_finance,10,110
validation_pair_0097,train,liar2_finance,10,110
train_pair_0325,train,liar2_finance,10,110
train_pair_0060,train,liar2_finance,10,110
train_pair_0508,train,liar2_finance,10,110
train_pair_0126,train,liar2_finance,10,110
train_pair_0538,train,liar2_finance,10,110
train_pair_0553,train,liar2_finance,10,110
train_pair_0705,train,liar2_finance,10,110
train_pair_0436,train,liar2_finance,10,110
train_pair_0111,train,liar2_finance,10,110
train_pair_0096,train,liar2_finance,10,110
test_pair_0013,train,liar2_finance,10,110
train_pair_0242,train,liar2_finance,10,110
train_pair_0268,train,liar2_finance,10,110
train_pair_0816,train,liar2_finance,10,110
train_pair_0621,train,liar2_finance,10,110
train_pair_0013,train,liar2_finance,10,110
train_pair_0343,train,liar2_finance,10,110
train_pair_0286,train,liar2_finance,10,110
train_pair_0369,train,liar2_finance,10,110
validation_pair_0103,train,liar2_finance,10,110
train_pair_0131,train,liar2_finance,10,110
train_pair_0318,train,liar2_finance,10,110
train_pair_0782,train,liar2_finance,10,110
test_pair_0060,train,liar2_finance,10,110
train_pair_0635,train,liar2_finance,10,110
train_pair_0200,train,liar2_finance,10,110
train_pair_0476,train,liar2_finance,10,110
train_pair_0388,train,liar2_finance,10,110
train_pair_0373,train,liar2_finance,10,110
train_pair_0298,train,liar2_finance,10,110
train_pair_0495,train,liar2_finance,10,110
test_pair_0021,train,liar2_finance,10,110
train_pair_0184,train,liar2_finance,10,110
test_pair_0011,train,liar2_finance,10,110
train_pair_0767,train,liar2_finance,10,110
validation_pair_0043,train,liar2_finance,10,110
train_pair_0143,train,liar2_finance,10,110
train_pair_0289,train,liar2_finance,10,110
train_pair_0100,train,liar2_finance,10,110
train_pair_0457,train,liar2_finance,10,110
train_pair_0040,train,liar2_finance,10,110
train_pair_0255,train,liar2_finance,10,110
test_pair_0035,train,liar2_finance,10,110
train_pair_0076,train,liar2_finance,10,110
train_pair_0710,train,liar2_finance,10,110
train_pair_0086,train,liar2_finance,10,110
test_pair_0092,train,liar2_finance,10,110
train_pair_0706,train,liar2_finance,10,110
train_pair_0394,train,liar2_finance,10,110
validation_pair_0066,train,liar2_finance,10,110
train_pair_0461,train,liar2_finance,10,110
train_pair_0029,train,liar2_finance,10,110
train_pair_0068,train,liar2_finance,10,110
train_pair_0576,train,liar2_finance,10,110
train_pair_0786,train,liar2_finance,10,110
train_pair_0722,train,liar2_finance,10,110
train_pair_0474,train,liar2_finance,10,110
train_pair_0290,train,liar2_finance,10,110
train_pair_0280,train,liar2_finance,10,110
train_pair_0166,train,liar2_finance,10,110
train_pair_0154,train,liar2_finance,10,110
train_pair_0805,train,liar2_finance,10,110
train_pair_0653,train,liar2_finance,10,110
train_pair_0391,train,liar2_finance,10,110
train_pair_0711,train,liar2_finance,10,110
train_pair_0689,train,liar2_finance,10,110
train_pair_0442,train,liar2_finance,10,110
train_pair_0014,train,liar2_finance,10,110
train_pair_0016,train,liar2_finance,10,110
train_pair_0006,train,liar2_finance,10,110
train_pair_0494,train,liar2_finance,10,110
train_pair_0798,train,liar2_finance,10,110
train_pair_0109,train,liar2_finance,10,110
train_pair_0404,train,liar2_finance,10,110
train_pair_0499,train,liar2_finance,10,110
train_pair_0160,train,liar2_finance,10,110
train_pair_0303,train,liar2_finance,10,110
train_pair_0023,train,liar2_finance,10,110
train_pair_0209,train,liar2_finance,10,110
test_pair_0082,train,liar2_finance,10,110
train_pair_0380,train,liar2_finance,10,110
validation_pair_0095,train,liar2_finance,10,110
test_pair_0073,train,liar2_finance,10,110
train_pair_0061,train,liar2_finance,10,110
train_pair_0137,train,liar2_finance,10,110
test_pair_0050,train,liar2_finance,10,110
test_pair_0086,train,liar2_finance,10,110
validation_pair_0035,train,liar2_finance,10,110
train_pair_0605,train,liar2_finance,10,110
train_pair_0551,train,liar2_finance,10,110
train_pair_0161,train,liar2_finance,10,110
train_pair_0235,train,liar2_finance,10,110
train_pair_0592,train,liar2_finance,10,110
train_pair_0288,train,liar2_finance,10,110
validation_pair_0021,train,liar2_finance,10,110
validation_pair_0028,train,liar2_finance,10,110
train_pair_0357,train,liar2_finance,10,110
train_pair_0087,train,liar2_finance,10,110
train_pair_0812,train,liar2_finance,10,110
train_pair_0573,train,liar2_finance,10,110
train_pair_0393,train,liar2_finance,10,110
train_pair_0467,train,liar2_finance,10,110
train_pair_0487,train,liar2_finance,10,110
train_pair_0099,train,liar2_finance,10,110
test_pair_0062,train,liar2_finance,10,110
train_pair_0392,train,liar2_finance,10,110
test_pair_0070,train,liar2_finance,10,110
validation_pair_0090,train,liar2_finance,10,110
validation_pair_0054,train,liar2_finance,10,110
train_pair_0069,train,liar2_finance,10,110
validation_pair_0094,train,liar2_finance,10,110
train_pair_0541,train,liar2_finance,10,110
train_pair_0503,train,liar2_finance,10,110
train_pair_0813,train,liar2_finance,10,110
train_pair_0031,train,liar2_finance,10,110
test_pair_0066,train,liar2_finance,10,110
validation_pair_0034,train,liar2_finance,10,110
train_pair_0063,train,liar2_finance,10,110
train_pair_0180,train,liar2_finance,10,110
train_pair_0127,train,liar2_finance,10,110
train_pair_0532,train,liar2_finance,10,110
train_pair_0516,train,liar2_finance,10,110
train_pair_0469,train,liar2_finance,10,110
validation_pair_0088,train,liar2_finance,10,110
train_pair_0489,train,liar2_finance,10,110
train_pair_0561,train,liar2_finance,10,110
train_pair_0791,train,liar2_finance,10,110
train_pair_0386,train,liar2_finance,10,110
train_pair_0435,train,liar2_finance,10,110
train_pair_0053,train,liar2_finance,10,110
train_pair_0771,train,liar2_finance,10,110
train_pair_0664,train,liar2_finance,10,110
train_pair_0591,train,liar2_finance,10,110
train_pair_0279,train,liar2_finance,10,110
train_pair_0620,train,liar2_finance,10,110
validation_pair_0041,train,liar2_finance,10,110
test_pair_0030,train,liar2_finance,10,110
train_pair_0389,train,liar2_finance,10,110
test_pair_0061,train,liar2_finance,10,110
train_pair_0222,train,liar2_finance,10,110
validation_pair_0104,train,liar2_finance,10,110
validation_pair_0059,train,liar2_finance,10,110
train_pair_0163,train,liar2_finance,10,110
train_pair_0066,train,liar2_finance,10,110
train_pair_0507,train,liar2_finance,10,110
train_pair_0241,train,liar2_finance,10,110
train_pair_0340,train,liar2_finance,10,110
train_pair_0219,train,liar2_finance,10,110
train_pair_0594,train,liar2_finance,10,110
train_pair_0808,train,liar2_finance,10,110
train_pair_0078,train,liar2_finance,10,110
train_pair_0488,train,liar2_finance,10,110
train_pair_0638,train,liar2_finance,10,110
train_pair_0098,train,liar2_finance,10,110
train_pair_0064,train,liar2_finance,10,110
validation_pair_0014,train,liar2_finance,10,110
train_pair_0346,train,liar2_finance,10,110
train_pair_0231,train,liar2_finance,10,110
train_pair_0676,train,liar2_finance,10,110
train_pair_0259,train,liar2_finance,10,110
train_pair_0762,train,liar2_finance,10,110
train_pair_0201,train,liar2_finance,10,110
train_pair_0002,train,liar2_finance,10,110
test_pair_0026,train,liar2_finance,10,110
train_pair_0633,train,liar2_finance,10,110
train_pair_0167,train,liar2_finance,10,110
train_pair_0589,train,liar2_finance,10,110
train_pair_0424,train,liar2_finance,10,110
train_pair_0170,train,liar2_finance,10,110
test_pair_0077,train,liar2_finance,10,110
train_pair_0730,train,liar2_finance,10,110
train_pair_0560,train,liar2_finance,10,110
train_pair_0749,train,liar2_finance,10,110
train_pair_0748,train,liar2_finance,10,110
train_pair_0212,train,liar2_finance,10,110
train_pair_0277,train,liar2_finance,10,110
train_pair_0801,train,liar2_finance,10,110
train_pair_0804,train,liar2_finance,10,110
train_pair_0595,train,liar2_finance,10,110
train_pair_0811,train,liar2_finance,10,110
train_pair_0602,train,liar2_finance,10,110
test_pair_0072,train,liar2_finance,10,110
train_pair_0773,train,liar2_finance,10,110
train_pair_0363,train,liar2_finance,10,110
train_pair_0311,train,liar2_finance,10,110
train_pair_0761,train,liar2_finance,10,110
train_pair_0778,train,liar2_finance,10,110
validation_pair_0048,train,liar2_finance,10,110
validation_pair_0086,train,liar2_finance,10,110
train_pair_0601,train,liar2_finance,10,110
validation_pair_0027,train,liar2_finance,10,110
train_pair_0089,train,liar2_finance,10,110
validation_pair_0071,train,liar2_finance,10,110
train_pair_0319,train,liar2_finance,10,110
train_pair_0194,train,liar2_finance,10,110
train_pair_0267,train,liar2_finance,10,110
train_pair_0679,train,liar2_finance,10,110
train_pair_0504,train,liar2_finance,10,110
train_pair_0275,train,liar2_finance,10,110
validation_pair_0039,train,liar2_finance,10,110
train_pair_0377,train,liar2_finance,10,110
test_pair_0089,train,liar2_finance,10,110
train_pair_0566,train,liar2_finance,10,110
train_pair_0299,train,liar2_finance,10,110
train_pair_0446,train,liar2_finance,10,110
train_pair_0734,train,liar2_finance,10,110
validation_pair_0107,train,liar2_finance,10,110
train_pair_0121,train,liar2_finance,10,110
train_pair_0097,train,liar2_finance,10,110
train_pair_0153,train,liar2_finance,10,110
train_pair_0085,train,liar2_finance,10,110
train_pair_0135,train,liar2_finance,10,110
train_pair_0125,train,liar2_finance,10,110
train_pair_0420,train,liar2_finance,10,110
train_pair_0412,train,liar2_finance,10,110
train_pair_0455,train,liar2_finance,10,110
train_pair_0292,train,liar2_finance,10,110
train_pair_0731,train,liar2_finance,10,110
train_pair_0802,train,liar2_finance,10,110
test_pair_0027,train,liar2_finance,10,110
train_pair_0272,train,liar2_finance,10,110
train_pair_0218,train,liar2_finance,10,110
train_pair_0037,train,liar2_finance,10,110
train_pair_0305,train,liar2_finance,10,110
train_pair_0517,train,liar2_finance,10,110
test_pair_0053,train,liar2_finance,10,110
train_pair_0569,train,liar2_finance,10,110
test_pair_0020,train,liar2_finance,10,110
train_pair_0701,train,liar2_finance,10,110
test_pair_0019,train,liar2_finance,10,110
train_pair_0070,train,liar2_finance,10,110
train_pair_0028,train,liar2_finance,10,110
train_pair_0600,train,liar2_finance,10,110
test_pair_0015,train,liar2_finance,10,110
train_pair_0258,train,liar2_finance,10,110
train_pair_0774,train,liar2_finance,10,110
train_pair_0244,train,liar2_finance,10,110
train_pair_0364,train,liar2_finance,10,110
train_pair_0199,train,liar2_finance,10,110
train_pair_0385,train,liar2_finance,10,110
train_pair_0407,train,liar2_finance,10,110
train_pair_0190,train,liar2_finance,10,110
train_pair_0531,train,liar2_finance,10,110
train_pair_0001,train,liar2_finance,10,110
train_pair_0735,train,liar2_finance,10,110
train_pair_0293,train,liar2_finance,10,110
train_pair_0631,train,liar2_finance,10,110
train_pair_0636,train,liar2_finance,10,110
train_pair_0173,train,liar2_finance,10,110
train_pair_0431,train,liar2_finance,10,110
train_pair_0707,train,liar2_finance,10,110
train_pair_0803,train,liar2_finance,10,110
train_pair_0169,train,liar2_finance,10,110
train_pair_0177,train,liar2_finance,10,110
train_pair_0102,train,liar2_finance,10,110
test_pair_0063,train,liar2_finance,10,110
test_pair_0087,train,liar2_finance,10,110
validation_pair_0067,train,liar2_finance,10,110
train_pair_0341,train,liar2_finance,10,110
train_pair_0310,train,liar2_finance,10,110
train_pair_0035,train,liar2_finance,10,110
train_pair_0744,train,liar2_finance,10,110
train_pair_0273,train,liar2_finance,10,110
train_pair_0756,train,liar2_finance,10,110
train_pair_0540,train,liar2_finance,10,110
validation_pair_0114,train,liar2_finance,10,110
train_pair_0223,train,liar2_finance,10,110
test_pair_0058,train,liar2_finance,10,110
train_pair_0433,train,liar2_finance,10,110
train_pair_0017,train,liar2_finance,10,110
train_pair_0371,train,liar2_finance,10,110
validation_pair_0047,train,liar2_finance,10,110
train_pair_0067,train,liar2_finance,10,110
train_pair_0106,train,liar2_finance,10,110
train_pair_0260,train,liar2_finance,10,110
train_pair_0704,train,liar2_finance,10,110
train_pair_0409,train,liar2_finance,10,110
train_pair_0287,train,liar2_finance,10,110
train_pair_0141,train,liar2_finance,10,110
train_pair_0712,train,liar2_finance,10,110
train_pair_0229,train,liar2_finance,10,110
test_pair_0085,train,liar2_finance,10,110
train_pair_0766,train,liar2_finance,10,110
train_pair_0134,train,liar2_finance,10,110
train_pair_0580,train,liar2_finance,10,110
validation_pair_0036,train,liar2_finance,10,110
train_pair_0315,train,liar2_finance,10,110
train_pair_0586,train,liar2_finance,10,110
train_pair_0725,train,liar2_finance,10,110
train_pair_0024,train,liar2_finance,10,110
test_pair_0017,train,liar2_finance,10,110
train_pair_0262,train,liar2_finance,10,110
test_pair_0040,train,liar2_finance,10,110
train_pair_0792,train,liar2_finance,10,110
train_pair_0295,train,liar2_finance,10,110
train_pair_0733,train,liar2_finance,10,110
train_pair_0351,train,liar2_finance,10,110
train_pair_0083,train,liar2_finance,10,110
validation_pair_0045,train,liar2_finance,10,110
train_pair_0588,train,liar2_finance,10,110
train_pair_0138,train,liar2_finance,10,110
train_pair_0328,train,liar2_finance,10,110
test_pair_0004,train,liar2_finance,10,110
train_pair_0145,train,liar2_finance,10,110
train_pair_0665,validation,liar2_finance,10,110
train_pair_0225,validation,liar2_finance,10,110
test_pair_0010,validation,liar2_finance,10,110
train_pair_0447,validation,liar2_finance,10,110
train_pair_0112,validation,liar2_finance,10,110
train_pair_0721,validation,liar2_finance,10,110
train_pair_0716,validation,liar2_finance,10,110
train_pair_0751,validation,liar2_finance,10,110
test_pair_0069,validation,liar2_finance,10,110
validation_pair_0073,validation,liar2_finance,10,110
train_pair_0746,validation,liar2_finance,10,110
train_pair_0714,validation,liar2_finance,10,110
train_pair_0205,validation,liar2_finance,10,110
train_pair_0226,validation,liar2_finance,10,110
train_pair_0164,validation,liar2_finance,10,110
train_pair_0520,validation,liar2_finance,10,110
train_pair_0550,validation,liar2_finance,10,110
test_pair_0088,validation,liar2_finance,10,110
train_pair_0379,validation,liar2_finance,10,110
validation_pair_0025,validation,liar2_finance,10,110
train_pair_0530,validation,liar2_finance,10,110
train_pair_0815,validation,liar2_finance,10,110
train_pair_0339,validation,liar2_finance,10,110
train_pair_0003,validation,liar2_finance,10,110
train_pair_0214,validation,liar2_finance,10,110
train_pair_0486,validation,liar2_finance,10,110
train_pair_0557,validation,liar2_finance,10,110
train_pair_0175,validation,liar2_finance,10,110
train_pair_0390,validation,liar2_finance,10,110
train_pair_0539,validation,liar2_finance,10,110
train_pair_0464,validation,liar2_finance,10,110
train_pair_0324,validation,liar2_finance,10,110
train_pair_0278,validation,liar2_finance,10,110
train_pair_0579,validation,liar2_finance,10,110
test_pair_0029,validation,liar2_finance,10,110
train_pair_0105,validation,liar2_finance,10,110
train_pair_0052,validation,liar2_finance,10,110
test_pair_0016,validation,liar2_finance,10,110
train_pair_0256,validation,liar2_finance,10,110
train_pair_0359,validation,liar2_finance,10,110
train_pair_0628,validation,liar2_finance,10,110
validation_pair_0016,validation,liar2_finance,10,110
test_pair_0046,validation,liar2_finance,10,110
train_pair_0395,validation,liar2_finance,10,110
train_pair_0148,validation,liar2_finance,10,110
train_pair_0182,validation,liar2_finance,10,110
validation_pair_0003,validation,liar2_finance,10,110
train_pair_0764,validation,liar2_finance,10,110
train_pair_0108,validation,liar2_finance,10,110
train_pair_0639,validation,liar2_finance,10,110
test_pair_0071,validation,liar2_finance,10,110
train_pair_0018,validation,liar2_finance,10,110
validation_pair_0102,validation,liar2_finance,10,110
validation_pair_0031,validation,liar2_finance,10,110
train_pair_0522,validation,liar2_finance,10,110
train_pair_0555,validation,liar2_finance,10,110
train_pair_0572,validation,liar2_finance,10,110
train_pair_0033,validation,liar2_finance,10,110
train_pair_0187,validation,liar2_finance,10,110
train_pair_0043,validation,liar2_finance,10,110
validation_pair_0004,validation,liar2_finance,10,110
train_pair_0118,validation,liar2_finance,10,110
test_pair_0042,validation,liar2_finance,10,110
train_pair_0082,validation,liar2_finance,10,110
train_pair_0438,validation,liar2_finance,10,110
train_pair_0041,validation,liar2_finance,10,110
train_pair_0648,validation,liar2_finance,10,110
train_pair_0662,validation,liar2_finance,10,110
train_pair_0652,validation,liar2_finance,10,110
train_pair_0291,validation,liar2_finance,10,110
train_pair_0103,validation,liar2_finance,10,110
train_pair_0651,validation,liar2_finance,10,110
train_pair_0185,validation,liar2_finance,10,110
train_pair_0622,validation,liar2_finance,10,110
train_pair_0537,validation,liar2_finance,10,110
validation_pair_0017,validation,liar2_finance,10,110
train_pair_0215,validation,liar2_finance,10,110
validation_pair_0085,validation,liar2_finance,10,110
train_pair_0133,validation,liar2_finance,10,110
test_pair_0084,validation,liar2_finance,10,110
validation_pair_0106,validation,liar2_finance,10,110
train_pair_0015,validation,liar2_finance,10,110
train_pair_0384,validation,liar2_finance,10,110
train_pair_0614,validation,liar2_finance,10,110
train_pair_0677,validation,liar2_finance,10,110
validation_pair_0044,validation,liar2_finance,10,110
train_pair_0313,validation,liar2_finance,10,110
train_pair_0202,validation,liar2_finance,10,110
train_pair_0472,validation,liar2_finance,10,110
train_pair_0709,validation,liar2_finance,10,110
train_pair_0411,validation,liar2_finance,10,110
train_pair_0093,validation,liar2_finance,10,110
train_pair_0253,validation,liar2_finance,10,110
train_pair_0413,validation,liar2_finance,10,110
train_pair_0312,validation,liar2_finance,10,110
train_pair_0243,validation,liar2_finance,10,110
train_pair_0610,validation,liar2_finance,10,110
train_pair_0012,validation,liar2_finance,10,110
validation_pair_0083,validation,liar2_finance,10,110
train_pair_0140,validation,liar2_finance,10,110
train_pair_0790,validation,liar2_finance,10,110
validation_pair_0072,validation,liar2_finance,10,110
train_pair_0142,test,liar2_finance,10,110
train_pair_0562,test,liar2_finance,10,110
train_pair_0649,test,liar2_finance,10,110
test_pair_0090,test,liar2_finance,10,110
train_pair_0114,test,liar2_finance,10,110
train_pair_0556,test,liar2_finance,10,110
validation_pair_0063,test,liar2_finance,10,110
train_pair_0247,test,liar2_finance,10,110
train_pair_0687,test,liar2_finance,10,110
validation_pair_0018,test,liar2_finance,10,110
validation_pair_0023,test,liar2_finance,10,110
train_pair_0609,test,liar2_finance,10,110
train_pair_0510,test,liar2_finance,10,110
train_pair_0559,test,liar2_finance,10,110
train_pair_0439,test,liar2_finance,10,110
train_pair_0048,test,liar2_finance,10,110
validation_pair_0112,test,liar2_finance,10,110
train_pair_0525,test,liar2_finance,10,110
train_pair_0434,test,liar2_finance,10,110
train_pair_0462,test,liar2_finance,10,110
train_pair_0132,test,liar2_finance,10,110
test_pair_0094,test,liar2_finance,10,110
train_pair_0428,test,liar2_finance,10,110
validation_pair_0096,test,liar2_finance,10,110
train_pair_0632,test,liar2_finance,10,110
test_pair_0003,test,liar2_finance,10,110
train_pair_0637,test,liar2_finance,10,110
train_pair_0596,test,liar2_finance,10,110
train_pair_0451,test,liar2_finance,10,110
validation_pair_0068,test,liar2_finance,10,110
train_pair_0406,test,liar2_finance,10,110
train_pair_0080,test,liar2_finance,10,110
train_pair_0713,test,liar2_finance,10,110
validation_pair_0061,test,liar2_finance,10,110
train_pair_0702,test,liar2_finance,10,110
train_pair_0128,test,liar2_finance,10,110
train_pair_0400,test,liar2_finance,10,110
validation_pair_0087,test,liar2_finance,10,110
validation_pair_0070,test,liar2_finance,10,110
train_pair_0234,test,liar2_finance,10,110
train_pair_0726,test,liar2_finance,10,110
validation_pair_0077,test,liar2_finance,10,110
train_pair_0115,test,liar2_finance,10,110
train_pair_0207,test,liar2_finance,10,110
train_pair_0221,test,liar2_finance,10,110
train_pair_0497,test,liar2_finance,10,110
train_pair_0493,test,liar2_finance,10,110
validation_pair_0092,test,liar2_finance,10,110
test_pair_0075,test,liar2_finance,10,110
train_pair_0162,test,liar2_finance,10,110
validation_pair_0113,test,liar2_finance,10,110
train_pair_0004,test,liar2_finance,10,110
train_pair_0590,test,liar2_finance,10,110
train_pair_0302,test,liar2_finance,10,110
train_pair_0238,test,liar2_finance,10,110
train_pair_0781,test,liar2_finance,10,110
train_pair_0512,test,liar2_finance,10,110
train_pair_0415,test,liar2_finance,10,110
train_pair_0473,test,liar2_finance,10,110
train_pair_0769,test,liar2_finance,10,110
train_pair_0349,test,liar2_finance,10,110
train_pair_0720,test,liar2_finance,10,110
validation_pair_0033,test,liar2_finance,10,110
train_pair_0300,test,liar2_finance,10,110
train_pair_0480,test,liar2_finance,10,110
train_pair_0775,test,liar2_finance,10,110
train_pair_0360,test,liar2_finance,10,110
train_pair_0383,test,liar2_finance,10,110
train_pair_0195,test,liar2_finance,10,110
train_pair_0011,test,liar2_finance,10,110
validation_pair_0078,test,liar2_finance,10,110
train_pair_0478,test,liar2_finance,10,110
validation_pair_0046,test,liar2_finance,10,110
validation_pair_0042,test,liar2_finance,10,110
train_pair_0757,test,liar2_finance,10,110
validation_pair_0076,test,liar2_finance,10,110
validation_pair_0013,test,liar2_finance,10,110
train_pair_0565,test,liar2_finance,10,110
train_pair_0239,test,liar2_finance,10,110
train_pair_0584,test,liar2_finance,10,110
train_pair_0019,test,liar2_finance,10,110
train_pair_0634,test,liar2_finance,10,110
train_pair_0285,test,liar2_finance,10,110
train_pair_0785,test,liar2_finance,10,110
train_pair_0423,test,liar2_finance,10,110
train_pair_0107,test,liar2_finance,10,110
train_pair_0348,test,liar2_finance,10,110
train_pair_0248,test,liar2_finance,10,110
test_pair_0036,test,liar2_finance,10,110
train_pair_0459,test,liar2_finance,10,110
validation_pair_0064,test,liar2_finance,10,110
train_pair_0038,test,liar2_finance,10,110
train_pair_0666,test,liar2_finance,10,110
train_pair_0307,test,liar2_finance,10,110
train_pair_0626,test,liar2_finance,10,110
train_pair_0361,test,liar2_finance,10,110
train_pair_0265,test,liar2_finance,10,110
train_pair_0374,test,liar2_finance,10,110
train_pair_0376,test,liar2_finance,10,110
train_pair_0174,test,liar2_finance,10,110
train_pair_0661,test,liar2_finance,10,110
test_pair_0022,test,liar2_finance,10,110
round2_snopes_015,train,factors_finance,1,11
grass_fact_check_020,train,factors_finance,1,11
politifact_051,train,factors_finance,1,11
politifact_123,train,factors_finance,1,11
round2_snopes_017,train,factors_finance,1,11
snopes_001,train,factors_finance,1,11
politifact_179,train,factors_finance,1,11
round2_africa_check_015,train,factors_finance,1,11
politifact_107,train,factors_finance,1,11
politifact_010,train,factors_finance,1,11
round2_snopes_003,train,factors_finance,1,11
snopes_008,train,factors_finance,1,11
politifact_164,train,factors_finance,1,11
snopes_077,train,factors_finance,1,11
politifact_108,train,factors_finance,1,11
politifact_057,train,factors_finance,1,11
dubawa_002,train,factors_finance,1,11
politifact_084,train,factors_finance,1,11
politifact_043,train,factors_finance,1,11
politifact_124,train,factors_finance,1,11
snopes_037,train,factors_finance,1,11
politifact_041,train,factors_finance,1,11
politifact_144,train,factors_finance,1,11
politifact_192,train,factors_finance,1,11
politifact_060,train,factors_finance,1,11
snopes_052,train,factors_finance,1,11
politifact_148,train,factors_finance,1,11
politifact_094,train,factors_finance,1,11
snopes_004,train,factors_finance,1,11
politifact_088,train,factors_finance,1,11
politifact_056,train,factors_finance,1,11
politifact_078,train,factors_finance,1,11
politifact_007,train,factors_finance,1,11
politifact_025,train,factors_finance,1,11
politifact_143,train,factors_finance,1,11
politifact_112,train,factors_finance,1,11
politifact_193,train,factors_finance,1,11
grass_fact_check_005,train,factors_finance,1,11
snopes_010,train,factors_finance,1,11
round2_snopes_006,train,factors_finance,1,11
politifact_034,train,factors_finance,1,11
politifact_159,train,factors_finance,1,11
politifact_058,train,factors_finance,1,11
snopes_046,train,factors_finance,1,11
politifact_100,train,factors_finance,1,11
snopes_043,train,factors_finance,1,11
politifact_090,train,factors_finance,1,11
politifact_153,train,factors_finance,1,11
politifact_047,train,factors_finance,1,11
politifact_012,train,factors_finance,1,11
politifact_121,train,factors_finance,1,11
politifact_042,train,factors_finance,1,11
politifact_142,train,factors_finance,1,11
snopes_060,train,factors_finance,1,11
snopes_030,train,factors_finance,1,11
politifact_091,train,factors_finance,1,11
politifact_086,train,factors_finance,1,11
grass_fact_check_025,train,factors_finance,1,11
politifact_050,train,factors_finance,1,11
snopes_045,train,factors_finance,1,11
politifact_067,train,factors_finance,1,11
snopes_053,train,factors_finance,1,11
politifact_187,train,factors_finance,1,11
africa_check_017,train,factors_finance,1,11
politifact_011,train,factors_finance,1,11
round2_grass_fact_check_001,train,factors_finance,1,11
politifact_158,train,factors_finance,1,11
politifact_065,train,factors_finance,1,11
politifact_036,train,factors_finance,1,11
grass_fact_check_004,train,factors_finance,1,11
snopes_065,train,factors_finance,1,11
politifact_189,train,factors_finance,1,11
snopes_061,train,factors_finance,1,11
dubawa_001,train,factors_finance,1,11
round2_snopes_012,train,factors_finance,1,11
politifact_133,train,factors_finance,1,11
politifact_163,train,factors_finance,1,11
snopes_058,train,factors_finance,1,11
snopes_075,train,factors_finance,1,11
politifact_009,train,factors_finance,1,11
politifact_173,train,factors_finance,1,11
politifact_030,train,factors_finance,1,11
politifact_128,train,factors_finance,1,11
politifact_171,train,factors_finance,1,11
grass_fact_check_007,train,factors_finance,1,11
round2_grass_fact_check_007,train,factors_finance,1,11
politifact_134,train,factors_finance,1,11
politifact_186,train,factors_finance,1,11
politifact_199,train,factors_finance,1,11
politifact_033,train,factors_finance,1,11
politifact_016,train,factors_finance,1,11
snopes_049,train,factors_finance,1,11
politifact_190,train,factors_finance,1,11
round2_africa_check_013,train,factors_finance,1,11
politifact_170,train,factors_finance,1,11
politifact_082,train,factors_finance,1,11
politifact_194,train,factors_finance,1,11
politifact_005,train,factors_finance,1,11
politifact_136,train,factors_finance,1,11
politifact_145,train,factors_finance,1,11
grass_fact_check_015,train,factors_finance,1,11
africa_check_013,train,factors_finance,1,11
politifact_049,train,factors_finance,1,11
round2_africa_check_003,train,factors_finance,1,11
politifact_089,train,factors_finance,1,11
politifact_093,train,factors_finance,1,11
round2_snopes_010,train,factors_finance,1,11
politifact_200,train,factors_finance,1,11
politifact_182,train,factors_finance,1,11
politifact_022,train,factors_finance,1,11
politifact_077,train,factors_finance,1,11
politifact_070,train,factors_finance,1,11
politifact_099,train,factors_finance,1,11
grass_fact_check_012,train,factors_finance,1,11
politifact_085,train,factors_finance,1,11
grass_fact_check_010,train,factors_finance,1,11
round2_africa_check_002,train,factors_finance,1,11
politifact_038,train,factors_finance,1,11
politifact_111,train,factors_finance,1,11
round2_snopes_005,train,factors_finance,1,11
politifact_071,train,factors_finance,1,11
snopes_014,train,factors_finance,1,11
dubawa_005,train,factors_finance,1,11
politifact_037,train,factors_finance,1,11
round2_africa_check_010,train,factors_finance,1,11
dubawa_006,train,factors_finance,1,11
snopes_038,train,factors_finance,1,11
snopes_066,train,factors_finance,1,11
politifact_073,train,factors_finance,1,11
politifact_168,train,factors_finance,1,11
grass_fact_check_008,train,factors_finance,1,11
round2_snopes_008,train,factors_finance,1,11
politifact_156,train,factors_finance,1,11
politifact_045,train,factors_finance,1,11
politifact_052,train,factors_finance,1,11
politifact_114,train,factors_finance,1,11
politifact_147,train,factors_finance,1,11
round2_snopes_020,train,factors_finance,1,11
politifact_096,train,factors_finance,1,11
politifact_026,train,factors_finance,1,11
politifact_053,train,factors_finance,1,11
snopes_063,train,factors_finance,1,11
round2_snopes_001,train,factors_finance,1,11
snopes_048,train,factors_finance,1,11
round2_snopes_011,train,factors_finance,1,11
politifact_081,train,factors_finance,1,11
politifact_015,train,factors_finance,1,11
politifact_130,train,factors_finance,1,11
politifact_048,train,factors_finance,1,11
round2_africa_check_011,train,factors_finance,1,11
politifact_126,train,factors_finance,1,11
politifact_146,train,factors_finance,1,11
round2_snopes_002,train,factors_finance,1,11
round2_snopes_007,train,factors_finance,1,11
round2_grass_fact_check_004,train,factors_finance,1,11
snopes_039,train,factors_finance,1,11
politifact_068,train,factors_finance,1,11
grass_fact_check_001,train,factors_finance,1,11
round2_africa_check_008,train,factors_finance,1,11
politifact_174,train,factors_finance,1,11
politifact_137,train,factors_finance,1,11
politifact_127,train,factors_finance,1,11
round2_grass_fact_check_003,train,factors_finance,1,11
round2_snopes_019,train,factors_finance,1,11
politifact_001,train,factors_finance,1,11
politifact_120,train,factors_finance,1,11
politifact_092,train,factors_finance,1,11
politifact_169,train,factors_finance,1,11
politifact_102,train,factors_finance,1,11
politifact_152,train,factors_finance,1,11
politifact_198,train,factors_finance,1,11
snopes_055,train,factors_finance,1,11
round2_grass_fact_check_005,train,factors_finance,1,11
politifact_075,train,factors_finance,1,11
africa_check_012,train,factors_finance,1,11
politifact_149,train,factors_finance,1,11
politifact_165,train,factors_finance,1,11
politifact_046,train,factors_finance,1,11
round2_snopes_013,train,factors_finance,1,11
politifact_059,train,factors_finance,1,11
politifact_079,train,factors_finance,1,11
grass_fact_check_026,train,factors_finance,1,11
politifact_039,train,factors_finance,1,11
politifact_131,train,factors_finance,1,11
dubawa_003,train,factors_finance,1,11
round2_snopes_004,train,factors_finance,1,11
snopes_029,train,factors_finance,1,11
politifact_129,train,factors_finance,1,11
newsmeter_001,train,factors_finance,1,11
grass_fact_check_024,train,factors_finance,1,11
politifact_155,train,factors_finance,1,11
politifact_105,train,factors_finance,1,11
snopes_021,train,factors_finance,1,11
politifact_139,train,factors_finance,1,11
politifact_188,train,factors_finance,1,11
round2_africa_check_014,train,factors_finance,1,11
politifact_069,train,factors_finance,1,11
politifact_125,train,factors_finance,1,11
politifact_024,train,factors_finance,1,11
politifact_095,train,factors_finance,1,11
politifact_021,train,factors_finance,1,11
politifact_157,train,factors_finance,1,11
politifact_141,train,factors_finance,1,11
politifact_072,train,factors_finance,1,11
politifact_006,train,factors_finance,1,11
round2_grass_fact_check_006,train,factors_finance,1,11
politifact_097,train,factors_finance,1,11
round2_grass_fact_check_002,train,factors_finance,1,11
snopes_057,train,factors_finance,1,11
dubawa_004,validation,factors_finance,1,11
politifact_066,validation,factors_finance,1,11
politifact_031,validation,factors_finance,1,11
snopes_079,validation,factors_finance,1,11
politifact_195,validation,factors_finance,1,11
politifact_140,validation,factors_finance,1,11
politifact_017,validation,factors_finance,1,11
snopes_019,validation,factors_finance,1,11
politifact_196,validation,factors_finance,1,11
politifact_008,validation,factors_finance,1,11
politifact_119,validation,factors_finance,1,11
politifact_176,validation,factors_finance,1,11
round2_africa_check_005,validation,factors_finance,1,11
politifact_109,validation,factors_finance,1,11
politifact_040,validation,factors_finance,1,11
politifact_035,validation,factors_finance,1,11
politifact_014,validation,factors_finance,1,11
politifact_080,validation,factors_finance,1,11
politifact_083,validation,factors_finance,1,11
snopes_002,validation,factors_finance,1,11
snopes_006,validation,factors_finance,1,11
round2_grass_fact_check_008,validation,factors_finance,1,11
snopes_044,validation,factors_finance,1,11
factcheckni_003,validation,factors_finance,1,11
politifact_184,validation,factors_finance,1,11
grass_fact_check_002,validation,factors_finance,1,11
politifact_110,test,factors_finance,1,11
politifact_183,test,factors_finance,1,11
snopes_018,test,factors_finance,1,11
grass_fact_check_009,test,factors_finance,1,11
snopes_056,test,factors_finance,1,11
politifact_023,test,factors_finance,1,11
politifact_004,test,factors_finance,1,11
politifact_064,test,factors_finance,1,11
politifact_151,test,factors_finance,1,11
check_your_fact_001,test,factors_finance,1,11
politifact_027,test,factors_finance,1,11
politifact_135,test,factors_finance,1,11
factcheckni_001,test,factors_finance,1,11
snopes_062,test,factors_finance,1,11
round2_africa_check_001,test,factors_finance,1,11
snopes_054,test,factors_finance,1,11
snopes_024,test,factors_finance,1,11
politifact_019,test,factors_finance,1,11
politifact_062,test,factors_finance,1,11
politifact_180,test,factors_finance,1,11
snopes_023,test,factors_finance,1,11
snopes_041,test,factors_finance,1,11
politifact_003,test,factors_finance,1,11
politifact_115,test,factors_finance,1,11
politifact_013,test,factors_finance,1,11
politifact_185,test,factors_finance,1,11
politifact_071,train,factors_finance,2,22
snopes_061,train,factors_finance,2,22
politifact_095,train,factors_finance,2,22
politifact_129,train,factors_finance,2,22
politifact_005,train,factors_finance,2,22
politifact_077,train,factors_finance,2,22
snopes_049,train,factors_finance,2,22
snopes_055,train,factors_finance,2,22
politifact_131,train,factors_finance,2,22
politifact_015,train,factors_finance,2,22
snopes_002,train,factors_finance,2,22
politifact_010,train,factors_finance,2,22
politifact_190,train,factors_finance,2,22
politifact_011,train,factors_finance,2,22
grass_fact_check_007,train,factors_finance,2,22
snopes_010,train,factors_finance,2,22
politifact_014,train,factors_finance,2,22
snopes_006,train,factors_finance,2,22
politifact_105,train,factors_finance,2,22
grass_fact_check_025,train,factors_finance,2,22
politifact_114,train,factors_finance,2,22
factcheckni_003,train,factors_finance,2,22
politifact_128,train,factors_finance,2,22
snopes_053,train,factors_finance,2,22
politifact_126,train,factors_finance,2,22
snopes_043,train,factors_finance,2,22
politifact_082,train,factors_finance,2,22
politifact_119,train,factors_finance,2,22
politifact_192,train,factors_finance,2,22
politifact_102,train,factors_finance,2,22
politifact_023,train,factors_finance,2,22
politifact_163,train,factors_finance,2,22
politifact_195,train,factors_finance,2,22
round2_snopes_017,train,factors_finance,2,22
grass_fact_check_010,train,factors_finance,2,22
politifact_058,train,factors_finance,2,22
politifact_041,train,factors_finance,2,22
politifact_065,train,factors_finance,2,22
politifact_110,train,factors_finance,2,22
snopes_063,train,factors_finance,2,22
politifact_198,train,factors_finance,2,22
round2_africa_check_005,train,factors_finance,2,22
snopes_048,train,factors_finance,2,22
snopes_077,train,factors_finance,2,22
politifact_048,train,factors_finance,2,22
politifact_108,train,factors_finance,2,22
politifact_135,train,factors_finance,2,22
politifact_157,train,factors_finance,2,22
politifact_091,train,factors_finance,2,22
politifact_085,train,factors_finance,2,22
grass_fact_check_012,train,factors_finance,2,22
politifact_136,train,factors_finance,2,22
politifact_034,train,factors_finance,2,22
snopes_057,train,factors_finance,2,22
politifact_156,train,factors_finance,2,22
politifact_146,train,factors_finance,2,22
round2_africa_check_014,train,factors_finance,2,22
snopes_039,train,factors_finance,2,22
politifact_051,train,factors_finance,2,22
grass_fact_check_005,train,factors_finance,2,22
snopes_018,train,factors_finance,2,22
round2_snopes_012,train,factors_finance,2,22
round2_africa_check_010,train,factors_finance,2,22
round2_grass_fact_check_005,train,factors_finance,2,22
politifact_033,train,factors_finance,2,22
grass_fact_check_026,train,factors_finance,2,22
round2_grass_fact_check_007,train,factors_finance,2,22
politifact_189,train,factors_finance,2,22
politifact_145,train,factors_finance,2,22
round2_africa_check_001,train,factors_finance,2,22
politifact_004,train,factors_finance,2,22
politifact_121,train,factors_finance,2,22
politifact_168,train,factors_finance,2,22
round2_africa_check_003,train,factors_finance,2,22
politifact_086,train,factors_finance,2,22
grass_fact_check_008,train,factors_finance,2,22
round2_snopes_007,train,factors_finance,2,22
politifact_003,train,factors_finance,2,22
snopes_029,train,factors_finance,2,22
grass_fact_check_015,train,factors_finance,2,22
round2_grass_fact_check_002,train,factors_finance,2,22
politifact_092,train,factors_finance,2,22
grass_fact_check_002,train,factors_finance,2,22
round2_snopes_005,train,factors_finance,2,22
politifact_187,train,factors_finance,2,22
snopes_075,train,factors_finance,2,22
politifact_133,train,factors_finance,2,22
politifact_123,train,factors_finance,2,22
snopes_038,train,factors_finance,2,22
round2_grass_fact_check_006,train,factors_finance,2,22
snopes_044,train,factors_finance,2,22
politifact_158,train,factors_finance,2,22
politifact_027,train,factors_finance,2,22
round2_grass_fact_check_004,train,factors_finance,2,22
politifact_017,train,factors_finance,2,22
politifact_149,train,factors_finance,2,22
politifact_083,train,factors_finance,2,22
politifact_067,train,factors_finance,2,22
grass_fact_check_004,train,factors_finance,2,22
politifact_159,train,factors_finance,2,22
round2_snopes_020,train,factors_finance,2,22
round2_snopes_004,train,factors_finance,2,22
snopes_046,train,factors_finance,2,22
round2_africa_check_013,train,factors_finance,2,22
politifact_070,train,factors_finance,2,22
politifact_037,train,factors_finance,2,22
politifact_142,train,factors_finance,2,22
dubawa_002,train,factors_finance,2,22
check_your_fact_001,train,factors_finance,2,22
snopes_023,train,factors_finance,2,22
politifact_057,train,factors_finance,2,22
politifact_165,train,factors_finance,2,22
snopes_052,train,factors_finance,2,22
factcheckni_001,train,factors_finance,2,22
round2_snopes_011,train,factors_finance,2,22
dubawa_006,train,factors_finance,2,22
politifact_053,train,factors_finance,2,22
politifact_107,train,factors_finance,2,22
politifact_075,train,factors_finance,2,22
politifact_064,train,factors_finance,2,22
politifact_184,train,factors_finance,2,22
politifact_183,train,factors_finance,2,22
politifact_035,train,factors_finance,2,22
snopes_058,train,factors_finance,2,22
grass_fact_check_024,train,factors_finance,2,22
snopes_037,train,factors_finance,2,22
politifact_171,train,factors_finance,2,22
politifact_026,train,factors_finance,2,22
politifact_056,train,factors_finance,2,22
snopes_066,train,factors_finance,2,22
politifact_009,train,factors_finance,2,22
politifact_012,train,factors_finance,2,22
politifact_039,train,factors_finance,2,22
round2_africa_check_011,train,factors_finance,2,22
politifact_016,train,factors_finance,2,22
snopes_054,train,factors_finance,2,22
politifact_193,train,factors_finance,2,22
politifact_072,train,factors_finance,2,22
snopes_014,train,factors_finance,2,22
newsmeter_001,train,factors_finance,2,22
politifact_090,train,factors_finance,2,22
politifact_049,train,factors_finance,2,22
politifact_089,train,factors_finance,2,22
politifact_030,train,factors_finance,2,22
snopes_019,train,factors_finance,2,22
politifact_038,train,factors_finance,2,22
dubawa_001,train,factors_finance,2,22
politifact_060,train,factors_finance,2,22
politifact_078,train,factors_finance,2,22
politifact_186,train,factors_finance,2,22
politifact_013,train,factors_finance,2,22
snopes_004,train,factors_finance,2,22
politifact_066,train,factors_finance,2,22
politifact_045,train,factors_finance,2,22
politifact_006,train,factors_finance,2,22
dubawa_004,train,factors_finance,2,22
politifact_007,train,factors_finance,2,22
politifact_047,train,factors_finance,2,22
africa_check_013,train,factors_finance,2,22
politifact_188,train,factors_finance,2,22
politifact_180,train,factors_finance,2,22
politifact_111,train,factors_finance,2,22
politifact_139,train,factors_finance,2,22
politifact_196,train,factors_finance,2,22
politifact_084,train,factors_finance,2,22
politifact_200,train,factors_finance,2,22
round2_snopes_013,train,factors_finance,2,22
snopes_065,train,factors_finance,2,22
politifact_164,train,factors_finance,2,22
politifact_174,train,factors_finance,2,22
politifact_099,train,factors_finance,2,22
politifact_125,train,factors_finance,2,22
politifact_140,train,factors_finance,2,22
politifact_179,train,factors_finance,2,22
politifact_069,train,factors_finance,2,22
round2_snopes_001,train,factors_finance,2,22
politifact_073,train,factors_finance,2,22
politifact_079,train,factors_finance,2,22
round2_snopes_002,train,factors_finance,2,22
round2_snopes_003,train,factors_finance,2,22
round2_snopes_019,train,factors_finance,2,22
politifact_176,train,factors_finance,2,22
politifact_148,train,factors_finance,2,22
politifact_155,train,factors_finance,2,22
snopes_001,train,factors_finance,2,22
round2_africa_check_008,train,factors_finance,2,22
politifact_134,train,factors_finance,2,22
politifact_137,train,factors_finance,2,22
dubawa_005,train,factors_finance,2,22
snopes_079,train,factors_finance,2,22
grass_fact_check_001,train,factors_finance,2,22
snopes_060,train,factors_finance,2,22
politifact_081,train,factors_finance,2,22
politifact_036,train,factors_finance,2,22
snopes_008,train,factors_finance,2,22
politifact_059,train,factors_finance,2,22
politifact_046,train,factors_finance,2,22
snopes_062,train,factors_finance,2,22
politifact_109,train,factors_finance,2,22
politifact_021,train,factors_finance,2,22
politifact_080,train,factors_finance,2,22
politifact_120,train,factors_finance,2,22
politifact_127,train,factors_finance,2,22
politifact_115,train,factors_finance,2,22
politifact_143,train,factors_finance,2,22
politifact_141,train,factors_finance,2,22
politifact_170,train,factors_finance,2,22
africa_check_012,train,factors_finance,2,22
politifact_173,train,factors_finance,2,22
round2_snopes_015,validation,factors_finance,2,22
round2_snopes_010,validation,factors_finance,2,22
round2_africa_check_002,validation,factors_finance,2,22
politifact_182,validation,factors_finance,2,22
politifact_096,validation,factors_finance,2,22
politifact_112,validation,factors_finance,2,22
politifact_001,validation,factors_finance,2,22
politifact_068,validation,factors_finance,2,22
politifact_093,validation,factors_finance,2,22
politifact_052,validation,factors_finance,2,22
politifact_043,validation,factors_finance,2,22
politifact_152,validation,factors_finance,2,22
round2_snopes_006,validation,factors_finance,2,22
politifact_022,validation,factors_finance,2,22
politifact_062,validation,factors_finance,2,22
snopes_021,validation,factors_finance,2,22
grass_fact_check_009,validation,factors_finance,2,22
snopes_045,validation,factors_finance,2,22
politifact_153,validation,factors_finance,2,22
politifact_040,validation,factors_finance,2,22
politifact_024,validation,factors_finance,2,22
politifact_019,validation,factors_finance,2,22
politifact_144,validation,factors_finance,2,22
snopes_041,validation,factors_finance,2,22
round2_snopes_008,validation,factors_finance,2,22
politifact_151,validation,factors_finance,2,22
politifact_088,test,factors_finance,2,22
politifact_031,test,factors_finance,2,22
snopes_024,test,factors_finance,2,22
snopes_030,test,factors_finance,2,22
politifact_185,test,factors_finance,2,22
round2_africa_check_015,test,factors_finance,2,22
politifact_097,test,factors_finance,2,22
africa_check_017,test,factors_finance,2,22
politifact_124,test,factors_finance,2,22
politifact_008,test,factors_finance,2,22
round2_grass_fact_check_001,test,factors_finance,2,22
snopes_056,test,factors_finance,2,22
politifact_025,test,factors_finance,2,22
politifact_169,test,factors_finance,2,22
politifact_042,test,factors_finance,2,22
dubawa_003,test,factors_finance,2,22
politifact_194,test,factors_finance,2,22
grass_fact_check_020,test,factors_finance,2,22
round2_grass_fact_check_008,test,factors_finance,2,22
politifact_050,test,factors_finance,2,22
politifact_130,test,factors_finance,2,22
politifact_147,test,factors_finance,2,22
politifact_100,test,factors_finance,2,22
politifact_094,test,factors_finance,2,22
politifact_199,test,factors_finance,2,22
round2_grass_fact_check_003,test,factors_finance,2,22
politifact_135,train,factors_finance,3,33
politifact_194,train,factors_finance,3,33
politifact_056,train,factors_finance,3,33
politifact_016,train,factors_finance,3,33
snopes_061,train,factors_finance,3,33
politifact_099,train,factors_finance,3,33
round2_snopes_020,train,factors_finance,3,33
round2_grass_fact_check_004,train,factors_finance,3,33
politifact_046,train,factors_finance,3,33
round2_africa_check_013,train,factors_finance,3,33
politifact_168,train,factors_finance,3,33
snopes_060,train,factors_finance,3,33
africa_check_013,train,factors_finance,3,33
politifact_021,train,factors_finance,3,33
politifact_058,train,factors_finance,3,33
round2_africa_check_011,train,factors_finance,3,33
politifact_083,train,factors_finance,3,33
politifact_153,train,factors_finance,3,33
politifact_094,train,factors_finance,3,33
politifact_179,train,factors_finance,3,33
snopes_044,train,factors_finance,3,33
africa_check_017,train,factors_finance,3,33
snopes_014,train,factors_finance,3,33
politifact_193,train,factors_finance,3,33
snopes_018,train,factors_finance,3,33
round2_snopes_005,train,factors_finance,3,33
politifact_107,train,factors_finance,3,33
politifact_026,train,factors_finance,3,33
snopes_006,train,factors_finance,3,33
snopes_029,train,factors_finance,3,33
snopes_058,train,factors_finance,3,33
politifact_070,train,factors_finance,3,33
politifact_015,train,factors_finance,3,33
politifact_022,train,factors_finance,3,33
snopes_052,train,factors_finance,3,33
politifact_085,train,factors_finance,3,33
snopes_056,train,factors_finance,3,33
snopes_049,train,factors_finance,3,33
politifact_109,train,factors_finance,3,33
politifact_027,train,factors_finance,3,33
politifact_114,train,factors_finance,3,33
politifact_014,train,factors_finance,3,33
politifact_137,train,factors_finance,3,33
politifact_157,train,factors_finance,3,33
snopes_062,train,factors_finance,3,33
politifact_051,train,factors_finance,3,33
round2_africa_check_010,train,factors_finance,3,33
snopes_075,train,factors_finance,3,33
politifact_053,train,factors_finance,3,33
snopes_019,train,factors_finance,3,33
grass_fact_check_020,train,factors_finance,3,33
snopes_023,train,factors_finance,3,33
snopes_057,train,factors_finance,3,33
grass_fact_check_015,train,factors_finance,3,33
politifact_170,train,factors_finance,3,33
politifact_136,train,factors_finance,3,33
politifact_006,train,factors_finance,3,33
politifact_147,train,factors_finance,3,33
politifact_031,train,factors_finance,3,33
politifact_200,train,factors_finance,3,33
factcheckni_003,train,factors_finance,3,33
politifact_119,train,factors_finance,3,33
politifact_131,train,factors_finance,3,33
politifact_148,train,factors_finance,3,33
politifact_069,train,factors_finance,3,33
round2_snopes_006,train,factors_finance,3,33
grass_fact_check_002,train,factors_finance,3,33
politifact_041,train,factors_finance,3,33
round2_grass_fact_check_006,train,factors_finance,3,33
politifact_149,train,factors_finance,3,33
grass_fact_check_010,train,factors_finance,3,33
politifact_008,train,factors_finance,3,33
round2_grass_fact_check_002,train,factors_finance,3,33
snopes_055,train,factors_finance,3,33
politifact_037,train,factors_finance,3,33
round2_snopes_019,train,factors_finance,3,33
politifact_139,train,factors_finance,3,33
politifact_198,train,factors_finance,3,33
snopes_002,train,factors_finance,3,33
politifact_111,train,factors_finance,3,33
snopes_001,train,factors_finance,3,33
grass_fact_check_007,train,factors_finance,3,33
politifact_130,train,factors_finance,3,33
politifact_068,train,factors_finance,3,33
round2_snopes_012,train,factors_finance,3,33
dubawa_003,train,factors_finance,3,33
politifact_059,train,factors_finance,3,33
politifact_038,train,factors_finance,3,33
round2_snopes_007,train,factors_finance,3,33
politifact_005,train,factors_finance,3,33
politifact_090,train,factors_finance,3,33
politifact_105,train,factors_finance,3,33
politifact_039,train,factors_finance,3,33
politifact_141,train,factors_finance,3,33
politifact_133,train,factors_finance,3,33
politifact_066,train,factors_finance,3,33
snopes_046,train,factors_finance,3,33
politifact_171,train,factors_finance,3,33
politifact_003,train,factors_finance,3,33
grass_fact_check_008,train,factors_finance,3,33
dubawa_004,train,factors_finance,3,33
dubawa_005,train,factors_finance,3,33
politifact_080,train,factors_finance,3,33
politifact_071,train,factors_finance,3,33
politifact_043,train,factors_finance,3,33
politifact_064,train,factors_finance,3,33
politifact_049,train,factors_finance,3,33
snopes_048,train,factors_finance,3,33
politifact_091,train,factors_finance,3,33
round2_snopes_001,train,factors_finance,3,33
snopes_037,train,factors_finance,3,33
politifact_077,train,factors_finance,3,33
snopes_039,train,factors_finance,3,33
politifact_082,train,factors_finance,3,33
politifact_001,train,factors_finance,3,33
politifact_096,train,factors_finance,3,33
grass_fact_check_012,train,factors_finance,3,33
politifact_127,train,factors_finance,3,33
politifact_013,train,factors_finance,3,33
round2_africa_check_008,train,factors_finance,3,33
snopes_041,train,factors_finance,3,33
snopes_038,train,factors_finance,3,33
politifact_102,train,factors_finance,3,33
snopes_024,train,factors_finance,3,33
politifact_165,train,factors_finance,3,33
snopes_065,train,factors_finance,3,33
politifact_176,train,factors_finance,3,33
politifact_060,train,factors_finance,3,33
snopes_004,train,factors_finance,3,33
round2_grass_fact_check_003,train,factors_finance,3,33
politifact_134,train,factors_finance,3,33
politifact_140,train,factors_finance,3,33
politifact_120,train,factors_finance,3,33
politifact_110,train,factors_finance,3,33
politifact_196,train,factors_finance,3,33
politifact_009,train,factors_finance,3,33
politifact_121,train,factors_finance,3,33
politifact_079,train,factors_finance,3,33
politifact_115,train,factors_finance,3,33
grass_fact_check_004,train,factors_finance,3,33
politifact_174,train,factors_finance,3,33
politifact_195,train,factors_finance,3,33
grass_fact_check_001,train,factors_finance,3,33
politifact_163,train,factors_finance,3,33
politifact_034,train,factors_finance,3,33
politifact_057,train,factors_finance,3,33
snopes_079,train,factors_finance,3,33
round2_grass_fact_check_001,train,factors_finance,3,33
politifact_007,train,factors_finance,3,33
politifact_042,train,factors_finance,3,33
politifact_199,train,factors_finance,3,33
politifact_169,train,factors_finance,3,33
politifact_011,train,factors_finance,3,33
politifact_124,train,factors_finance,3,33
politifact_040,train,factors_finance,3,33
politifact_158,train,factors_finance,3,33
politifact_023,train,factors_finance,3,33
politifact_183,train,factors_finance,3,33
politifact_129,train,factors_finance,3,33
politifact_025,train,factors_finance,3,33
politifact_192,train,factors_finance,3,33
snopes_063,train,factors_finance,3,33
round2_snopes_015,train,factors_finance,3,33
politifact_190,train,factors_finance,3,33
politifact_108,train,factors_finance,3,33
africa_check_012,train,factors_finance,3,33
round2_africa_check_002,train,factors_finance,3,33
politifact_186,train,factors_finance,3,33
politifact_189,train,factors_finance,3,33
politifact_126,train,factors_finance,3,33
politifact_151,train,factors_finance,3,33
round2_snopes_008,train,factors_finance,3,33
round2_grass_fact_check_008,train,factors_finance,3,33
politifact_185,train,factors_finance,3,33
round2_grass_fact_check_007,train,factors_finance,3,33
round2_snopes_013,train,factors_finance,3,33
snopes_030,train,factors_finance,3,33
politifact_159,train,factors_finance,3,33
politifact_065,train,factors_finance,3,33
round2_africa_check_014,train,factors_finance,3,33
politifact_128,train,factors_finance,3,33
politifact_004,train,factors_finance,3,33
politifact_143,train,factors_finance,3,33
politifact_125,train,factors_finance,3,33
politifact_045,train,factors_finance,3,33
politifact_123,train,factors_finance,3,33
politifact_084,train,factors_finance,3,33
politifact_081,train,factors_finance,3,33
politifact_173,train,factors_finance,3,33
politifact_188,train,factors_finance,3,33
snopes_053,train,factors_finance,3,33
politifact_012,train,factors_finance,3,33
snopes_008,train,factors_finance,3,33
round2_africa_check_001,train,factors_finance,3,33
dubawa_006,train,factors_finance,3,33
politifact_146,train,factors_finance,3,33
round2_africa_check_003,train,factors_finance,3,33
politifact_144,train,factors_finance,3,33
politifact_187,train,factors_finance,3,33
round2_grass_fact_check_005,train,factors_finance,3,33
politifact_182,train,factors_finance,3,33
politifact_152,train,factors_finance,3,33
politifact_052,train,factors_finance,3,33
politifact_155,train,factors_finance,3,33
round2_snopes_017,train,factors_finance,3,33
politifact_095,train,factors_finance,3,33
politifact_024,train,factors_finance,3,33
politifact_092,train,factors_finance,3,33
politifact_112,train,factors_finance,3,33
politifact_100,validation,factors_finance,3,33
round2_snopes_004,validation,factors_finance,3,33
grass_fact_check_025,validation,factors_finance,3,33
grass_fact_check_005,validation,factors_finance,3,33
politifact_010,validation,factors_finance,3,33
politifact_097,validation,factors_finance,3,33
politifact_075,validation,factors_finance,3,33
check_your_fact_001,validation,factors_finance,3,33
politifact_050,validation,factors_finance,3,33
politifact_089,validation,factors_finance,3,33
politifact_030,validation,factors_finance,3,33
grass_fact_check_026,validation,factors_finance,3,33
newsmeter_001,validation,factors_finance,3,33
round2_snopes_011,validation,factors_finance,3,33
politifact_184,validation,factors_finance,3,33
snopes_021,validation,factors_finance,3,33
round2_snopes_010,validation,factors_finance,3,33
politifact_164,validation,factors_finance,3,33
politifact_156,validation,factors_finance,3,33
snopes_045,validation,factors_finance,3,33
round2_africa_check_005,validation,factors_finance,3,33
snopes_043,validation,factors_finance,3,33
politifact_033,validation,factors_finance,3,33
snopes_077,validation,factors_finance,3,33
politifact_047,validation,factors_finance,3,33
factcheckni_001,validation,factors_finance,3,33
politifact_062,test,factors_finance,3,33
dubawa_002,test,factors_finance,3,33
politifact_086,test,factors_finance,3,33
politifact_073,test,factors_finance,3,33
politifact_093,test,factors_finance,3,33
grass_fact_check_009,test,factors_finance,3,33
politifact_072,test,factors_finance,3,33
politifact_078,test,factors_finance,3,33
politifact_142,test,factors_finance,3,33
grass_fact_check_024,test,factors_finance,3,33
politifact_036,test,factors_finance,3,33
round2_snopes_003,test,factors_finance,3,33
snopes_010,test,factors_finance,3,33
politifact_088,test,factors_finance,3,33
politifact_035,test,factors_finance,3,33
round2_africa_check_015,test,factors_finance,3,33
round2_snopes_002,test,factors_finance,3,33
politifact_048,test,factors_finance,3,33
politifact_017,test,factors_finance,3,33
politifact_067,test,factors_finance,3,33
dubawa_001,test,factors_finance,3,33
politifact_145,test,factors_finance,3,33
politifact_019,test,factors_finance,3,33
snopes_054,test,factors_finance,3,33
politifact_180,test,factors_finance,3,33
snopes_066,test,factors_finance,3,33
politifact_099,train,factors_finance,4,44
politifact_092,train,factors_finance,4,44
round2_africa_check_011,train,factors_finance,4,44
grass_fact_check_012,train,factors_finance,4,44
round2_snopes_006,train,factors_finance,4,44
politifact_039,train,factors_finance,4,44
politifact_143,train,factors_finance,4,44
snopes_010,train,factors_finance,4,44
politifact_173,train,factors_finance,4,44
snopes_021,train,factors_finance,4,44
snopes_058,train,factors_finance,4,44
politifact_157,train,factors_finance,4,44
politifact_190,train,factors_finance,4,44
round2_africa_check_014,train,factors_finance,4,44
politifact_102,train,factors_finance,4,44
politifact_079,train,factors_finance,4,44
grass_fact_check_015,train,factors_finance,4,44
round2_snopes_008,train,factors_finance,4,44
politifact_067,train,factors_finance,4,44
round2_africa_check_001,train,factors_finance,4,44
politifact_060,train,factors_finance,4,44
snopes_039,train,factors_finance,4,44
politifact_192,train,factors_finance,4,44
politifact_142,train,factors_finance,4,44
politifact_164,train,factors_finance,4,44
round2_grass_fact_check_002,train,factors_finance,4,44
round2_snopes_003,train,factors_finance,4,44
round2_snopes_001,train,factors_finance,4,44
round2_grass_fact_check_007,train,factors_finance,4,44
snopes_052,train,factors_finance,4,44
dubawa_001,train,factors_finance,4,44
snopes_037,train,factors_finance,4,44
snopes_030,train,factors_finance,4,44
politifact_159,train,factors_finance,4,44
snopes_048,train,factors_finance,4,44
snopes_065,train,factors_finance,4,44
grass_fact_check_010,train,factors_finance,4,44
dubawa_005,train,factors_finance,4,44
politifact_031,train,factors_finance,4,44
snopes_062,train,factors_finance,4,44
round2_africa_check_013,train,factors_finance,4,44
politifact_023,train,factors_finance,4,44
politifact_062,train,factors_finance,4,44
round2_snopes_007,train,factors_finance,4,44
snopes_061,train,factors_finance,4,44
politifact_115,train,factors_finance,4,44
snopes_001,train,factors_finance,4,44
grass_fact_check_007,train,factors_finance,4,44
snopes_023,train,factors_finance,4,44
politifact_082,train,factors_finance,4,44
politifact_095,train,factors_finance,4,44
politifact_024,train,factors_finance,4,44
politifact_009,train,factors_finance,4,44
snopes_049,train,factors_finance,4,44
round2_grass_fact_check_008,train,factors_finance,4,44
politifact_049,train,factors_finance,4,44
politifact_037,train,factors_finance,4,44
politifact_003,train,factors_finance,4,44
politifact_093,train,factors_finance,4,44
politifact_016,train,factors_finance,4,44
round2_snopes_004,train,factors_finance,4,44
grass_fact_check_001,train,factors_finance,4,44
politifact_001,train,factors_finance,4,44
grass_fact_check_025,train,factors_finance,4,44
politifact_176,train,factors_finance,4,44
politifact_165,train,factors_finance,4,44
round2_snopes_010,train,factors_finance,4,44
snopes_004,train,factors_finance,4,44
politifact_078,train,factors_finance,4,44
politifact_033,train,factors_finance,4,44
snopes_044,train,factors_finance,4,44
politifact_196,train,factors_finance,4,44
politifact_134,train,factors_finance,4,44
snopes_008,train,factors_finance,4,44
grass_fact_check_005,train,factors_finance,4,44
politifact_045,train,factors_finance,4,44
politifact_025,train,factors_finance,4,44
politifact_065,train,factors_finance,4,44
politifact_097,train,factors_finance,4,44
politifact_089,train,factors_finance,4,44
politifact_019,train,factors_finance,4,44
dubawa_004,train,factors_finance,4,44
politifact_046,train,factors_finance,4,44
politifact_111,train,factors_finance,4,44
politifact_081,train,factors_finance,4,44
round2_snopes_015,train,factors_finance,4,44
newsmeter_001,train,factors_finance,4,44
africa_check_017,train,factors_finance,4,44
politifact_151,train,factors_finance,4,44
round2_africa_check_008,train,factors_finance,4,44
snopes_038,train,factors_finance,4,44
round2_africa_check_003,train,factors_finance,4,44
politifact_030,train,factors_finance,4,44
politifact_014,train,factors_finance,4,44
politifact_187,train,factors_finance,4,44
politifact_052,train,factors_finance,4,44
grass_fact_check_008,train,factors_finance,4,44
politifact_189,train,factors_finance,4,44
round2_grass_fact_check_004,train,factors_finance,4,44
politifact_080,train,factors_finance,4,44
snopes_024,train,factors_finance,4,44
politifact_041,train,factors_finance,4,44
snopes_018,train,factors_finance,4,44
politifact_010,train,factors_finance,4,44
politifact_156,train,factors_finance,4,44
politifact_194,train,factors_finance,4,44
politifact_140,train,factors_finance,4,44
politifact_086,train,factors_finance,4,44
politifact_091,train,factors_finance,4,44
politifact_088,train,factors_finance,4,44
round2_grass_fact_check_001,train,factors_finance,4,44
politifact_136,train,factors_finance,4,44
snopes_053,train,factors_finance,4,44
snopes_045,train,factors_finance,4,44
politifact_056,train,factors_finance,4,44
snopes_019,train,factors_finance,4,44
politifact_121,train,factors_finance,4,44
politifact_141,train,factors_finance,4,44
snopes_054,train,factors_finance,4,44
politifact_048,train,factors_finance,4,44
politifact_179,train,factors_finance,4,44
politifact_109,train,factors_finance,4,44
politifact_146,train,factors_finance,4,44
snopes_002,train,factors_finance,4,44
politifact_008,train,factors_finance,4,44
politifact_124,train,factors_finance,4,44
politifact_153,train,factors_finance,4,44
politifact_107,train,factors_finance,4,44
round2_snopes_005,train,factors_finance,4,44
politifact_027,train,factors_finance,4,44
round2_grass_fact_check_006,train,factors_finance,4,44
politifact_155,train,factors_finance,4,44
politifact_013,train,factors_finance,4,44
snopes_043,train,factors_finance,4,44
round2_grass_fact_check_005,train,factors_finance,4,44
politifact_068,train,factors_finance,4,44
politifact_012,train,factors_finance,4,44
politifact_193,train,factors_finance,4,44
politifact_073,train,factors_finance,4,44
politifact_114,train,factors_finance,4,44
politifact_137,train,factors_finance,4,44
politifact_050,train,factors_finance,4,44
politifact_034,train,factors_finance,4,44
politifact_051,train,factors_finance,4,44
politifact_174,train,factors_finance,4,44
politifact_110,train,factors_finance,4,44
politifact_042,train,factors_finance,4,44
snopes_056,train,factors_finance,4,44
round2_snopes_020,train,factors_finance,4,44
politifact_094,train,factors_finance,4,44
politifact_182,train,factors_finance,4,44
politifact_036,train,factors_finance,4,44
grass_fact_check_020,train,factors_finance,4,44
politifact_186,train,factors_finance,4,44
grass_fact_check_004,train,factors_finance,4,44
politifact_015,train,factors_finance,4,44
politifact_083,train,factors_finance,4,44
politifact_147,train,factors_finance,4,44
politifact_038,train,factors_finance,4,44
round2_africa_check_010,train,factors_finance,4,44
snopes_046,train,factors_finance,4,44
politifact_077,train,factors_finance,4,44
politifact_120,train,factors_finance,4,44
africa_check_013,train,factors_finance,4,44
round2_africa_check_015,train,factors_finance,4,44
politifact_126,train,factors_finance,4,44
politifact_026,train,factors_finance,4,44
round2_snopes_011,train,factors_finance,4,44
politifact_199,train,factors_finance,4,44
dubawa_003,train,factors_finance,4,44
politifact_066,train,factors_finance,4,44
politifact_105,train,factors_finance,4,44
politifact_035,train,factors_finance,4,44
politifact_005,train,factors_finance,4,44
politifact_127,train,factors_finance,4,44
factcheckni_003,train,factors_finance,4,44
snopes_029,train,factors_finance,4,44
politifact_090,train,factors_finance,4,44
politifact_133,train,factors_finance,4,44
politifact_071,train,factors_finance,4,44
politifact_180,train,factors_finance,4,44
politifact_119,train,factors_finance,4,44
politifact_112,train,factors_finance,4,44
round2_grass_fact_check_003,train,factors_finance,4,44
politifact_139,train,factors_finance,4,44
snopes_075,train,factors_finance,4,44
politifact_100,train,factors_finance,4,44
africa_check_012,train,factors_finance,4,44
politifact_043,train,factors_finance,4,44
round2_snopes_019,train,factors_finance,4,44
politifact_057,train,factors_finance,4,44
politifact_069,train,factors_finance,4,44
round2_africa_check_002,train,factors_finance,4,44
politifact_123,train,factors_finance,4,44
politifact_183,train,factors_finance,4,44
grass_fact_check_009,train,factors_finance,4,44
round2_snopes_017,train,factors_finance,4,44
snopes_006,train,factors_finance,4,44
politifact_163,train,factors_finance,4,44
snopes_057,train,factors_finance,4,44
snopes_060,train,factors_finance,4,44
grass_fact_check_024,train,factors_finance,4,44
snopes_079,train,factors_finance,4,44
politifact_007,train,factors_finance,4,44
politifact_021,train,factors_finance,4,44
politifact_195,train,factors_finance,4,44
politifact_072,train,factors_finance,4,44
round2_snopes_002,train,factors_finance,4,44
politifact_145,train,factors_finance,4,44
round2_africa_check_005,validation,factors_finance,4,44
politifact_070,validation,factors_finance,4,44
factcheckni_001,validation,factors_finance,4,44
politifact_185,validation,factors_finance,4,44
politifact_064,validation,factors_finance,4,44
politifact_125,validation,factors_finance,4,44
politifact_006,validation,factors_finance,4,44
politifact_022,validation,factors_finance,4,44
politifact_053,validation,factors_finance,4,44
politifact_168,validation,factors_finance,4,44
snopes_014,validation,factors_finance,4,44
politifact_152,validation,factors_finance,4,44
politifact_170,validation,factors_finance,4,44
politifact_017,validation,factors_finance,4,44
grass_fact_check_026,validation,factors_finance,4,44
politifact_128,validation,factors_finance,4,44
snopes_077,validation,factors_finance,4,44
politifact_059,validation,factors_finance,4,44
round2_snopes_012,validation,factors_finance,4,44
check_your_fact_001,validation,factors_finance,4,44
politifact_149,validation,factors_finance,4,44
politifact_085,validation,factors_finance,4,44
politifact_200,validation,factors_finance,4,44
politifact_144,validation,factors_finance,4,44
politifact_058,validation,factors_finance,4,44
politifact_188,validation,factors_finance,4,44
politifact_171,test,factors_finance,4,44
politifact_047,test,factors_finance,4,44
politifact_130,test,factors_finance,4,44
politifact_084,test,factors_finance,4,44
snopes_066,test,factors_finance,4,44
politifact_148,test,factors_finance,4,44
politifact_004,test,factors_finance,4,44
politifact_169,test,factors_finance,4,44
politifact_011,test,factors_finance,4,44
snopes_063,test,factors_finance,4,44
politifact_040,test,factors_finance,4,44
politifact_131,test,factors_finance,4,44
politifact_075,test,factors_finance,4,44
snopes_055,test,factors_finance,4,44
dubawa_006,test,factors_finance,4,44
grass_fact_check_002,test,factors_finance,4,44
politifact_135,test,factors_finance,4,44
round2_snopes_013,test,factors_finance,4,44
politifact_129,test,factors_finance,4,44
snopes_041,test,factors_finance,4,44
politifact_158,test,factors_finance,4,44
politifact_108,test,factors_finance,4,44
politifact_096,test,factors_finance,4,44
dubawa_002,test,factors_finance,4,44
politifact_198,test,factors_finance,4,44
politifact_184,test,factors_finance,4,44
politifact_090,train,factors_finance,5,55
round2_snopes_020,train,factors_finance,5,55
grass_fact_check_015,train,factors_finance,5,55
politifact_171,train,factors_finance,5,55
politifact_129,train,factors_finance,5,55
politifact_110,train,factors_finance,5,55
politifact_155,train,factors_finance,5,55
round2_africa_check_002,train,factors_finance,5,55
politifact_040,train,factors_finance,5,55
snopes_002,train,factors_finance,5,55
politifact_092,train,factors_finance,5,55
politifact_100,train,factors_finance,5,55
snopes_018,train,factors_finance,5,55
round2_africa_check_011,train,factors_finance,5,55
politifact_183,train,factors_finance,5,55
grass_fact_check_012,train,factors_finance,5,55
round2_snopes_019,train,factors_finance,5,55
politifact_180,train,factors_finance,5,55
politifact_140,train,factors_finance,5,55
politifact_164,train,factors_finance,5,55
politifact_031,train,factors_finance,5,55
politifact_099,train,factors_finance,5,55
round2_snopes_003,train,factors_finance,5,55
round2_grass_fact_check_004,train,factors_finance,5,55
politifact_159,train,factors_finance,5,55
politifact_042,train,factors_finance,5,55
round2_africa_check_008,train,factors_finance,5,55
round2_snopes_015,train,factors_finance,5,55
snopes_061,train,factors_finance,5,55
factcheckni_003,train,factors_finance,5,55
politifact_077,train,factors_finance,5,55
politifact_156,train,factors_finance,5,55
politifact_135,train,factors_finance,5,55
snopes_053,train,factors_finance,5,55
grass_fact_check_002,train,factors_finance,5,55
politifact_021,train,factors_finance,5,55
snopes_052,train,factors_finance,5,55
politifact_165,train,factors_finance,5,55
politifact_038,train,factors_finance,5,55
snopes_008,train,factors_finance,5,55
snopes_063,train,factors_finance,5,55
politifact_062,train,factors_finance,5,55
grass_fact_check_004,train,factors_finance,5,55
snopes_019,train,factors_finance,5,55
politifact_141,train,factors_finance,5,55
politifact_047,train,factors_finance,5,55
round2_snopes_013,train,factors_finance,5,55
snopes_030,train,factors_finance,5,55
politifact_045,train,factors_finance,5,55
politifact_024,train,factors_finance,5,55
politifact_004,train,factors_finance,5,55
politifact_096,train,factors_finance,5,55
politifact_126,train,factors_finance,5,55
snopes_055,train,factors_finance,5,55
politifact_148,train,factors_finance,5,55
politifact_182,train,factors_finance,5,55
round2_snopes_017,train,factors_finance,5,55
round2_africa_check_005,train,factors_finance,5,55
snopes_057,train,factors_finance,5,55
politifact_046,train,factors_finance,5,55
snopes_054,train,factors_finance,5,55
politifact_056,train,factors_finance,5,55
politifact_089,train,factors_finance,5,55
politifact_193,train,factors_finance,5,55
politifact_188,train,factors_finance,5,55
politifact_041,train,factors_finance,5,55
grass_fact_check_010,train,factors_finance,5,55
round2_grass_fact_check_008,train,factors_finance,5,55
politifact_189,train,factors_finance,5,55
politifact_006,train,factors_finance,5,55
snopes_049,train,factors_finance,5,55
politifact_067,train,factors_finance,5,55
politifact_163,train,factors_finance,5,55
politifact_112,train,factors_finance,5,55
politifact_196,train,factors_finance,5,55
politifact_192,train,factors_finance,5,55
politifact_014,train,factors_finance,5,55
politifact_027,train,factors_finance,5,55
politifact_147,train,factors_finance,5,55
politifact_049,train,factors_finance,5,55
politifact_026,train,factors_finance,5,55
round2_snopes_006,train,factors_finance,5,55
politifact_050,train,factors_finance,5,55
politifact_036,train,factors_finance,5,55
snopes_001,train,factors_finance,5,55
round2_grass_fact_check_003,train,factors_finance,5,55
politifact_080,train,factors_finance,5,55
snopes_041,train,factors_finance,5,55
snopes_048,train,factors_finance,5,55
politifact_179,train,factors_finance,5,55
politifact_016,train,factors_finance,5,55
round2_snopes_004,train,factors_finance,5,55
politifact_194,train,factors_finance,5,55
politifact_060,train,factors_finance,5,55
politifact_128,train,factors_finance,5,55
politifact_120,train,factors_finance,5,55
politifact_066,train,factors_finance,5,55
round2_snopes_010,train,factors_finance,5,55
politifact_025,train,factors_finance,5,55
round2_snopes_005,train,factors_finance,5,55
grass_fact_check_007,train,factors_finance,5,55
round2_africa_check_014,train,factors_finance,5,55
politifact_003,train,factors_finance,5,55
politifact_185,train,factors_finance,5,55
politifact_001,train,factors_finance,5,55
snopes_021,train,factors_finance,5,55
politifact_114,train,factors_finance,5,55
africa_check_012,train,factors_finance,5,55
politifact_011,train,factors_finance,5,55
politifact_136,train,factors_finance,5,55
newsmeter_001,train,factors_finance,5,55
politifact_199,train,factors_finance,5,55
politifact_105,train,factors_finance,5,55
check_your_fact_001,train,factors_finance,5,55
snopes_065,train,factors_finance,5,55
politifact_187,train,factors_finance,5,55
politifact_169,train,factors_finance,5,55
politifact_053,train,factors_finance,5,55
snopes_037,train,factors_finance,5,55
politifact_064,train,factors_finance,5,55
round2_snopes_008,train,factors_finance,5,55
politifact_127,train,factors_finance,5,55
round2_grass_fact_check_005,train,factors_finance,5,55
politifact_195,train,factors_finance,5,55
politifact_152,train,factors_finance,5,55
politifact_088,train,factors_finance,5,55
round2_africa_check_015,train,factors_finance,5,55
grass_fact_check_020,train,factors_finance,5,55
snopes_006,train,factors_finance,5,55
africa_check_017,train,factors_finance,5,55
politifact_094,train,factors_finance,5,55
politifact_123,train,factors_finance,5,55
politifact_034,train,factors_finance,5,55
politifact_146,train,factors_finance,5,55
politifact_174,train,factors_finance,5,55
politifact_109,train,factors_finance,5,55
snopes_004,train,factors_finance,5,55
snopes_024,train,factors_finance,5,55
politifact_015,train,factors_finance,5,55
snopes_056,train,factors_finance,5,55
dubawa_003,train,factors_finance,5,55
round2_snopes_001,train,factors_finance,5,55
snopes_046,train,factors_finance,5,55
politifact_186,train,factors_finance,5,55
politifact_017,train,factors_finance,5,55
snopes_075,train,factors_finance,5,55
politifact_184,train,factors_finance,5,55
politifact_198,train,factors_finance,5,55
round2_africa_check_001,train,factors_finance,5,55
grass_fact_check_008,train,factors_finance,5,55
politifact_052,train,factors_finance,5,55
politifact_057,train,factors_finance,5,55
politifact_143,train,factors_finance,5,55
snopes_014,train,factors_finance,5,55
politifact_130,train,factors_finance,5,55
politifact_190,train,factors_finance,5,55
politifact_086,train,factors_finance,5,55
round2_snopes_002,train,factors_finance,5,55
politifact_119,train,factors_finance,5,55
politifact_069,train,factors_finance,5,55
snopes_044,train,factors_finance,5,55
grass_fact_check_001,train,factors_finance,5,55
round2_snopes_012,train,factors_finance,5,55
politifact_144,train,factors_finance,5,55
snopes_058,train,factors_finance,5,55
round2_africa_check_003,train,factors_finance,5,55
politifact_137,train,factors_finance,5,55
politifact_012,train,factors_finance,5,55
politifact_133,train,factors_finance,5,55
politifact_023,train,factors_finance,5,55
grass_fact_check_025,train,factors_finance,5,55
round2_snopes_007,train,factors_finance,5,55
snopes_043,train,factors_finance,5,55
politifact_102,train,factors_finance,5,55
snopes_077,train,factors_finance,5,55
politifact_093,train,factors_finance,5,55
snopes_010,train,factors_finance,5,55
politifact_124,train,factors_finance,5,55
politifact_153,train,factors_finance,5,55
politifact_107,train,factors_finance,5,55
dubawa_004,train,factors_finance,5,55
politifact_091,train,factors_finance,5,55
politifact_073,train,factors_finance,5,55
politifact_176,train,factors_finance,5,55
snopes_060,train,factors_finance,5,55
politifact_170,train,factors_finance,5,55
grass_fact_check_026,train,factors_finance,5,55
politifact_068,train,factors_finance,5,55
politifact_039,train,factors_finance,5,55
politifact_145,train,factors_finance,5,55
round2_africa_check_010,train,factors_finance,5,55
politifact_051,train,factors_finance,5,55
politifact_010,train,factors_finance,5,55
politifact_097,train,factors_finance,5,55
politifact_030,train,factors_finance,5,55
politifact_108,train,factors_finance,5,55
snopes_029,train,factors_finance,5,55
snopes_062,train,factors_finance,5,55
politifact_005,train,factors_finance,5,55
dubawa_006,train,factors_finance,5,55
round2_grass_fact_check_006,train,factors_finance,5,55
politifact_111,train,factors_finance,5,55
politifact_019,train,factors_finance,5,55
politifact_065,train,factors_finance,5,55
politifact_033,train,factors_finance,5,55
politifact_131,train,factors_finance,5,55
politifact_134,train,factors_finance,5,55
politifact_095,train,factors_finance,5,55
round2_grass_fact_check_001,train,factors_finance,5,55
politifact_125,validation,factors_finance,5,55
politifact_121,validation,factors_finance,5,55
snopes_039,validation,factors_finance,5,55
round2_grass_fact_check_002,validation,factors_finance,5,55
politifact_157,validation,factors_finance,5,55
politifact_158,validation,factors_finance,5,55
politifact_200,validation,factors_finance,5,55
round2_grass_fact_check_007,validation,factors_finance,5,55
politifact_009,validation,factors_finance,5,55
politifact_022,validation,factors_finance,5,55
politifact_084,validation,factors_finance,5,55
politifact_058,validation,factors_finance,5,55
politifact_070,validation,factors_finance,5,55
politifact_035,validation,factors_finance,5,55
politifact_115,validation,factors_finance,5,55
politifact_082,validation,factors_finance,5,55
politifact_043,validation,factors_finance,5,55
round2_snopes_011,validation,factors_finance,5,55
politifact_075,validation,factors_finance,5,55
politifact_149,validation,factors_finance,5,55
politifact_071,validation,factors_finance,5,55
snopes_045,validation,factors_finance,5,55
politifact_007,validation,factors_finance,5,55
snopes_066,validation,factors_finance,5,55
politifact_139,validation,factors_finance,5,55
africa_check_013,validation,factors_finance,5,55
round2_africa_check_013,test,factors_finance,5,55
politifact_059,test,factors_finance,5,55
politifact_142,test,factors_finance,5,55
politifact_168,test,factors_finance,5,55
snopes_079,test,factors_finance,5,55
politifact_173,test,factors_finance,5,55
politifact_008,test,factors_finance,5,55
grass_fact_check_024,test,factors_finance,5,55
politifact_072,test,factors_finance,5,55
politifact_078,test,factors_finance,5,55
politifact_151,test,factors_finance,5,55
politifact_013,test,factors_finance,5,55
dubawa_001,test,factors_finance,5,55
politifact_083,test,factors_finance,5,55
grass_fact_check_009,test,factors_finance,5,55
snopes_038,test,factors_finance,5,55
factcheckni_001,test,factors_finance,5,55
politifact_081,test,factors_finance,5,55
dubawa_002,test,factors_finance,5,55
snopes_023,test,factors_finance,5,55
grass_fact_check_005,test,factors_finance,5,55
politifact_085,test,factors_finance,5,55
politifact_037,test,factors_finance,5,55
politifact_079,test,factors_finance,5,55
politifact_048,test,factors_finance,5,55
dubawa_005,test,factors_finance,5,55
politifact_065,train,factors_finance,6,66
politifact_123,train,factors_finance,6,66
snopes_038,train,factors_finance,6,66
grass_fact_check_015,train,factors_finance,6,66
politifact_048,train,factors_finance,6,66
snopes_001,train,factors_finance,6,66
round2_africa_check_003,train,factors_finance,6,66
round2_grass_fact_check_007,train,factors_finance,6,66
politifact_184,train,factors_finance,6,66
politifact_155,train,factors_finance,6,66
round2_africa_check_013,train,factors_finance,6,66
politifact_186,train,factors_finance,6,66
politifact_110,train,factors_finance,6,66
politifact_069,train,factors_finance,6,66
politifact_152,train,factors_finance,6,66
snopes_010,train,factors_finance,6,66
politifact_040,train,factors_finance,6,66
round2_snopes_010,train,factors_finance,6,66
snopes_037,train,factors_finance,6,66
politifact_064,train,factors_finance,6,66
politifact_042,train,factors_finance,6,66
politifact_068,train,factors_finance,6,66
politifact_017,train,factors_finance,6,66
politifact_088,train,factors_finance,6,66
politifact_036,train,factors_finance,6,66
politifact_060,train,factors_finance,6,66
grass_fact_check_025,train,factors_finance,6,66
politifact_157,train,factors_finance,6,66
politifact_080,train,factors_finance,6,66
politifact_131,train,factors_finance,6,66
politifact_164,train,factors_finance,6,66
dubawa_005,train,factors_finance,6,66
politifact_022,train,factors_finance,6,66
round2_snopes_020,train,factors_finance,6,66
politifact_109,train,factors_finance,6,66
politifact_015,train,factors_finance,6,66
politifact_130,train,factors_finance,6,66
politifact_090,train,factors_finance,6,66
snopes_023,train,factors_finance,6,66
politifact_014,train,factors_finance,6,66
politifact_033,train,factors_finance,6,66
politifact_049,train,factors_finance,6,66
dubawa_003,train,factors_finance,6,66
politifact_176,train,factors_finance,6,66
politifact_187,train,factors_finance,6,66
politifact_183,train,factors_finance,6,66
snopes_055,train,factors_finance,6,66
politifact_105,train,factors_finance,6,66
snopes_041,train,factors_finance,6,66
politifact_114,train,factors_finance,6,66
politifact_139,train,factors_finance,6,66
africa_check_013,train,factors_finance,6,66
politifact_112,train,factors_finance,6,66
dubawa_001,train,factors_finance,6,66
politifact_084,train,factors_finance,6,66
round2_africa_check_008,train,factors_finance,6,66
politifact_045,train,factors_finance,6,66
round2_grass_fact_check_003,train,factors_finance,6,66
politifact_070,train,factors_finance,6,66
politifact_077,train,factors_finance,6,66
politifact_190,train,factors_finance,6,66
snopes_045,train,factors_finance,6,66
snopes_004,train,factors_finance,6,66
politifact_075,train,factors_finance,6,66
politifact_180,train,factors_finance,6,66
politifact_168,train,factors_finance,6,66
politifact_053,train,factors_finance,6,66
round2_grass_fact_check_006,train,factors_finance,6,66
snopes_014,train,factors_finance,6,66
round2_africa_check_014,train,factors_finance,6,66
politifact_171,train,factors_finance,6,66
politifact_120,train,factors_finance,6,66
politifact_159,train,factors_finance,6,66
snopes_062,train,factors_finance,6,66
snopes_019,train,factors_finance,6,66
politifact_078,train,factors_finance,6,66
dubawa_002,train,factors_finance,6,66
politifact_041,train,factors_finance,6,66
check_your_fact_001,train,factors_finance,6,66
politifact_135,train,factors_finance,6,66
round2_snopes_002,train,factors_finance,6,66
politifact_026,train,factors_finance,6,66
politifact_111,train,factors_finance,6,66
politifact_039,train,factors_finance,6,66
grass_fact_check_020,train,factors_finance,6,66
politifact_073,train,factors_finance,6,66
snopes_075,train,factors_finance,6,66
politifact_145,train,factors_finance,6,66
snopes_021,train,factors_finance,6,66
grass_fact_check_007,train,factors_finance,6,66
politifact_143,train,factors_finance,6,66
snopes_066,train,factors_finance,6,66
politifact_024,train,factors_finance,6,66
snopes_058,train,factors_finance,6,66
politifact_009,train,factors_finance,6,66
round2_grass_fact_check_002,train,factors_finance,6,66
snopes_024,train,factors_finance,6,66
politifact_199,train,factors_finance,6,66
politifact_092,train,factors_finance,6,66
snopes_048,train,factors_finance,6,66
snopes_006,train,factors_finance,6,66
politifact_148,train,factors_finance,6,66
politifact_050,train,factors_finance,6,66
politifact_046,train,factors_finance,6,66
round2_snopes_011,train,factors_finance,6,66
round2_snopes_001,train,factors_finance,6,66
politifact_126,train,factors_finance,6,66
politifact_188,train,factors_finance,6,66
politifact_140,train,factors_finance,6,66
politifact_066,train,factors_finance,6,66
politifact_035,train,factors_finance,6,66
politifact_200,train,factors_finance,6,66
snopes_049,train,factors_finance,6,66
politifact_047,train,factors_finance,6,66
grass_fact_check_002,train,factors_finance,6,66
grass_fact_check_008,train,factors_finance,6,66
factcheckni_003,train,factors_finance,6,66
africa_check_017,train,factors_finance,6,66
politifact_119,train,factors_finance,6,66
politifact_003,train,factors_finance,6,66
politifact_059,train,factors_finance,6,66
round2_snopes_015,train,factors_finance,6,66
politifact_004,train,factors_finance,6,66
politifact_081,train,factors_finance,6,66
newsmeter_001,train,factors_finance,6,66
round2_snopes_013,train,factors_finance,6,66
politifact_129,train,factors_finance,6,66
round2_africa_check_002,train,factors_finance,6,66
politifact_107,train,factors_finance,6,66
politifact_194,train,factors_finance,6,66
politifact_127,train,factors_finance,6,66
round2_snopes_008,train,factors_finance,6,66
snopes_002,train,factors_finance,6,66
snopes_065,train,factors_finance,6,66
politifact_005,train,factors_finance,6,66
grass_fact_check_024,train,factors_finance,6,66
politifact_083,train,factors_finance,6,66
politifact_134,train,factors_finance,6,66
snopes_029,train,factors_finance,6,66
politifact_071,train,factors_finance,6,66
politifact_136,train,factors_finance,6,66
politifact_016,train,factors_finance,6,66
snopes_043,train,factors_finance,6,66
politifact_034,train,factors_finance,6,66
politifact_128,train,factors_finance,6,66
politifact_095,train,factors_finance,6,66
snopes_057,train,factors_finance,6,66
round2_africa_check_001,train,factors_finance,6,66
politifact_012,train,factors_finance,6,66
politifact_052,train,factors_finance,6,66
politifact_115,train,factors_finance,6,66
politifact_169,train,factors_finance,6,66
politifact_096,train,factors_finance,6,66
politifact_125,train,factors_finance,6,66
politifact_147,train,factors_finance,6,66
grass_fact_check_026,train,factors_finance,6,66
africa_check_012,train,factors_finance,6,66
politifact_079,train,factors_finance,6,66
politifact_051,train,factors_finance,6,66
round2_grass_fact_check_004,train,factors_finance,6,66
snopes_063,train,factors_finance,6,66
snopes_077,train,factors_finance,6,66
politifact_142,train,factors_finance,6,66
politifact_067,train,factors_finance,6,66
round2_grass_fact_check_005,train,factors_finance,6,66
snopes_054,train,factors_finance,6,66
politifact_124,train,factors_finance,6,66
politifact_091,train,factors_finance,6,66
snopes_039,train,factors_finance,6,66
politifact_170,train,factors_finance,6,66
politifact_037,train,factors_finance,6,66
politifact_085,train,factors_finance,6,66
snopes_052,train,factors_finance,6,66
round2_snopes_019,train,factors_finance,6,66
politifact_013,train,factors_finance,6,66
politifact_182,train,factors_finance,6,66
round2_snopes_004,train,factors_finance,6,66
grass_fact_check_010,train,factors_finance,6,66
politifact_179,train,factors_finance,6,66
politifact_192,train,factors_finance,6,66
politifact_100,train,factors_finance,6,66
politifact_173,train,factors_finance,6,66
dubawa_006,train,factors_finance,6,66
politifact_025,train,factors_finance,6,66
politifact_108,train,factors_finance,6,66
politifact_158,train,factors_finance,6,66
politifact_196,train,factors_finance,6,66
politifact_043,train,factors_finance,6,66
politifact_102,train,factors_finance,6,66
politifact_082,train,factors_finance,6,66
politifact_099,train,factors_finance,6,66
round2_snopes_006,train,factors_finance,6,66
snopes_018,train,factors_finance,6,66
politifact_149,train,factors_finance,6,66
politifact_141,train,factors_finance,6,66
politifact_174,train,factors_finance,6,66
politifact_007,train,factors_finance,6,66
politifact_011,train,factors_finance,6,66
politifact_031,train,factors_finance,6,66
round2_grass_fact_check_008,train,factors_finance,6,66
round2_grass_fact_check_001,train,factors_finance,6,66
politifact_146,train,factors_finance,6,66
politifact_038,train,factors_finance,6,66
round2_africa_check_005,train,factors_finance,6,66
snopes_046,train,factors_finance,6,66
grass_fact_check_001,train,factors_finance,6,66
politifact_195,train,factors_finance,6,66
politifact_072,train,factors_finance,6,66
factcheckni_001,train,factors_finance,6,66
snopes_060,validation,factors_finance,6,66
politifact_185,validation,factors_finance,6,66
dubawa_004,validation,factors_finance,6,66
politifact_056,validation,factors_finance,6,66
round2_africa_check_015,validation,factors_finance,6,66
politifact_006,validation,factors_finance,6,66
politifact_151,validation,factors_finance,6,66
politifact_086,validation,factors_finance,6,66
politifact_010,validation,factors_finance,6,66
politifact_089,validation,factors_finance,6,66
grass_fact_check_009,validation,factors_finance,6,66
snopes_079,validation,factors_finance,6,66
politifact_097,validation,factors_finance,6,66
politifact_163,validation,factors_finance,6,66
snopes_008,validation,factors_finance,6,66
round2_snopes_007,validation,factors_finance,6,66
snopes_030,validation,factors_finance,6,66
snopes_056,validation,factors_finance,6,66
politifact_165,validation,factors_finance,6,66
politifact_001,validation,factors_finance,6,66
round2_africa_check_010,validation,factors_finance,6,66
politifact_094,validation,factors_finance,6,66
politifact_058,validation,factors_finance,6,66
politifact_057,validation,factors_finance,6,66
politifact_137,validation,factors_finance,6,66
grass_fact_check_005,validation,factors_finance,6,66
grass_fact_check_004,test,factors_finance,6,66
round2_snopes_005,test,factors_finance,6,66
politifact_153,test,factors_finance,6,66
politifact_156,test,factors_finance,6,66
round2_snopes_003,test,factors_finance,6,66
politifact_008,test,factors_finance,6,66
politifact_193,test,factors_finance,6,66
politifact_030,test,factors_finance,6,66
snopes_053,test,factors_finance,6,66
grass_fact_check_012,test,factors_finance,6,66
politifact_019,test,factors_finance,6,66
politifact_021,test,factors_finance,6,66
round2_snopes_012,test,factors_finance,6,66
politifact_023,test,factors_finance,6,66
politifact_133,test,factors_finance,6,66
snopes_061,test,factors_finance,6,66
politifact_198,test,factors_finance,6,66
politifact_062,test,factors_finance,6,66
politifact_189,test,factors_finance,6,66
politifact_027,test,factors_finance,6,66
round2_africa_check_011,test,factors_finance,6,66
politifact_144,test,factors_finance,6,66
round2_snopes_017,test,factors_finance,6,66
snopes_044,test,factors_finance,6,66
politifact_093,test,factors_finance,6,66
politifact_121,test,factors_finance,6,66
round2_africa_check_008,train,factors_finance,7,77
snopes_077,train,factors_finance,7,77
grass_fact_check_015,train,factors_finance,7,77
politifact_048,train,factors_finance,7,77
politifact_066,train,factors_finance,7,77
politifact_036,train,factors_finance,7,77
round2_africa_check_002,train,factors_finance,7,77
round2_snopes_006,train,factors_finance,7,77
politifact_169,train,factors_finance,7,77
politifact_107,train,factors_finance,7,77
politifact_097,train,factors_finance,7,77
snopes_052,train,factors_finance,7,77
politifact_004,train,factors_finance,7,77
politifact_065,train,factors_finance,7,77
politifact_145,train,factors_finance,7,77
politifact_015,train,factors_finance,7,77
politifact_071,train,factors_finance,7,77
dubawa_001,train,factors_finance,7,77
snopes_008,train,factors_finance,7,77
politifact_021,train,factors_finance,7,77
politifact_086,train,factors_finance,7,77
round2_grass_fact_check_008,train,factors_finance,7,77
grass_fact_check_005,train,factors_finance,7,77
politifact_084,train,factors_finance,7,77
politifact_011,train,factors_finance,7,77
africa_check_013,train,factors_finance,7,77
politifact_022,train,factors_finance,7,77
snopes_062,train,factors_finance,7,77
politifact_110,train,factors_finance,7,77
politifact_123,train,factors_finance,7,77
politifact_034,train,factors_finance,7,77
snopes_044,train,factors_finance,7,77
snopes_030,train,factors_finance,7,77
snopes_038,train,factors_finance,7,77
africa_check_012,train,factors_finance,7,77
snopes_056,train,factors_finance,7,77
round2_grass_fact_check_002,train,factors_finance,7,77
round2_grass_fact_check_004,train,factors_finance,7,77
politifact_128,train,factors_finance,7,77
snopes_043,train,factors_finance,7,77
politifact_045,train,factors_finance,7,77
dubawa_003,train,factors_finance,7,77
politifact_194,train,factors_finance,7,77
round2_snopes_008,train,factors_finance,7,77
politifact_164,train,factors_finance,7,77
politifact_157,train,factors_finance,7,77
politifact_147,train,factors_finance,7,77
politifact_111,train,factors_finance,7,77
snopes_001,train,factors_finance,7,77
factcheckni_003,train,factors_finance,7,77
round2_snopes_013,train,factors_finance,7,77
politifact_153,train,factors_finance,7,77
politifact_173,train,factors_finance,7,77
politifact_187,train,factors_finance,7,77
check_your_fact_001,train,factors_finance,7,77
round2_snopes_011,train,factors_finance,7,77
round2_snopes_020,train,factors_finance,7,77
grass_fact_check_008,train,factors_finance,7,77
grass_fact_check_010,train,factors_finance,7,77
politifact_131,train,factors_finance,7,77
politifact_083,train,factors_finance,7,77
politifact_188,train,factors_finance,7,77
grass_fact_check_002,train,factors_finance,7,77
politifact_056,train,factors_finance,7,77
politifact_152,train,factors_finance,7,77
politifact_047,train,factors_finance,7,77
politifact_042,train,factors_finance,7,77
politifact_052,train,factors_finance,7,77
politifact_037,train,factors_finance,7,77
politifact_085,train,factors_finance,7,77
politifact_159,train,factors_finance,7,77
politifact_008,train,factors_finance,7,77
politifact_192,train,factors_finance,7,77
round2_africa_check_014,train,factors_finance,7,77
politifact_171,train,factors_finance,7,77
politifact_094,train,factors_finance,7,77
politifact_102,train,factors_finance,7,77
politifact_156,train,factors_finance,7,77
politifact_174,train,factors_finance,7,77
round2_snopes_017,train,factors_finance,7,77
snopes_010,train,factors_finance,7,77
politifact_090,train,factors_finance,7,77
politifact_140,train,factors_finance,7,77
round2_africa_check_015,train,factors_finance,7,77
grass_fact_check_001,train,factors_finance,7,77
politifact_129,train,factors_finance,7,77
snopes_066,train,factors_finance,7,77
snopes_053,train,factors_finance,7,77
politifact_124,train,factors_finance,7,77
politifact_091,train,factors_finance,7,77
politifact_024,train,factors_finance,7,77
politifact_080,train,factors_finance,7,77
politifact_051,train,factors_finance,7,77
snopes_079,train,factors_finance,7,77
politifact_136,train,factors_finance,7,77
politifact_158,train,factors_finance,7,77
politifact_005,train,factors_finance,7,77
snopes_058,train,factors_finance,7,77
politifact_088,train,factors_finance,7,77
snopes_075,train,factors_finance,7,77
politifact_006,train,factors_finance,7,77
politifact_035,train,factors_finance,7,77
politifact_163,train,factors_finance,7,77
round2_snopes_019,train,factors_finance,7,77
politifact_195,train,factors_finance,7,77
politifact_121,train,factors_finance,7,77
dubawa_004,train,factors_finance,7,77
politifact_093,train,factors_finance,7,77
politifact_092,train,factors_finance,7,77
politifact_168,train,factors_finance,7,77
politifact_109,train,factors_finance,7,77
politifact_139,train,factors_finance,7,77
snopes_055,train,factors_finance,7,77
snopes_021,train,factors_finance,7,77
politifact_126,train,factors_finance,7,77
newsmeter_001,train,factors_finance,7,77
snopes_057,train,factors_finance,7,77
round2_africa_check_001,train,factors_finance,7,77
politifact_012,train,factors_finance,7,77
politifact_058,train,factors_finance,7,77
politifact_144,train,factors_finance,7,77
politifact_016,train,factors_finance,7,77
round2_snopes_010,train,factors_finance,7,77
politifact_105,train,factors_finance,7,77
snopes_045,train,factors_finance,7,77
snopes_004,train,factors_finance,7,77
grass_fact_check_004,train,factors_finance,7,77
snopes_046,train,factors_finance,7,77
politifact_038,train,factors_finance,7,77
politifact_120,train,factors_finance,7,77
politifact_017,train,factors_finance,7,77
grass_fact_check_026,train,factors_finance,7,77
politifact_046,train,factors_finance,7,77
politifact_013,train,factors_finance,7,77
politifact_014,train,factors_finance,7,77
politifact_108,train,factors_finance,7,77
politifact_170,train,factors_finance,7,77
politifact_185,train,factors_finance,7,77
politifact_077,train,factors_finance,7,77
factcheckni_001,train,factors_finance,7,77
politifact_179,train,factors_finance,7,77
round2_snopes_012,train,factors_finance,7,77
grass_fact_check_024,train,factors_finance,7,77
politifact_114,train,factors_finance,7,77
politifact_025,train,factors_finance,7,77
round2_grass_fact_check_005,train,factors_finance,7,77
politifact_189,train,factors_finance,7,77
politifact_040,train,factors_finance,7,77
politifact_100,train,factors_finance,7,77
round2_grass_fact_check_006,train,factors_finance,7,77
politifact_134,train,factors_finance,7,77
dubawa_002,train,factors_finance,7,77
snopes_061,train,factors_finance,7,77
round2_grass_fact_check_007,train,factors_finance,7,77
politifact_057,train,factors_finance,7,77
snopes_065,train,factors_finance,7,77
snopes_002,train,factors_finance,7,77
politifact_142,train,factors_finance,7,77
snopes_049,train,factors_finance,7,77
politifact_095,train,factors_finance,7,77
politifact_176,train,factors_finance,7,77
politifact_041,train,factors_finance,7,77
politifact_148,train,factors_finance,7,77
politifact_059,train,factors_finance,7,77
snopes_018,train,factors_finance,7,77
dubawa_006,train,factors_finance,7,77
politifact_125,train,factors_finance,7,77
politifact_143,train,factors_finance,7,77
snopes_054,train,factors_finance,7,77
politifact_031,train,factors_finance,7,77
round2_grass_fact_check_001,train,factors_finance,7,77
snopes_014,train,factors_finance,7,77
round2_snopes_003,train,factors_finance,7,77
snopes_029,train,factors_finance,7,77
politifact_072,train,factors_finance,7,77
snopes_041,train,factors_finance,7,77
politifact_155,train,factors_finance,7,77
politifact_009,train,factors_finance,7,77
politifact_070,train,factors_finance,7,77
politifact_003,train,factors_finance,7,77
politifact_200,train,factors_finance,7,77
politifact_019,train,factors_finance,7,77
politifact_001,train,factors_finance,7,77
politifact_050,train,factors_finance,7,77
politifact_196,train,factors_finance,7,77
grass_fact_check_025,train,factors_finance,7,77
politifact_198,train,factors_finance,7,77
snopes_023,train,factors_finance,7,77
politifact_075,train,factors_finance,7,77
politifact_078,train,factors_finance,7,77
politifact_141,train,factors_finance,7,77
politifact_082,train,factors_finance,7,77
round2_snopes_001,train,factors_finance,7,77
politifact_039,train,factors_finance,7,77
snopes_048,train,factors_finance,7,77
politifact_112,train,factors_finance,7,77
round2_snopes_007,train,factors_finance,7,77
politifact_186,train,factors_finance,7,77
politifact_062,train,factors_finance,7,77
politifact_033,train,factors_finance,7,77
politifact_180,train,factors_finance,7,77
round2_snopes_004,train,factors_finance,7,77
politifact_119,train,factors_finance,7,77
snopes_006,train,factors_finance,7,77
dubawa_005,train,factors_finance,7,77
round2_africa_check_013,train,factors_finance,7,77
politifact_127,train,factors_finance,7,77
politifact_130,train,factors_finance,7,77
snopes_019,train,factors_finance,7,77
politifact_067,validation,factors_finance,7,77
politifact_049,validation,factors_finance,7,77
politifact_190,validation,factors_finance,7,77
round2_africa_check_003,validation,factors_finance,7,77
round2_snopes_005,validation,factors_finance,7,77
politifact_137,validation,factors_finance,7,77
politifact_115,validation,factors_finance,7,77
politifact_007,validation,factors_finance,7,77
round2_snopes_015,validation,factors_finance,7,77
round2_africa_check_005,validation,factors_finance,7,77
snopes_060,validation,factors_finance,7,77
politifact_026,validation,factors_finance,7,77
snopes_063,validation,factors_finance,7,77
politifact_149,validation,factors_finance,7,77
politifact_133,validation,factors_finance,7,77
grass_fact_check_009,validation,factors_finance,7,77
politifact_079,validation,factors_finance,7,77
politifact_096,validation,factors_finance,7,77
politifact_182,validation,factors_finance,7,77
politifact_081,validation,factors_finance,7,77
politifact_099,validation,factors_finance,7,77
politifact_183,validation,factors_finance,7,77
politifact_184,validation,factors_finance,7,77
politifact_027,validation,factors_finance,7,77
snopes_039,validation,factors_finance,7,77
round2_snopes_002,validation,factors_finance,7,77
politifact_068,test,factors_finance,7,77
africa_check_017,test,factors_finance,7,77
politifact_043,test,factors_finance,7,77
politifact_069,test,factors_finance,7,77
politifact_064,test,factors_finance,7,77
politifact_089,test,factors_finance,7,77
politifact_199,test,factors_finance,7,77
politifact_023,test,factors_finance,7,77
grass_fact_check_007,test,factors_finance,7,77
grass_fact_check_012,test,factors_finance,7,77
politifact_053,test,factors_finance,7,77
politifact_073,test,factors_finance,7,77
politifact_135,test,factors_finance,7,77
politifact_030,test,factors_finance,7,77
grass_fact_check_020,test,factors_finance,7,77
politifact_010,test,factors_finance,7,77
politifact_151,test,factors_finance,7,77
politifact_146,test,factors_finance,7,77
politifact_193,test,factors_finance,7,77
politifact_060,test,factors_finance,7,77
snopes_024,test,factors_finance,7,77
round2_africa_check_010,test,factors_finance,7,77
round2_africa_check_011,test,factors_finance,7,77
round2_grass_fact_check_003,test,factors_finance,7,77
politifact_165,test,factors_finance,7,77
snopes_037,test,factors_finance,7,77
snopes_063,train,factors_finance,8,88
politifact_119,train,factors_finance,8,88
round2_grass_fact_check_008,train,factors_finance,8,88
politifact_094,train,factors_finance,8,88
politifact_043,train,factors_finance,8,88
politifact_030,train,factors_finance,8,88
politifact_004,train,factors_finance,8,88
politifact_146,train,factors_finance,8,88
africa_check_012,train,factors_finance,8,88
politifact_111,train,factors_finance,8,88
politifact_199,train,factors_finance,8,88
politifact_148,train,factors_finance,8,88
snopes_044,train,factors_finance,8,88
politifact_017,train,factors_finance,8,88
politifact_124,train,factors_finance,8,88
politifact_070,train,factors_finance,8,88
politifact_051,train,factors_finance,8,88
politifact_079,train,factors_finance,8,88
round2_snopes_001,train,factors_finance,8,88
round2_snopes_011,train,factors_finance,8,88
politifact_176,train,factors_finance,8,88
round2_snopes_010,train,factors_finance,8,88
politifact_164,train,factors_finance,8,88
snopes_019,train,factors_finance,8,88
snopes_045,train,factors_finance,8,88
round2_snopes_002,train,factors_finance,8,88
snopes_079,train,factors_finance,8,88
politifact_068,train,factors_finance,8,88
politifact_086,train,factors_finance,8,88
snopes_061,train,factors_finance,8,88
dubawa_002,train,factors_finance,8,88
round2_snopes_006,train,factors_finance,8,88
grass_fact_check_007,train,factors_finance,8,88
politifact_140,train,factors_finance,8,88
politifact_015,train,factors_finance,8,88
grass_fact_check_026,train,factors_finance,8,88
politifact_059,train,factors_finance,8,88
politifact_083,train,factors_finance,8,88
politifact_001,train,factors_finance,8,88
round2_africa_check_003,train,factors_finance,8,88
politifact_196,train,factors_finance,8,88
politifact_158,train,factors_finance,8,88
politifact_031,train,factors_finance,8,88
politifact_193,train,factors_finance,8,88
politifact_105,train,factors_finance,8,88
politifact_078,train,factors_finance,8,88
politifact_188,train,factors_finance,8,88
politifact_093,train,factors_finance,8,88
snopes_046,train,factors_finance,8,88
politifact_023,train,factors_finance,8,88
politifact_036,train,factors_finance,8,88
politifact_099,train,factors_finance,8,88
politifact_053,train,factors_finance,8,88
snopes_077,train,factors_finance,8,88
politifact_151,train,factors_finance,8,88
politifact_071,train,factors_finance,8,88
dubawa_001,train,factors_finance,8,88
round2_africa_check_005,train,factors_finance,8,88
politifact_125,train,factors_finance,8,88
politifact_143,train,factors_finance,8,88
politifact_046,train,factors_finance,8,88
politifact_120,train,factors_finance,8,88
politifact_130,train,factors_finance,8,88
grass_fact_check_002,train,factors_finance,8,88
politifact_019,train,factors_finance,8,88
politifact_128,train,factors_finance,8,88
politifact_069,train,factors_finance,8,88
politifact_169,train,factors_finance,8,88
snopes_029,train,factors_finance,8,88
snopes_057,train,factors_finance,8,88
politifact_189,train,factors_finance,8,88
politifact_186,train,factors_finance,8,88
politifact_137,train,factors_finance,8,88
round2_snopes_004,train,factors_finance,8,88
politifact_058,train,factors_finance,8,88
round2_grass_fact_check_003,train,factors_finance,8,88
politifact_037,train,factors_finance,8,88
grass_fact_check_009,train,factors_finance,8,88
politifact_034,train,factors_finance,8,88
politifact_024,train,factors_finance,8,88
snopes_004,train,factors_finance,8,88
snopes_041,train,factors_finance,8,88
politifact_168,train,factors_finance,8,88
grass_fact_check_008,train,factors_finance,8,88
politifact_025,train,factors_finance,8,88
grass_fact_check_015,train,factors_finance,8,88
snopes_018,train,factors_finance,8,88
politifact_064,train,factors_finance,8,88
politifact_047,train,factors_finance,8,88
politifact_042,train,factors_finance,8,88
politifact_057,train,factors_finance,8,88
check_your_fact_001,train,factors_finance,8,88
politifact_149,train,factors_finance,8,88
politifact_022,train,factors_finance,8,88
round2_africa_check_015,train,factors_finance,8,88
politifact_073,train,factors_finance,8,88
politifact_127,train,factors_finance,8,88
politifact_091,train,factors_finance,8,88
politifact_097,train,factors_finance,8,88
politifact_077,train,factors_finance,8,88
snopes_066,train,factors_finance,8,88
grass_fact_check_004,train,factors_finance,8,88
politifact_142,train,factors_finance,8,88
politifact_049,train,factors_finance,8,88
snopes_075,train,factors_finance,8,88
dubawa_005,train,factors_finance,8,88
politifact_085,train,factors_finance,8,88
snopes_024,train,factors_finance,8,88
round2_grass_fact_check_007,train,factors_finance,8,88
snopes_030,train,factors_finance,8,88
politifact_006,train,factors_finance,8,88
politifact_179,train,factors_finance,8,88
politifact_075,train,factors_finance,8,88
politifact_159,train,factors_finance,8,88
politifact_145,train,factors_finance,8,88
politifact_010,train,factors_finance,8,88
politifact_062,train,factors_finance,8,88
snopes_043,train,factors_finance,8,88
politifact_066,train,factors_finance,8,88
round2_grass_fact_check_002,train,factors_finance,8,88
politifact_092,train,factors_finance,8,88
politifact_081,train,factors_finance,8,88
grass_fact_check_012,train,factors_finance,8,88
politifact_072,train,factors_finance,8,88
grass_fact_check_010,train,factors_finance,8,88
round2_snopes_003,train,factors_finance,8,88
politifact_170,train,factors_finance,8,88
politifact_082,train,factors_finance,8,88
politifact_050,train,factors_finance,8,88
politifact_152,train,factors_finance,8,88
politifact_115,train,factors_finance,8,88
snopes_058,train,factors_finance,8,88
politifact_045,train,factors_finance,8,88
politifact_090,train,factors_finance,8,88
politifact_110,train,factors_finance,8,88
politifact_003,train,factors_finance,8,88
politifact_135,train,factors_finance,8,88
politifact_038,train,factors_finance,8,88
politifact_139,train,factors_finance,8,88
politifact_021,train,factors_finance,8,88
politifact_012,train,factors_finance,8,88
round2_snopes_015,train,factors_finance,8,88
round2_africa_check_002,train,factors_finance,8,88
round2_snopes_017,train,factors_finance,8,88
grass_fact_check_024,train,factors_finance,8,88
politifact_144,train,factors_finance,8,88
politifact_174,train,factors_finance,8,88
politifact_107,train,factors_finance,8,88
politifact_129,train,factors_finance,8,88
politifact_171,train,factors_finance,8,88
snopes_052,train,factors_finance,8,88
factcheckni_003,train,factors_finance,8,88
politifact_185,train,factors_finance,8,88
politifact_096,train,factors_finance,8,88
politifact_014,train,factors_finance,8,88
round2_africa_check_014,train,factors_finance,8,88
politifact_112,train,factors_finance,8,88
politifact_067,train,factors_finance,8,88
politifact_147,train,factors_finance,8,88
politifact_133,train,factors_finance,8,88
round2_africa_check_011,train,factors_finance,8,88
dubawa_006,train,factors_finance,8,88
snopes_039,train,factors_finance,8,88
politifact_121,train,factors_finance,8,88
politifact_056,train,factors_finance,8,88
politifact_011,train,factors_finance,8,88
snopes_055,train,factors_finance,8,88
politifact_184,train,factors_finance,8,88
snopes_002,train,factors_finance,8,88
round2_snopes_008,train,factors_finance,8,88
politifact_080,train,factors_finance,8,88
politifact_173,train,factors_finance,8,88
snopes_056,train,factors_finance,8,88
politifact_190,train,factors_finance,8,88
politifact_108,train,factors_finance,8,88
politifact_095,train,factors_finance,8,88
politifact_114,train,factors_finance,8,88
politifact_183,train,factors_finance,8,88
politifact_165,train,factors_finance,8,88
grass_fact_check_001,train,factors_finance,8,88
politifact_027,train,factors_finance,8,88
politifact_131,train,factors_finance,8,88
snopes_038,train,factors_finance,8,88
politifact_155,train,factors_finance,8,88
dubawa_003,train,factors_finance,8,88
snopes_054,train,factors_finance,8,88
factcheckni_001,train,factors_finance,8,88
round2_snopes_005,train,factors_finance,8,88
politifact_026,train,factors_finance,8,88
round2_africa_check_013,train,factors_finance,8,88
grass_fact_check_025,train,factors_finance,8,88
politifact_005,train,factors_finance,8,88
politifact_039,train,factors_finance,8,88
snopes_037,train,factors_finance,8,88
politifact_007,train,factors_finance,8,88
politifact_198,train,factors_finance,8,88
politifact_163,train,factors_finance,8,88
politifact_126,train,factors_finance,8,88
snopes_006,train,factors_finance,8,88
snopes_049,train,factors_finance,8,88
politifact_157,train,factors_finance,8,88
politifact_102,train,factors_finance,8,88
politifact_048,train,factors_finance,8,88
round2_grass_fact_check_001,train,factors_finance,8,88
round2_snopes_007,train,factors_finance,8,88
round2_grass_fact_check_005,train,factors_finance,8,88
grass_fact_check_005,train,factors_finance,8,88
politifact_187,train,factors_finance,8,88
round2_africa_check_010,train,factors_finance,8,88
politifact_089,validation,factors_finance,8,88
snopes_008,validation,factors_finance,8,88
snopes_060,validation,factors_finance,8,88
round2_snopes_013,validation,factors_finance,8,88
round2_africa_check_001,validation,factors_finance,8,88
snopes_021,validation,factors_finance,8,88
snopes_053,validation,factors_finance,8,88
politifact_182,validation,factors_finance,8,88
africa_check_017,validation,factors_finance,8,88
politifact_123,validation,factors_finance,8,88
snopes_065,validation,factors_finance,8,88
politifact_040,validation,factors_finance,8,88
politifact_194,validation,factors_finance,8,88
round2_grass_fact_check_004,validation,factors_finance,8,88
snopes_048,validation,factors_finance,8,88
politifact_084,validation,factors_finance,8,88
politifact_134,validation,factors_finance,8,88
round2_snopes_012,validation,factors_finance,8,88
politifact_109,validation,factors_finance,8,88
dubawa_004,validation,factors_finance,8,88
politifact_052,validation,factors_finance,8,88
politifact_009,validation,factors_finance,8,88
politifact_035,validation,factors_finance,8,88
snopes_062,validation,factors_finance,8,88
politifact_200,validation,factors_finance,8,88
snopes_001,validation,factors_finance,8,88
politifact_041,test,factors_finance,8,88
politifact_060,test,factors_finance,8,88
round2_africa_check_008,test,factors_finance,8,88
politifact_141,test,factors_finance,8,88
politifact_192,test,factors_finance,8,88
politifact_088,test,factors_finance,8,88
politifact_153,test,factors_finance,8,88
politifact_008,test,factors_finance,8,88
politifact_013,test,factors_finance,8,88
snopes_023,test,factors_finance,8,88
snopes_010,test,factors_finance,8,88
politifact_136,test,factors_finance,8,88
politifact_016,test,factors_finance,8,88
politifact_065,test,factors_finance,8,88
politifact_100,test,factors_finance,8,88
politifact_180,test,factors_finance,8,88
snopes_014,test,factors_finance,8,88
round2_snopes_019,test,factors_finance,8,88
politifact_195,test,factors_finance,8,88
africa_check_013,test,factors_finance,8,88
round2_snopes_020,test,factors_finance,8,88
round2_grass_fact_check_006,test,factors_finance,8,88
politifact_156,test,factors_finance,8,88
grass_fact_check_020,test,factors_finance,8,88
politifact_033,test,factors_finance,8,88
newsmeter_001,test,factors_finance,8,88
snopes_053,train,factors_finance,9,99
politifact_025,train,factors_finance,9,99
politifact_075,train,factors_finance,9,99
politifact_026,train,factors_finance,9,99
politifact_008,train,factors_finance,9,99
round2_africa_check_014,train,factors_finance,9,99
snopes_039,train,factors_finance,9,99
round2_snopes_013,train,factors_finance,9,99
snopes_058,train,factors_finance,9,99
politifact_146,train,factors_finance,9,99
politifact_048,train,factors_finance,9,99
dubawa_001,train,factors_finance,9,99
politifact_179,train,factors_finance,9,99
grass_fact_check_024,train,factors_finance,9,99
politifact_088,train,factors_finance,9,99
politifact_144,train,factors_finance,9,99
round2_africa_check_008,train,factors_finance,9,99
politifact_190,train,factors_finance,9,99
politifact_062,train,factors_finance,9,99
politifact_091,train,factors_finance,9,99
round2_snopes_019,train,factors_finance,9,99
politifact_040,train,factors_finance,9,99
politifact_036,train,factors_finance,9,99
snopes_061,train,factors_finance,9,99
snopes_010,train,factors_finance,9,99
politifact_169,train,factors_finance,9,99
politifact_127,train,factors_finance,9,99
politifact_009,train,factors_finance,9,99
round2_grass_fact_check_007,train,factors_finance,9,99
round2_snopes_012,train,factors_finance,9,99
politifact_080,train,factors_finance,9,99
politifact_184,train,factors_finance,9,99
grass_fact_check_012,train,factors_finance,9,99
round2_snopes_017,train,factors_finance,9,99
round2_snopes_006,train,factors_finance,9,99
politifact_086,train,factors_finance,9,99
politifact_092,train,factors_finance,9,99
politifact_094,train,factors_finance,9,99
politifact_017,train,factors_finance,9,99
snopes_052,train,factors_finance,9,99
snopes_055,train,factors_finance,9,99
snopes_077,train,factors_finance,9,99
grass_fact_check_010,train,factors_finance,9,99
round2_africa_check_005,train,factors_finance,9,99
politifact_192,train,factors_finance,9,99
politifact_012,train,factors_finance,9,99
politifact_100,train,factors_finance,9,99
politifact_174,train,factors_finance,9,99
politifact_111,train,factors_finance,9,99
politifact_073,train,factors_finance,9,99
snopes_062,train,factors_finance,9,99
snopes_018,train,factors_finance,9,99
politifact_022,train,factors_finance,9,99
politifact_019,train,factors_finance,9,99
politifact_058,train,factors_finance,9,99
politifact_134,train,factors_finance,9,99
snopes_006,train,factors_finance,9,99
grass_fact_check_007,train,factors_finance,9,99
politifact_105,train,factors_finance,9,99
politifact_198,train,factors_finance,9,99
politifact_004,train,factors_finance,9,99
politifact_121,train,factors_finance,9,99
grass_fact_check_025,train,factors_finance,9,99
snopes_023,train,factors_finance,9,99
politifact_185,train,factors_finance,9,99
politifact_011,train,factors_finance,9,99
snopes_060,train,factors_finance,9,99
politifact_042,train,factors_finance,9,99
dubawa_004,train,factors_finance,9,99
snopes_049,train,factors_finance,9,99
round2_grass_fact_check_005,train,factors_finance,9,99
politifact_038,train,factors_finance,9,99
politifact_003,train,factors_finance,9,99
snopes_043,train,factors_finance,9,99
politifact_133,train,factors_finance,9,99
snopes_041,train,factors_finance,9,99
politifact_193,train,factors_finance,9,99
politifact_072,train,factors_finance,9,99
politifact_013,train,factors_finance,9,99
round2_africa_check_002,train,factors_finance,9,99
politifact_051,train,factors_finance,9,99
round2_snopes_003,train,factors_finance,9,99
politifact_183,train,factors_finance,9,99
politifact_147,train,factors_finance,9,99
politifact_170,train,factors_finance,9,99
politifact_187,train,factors_finance,9,99
politifact_007,train,factors_finance,9,99
politifact_045,train,factors_finance,9,99
politifact_015,train,factors_finance,9,99
round2_grass_fact_check_003,train,factors_finance,9,99
grass_fact_check_020,train,factors_finance,9,99
politifact_140,train,factors_finance,9,99
politifact_107,train,factors_finance,9,99
round2_africa_check_003,train,factors_finance,9,99
grass_fact_check_002,train,factors_finance,9,99
politifact_065,train,factors_finance,9,99
politifact_176,train,factors_finance,9,99
politifact_143,train,factors_finance,9,99
politifact_152,train,factors_finance,9,99
politifact_031,train,factors_finance,9,99
politifact_196,train,factors_finance,9,99
politifact_053,train,factors_finance,9,99
factcheckni_001,train,factors_finance,9,99
politifact_070,train,factors_finance,9,99
politifact_139,train,factors_finance,9,99
politifact_120,train,factors_finance,9,99
round2_grass_fact_check_006,train,factors_finance,9,99
round2_snopes_007,train,factors_finance,9,99
politifact_085,train,factors_finance,9,99
round2_grass_fact_check_008,train,factors_finance,9,99
politifact_195,train,factors_finance,9,99
politifact_084,train,factors_finance,9,99
politifact_112,train,factors_finance,9,99
politifact_068,train,factors_finance,9,99
grass_fact_check_008,train,factors_finance,9,99
dubawa_003,train,factors_finance,9,99
politifact_156,train,factors_finance,9,99
round2_snopes_020,train,factors_finance,9,99
politifact_037,train,factors_finance,9,99
snopes_054,train,factors_finance,9,99
politifact_052,train,factors_finance,9,99
politifact_099,train,factors_finance,9,99
politifact_180,train,factors_finance,9,99
politifact_168,train,factors_finance,9,99
snopes_030,train,factors_finance,9,99
round2_snopes_005,train,factors_finance,9,99
politifact_158,train,factors_finance,9,99
snopes_024,train,factors_finance,9,99
politifact_049,train,factors_finance,9,99
politifact_153,train,factors_finance,9,99
grass_fact_check_004,train,factors_finance,9,99
snopes_065,train,factors_finance,9,99
politifact_071,train,factors_finance,9,99
politifact_010,train,factors_finance,9,99
politifact_128,train,factors_finance,9,99
check_your_fact_001,train,factors_finance,9,99
politifact_001,train,factors_finance,9,99
round2_snopes_002,train,factors_finance,9,99
politifact_030,train,factors_finance,9,99
politifact_199,train,factors_finance,9,99
politifact_102,train,factors_finance,9,99
snopes_063,train,factors_finance,9,99
snopes_014,train,factors_finance,9,99
politifact_171,train,factors_finance,9,99
politifact_067,train,factors_finance,9,99
round2_africa_check_015,train,factors_finance,9,99
grass_fact_check_015,train,factors_finance,9,99
politifact_039,train,factors_finance,9,99
politifact_130,train,factors_finance,9,99
politifact_110,train,factors_finance,9,99
politifact_014,train,factors_finance,9,99
snopes_056,train,factors_finance,9,99
politifact_097,train,factors_finance,9,99
politifact_109,train,factors_finance,9,99
snopes_002,train,factors_finance,9,99
politifact_149,train,factors_finance,9,99
politifact_137,train,factors_finance,9,99
politifact_034,train,factors_finance,9,99
round2_grass_fact_check_001,train,factors_finance,9,99
round2_africa_check_001,train,factors_finance,9,99
politifact_046,train,factors_finance,9,99
snopes_048,train,factors_finance,9,99
politifact_165,train,factors_finance,9,99
round2_snopes_008,train,factors_finance,9,99
politifact_141,train,factors_finance,9,99
politifact_157,train,factors_finance,9,99
politifact_078,train,factors_finance,9,99
snopes_029,train,factors_finance,9,99
politifact_021,train,factors_finance,9,99
politifact_079,train,factors_finance,9,99
round2_grass_fact_check_004,train,factors_finance,9,99
africa_check_013,train,factors_finance,9,99
round2_africa_check_013,train,factors_finance,9,99
snopes_045,train,factors_finance,9,99
dubawa_002,train,factors_finance,9,99
round2_grass_fact_check_002,train,factors_finance,9,99
politifact_135,train,factors_finance,9,99
grass_fact_check_001,train,factors_finance,9,99
politifact_173,train,factors_finance,9,99
politifact_064,train,factors_finance,9,99
politifact_145,train,factors_finance,9,99
politifact_194,train,factors_finance,9,99
snopes_075,train,factors_finance,9,99
politifact_131,train,factors_finance,9,99
snopes_038,train,factors_finance,9,99
politifact_023,train,factors_finance,9,99
round2_snopes_001,train,factors_finance,9,99
politifact_050,train,factors_finance,9,99
round2_snopes_004,train,factors_finance,9,99
politifact_059,train,factors_finance,9,99
snopes_019,train,factors_finance,9,99
politifact_095,train,factors_finance,9,99
snopes_037,train,factors_finance,9,99
politifact_024,train,factors_finance,9,99
politifact_016,train,factors_finance,9,99
politifact_096,train,factors_finance,9,99
snopes_021,train,factors_finance,9,99
politifact_090,train,factors_finance,9,99
politifact_027,train,factors_finance,9,99
snopes_001,train,factors_finance,9,99
politifact_142,train,factors_finance,9,99
politifact_163,train,factors_finance,9,99
dubawa_006,train,factors_finance,9,99
grass_fact_check_026,train,factors_finance,9,99
politifact_056,train,factors_finance,9,99
politifact_114,train,factors_finance,9,99
snopes_004,train,factors_finance,9,99
politifact_041,train,factors_finance,9,99
politifact_006,train,factors_finance,9,99
factcheckni_003,validation,factors_finance,9,99
snopes_066,validation,factors_finance,9,99
round2_snopes_015,validation,factors_finance,9,99
politifact_033,validation,factors_finance,9,99
snopes_057,validation,factors_finance,9,99
politifact_108,validation,factors_finance,9,99
snopes_046,validation,factors_finance,9,99
africa_check_017,validation,factors_finance,9,99
politifact_186,validation,factors_finance,9,99
politifact_200,validation,factors_finance,9,99
politifact_151,validation,factors_finance,9,99
politifact_136,validation,factors_finance,9,99
politifact_125,validation,factors_finance,9,99
politifact_189,validation,factors_finance,9,99
politifact_129,validation,factors_finance,9,99
politifact_057,validation,factors_finance,9,99
dubawa_005,validation,factors_finance,9,99
politifact_123,validation,factors_finance,9,99
politifact_164,validation,factors_finance,9,99
politifact_069,validation,factors_finance,9,99
newsmeter_001,validation,factors_finance,9,99
politifact_077,validation,factors_finance,9,99
round2_snopes_010,validation,factors_finance,9,99
politifact_047,validation,factors_finance,9,99
politifact_119,validation,factors_finance,9,99
politifact_148,validation,factors_finance,9,99
round2_africa_check_010,test,factors_finance,9,99
politifact_081,test,factors_finance,9,99
politifact_089,test,factors_finance,9,99
round2_africa_check_011,test,factors_finance,9,99
snopes_008,test,factors_finance,9,99
politifact_060,test,factors_finance,9,99
politifact_188,test,factors_finance,9,99
grass_fact_check_005,test,factors_finance,9,99
politifact_083,test,factors_finance,9,99
snopes_044,test,factors_finance,9,99
grass_fact_check_009,test,factors_finance,9,99
politifact_155,test,factors_finance,9,99
politifact_126,test,factors_finance,9,99
politifact_124,test,factors_finance,9,99
politifact_115,test,factors_finance,9,99
politifact_093,test,factors_finance,9,99
africa_check_012,test,factors_finance,9,99
round2_snopes_011,test,factors_finance,9,99
politifact_182,test,factors_finance,9,99
politifact_066,test,factors_finance,9,99
politifact_082,test,factors_finance,9,99
politifact_159,test,factors_finance,9,99
politifact_043,test,factors_finance,9,99
snopes_079,test,factors_finance,9,99
politifact_005,test,factors_finance,9,99
politifact_035,test,factors_finance,9,99
grass_fact_check_026,train,factors_finance,10,110
politifact_095,train,factors_finance,10,110
snopes_054,train,factors_finance,10,110
round2_africa_check_003,train,factors_finance,10,110
politifact_035,train,factors_finance,10,110
politifact_036,train,factors_finance,10,110
snopes_021,train,factors_finance,10,110
politifact_027,train,factors_finance,10,110
politifact_125,train,factors_finance,10,110
politifact_030,train,factors_finance,10,110
politifact_129,train,factors_finance,10,110
politifact_091,train,factors_finance,10,110
politifact_023,train,factors_finance,10,110
politifact_078,train,factors_finance,10,110
politifact_021,train,factors_finance,10,110
politifact_089,train,factors_finance,10,110
round2_africa_check_013,train,factors_finance,10,110
politifact_068,train,factors_finance,10,110
grass_fact_check_020,train,factors_finance,10,110
snopes_046,train,factors_finance,10,110
round2_snopes_015,train,factors_finance,10,110
politifact_048,train,factors_finance,10,110
round2_africa_check_014,train,factors_finance,10,110
politifact_137,train,factors_finance,10,110
round2_snopes_003,train,factors_finance,10,110
politifact_083,train,factors_finance,10,110
grass_fact_check_024,train,factors_finance,10,110
snopes_006,train,factors_finance,10,110
snopes_018,train,factors_finance,10,110
politifact_200,train,factors_finance,10,110
round2_africa_check_001,train,factors_finance,10,110
politifact_146,train,factors_finance,10,110
politifact_047,train,factors_finance,10,110
politifact_007,train,factors_finance,10,110
politifact_128,train,factors_finance,10,110
politifact_080,train,factors_finance,10,110
snopes_002,train,factors_finance,10,110
politifact_163,train,factors_finance,10,110
africa_check_012,train,factors_finance,10,110
politifact_041,train,factors_finance,10,110
politifact_114,train,factors_finance,10,110
politifact_134,train,factors_finance,10,110
snopes_045,train,factors_finance,10,110
politifact_193,train,factors_finance,10,110
politifact_050,train,factors_finance,10,110
grass_fact_check_010,train,factors_finance,10,110
politifact_108,train,factors_finance,10,110
dubawa_004,train,factors_finance,10,110
politifact_179,train,factors_finance,10,110
round2_grass_fact_check_004,train,factors_finance,10,110
grass_fact_check_004,train,factors_finance,10,110
snopes_056,train,factors_finance,10,110
politifact_071,train,factors_finance,10,110
round2_africa_check_005,train,factors_finance,10,110
politifact_195,train,factors_finance,10,110
round2_snopes_020,train,factors_finance,10,110
snopes_049,train,factors_finance,10,110
round2_snopes_005,train,factors_finance,10,110
politifact_144,train,factors_finance,10,110
politifact_077,train,factors_finance,10,110
politifact_057,train,factors_finance,10,110
snopes_065,train,factors_finance,10,110
politifact_119,train,factors_finance,10,110
politifact_075,train,factors_finance,10,110
grass_fact_check_025,train,factors_finance,10,110
snopes_075,train,factors_finance,10,110
politifact_131,train,factors_finance,10,110
round2_snopes_001,train,factors_finance,10,110
round2_africa_check_002,train,factors_finance,10,110
politifact_009,train,factors_finance,10,110
politifact_168,train,factors_finance,10,110
politifact_148,train,factors_finance,10,110
politifact_105,train,factors_finance,10,110
politifact_003,train,factors_finance,10,110
snopes_043,train,factors_finance,10,110
dubawa_001,train,factors_finance,10,110
snopes_048,train,factors_finance,10,110
politifact_038,train,factors_finance,10,110
politifact_159,train,factors_finance,10,110
grass_fact_check_005,train,factors_finance,10,110
politifact_059,train,factors_finance,10,110
politifact_188,train,factors_finance,10,110
politifact_015,train,factors_finance,10,110
politifact_133,train,factors_finance,10,110
politifact_147,train,factors_finance,10,110
snopes_001,train,factors_finance,10,110
politifact_121,train,factors_finance,10,110
snopes_004,train,factors_finance,10,110
politifact_031,train,factors_finance,10,110
round2_snopes_008,train,factors_finance,10,110
politifact_107,train,factors_finance,10,110
politifact_127,train,factors_finance,10,110
politifact_092,train,factors_finance,10,110
snopes_055,train,factors_finance,10,110
grass_fact_check_009,train,factors_finance,10,110
politifact_094,train,factors_finance,10,110
politifact_157,train,factors_finance,10,110
politifact_014,train,factors_finance,10,110
dubawa_003,train,factors_finance,10,110
politifact_102,train,factors_finance,10,110
check_your_fact_001,train,factors_finance,10,110
politifact_126,train,factors_finance,10,110
politifact_008,train,factors_finance,10,110
politifact_182,train,factors_finance,10,110
politifact_151,train,factors_finance,10,110
snopes_010,train,factors_finance,10,110
politifact_145,train,factors_finance,10,110
politifact_012,train,factors_finance,10,110
politifact_164,train,factors_finance,10,110
politifact_198,train,factors_finance,10,110
politifact_052,train,factors_finance,10,110
politifact_174,train,factors_finance,10,110
politifact_141,train,factors_finance,10,110
politifact_051,train,factors_finance,10,110
round2_snopes_012,train,factors_finance,10,110
politifact_194,train,factors_finance,10,110
snopes_062,train,factors_finance,10,110
politifact_109,train,factors_finance,10,110
round2_africa_check_010,train,factors_finance,10,110
politifact_112,train,factors_finance,10,110
dubawa_005,train,factors_finance,10,110
politifact_079,train,factors_finance,10,110
politifact_093,train,factors_finance,10,110
politifact_085,train,factors_finance,10,110
politifact_143,train,factors_finance,10,110
politifact_067,train,factors_finance,10,110
snopes_058,train,factors_finance,10,110
factcheckni_001,train,factors_finance,10,110
politifact_183,train,factors_finance,10,110
politifact_019,train,factors_finance,10,110
politifact_196,train,factors_finance,10,110
politifact_040,train,factors_finance,10,110
round2_grass_fact_check_008,train,factors_finance,10,110
dubawa_006,train,factors_finance,10,110
politifact_171,train,factors_finance,10,110
snopes_053,train,factors_finance,10,110
snopes_014,train,factors_finance,10,110
politifact_082,train,factors_finance,10,110
politifact_001,train,factors_finance,10,110
grass_fact_check_012,train,factors_finance,10,110
politifact_081,train,factors_finance,10,110
politifact_064,train,factors_finance,10,110
politifact_152,train,factors_finance,10,110
politifact_184,train,factors_finance,10,110
grass_fact_check_001,train,factors_finance,10,110
africa_check_017,train,factors_finance,10,110
factcheckni_003,train,factors_finance,10,110
grass_fact_check_007,train,factors_finance,10,110
round2_snopes_004,train,factors_finance,10,110
snopes_041,train,factors_finance,10,110
snopes_060,train,factors_finance,10,110
politifact_010,train,factors_finance,10,110
snopes_061,train,factors_finance,10,110
round2_snopes_013,train,factors_finance,10,110
politifact_022,train,factors_finance,10,110
newsmeter_001,train,factors_finance,10,110
politifact_046,train,factors_finance,10,110
politifact_024,train,factors_finance,10,110
politifact_153,train,factors_finance,10,110
politifact_100,train,factors_finance,10,110
politifact_066,train,factors_finance,10,110
politifact_169,train,factors_finance,10,110
politifact_053,train,factors_finance,10,110
round2_africa_check_011,train,factors_finance,10,110
politifact_187,train,factors_finance,10,110
snopes_052,train,factors_finance,10,110
politifact_142,train,factors_finance,10,110
snopes_039,train,factors_finance,10,110
politifact_110,train,factors_finance,10,110
round2_grass_fact_check_001,train,factors_finance,10,110
politifact_016,train,factors_finance,10,110
politifact_088,train,factors_finance,10,110
politifact_073,train,factors_finance,10,110
snopes_066,train,factors_finance,10,110
politifact_049,train,factors_finance,10,110
politifact_199,train,factors_finance,10,110
politifact_033,train,factors_finance,10,110
snopes_057,train,factors_finance,10,110
politifact_062,train,factors_finance,10,110
politifact_025,train,factors_finance,10,110
snopes_037,train,factors_finance,10,110
politifact_090,train,factors_finance,10,110
grass_fact_check_015,train,factors_finance,10,110
politifact_124,train,factors_finance,10,110
snopes_038,train,factors_finance,10,110
round2_grass_fact_check_002,train,factors_finance,10,110
round2_grass_fact_check_005,train,factors_finance,10,110
politifact_170,train,factors_finance,10,110
politifact_069,train,factors_finance,10,110
round2_africa_check_015,train,factors_finance,10,110
snopes_044,train,factors_finance,10,110
grass_fact_check_008,train,factors_finance,10,110
politifact_135,train,factors_finance,10,110
round2_snopes_002,train,factors_finance,10,110
politifact_037,train,factors_finance,10,110
politifact_011,train,factors_finance,10,110
politifact_006,train,factors_finance,10,110
politifact_045,train,factors_finance,10,110
politifact_130,train,factors_finance,10,110
round2_grass_fact_check_003,train,factors_finance,10,110
africa_check_013,train,factors_finance,10,110
politifact_026,train,factors_finance,10,110
politifact_140,train,factors_finance,10,110
snopes_008,train,factors_finance,10,110
politifact_058,train,factors_finance,10,110
politifact_192,train,factors_finance,10,110
politifact_065,train,factors_finance,10,110
politifact_084,train,factors_finance,10,110
round2_grass_fact_check_006,train,factors_finance,10,110
politifact_173,validation,factors_finance,10,110
politifact_096,validation,factors_finance,10,110
politifact_186,validation,factors_finance,10,110
politifact_123,validation,factors_finance,10,110
snopes_030,validation,factors_finance,10,110
round2_snopes_019,validation,factors_finance,10,110
politifact_185,validation,factors_finance,10,110
round2_grass_fact_check_007,validation,factors_finance,10,110
politifact_176,validation,factors_finance,10,110
politifact_180,validation,factors_finance,10,110
politifact_165,validation,factors_finance,10,110
round2_snopes_017,validation,factors_finance,10,110
politifact_120,validation,factors_finance,10,110
politifact_099,validation,factors_finance,10,110
politifact_155,validation,factors_finance,10,110
round2_snopes_010,validation,factors_finance,10,110
grass_fact_check_002,validation,factors_finance,10,110
round2_snopes_007,validation,factors_finance,10,110
politifact_139,validation,factors_finance,10,110
snopes_024,validation,factors_finance,10,110
politifact_017,validation,factors_finance,10,110
politifact_086,validation,factors_finance,10,110
politifact_158,validation,factors_finance,10,110
politifact_136,validation,factors_finance,10,110
dubawa_002,validation,factors_finance,10,110
politifact_013,validation,factors_finance,10,110
snopes_063,test,factors_finance,10,110
round2_snopes_011,test,factors_finance,10,110
politifact_097,test,factors_finance,10,110
politifact_056,test,factors_finance,10,110
politifact_042,test,factors_finance,10,110
politifact_190,test,factors_finance,10,110
snopes_023,test,factors_finance,10,110
politifact_072,test,factors_finance,10,110
snopes_019,test,factors_finance,10,110
politifact_039,test,factors_finance,10,110
politifact_005,test,factors_finance,10,110
politifact_111,test,factors_finance,10,110
snopes_079,test,factors_finance,10,110
round2_africa_check_008,test,factors_finance,10,110
politifact_004,test,factors_finance,10,110
round2_snopes_006,test,factors_finance,10,110
politifact_060,test,factors_finance,10,110
snopes_029,test,factors_finance,10,110
politifact_034,test,factors_finance,10,110
politifact_070,test,factors_finance,10,110
politifact_149,test,factors_finance,10,110
politifact_156,test,factors_finance,10,110
politifact_043,test,factors_finance,10,110
politifact_115,test,factors_finance,10,110
snopes_077,test,factors_finance,10,110
politifact_189,test,factors_finance,10,110
