dataset,repetition,outer_seed,outer_fold,model,candidate_index,classifier,representation,C,affect_weight,inner_macro_f1,inner_balanced_accuracy,selected,evaluation_stage
liar2_finance,1,11,0,text_only,1,logistic_regression,word,0.1,,0.6547251450135028,0.65478515625,False,rfc_complete_source_tuning
liar2_finance,1,11,0,text_only,2,logistic_regression,word,1.0,,0.6610694595471107,0.6611328125,False,rfc_complete_source_tuning
liar2_finance,1,11,0,text_only,3,logistic_regression,word,10.0,,0.6342312117364427,0.63427734375,False,rfc_complete_source_tuning
liar2_finance,1,11,0,text_only,4,logistic_regression,word_char,0.1,,0.6596678876085014,0.65966796875,False,rfc_complete_source_tuning
liar2_finance,1,11,0,text_only,5,logistic_regression,word_char,1.0,,0.6611004925243877,0.6611328125,False,rfc_complete_source_tuning
liar2_finance,1,11,0,text_only,6,logistic_regression,word_char,10.0,,0.6474202517036973,0.6474609375,False,rfc_complete_source_tuning
liar2_finance,1,11,0,text_only,7,linear_svm,word,0.1,,0.662046204620462,0.662109375,False,rfc_complete_source_tuning
liar2_finance,1,11,0,text_only,8,linear_svm,word,1.0,,0.6298400980490341,0.6298828125,False,rfc_complete_source_tuning
liar2_finance,1,11,0,text_only,9,linear_svm,word,10.0,,0.6157225646311199,0.61572265625,False,rfc_complete_source_tuning
liar2_finance,1,11,0,text_only,10,linear_svm,word_char,0.1,,0.6630470549522869,0.6630859375,True,rfc_complete_source_tuning
liar2_finance,1,11,0,text_only,11,linear_svm,word_char,1.0,,0.6381641833642142,0.63818359375,False,rfc_complete_source_tuning
liar2_finance,1,11,0,text_only,12,linear_svm,word_char,10.0,,0.6210923045818504,0.62109375,False,rfc_complete_source_tuning
liar2_finance,1,11,0,emotion_aware,1,logistic_regression,word,0.1,0.05,0.658662027595511,0.65869140625,False,rfc_complete_source_tuning
liar2_finance,1,11,0,emotion_aware,2,logistic_regression,word,0.1,0.1,0.638671875,0.638671875,False,rfc_complete_source_tuning
liar2_finance,1,11,0,emotion_aware,3,logistic_regression,word,0.1,0.25,0.6245094806520978,0.62451171875,False,rfc_complete_source_tuning
liar2_finance,1,11,0,emotion_aware,4,logistic_regression,word,0.1,0.5,0.6224072615162394,0.62255859375,False,rfc_complete_source_tuning
liar2_finance,1,11,0,emotion_aware,5,logistic_regression,word,0.1,1.0,0.6182911390139452,0.61865234375,False,rfc_complete_source_tuning
liar2_finance,1,11,0,emotion_aware,6,logistic_regression,word,1.0,0.05,0.6698963752807596,0.669921875,False,rfc_complete_source_tuning
liar2_finance,1,11,0,emotion_aware,7,logistic_regression,word,1.0,0.1,0.6669299299872185,0.6669921875,False,rfc_complete_source_tuning
liar2_finance,1,11,0,emotion_aware,8,logistic_regression,word,1.0,0.25,0.6625100310859329,0.66259765625,False,rfc_complete_source_tuning
liar2_finance,1,11,0,emotion_aware,9,logistic_regression,word,1.0,0.5,0.6521832052911386,0.65234375,False,rfc_complete_source_tuning
liar2_finance,1,11,0,emotion_aware,10,logistic_regression,word,1.0,1.0,0.6521682710794459,0.65234375,False,rfc_complete_source_tuning
liar2_finance,1,11,0,emotion_aware,11,logistic_regression,word,10.0,0.05,0.6445095525849966,0.64453125,False,rfc_complete_source_tuning
liar2_finance,1,11,0,emotion_aware,12,logistic_regression,word,10.0,0.1,0.6435329304767137,0.6435546875,False,rfc_complete_source_tuning
liar2_finance,1,11,0,emotion_aware,13,logistic_regression,word,10.0,0.25,0.6406082056065319,0.640625,False,rfc_complete_source_tuning
liar2_finance,1,11,0,emotion_aware,14,logistic_regression,word,10.0,0.5,0.6425696031952666,0.642578125,False,rfc_complete_source_tuning
liar2_finance,1,11,0,emotion_aware,15,logistic_regression,word,10.0,1.0,0.6425696031952666,0.642578125,False,rfc_complete_source_tuning
liar2_finance,1,11,0,emotion_aware,16,logistic_regression,word_char,0.1,0.05,0.6650234090300011,0.6650390625,False,rfc_complete_source_tuning
liar2_finance,1,11,0,emotion_aware,17,logistic_regression,word_char,0.1,0.1,0.6601403683453073,0.66015625,False,rfc_complete_source_tuning
liar2_finance,1,11,0,emotion_aware,18,logistic_regression,word_char,0.1,0.25,0.6513269525158447,0.6513671875,False,rfc_complete_source_tuning
liar2_finance,1,11,0,emotion_aware,19,logistic_regression,word_char,0.1,0.5,0.6517158828733229,0.65185546875,False,rfc_complete_source_tuning
liar2_finance,1,11,0,emotion_aware,20,logistic_regression,word_char,0.1,1.0,0.6398171805689089,0.64013671875,False,rfc_complete_source_tuning
liar2_finance,1,11,0,emotion_aware,21,logistic_regression,word_char,1.0,0.05,0.668891947497489,0.6689453125,False,rfc_complete_source_tuning
liar2_finance,1,11,0,emotion_aware,22,logistic_regression,word_char,1.0,0.1,0.6713377442574885,0.67138671875,False,rfc_complete_source_tuning
liar2_finance,1,11,0,emotion_aware,23,logistic_regression,word_char,1.0,0.25,0.6678661237946601,0.66796875,False,rfc_complete_source_tuning
liar2_finance,1,11,0,emotion_aware,24,logistic_regression,word_char,1.0,0.5,0.6659123951110992,0.666015625,False,rfc_complete_source_tuning
liar2_finance,1,11,0,emotion_aware,25,logistic_regression,word_char,1.0,1.0,0.6624990848014073,0.66259765625,False,rfc_complete_source_tuning
liar2_finance,1,11,0,emotion_aware,26,logistic_regression,word_char,10.0,0.05,0.6430356826499549,0.64306640625,False,rfc_complete_source_tuning
liar2_finance,1,11,0,emotion_aware,27,logistic_regression,word_char,10.0,0.1,0.6513269525158447,0.6513671875,False,rfc_complete_source_tuning
liar2_finance,1,11,0,emotion_aware,28,logistic_regression,word_char,10.0,0.25,0.6513109889575327,0.6513671875,False,rfc_complete_source_tuning
liar2_finance,1,11,0,emotion_aware,29,logistic_regression,word_char,10.0,0.5,0.6498414836982765,0.64990234375,False,rfc_complete_source_tuning
liar2_finance,1,11,0,emotion_aware,30,logistic_regression,word_char,10.0,1.0,0.6498414836982765,0.64990234375,False,rfc_complete_source_tuning
liar2_finance,1,11,0,emotion_aware,31,linear_svm,word,0.1,0.05,0.6669718610755051,0.6669921875,False,rfc_complete_source_tuning
liar2_finance,1,11,0,emotion_aware,32,linear_svm,word,0.1,0.1,0.6645084679077919,0.66455078125,False,rfc_complete_source_tuning
liar2_finance,1,11,0,emotion_aware,33,linear_svm,word,0.1,0.25,0.6576030870977012,0.65771484375,False,rfc_complete_source_tuning
liar2_finance,1,11,0,emotion_aware,34,linear_svm,word,0.1,0.5,0.6530966695295353,0.6533203125,False,rfc_complete_source_tuning
liar2_finance,1,11,0,emotion_aware,35,linear_svm,word,0.1,1.0,0.6530609128529327,0.6533203125,False,rfc_complete_source_tuning
liar2_finance,1,11,0,emotion_aware,36,linear_svm,word,1.0,0.05,0.6351703163800337,0.63525390625,False,rfc_complete_source_tuning
liar2_finance,1,11,0,emotion_aware,37,linear_svm,word,1.0,0.1,0.632216802974616,0.63232421875,False,rfc_complete_source_tuning
liar2_finance,1,11,0,emotion_aware,38,linear_svm,word,1.0,0.25,0.6327228327228327,0.6328125,False,rfc_complete_source_tuning
liar2_finance,1,11,0,emotion_aware,39,linear_svm,word,1.0,0.5,0.6336881025902258,0.6337890625,False,rfc_complete_source_tuning
liar2_finance,1,11,0,emotion_aware,40,linear_svm,word,1.0,1.0,0.6332055475333366,0.63330078125,False,rfc_complete_source_tuning
liar2_finance,1,11,0,emotion_aware,41,linear_svm,word,10.0,0.05,0.6210500212217024,0.62109375,False,rfc_complete_source_tuning
liar2_finance,1,11,0,emotion_aware,42,linear_svm,word,10.0,0.1,0.621534297858135,0.62158203125,False,rfc_complete_source_tuning
liar2_finance,1,11,0,emotion_aware,43,linear_svm,word,10.0,0.25,0.6200809555965039,0.6201171875,False,rfc_complete_source_tuning
liar2_finance,1,11,0,emotion_aware,44,linear_svm,word,10.0,0.5,0.6220266964247393,0.6220703125,False,rfc_complete_source_tuning
liar2_finance,1,11,0,emotion_aware,45,linear_svm,word,10.0,1.0,0.6220184046271002,0.6220703125,False,rfc_complete_source_tuning
liar2_finance,1,11,0,emotion_aware,46,linear_svm,word_char,0.1,0.05,0.6718045769022016,0.671875,True,rfc_complete_source_tuning
liar2_finance,1,11,0,emotion_aware,47,linear_svm,word_char,0.1,0.1,0.6688540447415641,0.6689453125,False,rfc_complete_source_tuning
liar2_finance,1,11,0,emotion_aware,48,linear_svm,word_char,0.1,0.25,0.6658470469358722,0.666015625,False,rfc_complete_source_tuning
liar2_finance,1,11,0,emotion_aware,49,linear_svm,word_char,0.1,0.5,0.6639343011097373,0.6640625,False,rfc_complete_source_tuning
liar2_finance,1,11,0,emotion_aware,50,linear_svm,word_char,0.1,1.0,0.6634521748442501,0.66357421875,False,rfc_complete_source_tuning
liar2_finance,1,11,0,emotion_aware,51,linear_svm,word_char,1.0,0.05,0.6410310341891898,0.64111328125,False,rfc_complete_source_tuning
liar2_finance,1,11,0,emotion_aware,52,linear_svm,word_char,1.0,0.1,0.6405259246752082,0.640625,False,rfc_complete_source_tuning
liar2_finance,1,11,0,emotion_aware,53,linear_svm,word_char,1.0,0.25,0.6391146401511765,0.63916015625,False,rfc_complete_source_tuning
liar2_finance,1,11,0,emotion_aware,54,linear_svm,word_char,1.0,0.5,0.6386222473178995,0.638671875,False,rfc_complete_source_tuning
liar2_finance,1,11,0,emotion_aware,55,linear_svm,word_char,1.0,1.0,0.6386222473178995,0.638671875,False,rfc_complete_source_tuning
liar2_finance,1,11,0,emotion_aware,56,linear_svm,word_char,10.0,0.05,0.6230238662027712,0.623046875,False,rfc_complete_source_tuning
liar2_finance,1,11,0,emotion_aware,57,linear_svm,word_char,10.0,0.1,0.6249567220338499,0.625,False,rfc_complete_source_tuning
liar2_finance,1,11,0,emotion_aware,58,linear_svm,word_char,10.0,0.25,0.6254488999759887,0.62548828125,False,rfc_complete_source_tuning
liar2_finance,1,11,0,emotion_aware,59,linear_svm,word_char,10.0,0.5,0.627409337704399,0.62744140625,False,rfc_complete_source_tuning
liar2_finance,1,11,0,emotion_aware,60,linear_svm,word_char,10.0,1.0,0.6274022303542104,0.62744140625,False,rfc_complete_source_tuning
liar2_finance,2,22,0,text_only,1,logistic_regression,word,0.1,,0.6493806248307066,0.6494140625,False,rfc_complete_source_tuning
liar2_finance,2,22,0,text_only,2,logistic_regression,word,1.0,,0.6493976788389808,0.6494140625,False,rfc_complete_source_tuning
liar2_finance,2,22,0,text_only,3,logistic_regression,word,10.0,,0.6342228387055853,0.63427734375,False,rfc_complete_source_tuning
liar2_finance,2,22,0,text_only,4,logistic_regression,word_char,0.1,,0.6479471203513166,0.64794921875,False,rfc_complete_source_tuning
liar2_finance,2,22,0,text_only,5,logistic_regression,word_char,1.0,,0.6498782193196734,0.64990234375,False,rfc_complete_source_tuning
liar2_finance,2,22,0,text_only,6,logistic_regression,word_char,10.0,,0.6401325145943678,0.64013671875,False,rfc_complete_source_tuning
liar2_finance,2,22,0,text_only,7,linear_svm,word,0.1,,0.6503786217025578,0.650390625,False,rfc_complete_source_tuning
liar2_finance,2,22,0,text_only,8,linear_svm,word,1.0,,0.6322603029634619,0.63232421875,False,rfc_complete_source_tuning
liar2_finance,2,22,0,text_only,9,linear_svm,word,10.0,,0.6113099614983686,0.611328125,False,rfc_complete_source_tuning
liar2_finance,2,22,0,text_only,10,linear_svm,word_char,0.1,,0.652822015634511,0.65283203125,True,rfc_complete_source_tuning
liar2_finance,2,22,0,text_only,11,linear_svm,word_char,1.0,,0.6362262189590284,0.63623046875,False,rfc_complete_source_tuning
liar2_finance,2,22,0,text_only,12,linear_svm,word_char,10.0,,0.6327900872856009,0.6328125,False,rfc_complete_source_tuning
liar2_finance,2,22,0,emotion_aware,1,logistic_regression,word,0.1,0.05,0.6572213321126116,0.6572265625,False,rfc_complete_source_tuning
liar2_finance,2,22,0,emotion_aware,2,logistic_regression,word,0.1,0.1,0.6298739880082133,0.6298828125,False,rfc_complete_source_tuning
liar2_finance,2,22,0,emotion_aware,3,logistic_regression,word,0.1,0.25,0.6245008861082122,0.62451171875,False,rfc_complete_source_tuning
liar2_finance,2,22,0,emotion_aware,4,logistic_regression,word,0.1,0.5,0.6176355784631019,0.61767578125,False,rfc_complete_source_tuning
liar2_finance,2,22,0,emotion_aware,5,logistic_regression,word,0.1,1.0,0.6117155929280993,0.61181640625,False,rfc_complete_source_tuning
liar2_finance,2,22,0,emotion_aware,6,logistic_regression,word,1.0,0.05,0.6576964811583187,0.65771484375,False,rfc_complete_source_tuning
liar2_finance,2,22,0,emotion_aware,7,logistic_regression,word,1.0,0.1,0.6566871236448951,0.65673828125,False,rfc_complete_source_tuning
liar2_finance,2,22,0,emotion_aware,8,logistic_regression,word,1.0,0.25,0.6581196581196581,0.658203125,False,rfc_complete_source_tuning
liar2_finance,2,22,0,emotion_aware,9,logistic_regression,word,1.0,0.5,0.6527624066314643,0.65283203125,False,rfc_complete_source_tuning
liar2_finance,2,22,0,emotion_aware,10,logistic_regression,word,1.0,1.0,0.6517650537833142,0.65185546875,False,rfc_complete_source_tuning
liar2_finance,2,22,0,emotion_aware,11,logistic_regression,word,10.0,0.05,0.6410508933308692,0.64111328125,False,rfc_complete_source_tuning
liar2_finance,2,22,0,emotion_aware,12,logistic_regression,word,10.0,0.1,0.6381455474344297,0.63818359375,False,rfc_complete_source_tuning
liar2_finance,2,22,0,emotion_aware,13,logistic_regression,word,10.0,0.25,0.6435271508209386,0.6435546875,False,rfc_complete_source_tuning
liar2_finance,2,22,0,emotion_aware,14,logistic_regression,word,10.0,0.5,0.6444902260945868,0.64453125,False,rfc_complete_source_tuning
liar2_finance,2,22,0,emotion_aware,15,logistic_regression,word,10.0,1.0,0.6449822037582058,0.64501953125,False,rfc_complete_source_tuning
liar2_finance,2,22,0,emotion_aware,16,logistic_regression,word_char,0.1,0.05,0.6606379775228928,0.66064453125,False,rfc_complete_source_tuning
liar2_finance,2,22,0,emotion_aware,17,logistic_regression,word_char,0.1,0.1,0.6557550707246611,0.65576171875,False,rfc_complete_source_tuning
liar2_finance,2,22,0,emotion_aware,18,logistic_regression,word_char,0.1,0.25,0.6459818293879429,0.64599609375,False,rfc_complete_source_tuning
liar2_finance,2,22,0,emotion_aware,19,logistic_regression,word_char,0.1,0.5,0.6366508327133291,0.63671875,False,rfc_complete_source_tuning
liar2_finance,2,22,0,emotion_aware,20,logistic_regression,word_char,0.1,1.0,0.6312519152964968,0.63134765625,False,rfc_complete_source_tuning
liar2_finance,2,22,0,emotion_aware,21,logistic_regression,word_char,1.0,0.05,0.655751787654473,0.65576171875,False,rfc_complete_source_tuning
liar2_finance,2,22,0,emotion_aware,22,logistic_regression,word_char,1.0,0.1,0.657210543934491,0.6572265625,False,rfc_complete_source_tuning
liar2_finance,2,22,0,emotion_aware,23,logistic_regression,word_char,1.0,0.25,0.6542701681934583,0.654296875,False,rfc_complete_source_tuning
liar2_finance,2,22,0,emotion_aware,24,logistic_regression,word_char,1.0,0.5,0.6532726967509577,0.6533203125,False,rfc_complete_source_tuning
liar2_finance,2,22,0,emotion_aware,25,logistic_regression,word_char,1.0,1.0,0.651259429984393,0.6513671875,False,rfc_complete_source_tuning
liar2_finance,2,22,0,emotion_aware,26,logistic_regression,word_char,10.0,0.05,0.64305202383805,0.64306640625,False,rfc_complete_source_tuning
liar2_finance,2,22,0,emotion_aware,27,logistic_regression,word_char,10.0,0.1,0.6406082056065319,0.640625,False,rfc_complete_source_tuning
liar2_finance,2,22,0,emotion_aware,28,logistic_regression,word_char,10.0,0.25,0.6464627968015626,0.646484375,False,rfc_complete_source_tuning
liar2_finance,2,22,0,emotion_aware,29,logistic_regression,word_char,10.0,0.5,0.6464722375875026,0.646484375,False,rfc_complete_source_tuning
liar2_finance,2,22,0,emotion_aware,30,logistic_regression,word_char,10.0,1.0,0.6454956415587388,0.6455078125,False,rfc_complete_source_tuning
liar2_finance,2,22,0,emotion_aware,31,linear_svm,word,0.1,0.05,0.6625686138319,0.66259765625,True,rfc_complete_source_tuning
liar2_finance,2,22,0,emotion_aware,32,linear_svm,word,0.1,0.1,0.6591247483086244,0.6591796875,False,rfc_complete_source_tuning
liar2_finance,2,22,0,emotion_aware,33,linear_svm,word,0.1,0.25,0.656131614220365,0.65625,False,rfc_complete_source_tuning
liar2_finance,2,22,0,emotion_aware,34,linear_svm,word,0.1,0.5,0.6537074545936292,0.65380859375,False,rfc_complete_source_tuning
liar2_finance,2,22,0,emotion_aware,35,linear_svm,word,0.1,1.0,0.6522110790554259,0.65234375,False,rfc_complete_source_tuning
liar2_finance,2,22,0,emotion_aware,36,linear_svm,word,1.0,0.05,0.6308167732520709,0.630859375,False,rfc_complete_source_tuning
liar2_finance,2,22,0,emotion_aware,37,linear_svm,word,1.0,0.1,0.6342228387055853,0.63427734375,False,rfc_complete_source_tuning
liar2_finance,2,22,0,emotion_aware,38,linear_svm,word,1.0,0.25,0.637152962828104,0.63720703125,False,rfc_complete_source_tuning
liar2_finance,2,22,0,emotion_aware,39,linear_svm,word,1.0,0.5,0.6356834702553493,0.6357421875,False,rfc_complete_source_tuning
liar2_finance,2,22,0,emotion_aware,40,linear_svm,word,1.0,1.0,0.6351904997525977,0.63525390625,False,rfc_complete_source_tuning
liar2_finance,2,22,0,emotion_aware,41,linear_svm,word,10.0,0.05,0.6147437974440899,0.61474609375,False,rfc_complete_source_tuning
liar2_finance,2,22,0,emotion_aware,42,linear_svm,word,10.0,0.1,0.6152310725018049,0.615234375,False,rfc_complete_source_tuning
liar2_finance,2,22,0,emotion_aware,43,linear_svm,word,10.0,0.25,0.6157152349791606,0.61572265625,False,rfc_complete_source_tuning
liar2_finance,2,22,0,emotion_aware,44,linear_svm,word,10.0,0.5,0.6162050812542916,0.6162109375,False,rfc_complete_source_tuning
liar2_finance,2,22,0,emotion_aware,45,linear_svm,word,10.0,1.0,0.6162050812542916,0.6162109375,False,rfc_complete_source_tuning
liar2_finance,2,22,0,emotion_aware,46,linear_svm,word_char,0.1,0.05,0.657218389949559,0.6572265625,False,rfc_complete_source_tuning
liar2_finance,2,22,0,emotion_aware,47,linear_svm,word_char,0.1,0.1,0.6586776534374787,0.65869140625,False,rfc_complete_source_tuning
liar2_finance,2,22,0,emotion_aware,48,linear_svm,word_char,0.1,0.25,0.6513339361129868,0.6513671875,False,rfc_complete_source_tuning
liar2_finance,2,22,0,emotion_aware,49,linear_svm,word_char,0.1,0.5,0.6517856482816231,0.65185546875,False,rfc_complete_source_tuning
liar2_finance,2,22,0,emotion_aware,50,linear_svm,word_char,0.1,1.0,0.6532009177506524,0.6533203125,False,rfc_complete_source_tuning
liar2_finance,2,22,0,emotion_aware,51,linear_svm,word_char,1.0,0.05,0.634753085242337,0.634765625,False,rfc_complete_source_tuning
liar2_finance,2,22,0,emotion_aware,52,linear_svm,word_char,1.0,0.1,0.6391407982539195,0.63916015625,False,rfc_complete_source_tuning
liar2_finance,2,22,0,emotion_aware,53,linear_svm,word_char,1.0,0.25,0.6415848137434705,0.6416015625,False,rfc_complete_source_tuning
liar2_finance,2,22,0,emotion_aware,54,linear_svm,word_char,1.0,0.5,0.6425614218804094,0.642578125,False,rfc_complete_source_tuning
liar2_finance,2,22,0,emotion_aware,55,linear_svm,word_char,1.0,1.0,0.6405972369920696,0.640625,False,rfc_complete_source_tuning
liar2_finance,2,22,0,emotion_aware,56,linear_svm,word_char,10.0,0.05,0.630316006542227,0.63037109375,False,rfc_complete_source_tuning
liar2_finance,2,22,0,emotion_aware,57,linear_svm,word_char,10.0,0.1,0.6273446508228173,0.62744140625,False,rfc_complete_source_tuning
liar2_finance,2,22,0,emotion_aware,58,linear_svm,word_char,10.0,0.25,0.6273446508228173,0.62744140625,False,rfc_complete_source_tuning
liar2_finance,2,22,0,emotion_aware,59,linear_svm,word_char,10.0,0.5,0.6283328122693517,0.62841796875,False,rfc_complete_source_tuning
liar2_finance,2,22,0,emotion_aware,60,linear_svm,word_char,10.0,1.0,0.6293202062352762,0.62939453125,False,rfc_complete_source_tuning
liar2_finance,3,33,0,text_only,1,logistic_regression,word,0.1,,0.643546188978886,0.6435546875,False,rfc_complete_source_tuning
liar2_finance,3,33,0,text_only,2,logistic_regression,word,1.0,,0.645499360546125,0.6455078125,False,rfc_complete_source_tuning
liar2_finance,3,33,0,text_only,3,logistic_regression,word,10.0,,0.6401359465655134,0.64013671875,False,rfc_complete_source_tuning
liar2_finance,3,33,0,text_only,4,logistic_regression,word_char,0.1,,0.6528081086977515,0.65283203125,False,rfc_complete_source_tuning
liar2_finance,3,33,0,text_only,5,logistic_regression,word_char,1.0,,0.6551784005715992,0.6552734375,False,rfc_complete_source_tuning
liar2_finance,3,33,0,text_only,6,logistic_regression,word_char,10.0,,0.6479390622679078,0.64794921875,False,rfc_complete_source_tuning
liar2_finance,3,33,0,text_only,7,linear_svm,word,0.1,,0.6464813407250085,0.646484375,False,rfc_complete_source_tuning
liar2_finance,3,33,0,text_only,8,linear_svm,word,1.0,,0.6323094034884428,0.63232421875,False,rfc_complete_source_tuning
liar2_finance,3,33,0,text_only,9,linear_svm,word,10.0,,0.6186449790580997,0.61865234375,False,rfc_complete_source_tuning
liar2_finance,3,33,0,text_only,10,linear_svm,word_char,0.1,,0.657152995513907,0.6572265625,True,rfc_complete_source_tuning
liar2_finance,3,33,0,text_only,11,linear_svm,word_char,1.0,,0.6381793667766982,0.63818359375,False,rfc_complete_source_tuning
liar2_finance,3,33,0,text_only,12,linear_svm,word_char,10.0,,0.627906976744186,0.6279296875,False,rfc_complete_source_tuning
liar2_finance,3,33,0,emotion_aware,1,logistic_regression,word,0.1,0.05,0.6483620466809303,0.6484375,False,rfc_complete_source_tuning
liar2_finance,3,33,0,emotion_aware,2,logistic_regression,word,0.1,0.1,0.6372000248913803,0.63720703125,False,rfc_complete_source_tuning
liar2_finance,3,33,0,emotion_aware,3,logistic_regression,word,0.1,0.25,0.6235199868387642,0.62353515625,False,rfc_complete_source_tuning
liar2_finance,3,33,0,emotion_aware,4,logistic_regression,word,0.1,0.5,0.6171257917965065,0.6171875,False,rfc_complete_source_tuning
liar2_finance,3,33,0,emotion_aware,5,logistic_regression,word,0.1,1.0,0.6121415657334217,0.6123046875,False,rfc_complete_source_tuning
liar2_finance,3,33,0,emotion_aware,6,logistic_regression,word,1.0,0.05,0.6571938699598274,0.6572265625,False,rfc_complete_source_tuning
liar2_finance,3,33,0,emotion_aware,7,logistic_regression,word,1.0,0.1,0.6586229567305113,0.65869140625,False,rfc_complete_source_tuning
liar2_finance,3,33,0,emotion_aware,8,logistic_regression,word,1.0,0.25,0.6522787538869494,0.65234375,False,rfc_complete_source_tuning
liar2_finance,3,33,0,emotion_aware,9,logistic_regression,word,1.0,0.5,0.648845324601398,0.64892578125,False,rfc_complete_source_tuning
liar2_finance,3,33,0,emotion_aware,10,logistic_regression,word,1.0,1.0,0.649822110902924,0.64990234375,False,rfc_complete_source_tuning
liar2_finance,3,33,0,emotion_aware,11,logistic_regression,word,10.0,0.05,0.6391580054641095,0.63916015625,False,rfc_complete_source_tuning
liar2_finance,3,33,0,emotion_aware,12,logistic_regression,word,10.0,0.1,0.6401057429726631,0.64013671875,False,rfc_complete_source_tuning
liar2_finance,3,33,0,emotion_aware,13,logistic_regression,word,10.0,0.25,0.6405670698497816,0.640625,False,rfc_complete_source_tuning
liar2_finance,3,33,0,emotion_aware,14,logistic_regression,word,10.0,0.5,0.6420365030323016,0.64208984375,False,rfc_complete_source_tuning
liar2_finance,3,33,0,emotion_aware,15,logistic_regression,word,10.0,1.0,0.6425290338333817,0.642578125,False,rfc_complete_source_tuning
liar2_finance,3,33,0,emotion_aware,16,logistic_regression,word_char,0.1,0.05,0.6586405397265742,0.65869140625,True,rfc_complete_source_tuning
liar2_finance,3,33,0,emotion_aware,17,logistic_regression,word_char,0.1,0.1,0.6576364013151321,0.65771484375,False,rfc_complete_source_tuning
liar2_finance,3,33,0,emotion_aware,18,logistic_regression,word_char,0.1,0.25,0.6518188600819816,0.65185546875,False,rfc_complete_source_tuning
liar2_finance,3,33,0,emotion_aware,19,logistic_regression,word_char,0.1,0.5,0.6443358778625954,0.64453125,False,rfc_complete_source_tuning
liar2_finance,3,33,0,emotion_aware,20,logistic_regression,word_char,0.1,1.0,0.6359074620404845,0.63623046875,False,rfc_complete_source_tuning
liar2_finance,3,33,0,emotion_aware,21,logistic_regression,word_char,1.0,0.05,0.6527802914815368,0.65283203125,False,rfc_complete_source_tuning
liar2_finance,3,33,0,emotion_aware,22,logistic_regression,word_char,1.0,0.1,0.6542493933798281,0.654296875,False,rfc_complete_source_tuning
liar2_finance,3,33,0,emotion_aware,23,logistic_regression,word_char,1.0,0.25,0.653729256109028,0.65380859375,False,rfc_complete_source_tuning
liar2_finance,3,33,0,emotion_aware,24,logistic_regression,word_char,1.0,0.5,0.6537484127504576,0.65380859375,False,rfc_complete_source_tuning
liar2_finance,3,33,0,emotion_aware,25,logistic_regression,word_char,1.0,1.0,0.6547159233311466,0.65478515625,False,rfc_complete_source_tuning
liar2_finance,3,33,0,emotion_aware,26,logistic_regression,word_char,10.0,0.05,0.6454861746932796,0.6455078125,False,rfc_complete_source_tuning
liar2_finance,3,33,0,emotion_aware,27,logistic_regression,word_char,10.0,0.1,0.6454861746932796,0.6455078125,False,rfc_complete_source_tuning
liar2_finance,3,33,0,emotion_aware,28,logistic_regression,word_char,10.0,0.25,0.6449889757681495,0.64501953125,False,rfc_complete_source_tuning
liar2_finance,3,33,0,emotion_aware,29,logistic_regression,word_char,10.0,0.5,0.6444824270911227,0.64453125,False,rfc_complete_source_tuning
liar2_finance,3,33,0,emotion_aware,30,logistic_regression,word_char,10.0,1.0,0.6464273893631004,0.646484375,False,rfc_complete_source_tuning
liar2_finance,3,33,0,emotion_aware,31,linear_svm,word,0.1,0.05,0.6557182967612711,0.65576171875,False,rfc_complete_source_tuning
liar2_finance,3,33,0,emotion_aware,32,linear_svm,word,0.1,0.1,0.6547416110783244,0.65478515625,False,rfc_complete_source_tuning
liar2_finance,3,33,0,emotion_aware,33,linear_svm,word,0.1,0.25,0.6527060904415993,0.65283203125,False,rfc_complete_source_tuning
liar2_finance,3,33,0,emotion_aware,34,linear_svm,word,0.1,0.5,0.6487850207376147,0.64892578125,False,rfc_complete_source_tuning
liar2_finance,3,33,0,emotion_aware,35,linear_svm,word,0.1,1.0,0.6463626259879891,0.646484375,False,rfc_complete_source_tuning
liar2_finance,3,33,0,emotion_aware,36,linear_svm,word,1.0,0.05,0.6332985955393049,0.63330078125,False,rfc_complete_source_tuning
liar2_finance,3,33,0,emotion_aware,37,linear_svm,word,1.0,0.1,0.6342312117364427,0.63427734375,False,rfc_complete_source_tuning
liar2_finance,3,33,0,emotion_aware,38,linear_svm,word,1.0,0.25,0.637152962828104,0.63720703125,False,rfc_complete_source_tuning
liar2_finance,3,33,0,emotion_aware,39,linear_svm,word,1.0,0.5,0.6371439642786882,0.63720703125,False,rfc_complete_source_tuning
liar2_finance,3,33,0,emotion_aware,40,linear_svm,word,1.0,1.0,0.6371439642786882,0.63720703125,False,rfc_complete_source_tuning
liar2_finance,3,33,0,emotion_aware,41,linear_svm,word,10.0,0.05,0.618652252829612,0.61865234375,False,rfc_complete_source_tuning
liar2_finance,3,33,0,emotion_aware,42,linear_svm,word,10.0,0.1,0.6225585037609348,0.62255859375,False,rfc_complete_source_tuning
liar2_finance,3,33,0,emotion_aware,43,linear_svm,word,10.0,0.25,0.6220703125,0.6220703125,False,rfc_complete_source_tuning
liar2_finance,3,33,0,emotion_aware,44,linear_svm,word,10.0,0.5,0.6225577838468682,0.62255859375,False,rfc_complete_source_tuning
liar2_finance,3,33,0,emotion_aware,45,linear_svm,word,10.0,1.0,0.6225577838468682,0.62255859375,False,rfc_complete_source_tuning
liar2_finance,3,33,0,emotion_aware,46,linear_svm,word_char,0.1,0.05,0.6542493933798281,0.654296875,False,rfc_complete_source_tuning
liar2_finance,3,33,0,emotion_aware,47,linear_svm,word_char,0.1,0.1,0.6508348683465375,0.65087890625,False,rfc_complete_source_tuning
liar2_finance,3,33,0,emotion_aware,48,linear_svm,word_char,0.1,0.25,0.6532554989603007,0.6533203125,False,rfc_complete_source_tuning
liar2_finance,3,33,0,emotion_aware,49,linear_svm,word_char,0.1,0.5,0.6556723182569937,0.65576171875,False,rfc_complete_source_tuning
liar2_finance,3,33,0,emotion_aware,50,linear_svm,word_char,0.1,1.0,0.6561660561660562,0.65625,False,rfc_complete_source_tuning
liar2_finance,3,33,0,emotion_aware,51,linear_svm,word_char,1.0,0.05,0.6376866742771692,0.6376953125,False,rfc_complete_source_tuning
liar2_finance,3,33,0,emotion_aware,52,linear_svm,word_char,1.0,0.1,0.6342577238053932,0.63427734375,False,rfc_complete_source_tuning
liar2_finance,3,33,0,emotion_aware,53,linear_svm,word_char,1.0,0.25,0.6376607571370256,0.6376953125,False,rfc_complete_source_tuning
liar2_finance,3,33,0,emotion_aware,54,linear_svm,word_char,1.0,0.5,0.6391352916000539,0.63916015625,False,rfc_complete_source_tuning
liar2_finance,3,33,0,emotion_aware,55,linear_svm,word_char,1.0,1.0,0.6376673231632006,0.6376953125,False,rfc_complete_source_tuning
liar2_finance,3,33,0,emotion_aware,56,linear_svm,word_char,10.0,0.05,0.6269442306573547,0.626953125,False,rfc_complete_source_tuning
liar2_finance,3,33,0,emotion_aware,57,linear_svm,word_char,10.0,0.1,0.6283980344671619,0.62841796875,False,rfc_complete_source_tuning
liar2_finance,3,33,0,emotion_aware,58,linear_svm,word_char,10.0,0.25,0.6308241676490449,0.630859375,False,rfc_complete_source_tuning
liar2_finance,3,33,0,emotion_aware,59,linear_svm,word_char,10.0,0.5,0.632784133448419,0.6328125,False,rfc_complete_source_tuning
liar2_finance,3,33,0,emotion_aware,60,linear_svm,word_char,10.0,1.0,0.632784133448419,0.6328125,False,rfc_complete_source_tuning
liar2_finance,4,44,0,text_only,1,logistic_regression,word,0.1,,0.6468695199875796,0.64697265625,False,rfc_complete_source_tuning
liar2_finance,4,44,0,text_only,2,logistic_regression,word,1.0,,0.652730606792765,0.65283203125,False,rfc_complete_source_tuning
liar2_finance,4,44,0,text_only,3,logistic_regression,word,10.0,,0.6497479400494459,0.64990234375,False,rfc_complete_source_tuning
liar2_finance,4,44,0,text_only,4,logistic_regression,word_char,0.1,,0.6552336533279921,0.6552734375,False,rfc_complete_source_tuning
liar2_finance,4,44,0,text_only,5,logistic_regression,word_char,1.0,,0.6567198662686135,0.65673828125,False,rfc_complete_source_tuning
liar2_finance,4,44,0,text_only,6,logistic_regression,word_char,10.0,,0.6376607571370256,0.6376953125,False,rfc_complete_source_tuning
liar2_finance,4,44,0,text_only,7,linear_svm,word,0.1,,0.6527186803515914,0.65283203125,False,rfc_complete_source_tuning
liar2_finance,4,44,0,text_only,8,linear_svm,word,1.0,,0.6482895810177124,0.6484375,False,rfc_complete_source_tuning
liar2_finance,4,44,0,text_only,9,linear_svm,word,10.0,,0.6288464308231441,0.62890625,False,rfc_complete_source_tuning
liar2_finance,4,44,0,text_only,10,linear_svm,word_char,0.1,,0.6572147939039045,0.6572265625,True,rfc_complete_source_tuning
liar2_finance,4,44,0,text_only,11,linear_svm,word_char,1.0,,0.6347624901413071,0.634765625,False,rfc_complete_source_tuning
liar2_finance,4,44,0,text_only,12,linear_svm,word_char,10.0,,0.62841717141975,0.62841796875,False,rfc_complete_source_tuning
liar2_finance,4,44,0,emotion_aware,1,logistic_regression,word,0.1,0.05,0.6493575491197598,0.6494140625,False,rfc_complete_source_tuning
liar2_finance,4,44,0,emotion_aware,2,logistic_regression,word,0.1,0.1,0.6366906852202443,0.63671875,False,rfc_complete_source_tuning
liar2_finance,4,44,0,emotion_aware,3,logistic_regression,word,0.1,0.25,0.6244464448591,0.62451171875,False,rfc_complete_source_tuning
liar2_finance,4,44,0,emotion_aware,4,logistic_regression,word,0.1,0.5,0.6243891212241545,0.62451171875,False,rfc_complete_source_tuning
liar2_finance,4,44,0,emotion_aware,5,logistic_regression,word,0.1,1.0,0.6140631097651155,0.6142578125,False,rfc_complete_source_tuning
liar2_finance,4,44,0,emotion_aware,6,logistic_regression,word,1.0,0.05,0.661533214967513,0.66162109375,False,rfc_complete_source_tuning
liar2_finance,4,44,0,emotion_aware,7,logistic_regression,word,1.0,0.1,0.6591247483086244,0.6591796875,False,rfc_complete_source_tuning
liar2_finance,4,44,0,emotion_aware,8,logistic_regression,word,1.0,0.25,0.6595899739181841,0.65966796875,False,rfc_complete_source_tuning
liar2_finance,4,44,0,emotion_aware,9,logistic_regression,word,1.0,0.5,0.6639904001617778,0.6640625,False,rfc_complete_source_tuning
liar2_finance,4,44,0,emotion_aware,10,logistic_regression,word,1.0,1.0,0.6634868472043527,0.66357421875,False,rfc_complete_source_tuning
liar2_finance,4,44,0,emotion_aware,11,logistic_regression,word,10.0,0.05,0.6497753401499672,0.64990234375,False,rfc_complete_source_tuning
liar2_finance,4,44,0,emotion_aware,12,logistic_regression,word,10.0,0.1,0.6542124542124542,0.654296875,False,rfc_complete_source_tuning
liar2_finance,4,44,0,emotion_aware,13,logistic_regression,word,10.0,0.25,0.6576259504938335,0.65771484375,False,rfc_complete_source_tuning
liar2_finance,4,44,0,emotion_aware,14,logistic_regression,word,10.0,0.5,0.6566694400308289,0.65673828125,False,rfc_complete_source_tuning
liar2_finance,4,44,0,emotion_aware,15,logistic_regression,word,10.0,1.0,0.6561660561660562,0.65625,False,rfc_complete_source_tuning
liar2_finance,4,44,0,emotion_aware,16,logistic_regression,word_char,0.1,0.05,0.6669464495551451,0.6669921875,True,rfc_complete_source_tuning
liar2_finance,4,44,0,emotion_aware,17,logistic_regression,word_char,0.1,0.1,0.6610937045462133,0.6611328125,False,rfc_complete_source_tuning
liar2_finance,4,44,0,emotion_aware,18,logistic_regression,word_char,0.1,0.25,0.6473748473748474,0.6474609375,False,rfc_complete_source_tuning
liar2_finance,4,44,0,emotion_aware,19,logistic_regression,word_char,0.1,0.5,0.6394820302034554,0.6396484375,False,rfc_complete_source_tuning
liar2_finance,4,44,0,emotion_aware,20,logistic_regression,word_char,0.1,1.0,0.6369992339994508,0.63720703125,False,rfc_complete_source_tuning
liar2_finance,4,44,0,emotion_aware,21,logistic_regression,word_char,1.0,0.05,0.6522588522588523,0.65234375,False,rfc_complete_source_tuning
liar2_finance,4,44,0,emotion_aware,22,logistic_regression,word_char,1.0,0.1,0.6571713084708515,0.6572265625,False,rfc_complete_source_tuning
liar2_finance,4,44,0,emotion_aware,23,logistic_regression,word_char,1.0,0.25,0.6625911402421855,0.66259765625,False,rfc_complete_source_tuning
liar2_finance,4,44,0,emotion_aware,24,logistic_regression,word_char,1.0,0.5,0.663053803806668,0.6630859375,False,rfc_complete_source_tuning
liar2_finance,4,44,0,emotion_aware,25,logistic_regression,word_char,1.0,1.0,0.6625550965418985,0.66259765625,False,rfc_complete_source_tuning
liar2_finance,4,44,0,emotion_aware,26,logistic_regression,word_char,10.0,0.05,0.6439980685659101,0.64404296875,False,rfc_complete_source_tuning
liar2_finance,4,44,0,emotion_aware,27,logistic_regression,word_char,10.0,0.1,0.6420522081908732,0.64208984375,False,rfc_complete_source_tuning
liar2_finance,4,44,0,emotion_aware,28,logistic_regression,word_char,10.0,0.25,0.6440123292090523,0.64404296875,False,rfc_complete_source_tuning
liar2_finance,4,44,0,emotion_aware,29,logistic_regression,word_char,10.0,0.5,0.6445095525849966,0.64453125,False,rfc_complete_source_tuning
liar2_finance,4,44,0,emotion_aware,30,logistic_regression,word_char,10.0,1.0,0.6450052275379786,0.64501953125,False,rfc_complete_source_tuning
liar2_finance,4,44,0,emotion_aware,31,linear_svm,word,0.1,0.05,0.6634971191242882,0.66357421875,False,rfc_complete_source_tuning
liar2_finance,4,44,0,emotion_aware,32,linear_svm,word,0.1,0.1,0.6600625592037295,0.66015625,False,rfc_complete_source_tuning
liar2_finance,4,44,0,emotion_aware,33,linear_svm,word,0.1,0.25,0.6595568497961452,0.65966796875,False,rfc_complete_source_tuning
liar2_finance,4,44,0,emotion_aware,34,linear_svm,word,0.1,0.5,0.6620162226565817,0.662109375,False,rfc_complete_source_tuning
liar2_finance,4,44,0,emotion_aware,35,linear_svm,word,0.1,1.0,0.6629573659385446,0.6630859375,False,rfc_complete_source_tuning
liar2_finance,4,44,0,emotion_aware,36,linear_svm,word,1.0,0.05,0.6506622725894464,0.65087890625,False,rfc_complete_source_tuning
liar2_finance,4,44,0,emotion_aware,37,linear_svm,word,1.0,0.1,0.6516873042085224,0.65185546875,False,rfc_complete_source_tuning
liar2_finance,4,44,0,emotion_aware,38,linear_svm,word,1.0,0.25,0.654659923969354,0.65478515625,False,rfc_complete_source_tuning
liar2_finance,4,44,0,emotion_aware,39,linear_svm,word,1.0,0.5,0.6570957549113889,0.6572265625,False,rfc_complete_source_tuning
liar2_finance,4,44,0,emotion_aware,40,linear_svm,word,1.0,1.0,0.6566006530995036,0.65673828125,False,rfc_complete_source_tuning
liar2_finance,4,44,0,emotion_aware,41,linear_svm,word,10.0,0.05,0.6356740876399778,0.6357421875,False,rfc_complete_source_tuning
liar2_finance,4,44,0,emotion_aware,42,linear_svm,word,10.0,0.1,0.6376369100931223,0.6376953125,False,rfc_complete_source_tuning
liar2_finance,4,44,0,emotion_aware,43,linear_svm,word,10.0,0.25,0.6375954294959301,0.6376953125,False,rfc_complete_source_tuning
liar2_finance,4,44,0,emotion_aware,44,linear_svm,word,10.0,0.5,0.6400192228117059,0.64013671875,False,rfc_complete_source_tuning
liar2_finance,4,44,0,emotion_aware,45,linear_svm,word,10.0,1.0,0.6385474354020884,0.638671875,False,rfc_complete_source_tuning
liar2_finance,4,44,0,emotion_aware,46,linear_svm,word_char,0.1,0.05,0.6532459071436951,0.6533203125,False,rfc_complete_source_tuning
liar2_finance,4,44,0,emotion_aware,47,linear_svm,word_char,0.1,0.1,0.6595997150803524,0.65966796875,False,rfc_complete_source_tuning
liar2_finance,4,44,0,emotion_aware,48,linear_svm,word_char,0.1,0.25,0.6625744066246783,0.66259765625,False,rfc_complete_source_tuning
liar2_finance,4,44,0,emotion_aware,49,linear_svm,word_char,0.1,0.5,0.6639996947671646,0.6640625,False,rfc_complete_source_tuning
liar2_finance,4,44,0,emotion_aware,50,linear_svm,word_char,0.1,1.0,0.662529990129876,0.66259765625,False,rfc_complete_source_tuning
liar2_finance,4,44,0,emotion_aware,51,linear_svm,word_char,1.0,0.05,0.6376828733286284,0.6376953125,False,rfc_complete_source_tuning
liar2_finance,4,44,0,emotion_aware,52,linear_svm,word_char,1.0,0.1,0.6366906852202443,0.63671875,False,rfc_complete_source_tuning
liar2_finance,4,44,0,emotion_aware,53,linear_svm,word_char,1.0,0.25,0.6406126614149198,0.640625,False,rfc_complete_source_tuning
liar2_finance,4,44,0,emotion_aware,54,linear_svm,word_char,1.0,0.5,0.6411029275546631,0.64111328125,False,rfc_complete_source_tuning
liar2_finance,4,44,0,emotion_aware,55,linear_svm,word_char,1.0,1.0,0.6415892574436836,0.6416015625,False,rfc_complete_source_tuning
liar2_finance,4,44,0,emotion_aware,56,linear_svm,word_char,10.0,0.05,0.6337764892135731,0.6337890625,False,rfc_complete_source_tuning
liar2_finance,4,44,0,emotion_aware,57,linear_svm,word_char,10.0,0.1,0.6347569169263106,0.634765625,False,rfc_complete_source_tuning
liar2_finance,4,44,0,emotion_aware,58,linear_svm,word_char,10.0,0.25,0.6352496450501937,0.63525390625,False,rfc_complete_source_tuning
liar2_finance,4,44,0,emotion_aware,59,linear_svm,word_char,10.0,0.5,0.6367173641867225,0.63671875,False,rfc_complete_source_tuning
liar2_finance,4,44,0,emotion_aware,60,linear_svm,word_char,10.0,1.0,0.6386715304103188,0.638671875,False,rfc_complete_source_tuning
liar2_finance,5,55,0,text_only,1,logistic_regression,word,0.1,,0.6469685319562115,0.64697265625,False,rfc_complete_source_tuning
liar2_finance,5,55,0,text_only,2,logistic_regression,word,1.0,,0.6606308571374073,0.66064453125,False,rfc_complete_source_tuning
liar2_finance,5,55,0,text_only,3,logistic_regression,word,10.0,,0.6528081086977515,0.65283203125,False,rfc_complete_source_tuning
liar2_finance,5,55,0,text_only,4,logistic_regression,word_char,0.1,,0.6640163596685336,0.6640625,False,rfc_complete_source_tuning
liar2_finance,5,55,0,text_only,5,logistic_regression,word_char,1.0,,0.6732830580113627,0.67333984375,False,rfc_complete_source_tuning
liar2_finance,5,55,0,text_only,6,logistic_regression,word_char,10.0,,0.6577108449533946,0.65771484375,False,rfc_complete_source_tuning
liar2_finance,5,55,0,text_only,7,linear_svm,word,0.1,,0.6606347410210761,0.66064453125,False,rfc_complete_source_tuning
liar2_finance,5,55,0,text_only,8,linear_svm,word,1.0,,0.6474444625651032,0.6474609375,False,rfc_complete_source_tuning
liar2_finance,5,55,0,text_only,9,linear_svm,word,10.0,,0.6274306581281741,0.62744140625,False,rfc_complete_source_tuning
liar2_finance,5,55,0,text_only,10,linear_svm,word_char,0.1,,0.6732911603391676,0.67333984375,True,rfc_complete_source_tuning
liar2_finance,5,55,0,text_only,11,linear_svm,word_char,1.0,,0.6479451058650463,0.64794921875,False,rfc_complete_source_tuning
liar2_finance,5,55,0,text_only,12,linear_svm,word_char,10.0,,0.633787665510809,0.6337890625,False,rfc_complete_source_tuning
liar2_finance,5,55,0,emotion_aware,1,logistic_regression,word,0.1,0.05,0.6576716681271646,0.65771484375,False,rfc_complete_source_tuning
liar2_finance,5,55,0,emotion_aware,2,logistic_regression,word,0.1,0.1,0.6327900872856009,0.6328125,False,rfc_complete_source_tuning
liar2_finance,5,55,0,emotion_aware,3,logistic_regression,word,0.1,0.25,0.6234876692240285,0.62353515625,False,rfc_complete_source_tuning
liar2_finance,5,55,0,emotion_aware,4,logistic_regression,word,0.1,0.5,0.6243138573911136,0.62451171875,False,rfc_complete_source_tuning
liar2_finance,5,55,0,emotion_aware,5,logistic_regression,word,0.1,1.0,0.6141249648211484,0.6142578125,False,rfc_complete_source_tuning
liar2_finance,5,55,0,emotion_aware,6,logistic_regression,word,1.0,0.05,0.6669807541915425,0.6669921875,False,rfc_complete_source_tuning
liar2_finance,5,55,0,emotion_aware,7,logistic_regression,word,1.0,0.1,0.6674226644330912,0.66748046875,False,rfc_complete_source_tuning
liar2_finance,5,55,0,emotion_aware,8,logistic_regression,word,1.0,0.25,0.6644739054258142,0.66455078125,False,rfc_complete_source_tuning
liar2_finance,5,55,0,emotion_aware,9,logistic_regression,word,1.0,0.5,0.661050061050061,0.6611328125,False,rfc_complete_source_tuning
liar2_finance,5,55,0,emotion_aware,10,logistic_regression,word,1.0,1.0,0.6624990848014073,0.66259765625,False,rfc_complete_source_tuning
liar2_finance,5,55,0,emotion_aware,11,logistic_regression,word,10.0,0.05,0.6586815596744349,0.65869140625,False,rfc_complete_source_tuning
liar2_finance,5,55,0,emotion_aware,12,logistic_regression,word,10.0,0.1,0.659176762190685,0.6591796875,False,rfc_complete_source_tuning
liar2_finance,5,55,0,emotion_aware,13,logistic_regression,word,10.0,0.25,0.6577010515875145,0.65771484375,False,rfc_complete_source_tuning
liar2_finance,5,55,0,emotion_aware,14,logistic_regression,word,10.0,0.5,0.6562234440793708,0.65625,False,rfc_complete_source_tuning
liar2_finance,5,55,0,emotion_aware,15,logistic_regression,word,10.0,1.0,0.6557320879182191,0.65576171875,False,rfc_complete_source_tuning
liar2_finance,5,55,0,emotion_aware,16,logistic_regression,word_char,0.1,0.05,0.672340704551605,0.67236328125,False,rfc_complete_source_tuning
liar2_finance,5,55,0,emotion_aware,17,logistic_regression,word_char,0.1,0.1,0.6596172477674138,0.65966796875,False,rfc_complete_source_tuning
liar2_finance,5,55,0,emotion_aware,18,logistic_regression,word_char,0.1,0.25,0.6561660561660562,0.65625,False,rfc_complete_source_tuning
liar2_finance,5,55,0,emotion_aware,19,logistic_regression,word_char,0.1,0.5,0.648823215589308,0.64892578125,False,rfc_complete_source_tuning
liar2_finance,5,55,0,emotion_aware,20,logistic_regression,word_char,0.1,1.0,0.6346119536128456,0.634765625,False,rfc_complete_source_tuning
liar2_finance,5,55,0,emotion_aware,21,logistic_regression,word_char,1.0,0.05,0.6752798848868717,0.67529296875,False,rfc_complete_source_tuning
liar2_finance,5,55,0,emotion_aware,22,logistic_regression,word_char,1.0,0.1,0.6723288290533096,0.67236328125,False,rfc_complete_source_tuning
liar2_finance,5,55,0,emotion_aware,23,logistic_regression,word_char,1.0,0.25,0.6688644688644689,0.6689453125,False,rfc_complete_source_tuning
liar2_finance,5,55,0,emotion_aware,24,logistic_regression,word_char,1.0,0.5,0.6697694477202383,0.669921875,False,rfc_complete_source_tuning
liar2_finance,5,55,0,emotion_aware,25,logistic_regression,word_char,1.0,1.0,0.6707464611885217,0.6708984375,False,rfc_complete_source_tuning
liar2_finance,5,55,0,emotion_aware,26,logistic_regression,word_char,10.0,0.05,0.6669909171711623,0.6669921875,False,rfc_complete_source_tuning
liar2_finance,5,55,0,emotion_aware,27,logistic_regression,word_char,10.0,0.1,0.6625956451633284,0.66259765625,False,rfc_complete_source_tuning
liar2_finance,5,55,0,emotion_aware,28,logistic_regression,word_char,10.0,0.25,0.6625975758069934,0.66259765625,False,rfc_complete_source_tuning
liar2_finance,5,55,0,emotion_aware,29,logistic_regression,word_char,10.0,0.5,0.6616190768425276,0.66162109375,False,rfc_complete_source_tuning
liar2_finance,5,55,0,emotion_aware,30,logistic_regression,word_char,10.0,1.0,0.6606438030705994,0.66064453125,False,rfc_complete_source_tuning
liar2_finance,5,55,0,emotion_aware,31,linear_svm,word,0.1,0.05,0.6669718610755051,0.6669921875,False,rfc_complete_source_tuning
liar2_finance,5,55,0,emotion_aware,32,linear_svm,word,0.1,0.1,0.668891947497489,0.6689453125,False,rfc_complete_source_tuning
liar2_finance,5,55,0,emotion_aware,33,linear_svm,word,0.1,0.25,0.663464375193033,0.66357421875,False,rfc_complete_source_tuning
liar2_finance,5,55,0,emotion_aware,34,linear_svm,word,0.1,0.5,0.6610280734021972,0.6611328125,False,rfc_complete_source_tuning
liar2_finance,5,55,0,emotion_aware,35,linear_svm,word,0.1,1.0,0.6605214245526181,0.66064453125,False,rfc_complete_source_tuning
liar2_finance,5,55,0,emotion_aware,36,linear_svm,word,1.0,0.05,0.6518487452860757,0.65185546875,False,rfc_complete_source_tuning
liar2_finance,5,55,0,emotion_aware,37,linear_svm,word,1.0,0.1,0.6533084097888493,0.6533203125,False,rfc_complete_source_tuning
liar2_finance,5,55,0,emotion_aware,38,linear_svm,word,1.0,0.25,0.6513459073429775,0.6513671875,False,rfc_complete_source_tuning
liar2_finance,5,55,0,emotion_aware,39,linear_svm,word,1.0,0.5,0.649402025673794,0.6494140625,False,rfc_complete_source_tuning
liar2_finance,5,55,0,emotion_aware,40,linear_svm,word,1.0,1.0,0.6498882367878,0.64990234375,False,rfc_complete_source_tuning
liar2_finance,5,55,0,emotion_aware,41,linear_svm,word,10.0,0.05,0.6313222532585124,0.63134765625,False,rfc_complete_source_tuning
liar2_finance,5,55,0,emotion_aware,42,linear_svm,word,10.0,0.1,0.629368993673127,0.62939453125,False,rfc_complete_source_tuning
liar2_finance,5,55,0,emotion_aware,43,linear_svm,word,10.0,0.25,0.6279240100709544,0.6279296875,False,rfc_complete_source_tuning
liar2_finance,5,55,0,emotion_aware,44,linear_svm,word,10.0,0.5,0.6284107926545632,0.62841796875,False,rfc_complete_source_tuning
liar2_finance,5,55,0,emotion_aware,45,linear_svm,word,10.0,1.0,0.6279240100709544,0.6279296875,False,rfc_complete_source_tuning
liar2_finance,5,55,0,emotion_aware,46,linear_svm,word_char,0.1,0.05,0.6772121549988639,0.67724609375,True,rfc_complete_source_tuning
liar2_finance,5,55,0,emotion_aware,47,linear_svm,word_char,0.1,0.1,0.6747522670108078,0.6748046875,False,rfc_complete_source_tuning
liar2_finance,5,55,0,emotion_aware,48,linear_svm,word_char,0.1,0.25,0.6683367586636371,0.66845703125,False,rfc_complete_source_tuning
liar2_finance,5,55,0,emotion_aware,49,linear_svm,word_char,0.1,0.5,0.6662969680819466,0.66650390625,False,rfc_complete_source_tuning
liar2_finance,5,55,0,emotion_aware,50,linear_svm,word_char,0.1,1.0,0.6678011577725045,0.66796875,False,rfc_complete_source_tuning
liar2_finance,5,55,0,emotion_aware,51,linear_svm,word_char,1.0,0.05,0.6552721224675082,0.6552734375,False,rfc_complete_source_tuning
liar2_finance,5,55,0,emotion_aware,52,linear_svm,word_char,1.0,0.1,0.655760980093198,0.65576171875,False,rfc_complete_source_tuning
liar2_finance,5,55,0,emotion_aware,53,linear_svm,word_char,1.0,0.25,0.648925027924836,0.64892578125,False,rfc_complete_source_tuning
liar2_finance,5,55,0,emotion_aware,54,linear_svm,word_char,1.0,0.5,0.650387624252909,0.650390625,False,rfc_complete_source_tuning
liar2_finance,5,55,0,emotion_aware,55,linear_svm,word_char,1.0,1.0,0.650387624252909,0.650390625,False,rfc_complete_source_tuning
liar2_finance,5,55,0,emotion_aware,56,linear_svm,word_char,10.0,0.05,0.6391456164381928,0.63916015625,False,rfc_complete_source_tuning
liar2_finance,5,55,0,emotion_aware,57,linear_svm,word_char,10.0,0.1,0.6372027928678633,0.63720703125,False,rfc_complete_source_tuning
liar2_finance,5,55,0,emotion_aware,58,linear_svm,word_char,10.0,0.25,0.6401345737849103,0.64013671875,False,rfc_complete_source_tuning
liar2_finance,5,55,0,emotion_aware,59,linear_svm,word_char,10.0,0.5,0.6406236290879406,0.640625,False,rfc_complete_source_tuning
liar2_finance,5,55,0,emotion_aware,60,linear_svm,word_char,10.0,1.0,0.6391580054641095,0.63916015625,False,rfc_complete_source_tuning
liar2_finance,6,66,0,text_only,1,logistic_regression,word,0.1,,0.642536875688513,0.642578125,False,rfc_complete_source_tuning
liar2_finance,6,66,0,text_only,2,logistic_regression,word,1.0,,0.648389213606605,0.6484375,False,rfc_complete_source_tuning
liar2_finance,6,66,0,text_only,3,logistic_regression,word,10.0,,0.6356740876399778,0.6357421875,False,rfc_complete_source_tuning
liar2_finance,6,66,0,text_only,4,logistic_regression,word_char,0.1,,0.6503502773128078,0.650390625,False,rfc_complete_source_tuning
liar2_finance,6,66,0,text_only,5,logistic_regression,word_char,1.0,,0.6531744479480219,0.6533203125,False,rfc_complete_source_tuning
liar2_finance,6,66,0,text_only,6,logistic_regression,word_char,10.0,,0.6356640094777417,0.6357421875,False,rfc_complete_source_tuning
liar2_finance,6,66,0,text_only,7,linear_svm,word,0.1,,0.6498501673590181,0.64990234375,False,rfc_complete_source_tuning
liar2_finance,6,66,0,text_only,8,linear_svm,word,1.0,,0.6331810533671521,0.63330078125,False,rfc_complete_source_tuning
liar2_finance,6,66,0,text_only,9,linear_svm,word,10.0,,0.6230454370324594,0.623046875,False,rfc_complete_source_tuning
liar2_finance,6,66,0,text_only,10,linear_svm,word_char,0.1,,0.6536261702084518,0.65380859375,True,rfc_complete_source_tuning
liar2_finance,6,66,0,text_only,11,linear_svm,word_char,1.0,,0.6318074955054627,0.6318359375,False,rfc_complete_source_tuning
liar2_finance,6,66,0,text_only,12,linear_svm,word_char,10.0,,0.6191228265938788,0.619140625,False,rfc_complete_source_tuning
liar2_finance,6,66,0,emotion_aware,1,logistic_regression,word,0.1,0.05,0.64986552970376,0.64990234375,False,rfc_complete_source_tuning
liar2_finance,6,66,0,emotion_aware,2,logistic_regression,word,0.1,0.1,0.6376783811957155,0.6376953125,False,rfc_complete_source_tuning
liar2_finance,6,66,0,emotion_aware,3,logistic_regression,word,0.1,0.25,0.6191348134584573,0.619140625,False,rfc_complete_source_tuning
liar2_finance,6,66,0,emotion_aware,4,logistic_regression,word,0.1,0.5,0.6254131728359116,0.62548828125,False,rfc_complete_source_tuning
liar2_finance,6,66,0,emotion_aware,5,logistic_regression,word,0.1,1.0,0.6150049000382651,0.615234375,False,rfc_complete_source_tuning
liar2_finance,6,66,0,emotion_aware,6,logistic_regression,word,1.0,0.05,0.6566949824442179,0.65673828125,False,rfc_complete_source_tuning
liar2_finance,6,66,0,emotion_aware,7,logistic_regression,word,1.0,0.1,0.6536955617008134,0.65380859375,False,rfc_complete_source_tuning
liar2_finance,6,66,0,emotion_aware,8,logistic_regression,word,1.0,0.25,0.6614111257405403,0.66162109375,False,rfc_complete_source_tuning
liar2_finance,6,66,0,emotion_aware,9,logistic_regression,word,1.0,0.5,0.6559547035533886,0.65625,False,rfc_complete_source_tuning
liar2_finance,6,66,0,emotion_aware,10,logistic_regression,word,1.0,1.0,0.6540563650991031,0.654296875,False,rfc_complete_source_tuning
liar2_finance,6,66,0,emotion_aware,11,logistic_regression,word,10.0,0.05,0.6376673231632006,0.6376953125,False,rfc_complete_source_tuning
liar2_finance,6,66,0,emotion_aware,12,logistic_regression,word,10.0,0.1,0.6415738749350259,0.6416015625,False,rfc_complete_source_tuning
liar2_finance,6,66,0,emotion_aware,13,logistic_regression,word,10.0,0.25,0.646942268886344,0.64697265625,False,rfc_complete_source_tuning
liar2_finance,6,66,0,emotion_aware,14,logistic_regression,word,10.0,0.5,0.6459717001489027,0.64599609375,False,rfc_complete_source_tuning
liar2_finance,6,66,0,emotion_aware,15,logistic_regression,word,10.0,1.0,0.6464570646498076,0.646484375,False,rfc_complete_source_tuning
liar2_finance,6,66,0,emotion_aware,16,logistic_regression,word_char,0.1,0.05,0.6611121284258072,0.6611328125,False,rfc_complete_source_tuning
liar2_finance,6,66,0,emotion_aware,17,logistic_regression,word_char,0.1,0.1,0.6649355307693188,0.6650390625,False,rfc_complete_source_tuning
liar2_finance,6,66,0,emotion_aware,18,logistic_regression,word_char,0.1,0.25,0.6454740022661463,0.6455078125,False,rfc_complete_source_tuning
liar2_finance,6,66,0,emotion_aware,19,logistic_regression,word_char,0.1,0.5,0.6463869150337647,0.646484375,False,rfc_complete_source_tuning
liar2_finance,6,66,0,emotion_aware,20,logistic_regression,word_char,0.1,1.0,0.6350777226420283,0.63525390625,False,rfc_complete_source_tuning
liar2_finance,6,66,0,emotion_aware,21,logistic_regression,word_char,1.0,0.05,0.654659923969354,0.65478515625,False,rfc_complete_source_tuning
liar2_finance,6,66,0,emotion_aware,22,logistic_regression,word_char,1.0,0.1,0.661980430767352,0.662109375,False,rfc_complete_source_tuning
liar2_finance,6,66,0,emotion_aware,23,logistic_regression,word_char,1.0,0.25,0.6643586457033953,0.66455078125,False,rfc_complete_source_tuning
liar2_finance,6,66,0,emotion_aware,24,logistic_regression,word_char,1.0,0.5,0.6628685943315202,0.6630859375,False,rfc_complete_source_tuning
liar2_finance,6,66,0,emotion_aware,25,logistic_regression,word_char,1.0,1.0,0.6643586457033953,0.66455078125,False,rfc_complete_source_tuning
liar2_finance,6,66,0,emotion_aware,26,logistic_regression,word_char,10.0,0.05,0.6370470285310159,0.63720703125,False,rfc_complete_source_tuning
liar2_finance,6,66,0,emotion_aware,27,logistic_regression,word_char,10.0,0.1,0.6404737939292171,0.640625,False,rfc_complete_source_tuning
liar2_finance,6,66,0,emotion_aware,28,logistic_regression,word_char,10.0,0.25,0.6453441110131553,0.6455078125,False,rfc_complete_source_tuning
liar2_finance,6,66,0,emotion_aware,29,logistic_regression,word_char,10.0,0.5,0.6458541586019062,0.64599609375,False,rfc_complete_source_tuning
liar2_finance,6,66,0,emotion_aware,30,logistic_regression,word_char,10.0,1.0,0.6473126076316504,0.6474609375,False,rfc_complete_source_tuning
liar2_finance,6,66,0,emotion_aware,31,linear_svm,word,0.1,0.05,0.6591328765241808,0.6591796875,False,rfc_complete_source_tuning
liar2_finance,6,66,0,emotion_aware,32,linear_svm,word,0.1,0.1,0.6551547153971276,0.6552734375,False,rfc_complete_source_tuning
liar2_finance,6,66,0,emotion_aware,33,linear_svm,word,0.1,0.25,0.6589246720723196,0.6591796875,False,rfc_complete_source_tuning
liar2_finance,6,66,0,emotion_aware,34,linear_svm,word,0.1,0.5,0.6539797540126859,0.654296875,False,rfc_complete_source_tuning
liar2_finance,6,66,0,emotion_aware,35,linear_svm,word,0.1,1.0,0.6539374713003598,0.654296875,False,rfc_complete_source_tuning
liar2_finance,6,66,0,emotion_aware,36,linear_svm,word,1.0,0.05,0.6376175536628477,0.6376953125,False,rfc_complete_source_tuning
liar2_finance,6,66,0,emotion_aware,37,linear_svm,word,1.0,0.1,0.6391146401511765,0.63916015625,False,rfc_complete_source_tuning
liar2_finance,6,66,0,emotion_aware,38,linear_svm,word,1.0,0.25,0.6415437897686681,0.6416015625,False,rfc_complete_source_tuning
liar2_finance,6,66,0,emotion_aware,39,linear_svm,word,1.0,0.5,0.6439980685659101,0.64404296875,False,rfc_complete_source_tuning
liar2_finance,6,66,0,emotion_aware,40,linear_svm,word,1.0,1.0,0.643497229606441,0.6435546875,False,rfc_complete_source_tuning
liar2_finance,6,66,0,emotion_aware,41,linear_svm,word,10.0,0.05,0.6289048343842865,0.62890625,False,rfc_complete_source_tuning
liar2_finance,6,66,0,emotion_aware,42,linear_svm,word,10.0,0.1,0.6274406068242697,0.62744140625,False,rfc_complete_source_tuning
liar2_finance,6,66,0,emotion_aware,43,linear_svm,word,10.0,0.25,0.6279264939674813,0.6279296875,False,rfc_complete_source_tuning
liar2_finance,6,66,0,emotion_aware,44,linear_svm,word,10.0,0.5,0.6289030648494565,0.62890625,False,rfc_complete_source_tuning
liar2_finance,6,66,0,emotion_aware,45,linear_svm,word,10.0,1.0,0.6289030648494565,0.62890625,False,rfc_complete_source_tuning
liar2_finance,6,66,0,emotion_aware,46,linear_svm,word_char,0.1,0.05,0.6585799684469232,0.65869140625,False,rfc_complete_source_tuning
liar2_finance,6,66,0,emotion_aware,47,linear_svm,word_char,0.1,0.1,0.6609617698442913,0.6611328125,False,rfc_complete_source_tuning
liar2_finance,6,66,0,emotion_aware,48,linear_svm,word_char,0.1,0.25,0.6633654626771028,0.66357421875,False,rfc_complete_source_tuning
liar2_finance,6,66,0,emotion_aware,49,linear_svm,word_char,0.1,0.5,0.6667773642523142,0.6669921875,True,rfc_complete_source_tuning
liar2_finance,6,66,0,emotion_aware,50,linear_svm,word_char,0.1,1.0,0.6653197996136654,0.66552734375,False,rfc_complete_source_tuning
liar2_finance,6,66,0,emotion_aware,51,linear_svm,word_char,1.0,0.05,0.6337300304175764,0.6337890625,False,rfc_complete_source_tuning
liar2_finance,6,66,0,emotion_aware,52,linear_svm,word_char,1.0,0.1,0.6375954294959301,0.6376953125,False,rfc_complete_source_tuning
liar2_finance,6,66,0,emotion_aware,53,linear_svm,word_char,1.0,0.25,0.6400542478876639,0.64013671875,False,rfc_complete_source_tuning
liar2_finance,6,66,0,emotion_aware,54,linear_svm,word_char,1.0,0.5,0.6385943257554005,0.638671875,False,rfc_complete_source_tuning
liar2_finance,6,66,0,emotion_aware,55,linear_svm,word_char,1.0,1.0,0.640074161067824,0.64013671875,False,rfc_complete_source_tuning
liar2_finance,6,66,0,emotion_aware,56,linear_svm,word_char,10.0,0.05,0.6225577838468682,0.62255859375,False,rfc_complete_source_tuning
liar2_finance,6,66,0,emotion_aware,57,linear_svm,word_char,10.0,0.1,0.625487477633309,0.62548828125,False,rfc_complete_source_tuning
liar2_finance,6,66,0,emotion_aware,58,linear_svm,word_char,10.0,0.25,0.625487477633309,0.62548828125,False,rfc_complete_source_tuning
liar2_finance,6,66,0,emotion_aware,59,linear_svm,word_char,10.0,0.5,0.6269527692344372,0.626953125,False,rfc_complete_source_tuning
liar2_finance,6,66,0,emotion_aware,60,linear_svm,word_char,10.0,1.0,0.6274413174250882,0.62744140625,False,rfc_complete_source_tuning
liar2_finance,7,77,0,text_only,1,logistic_regression,word,0.1,,0.6600732600732601,0.66015625,False,rfc_complete_source_tuning
liar2_finance,7,77,0,text_only,2,logistic_regression,word,1.0,,0.6601403683453073,0.66015625,False,rfc_complete_source_tuning
liar2_finance,7,77,0,text_only,3,logistic_regression,word,10.0,,0.6396205990491133,0.6396484375,False,rfc_complete_source_tuning
liar2_finance,7,77,0,text_only,4,logistic_regression,word_char,0.1,,0.6644739054258142,0.66455078125,True,rfc_complete_source_tuning
liar2_finance,7,77,0,text_only,5,logistic_regression,word_char,1.0,,0.6523384451056687,0.65234375,False,rfc_complete_source_tuning
liar2_finance,7,77,0,text_only,6,logistic_regression,word_char,10.0,,0.6381455474344297,0.63818359375,False,rfc_complete_source_tuning
liar2_finance,7,77,0,text_only,7,linear_svm,word,0.1,,0.6601355063175243,0.66015625,False,rfc_complete_source_tuning
liar2_finance,7,77,0,text_only,8,linear_svm,word,1.0,,0.6386549893326543,0.638671875,False,rfc_complete_source_tuning
liar2_finance,7,77,0,text_only,9,linear_svm,word,10.0,,0.6225325851242782,0.62255859375,False,rfc_complete_source_tuning
liar2_finance,7,77,0,text_only,10,linear_svm,word_char,0.1,,0.6523318137600855,0.65234375,False,rfc_complete_source_tuning
liar2_finance,7,77,0,text_only,11,linear_svm,word_char,1.0,,0.6375954294959301,0.6376953125,False,rfc_complete_source_tuning
liar2_finance,7,77,0,text_only,12,linear_svm,word_char,10.0,,0.6302228938781282,0.63037109375,False,rfc_complete_source_tuning
liar2_finance,7,77,0,emotion_aware,1,logistic_regression,word,0.1,0.05,0.6527624066314643,0.65283203125,False,rfc_complete_source_tuning
liar2_finance,7,77,0,emotion_aware,2,logistic_regression,word,0.1,0.1,0.6347642317361135,0.634765625,False,rfc_complete_source_tuning
liar2_finance,7,77,0,emotion_aware,3,logistic_regression,word,0.1,0.25,0.6254881919594268,0.62548828125,False,rfc_complete_source_tuning
liar2_finance,7,77,0,emotion_aware,4,logistic_regression,word,0.1,0.5,0.6214303074710033,0.62158203125,False,rfc_complete_source_tuning
liar2_finance,7,77,0,emotion_aware,5,logistic_regression,word,0.1,1.0,0.6124713451271981,0.61279296875,False,rfc_complete_source_tuning
liar2_finance,7,77,0,emotion_aware,6,logistic_regression,word,1.0,0.05,0.6669604263712283,0.6669921875,False,rfc_complete_source_tuning
liar2_finance,7,77,0,emotion_aware,7,logistic_regression,word,1.0,0.1,0.6624990848014073,0.66259765625,False,rfc_complete_source_tuning
liar2_finance,7,77,0,emotion_aware,8,logistic_regression,word,1.0,0.25,0.6633815238568259,0.66357421875,False,rfc_complete_source_tuning
liar2_finance,7,77,0,emotion_aware,9,logistic_regression,word,1.0,0.5,0.6584959146239786,0.65869140625,False,rfc_complete_source_tuning
liar2_finance,7,77,0,emotion_aware,10,logistic_regression,word,1.0,1.0,0.6584959146239786,0.65869140625,False,rfc_complete_source_tuning
liar2_finance,7,77,0,emotion_aware,11,logistic_regression,word,10.0,0.05,0.6415930174116471,0.6416015625,False,rfc_complete_source_tuning
liar2_finance,7,77,0,emotion_aware,12,logistic_regression,word,10.0,0.1,0.6450004875921507,0.64501953125,False,rfc_complete_source_tuning
liar2_finance,7,77,0,emotion_aware,13,logistic_regression,word,10.0,0.25,0.6415602004854762,0.6416015625,False,rfc_complete_source_tuning
liar2_finance,7,77,0,emotion_aware,14,logistic_regression,word,10.0,0.5,0.6400913258341232,0.64013671875,False,rfc_complete_source_tuning
liar2_finance,7,77,0,emotion_aware,15,logistic_regression,word,10.0,1.0,0.6405756405756406,0.640625,False,rfc_complete_source_tuning
liar2_finance,7,77,0,emotion_aware,16,logistic_regression,word_char,0.1,0.05,0.6654921727295336,0.66552734375,False,rfc_complete_source_tuning
liar2_finance,7,77,0,emotion_aware,17,logistic_regression,word_char,0.1,0.1,0.6547830985969221,0.65478515625,False,rfc_complete_source_tuning
liar2_finance,7,77,0,emotion_aware,18,logistic_regression,word_char,0.1,0.25,0.6430663211503794,0.64306640625,False,rfc_complete_source_tuning
liar2_finance,7,77,0,emotion_aware,19,logistic_regression,word_char,0.1,0.5,0.6415027564016342,0.6416015625,False,rfc_complete_source_tuning
liar2_finance,7,77,0,emotion_aware,20,logistic_regression,word_char,0.1,1.0,0.6345477985134801,0.634765625,False,rfc_complete_source_tuning
liar2_finance,7,77,0,emotion_aware,21,logistic_regression,word_char,1.0,0.05,0.6591403541401395,0.6591796875,False,rfc_complete_source_tuning
liar2_finance,7,77,0,emotion_aware,22,logistic_regression,word_char,1.0,0.1,0.6600927144737595,0.66015625,False,rfc_complete_source_tuning
liar2_finance,7,77,0,emotion_aware,23,logistic_regression,word_char,1.0,0.25,0.6620549080652838,0.662109375,False,rfc_complete_source_tuning
liar2_finance,7,77,0,emotion_aware,24,logistic_regression,word_char,1.0,0.5,0.6664172955596124,0.66650390625,False,rfc_complete_source_tuning
liar2_finance,7,77,0,emotion_aware,25,logistic_regression,word_char,1.0,1.0,0.6634868472043527,0.66357421875,False,rfc_complete_source_tuning
liar2_finance,7,77,0,emotion_aware,26,logistic_regression,word_char,10.0,0.05,0.6503052503052503,0.650390625,False,rfc_complete_source_tuning
liar2_finance,7,77,0,emotion_aware,27,logistic_regression,word_char,10.0,0.1,0.6454506694442139,0.6455078125,False,rfc_complete_source_tuning
liar2_finance,7,77,0,emotion_aware,28,logistic_regression,word_char,10.0,0.25,0.6420522081908732,0.64208984375,False,rfc_complete_source_tuning
liar2_finance,7,77,0,emotion_aware,29,logistic_regression,word_char,10.0,0.5,0.6435057304622522,0.6435546875,False,rfc_complete_source_tuning
liar2_finance,7,77,0,emotion_aware,30,logistic_regression,word_char,10.0,1.0,0.6430213828829634,0.64306640625,False,rfc_complete_source_tuning
liar2_finance,7,77,0,emotion_aware,31,linear_svm,word,0.1,0.05,0.667887667887668,0.66796875,True,rfc_complete_source_tuning
liar2_finance,7,77,0,emotion_aware,32,linear_svm,word,0.1,0.1,0.6610161083365531,0.6611328125,False,rfc_complete_source_tuning
liar2_finance,7,77,0,emotion_aware,33,linear_svm,word,0.1,0.25,0.6662804083030041,0.66650390625,False,rfc_complete_source_tuning
liar2_finance,7,77,0,emotion_aware,34,linear_svm,word,0.1,0.5,0.6599370168909247,0.66015625,False,rfc_complete_source_tuning
liar2_finance,7,77,0,emotion_aware,35,linear_svm,word,0.1,1.0,0.6594398895859354,0.65966796875,False,rfc_complete_source_tuning
liar2_finance,7,77,0,emotion_aware,36,linear_svm,word,1.0,0.05,0.6391352916000539,0.63916015625,False,rfc_complete_source_tuning
liar2_finance,7,77,0,emotion_aware,37,linear_svm,word,1.0,0.1,0.6400988778126515,0.64013671875,False,rfc_complete_source_tuning
liar2_finance,7,77,0,emotion_aware,38,linear_svm,word,1.0,0.25,0.6381006752846119,0.63818359375,False,rfc_complete_source_tuning
liar2_finance,7,77,0,emotion_aware,39,linear_svm,word,1.0,0.5,0.6390774615861379,0.63916015625,False,rfc_complete_source_tuning
liar2_finance,7,77,0,emotion_aware,40,linear_svm,word,1.0,1.0,0.640064548083529,0.64013671875,False,rfc_complete_source_tuning
liar2_finance,7,77,0,emotion_aware,41,linear_svm,word,10.0,0.05,0.6210923045818504,0.62109375,False,rfc_complete_source_tuning
liar2_finance,7,77,0,emotion_aware,42,linear_svm,word,10.0,0.1,0.6205981417773924,0.62060546875,False,rfc_complete_source_tuning
liar2_finance,7,77,0,emotion_aware,43,linear_svm,word,10.0,0.25,0.6230454370324594,0.623046875,False,rfc_complete_source_tuning
liar2_finance,7,77,0,emotion_aware,44,linear_svm,word,10.0,0.5,0.6235350664937654,0.62353515625,False,rfc_complete_source_tuning
liar2_finance,7,77,0,emotion_aware,45,linear_svm,word,10.0,1.0,0.6240234375,0.6240234375,False,rfc_complete_source_tuning
liar2_finance,7,77,0,emotion_aware,46,linear_svm,word_char,0.1,0.05,0.6601014682275108,0.66015625,False,rfc_complete_source_tuning
liar2_finance,7,77,0,emotion_aware,47,linear_svm,word_char,0.1,0.1,0.660083311791566,0.66015625,False,rfc_complete_source_tuning
liar2_finance,7,77,0,emotion_aware,48,linear_svm,word_char,0.1,0.25,0.6620162226565817,0.662109375,False,rfc_complete_source_tuning
liar2_finance,7,77,0,emotion_aware,49,linear_svm,word_char,0.1,0.5,0.6649467178358598,0.6650390625,False,rfc_complete_source_tuning
liar2_finance,7,77,0,emotion_aware,50,linear_svm,word_char,0.1,1.0,0.6663829251358824,0.66650390625,False,rfc_complete_source_tuning
liar2_finance,7,77,0,emotion_aware,51,linear_svm,word_char,1.0,0.05,0.6395903499308953,0.6396484375,False,rfc_complete_source_tuning
liar2_finance,7,77,0,emotion_aware,52,linear_svm,word_char,1.0,0.1,0.637645550689029,0.6376953125,False,rfc_complete_source_tuning
liar2_finance,7,77,0,emotion_aware,53,linear_svm,word_char,1.0,0.25,0.6381206965417334,0.63818359375,False,rfc_complete_source_tuning
liar2_finance,7,77,0,emotion_aware,54,linear_svm,word_char,1.0,0.5,0.6381206965417334,0.63818359375,False,rfc_complete_source_tuning
liar2_finance,7,77,0,emotion_aware,55,linear_svm,word_char,1.0,1.0,0.6371439642786882,0.63720703125,False,rfc_complete_source_tuning
liar2_finance,7,77,0,emotion_aware,56,linear_svm,word_char,10.0,0.05,0.6345648854961832,0.634765625,False,rfc_complete_source_tuning
liar2_finance,7,77,0,emotion_aware,57,linear_svm,word_char,10.0,0.1,0.6336758718323456,0.6337890625,False,rfc_complete_source_tuning
liar2_finance,7,77,0,emotion_aware,58,linear_svm,word_char,10.0,0.25,0.629768414465224,0.6298828125,False,rfc_complete_source_tuning
liar2_finance,7,77,0,emotion_aware,59,linear_svm,word_char,10.0,0.5,0.6273197652718203,0.62744140625,False,rfc_complete_source_tuning
liar2_finance,7,77,0,emotion_aware,60,linear_svm,word_char,10.0,1.0,0.6263557161694306,0.62646484375,False,rfc_complete_source_tuning
liar2_finance,8,88,0,text_only,1,logistic_regression,word,0.1,,0.6493926631264115,0.6494140625,False,rfc_complete_source_tuning
liar2_finance,8,88,0,text_only,2,logistic_regression,word,1.0,,0.6527882397124309,0.65283203125,False,rfc_complete_source_tuning
liar2_finance,8,88,0,text_only,3,logistic_regression,word,10.0,,0.6444647933001393,0.64453125,False,rfc_complete_source_tuning
liar2_finance,8,88,0,text_only,4,logistic_regression,word_char,0.1,,0.6488955620045385,0.64892578125,False,rfc_complete_source_tuning
liar2_finance,8,88,0,text_only,5,logistic_regression,word_char,1.0,,0.6546184068379037,0.65478515625,True,rfc_complete_source_tuning
liar2_finance,8,88,0,text_only,6,logistic_regression,word_char,10.0,,0.6449578223830503,0.64501953125,False,rfc_complete_source_tuning
liar2_finance,8,88,0,text_only,7,linear_svm,word,0.1,,0.6537569995223764,0.65380859375,False,rfc_complete_source_tuning
liar2_finance,8,88,0,text_only,8,linear_svm,word,1.0,,0.6414647921723069,0.6416015625,False,rfc_complete_source_tuning
liar2_finance,8,88,0,text_only,9,linear_svm,word,10.0,,0.6190229067056395,0.619140625,False,rfc_complete_source_tuning
liar2_finance,8,88,0,text_only,10,linear_svm,word_char,0.1,,0.6546184068379037,0.65478515625,False,rfc_complete_source_tuning
liar2_finance,8,88,0,text_only,11,linear_svm,word_char,1.0,,0.6336493108027659,0.6337890625,False,rfc_complete_source_tuning
liar2_finance,8,88,0,text_only,12,linear_svm,word_char,10.0,,0.636084618149545,0.63623046875,False,rfc_complete_source_tuning
liar2_finance,8,88,0,emotion_aware,1,logistic_regression,word,0.1,0.05,0.6610937045462133,0.6611328125,False,rfc_complete_source_tuning
liar2_finance,8,88,0,emotion_aware,2,logistic_regression,word,0.1,0.1,0.6367132066834515,0.63671875,False,rfc_complete_source_tuning
liar2_finance,8,88,0,emotion_aware,3,logistic_regression,word,0.1,0.25,0.6220613017392573,0.6220703125,False,rfc_complete_source_tuning
liar2_finance,8,88,0,emotion_aware,4,logistic_regression,word,0.1,0.5,0.6127042314449355,0.61279296875,False,rfc_complete_source_tuning
liar2_finance,8,88,0,emotion_aware,5,logistic_regression,word,0.1,1.0,0.598927456879659,0.59912109375,False,rfc_complete_source_tuning
liar2_finance,8,88,0,emotion_aware,6,logistic_regression,word,1.0,0.05,0.6654774960124512,0.66552734375,True,rfc_complete_source_tuning
liar2_finance,8,88,0,emotion_aware,7,logistic_regression,word,1.0,0.1,0.6644636633227726,0.66455078125,False,rfc_complete_source_tuning
liar2_finance,8,88,0,emotion_aware,8,logistic_regression,word,1.0,0.25,0.6624752580803729,0.66259765625,False,rfc_complete_source_tuning
liar2_finance,8,88,0,emotion_aware,9,logistic_regression,word,1.0,0.5,0.6604948651804253,0.66064453125,False,rfc_complete_source_tuning
liar2_finance,8,88,0,emotion_aware,10,logistic_regression,word,1.0,1.0,0.6570957549113889,0.6572265625,False,rfc_complete_source_tuning
liar2_finance,8,88,0,emotion_aware,11,logistic_regression,word,10.0,0.05,0.6541223819160782,0.654296875,False,rfc_complete_source_tuning
liar2_finance,8,88,0,emotion_aware,12,logistic_regression,word,10.0,0.1,0.6502702212809395,0.650390625,False,rfc_complete_source_tuning
liar2_finance,8,88,0,emotion_aware,13,logistic_regression,word,10.0,0.25,0.6502435277898362,0.650390625,False,rfc_complete_source_tuning
liar2_finance,8,88,0,emotion_aware,14,logistic_regression,word,10.0,0.5,0.6507102699987286,0.65087890625,False,rfc_complete_source_tuning
liar2_finance,8,88,0,emotion_aware,15,logistic_regression,word,10.0,1.0,0.6507102699987286,0.65087890625,False,rfc_complete_source_tuning
liar2_finance,8,88,0,emotion_aware,16,logistic_regression,word_char,0.1,0.05,0.6596445172466002,0.65966796875,False,rfc_complete_source_tuning
liar2_finance,8,88,0,emotion_aware,17,logistic_regression,word_char,0.1,0.1,0.6576912576612148,0.65771484375,False,rfc_complete_source_tuning
liar2_finance,8,88,0,emotion_aware,18,logistic_regression,word_char,0.1,0.25,0.6415796862601477,0.6416015625,False,rfc_complete_source_tuning
liar2_finance,8,88,0,emotion_aware,19,logistic_regression,word_char,0.1,0.5,0.6390292557473163,0.63916015625,False,rfc_complete_source_tuning
liar2_finance,8,88,0,emotion_aware,20,logistic_regression,word_char,0.1,1.0,0.6311189032238209,0.63134765625,False,rfc_complete_source_tuning
liar2_finance,8,88,0,emotion_aware,21,logistic_regression,word_char,1.0,0.05,0.6639343011097373,0.6640625,False,rfc_complete_source_tuning
liar2_finance,8,88,0,emotion_aware,22,logistic_regression,word_char,1.0,0.1,0.6629007633587787,0.6630859375,False,rfc_complete_source_tuning
liar2_finance,8,88,0,emotion_aware,23,logistic_regression,word_char,1.0,0.25,0.6608015640273704,0.6611328125,False,rfc_complete_source_tuning
liar2_finance,8,88,0,emotion_aware,24,logistic_regression,word_char,1.0,0.5,0.661714172230704,0.662109375,False,rfc_complete_source_tuning
liar2_finance,8,88,0,emotion_aware,25,logistic_regression,word_char,1.0,1.0,0.6583035428923871,0.65869140625,False,rfc_complete_source_tuning
liar2_finance,8,88,0,emotion_aware,26,logistic_regression,word_char,10.0,0.05,0.6536830072054767,0.65380859375,False,rfc_complete_source_tuning
liar2_finance,8,88,0,emotion_aware,27,logistic_regression,word_char,10.0,0.1,0.6546329060180729,0.65478515625,False,rfc_complete_source_tuning
liar2_finance,8,88,0,emotion_aware,28,logistic_regression,word_char,10.0,0.25,0.65364137262811,0.65380859375,False,rfc_complete_source_tuning
liar2_finance,8,88,0,emotion_aware,29,logistic_regression,word_char,10.0,0.5,0.6521974745619601,0.65234375,False,rfc_complete_source_tuning
liar2_finance,8,88,0,emotion_aware,30,logistic_regression,word_char,10.0,1.0,0.6531880142266184,0.6533203125,False,rfc_complete_source_tuning
liar2_finance,8,88,0,emotion_aware,31,linear_svm,word,0.1,0.05,0.6640083479030567,0.6640625,False,rfc_complete_source_tuning
liar2_finance,8,88,0,emotion_aware,32,linear_svm,word,0.1,0.1,0.6639698861094339,0.6640625,False,rfc_complete_source_tuning
liar2_finance,8,88,0,emotion_aware,33,linear_svm,word,0.1,0.25,0.6639211551947031,0.6640625,False,rfc_complete_source_tuning
liar2_finance,8,88,0,emotion_aware,34,linear_svm,word,0.1,0.5,0.660508469280448,0.66064453125,False,rfc_complete_source_tuning
liar2_finance,8,88,0,emotion_aware,35,linear_svm,word,0.1,1.0,0.6585408787929745,0.65869140625,False,rfc_complete_source_tuning
liar2_finance,8,88,0,emotion_aware,36,linear_svm,word,1.0,0.05,0.6453441110131553,0.6455078125,False,rfc_complete_source_tuning
liar2_finance,8,88,0,emotion_aware,37,linear_svm,word,1.0,0.1,0.6453725328570774,0.6455078125,False,rfc_complete_source_tuning
liar2_finance,8,88,0,emotion_aware,38,linear_svm,word,1.0,0.25,0.6477939536619952,0.64794921875,False,rfc_complete_source_tuning
liar2_finance,8,88,0,emotion_aware,39,linear_svm,word,1.0,0.5,0.6497619747828507,0.64990234375,False,rfc_complete_source_tuning
liar2_finance,8,88,0,emotion_aware,40,linear_svm,word,1.0,1.0,0.6492802735418479,0.6494140625,False,rfc_complete_source_tuning
liar2_finance,8,88,0,emotion_aware,41,linear_svm,word,10.0,0.05,0.6195889088413236,0.61962890625,False,rfc_complete_source_tuning
liar2_finance,8,88,0,emotion_aware,42,linear_svm,word,10.0,0.1,0.6249567220338499,0.625,False,rfc_complete_source_tuning
liar2_finance,8,88,0,emotion_aware,43,linear_svm,word,10.0,0.25,0.6273944119558155,0.62744140625,False,rfc_complete_source_tuning
liar2_finance,8,88,0,emotion_aware,44,linear_svm,word,10.0,0.5,0.6278867476429604,0.6279296875,False,rfc_complete_source_tuning
liar2_finance,8,88,0,emotion_aware,45,linear_svm,word,10.0,1.0,0.6274022303542104,0.62744140625,False,rfc_complete_source_tuning
liar2_finance,8,88,0,emotion_aware,46,linear_svm,word_char,0.1,0.05,0.6654060083720049,0.66552734375,False,rfc_complete_source_tuning
liar2_finance,8,88,0,emotion_aware,47,linear_svm,word_char,0.1,0.1,0.6628850013025418,0.6630859375,False,rfc_complete_source_tuning
liar2_finance,8,88,0,emotion_aware,48,linear_svm,word_char,0.1,0.25,0.6598240469208211,0.66015625,False,rfc_complete_source_tuning
liar2_finance,8,88,0,emotion_aware,49,linear_svm,word_char,0.1,0.5,0.6607134672675885,0.6611328125,False,rfc_complete_source_tuning
liar2_finance,8,88,0,emotion_aware,50,linear_svm,word_char,0.1,1.0,0.6597119767152053,0.66015625,False,rfc_complete_source_tuning
liar2_finance,8,88,0,emotion_aware,51,linear_svm,word_char,1.0,0.05,0.647298137949722,0.6474609375,False,rfc_complete_source_tuning
liar2_finance,8,88,0,emotion_aware,52,linear_svm,word_char,1.0,0.1,0.6477637076449843,0.64794921875,False,rfc_complete_source_tuning
liar2_finance,8,88,0,emotion_aware,53,linear_svm,word_char,1.0,0.25,0.6458676730944577,0.64599609375,False,rfc_complete_source_tuning
liar2_finance,8,88,0,emotion_aware,54,linear_svm,word_char,1.0,0.5,0.644367097544872,0.64453125,False,rfc_complete_source_tuning
liar2_finance,8,88,0,emotion_aware,55,linear_svm,word_char,1.0,1.0,0.6433900840765887,0.6435546875,False,rfc_complete_source_tuning
liar2_finance,8,88,0,emotion_aware,56,linear_svm,word_char,10.0,0.05,0.6355419847328244,0.6357421875,False,rfc_complete_source_tuning
liar2_finance,8,88,0,emotion_aware,57,linear_svm,word_char,10.0,0.1,0.6336349802267838,0.6337890625,False,rfc_complete_source_tuning
liar2_finance,8,88,0,emotion_aware,58,linear_svm,word_char,10.0,0.25,0.6375705365788507,0.6376953125,False,rfc_complete_source_tuning
liar2_finance,8,88,0,emotion_aware,59,linear_svm,word_char,10.0,0.5,0.638089628125436,0.63818359375,False,rfc_complete_source_tuning
liar2_finance,8,88,0,emotion_aware,60,linear_svm,word_char,10.0,1.0,0.6371128120070161,0.63720703125,False,rfc_complete_source_tuning
liar2_finance,9,99,0,text_only,1,logistic_regression,word,0.1,,0.6479484633293557,0.64794921875,False,rfc_complete_source_tuning
liar2_finance,9,99,0,text_only,2,logistic_regression,word,1.0,,0.6396484375,0.6396484375,False,rfc_complete_source_tuning
liar2_finance,9,99,0,text_only,3,logistic_regression,word,10.0,,0.6327900872856009,0.6328125,False,rfc_complete_source_tuning
liar2_finance,9,99,0,text_only,4,logistic_regression,word_char,0.1,,0.6533203125,0.6533203125,True,rfc_complete_source_tuning
liar2_finance,9,99,0,text_only,5,logistic_regression,word_char,1.0,,0.6425658534724474,0.642578125,False,rfc_complete_source_tuning
liar2_finance,9,99,0,text_only,6,logistic_regression,word_char,10.0,,0.6259762058031137,0.6259765625,False,rfc_complete_source_tuning
liar2_finance,9,99,0,text_only,7,linear_svm,word,0.1,,0.6411111421057112,0.64111328125,False,rfc_complete_source_tuning
liar2_finance,9,99,0,text_only,8,linear_svm,word,1.0,,0.632784133448419,0.6328125,False,rfc_complete_source_tuning
liar2_finance,9,99,0,text_only,9,linear_svm,word,10.0,,0.6175881629525655,0.61767578125,False,rfc_complete_source_tuning
liar2_finance,9,99,0,text_only,10,linear_svm,word_char,0.1,,0.6420890757564739,0.64208984375,False,rfc_complete_source_tuning
liar2_finance,9,99,0,text_only,11,linear_svm,word_char,1.0,,0.6181582360570688,0.6181640625,False,rfc_complete_source_tuning
liar2_finance,9,99,0,text_only,12,linear_svm,word_char,10.0,,0.6079093149146638,0.60791015625,False,rfc_complete_source_tuning
liar2_finance,9,99,0,emotion_aware,1,logistic_regression,word,0.1,0.05,0.6508648386377645,0.65087890625,False,rfc_complete_source_tuning
liar2_finance,9,99,0,emotion_aware,2,logistic_regression,word,0.1,0.1,0.6386594693573922,0.638671875,False,rfc_complete_source_tuning
liar2_finance,9,99,0,emotion_aware,3,logistic_regression,word,0.1,0.25,0.6274406068242697,0.62744140625,False,rfc_complete_source_tuning
liar2_finance,9,99,0,emotion_aware,4,logistic_regression,word,0.1,0.5,0.6185955100521523,0.61865234375,False,rfc_complete_source_tuning
liar2_finance,9,99,0,emotion_aware,5,logistic_regression,word,0.1,1.0,0.6121711671746731,0.6123046875,False,rfc_complete_source_tuning
liar2_finance,9,99,0,emotion_aware,6,logistic_regression,word,1.0,0.05,0.6528319484786864,0.65283203125,False,rfc_complete_source_tuning
liar2_finance,9,99,0,emotion_aware,7,logistic_regression,word,1.0,0.1,0.6537900215994978,0.65380859375,False,rfc_complete_source_tuning
liar2_finance,9,99,0,emotion_aware,8,logistic_regression,word,1.0,0.25,0.6551784005715992,0.6552734375,False,rfc_complete_source_tuning
liar2_finance,9,99,0,emotion_aware,9,logistic_regression,word,1.0,0.5,0.6507769111910364,0.65087890625,False,rfc_complete_source_tuning
liar2_finance,9,99,0,emotion_aware,10,logistic_regression,word,1.0,1.0,0.6473519726172714,0.6474609375,False,rfc_complete_source_tuning
liar2_finance,9,99,0,emotion_aware,11,logistic_regression,word,10.0,0.05,0.6371924127382642,0.63720703125,False,rfc_complete_source_tuning
liar2_finance,9,99,0,emotion_aware,12,logistic_regression,word,10.0,0.1,0.6362054022219759,0.63623046875,False,rfc_complete_source_tuning
liar2_finance,9,99,0,emotion_aware,13,logistic_regression,word,10.0,0.25,0.6376866742771692,0.6376953125,False,rfc_complete_source_tuning
liar2_finance,9,99,0,emotion_aware,14,logistic_regression,word,10.0,0.5,0.6386549893326543,0.638671875,False,rfc_complete_source_tuning
liar2_finance,9,99,0,emotion_aware,15,logistic_regression,word,10.0,1.0,0.6386594693573922,0.638671875,False,rfc_complete_source_tuning
liar2_finance,9,99,0,emotion_aware,16,logistic_regression,word_char,0.1,0.05,0.6577010515875145,0.65771484375,True,rfc_complete_source_tuning
liar2_finance,9,99,0,emotion_aware,17,logistic_regression,word_char,0.1,0.1,0.6542850058176131,0.654296875,False,rfc_complete_source_tuning
liar2_finance,9,99,0,emotion_aware,18,logistic_regression,word_char,0.1,0.25,0.6489156529412283,0.64892578125,False,rfc_complete_source_tuning
liar2_finance,9,99,0,emotion_aware,19,logistic_regression,word_char,0.1,0.5,0.6360387825180489,0.63623046875,False,rfc_complete_source_tuning
liar2_finance,9,99,0,emotion_aware,20,logistic_regression,word_char,0.1,1.0,0.6311189032238209,0.63134765625,False,rfc_complete_source_tuning
liar2_finance,9,99,0,emotion_aware,21,logistic_regression,word_char,1.0,0.05,0.6572265625,0.6572265625,False,rfc_complete_source_tuning
liar2_finance,9,99,0,emotion_aware,22,logistic_regression,word_char,1.0,0.1,0.6518553857458558,0.65185546875,False,rfc_complete_source_tuning
liar2_finance,9,99,0,emotion_aware,23,logistic_regression,word_char,1.0,0.25,0.6503902915862003,0.650390625,False,rfc_complete_source_tuning
liar2_finance,9,99,0,emotion_aware,24,logistic_regression,word_char,1.0,0.5,0.6479451058650463,0.64794921875,False,rfc_complete_source_tuning
liar2_finance,9,99,0,emotion_aware,25,logistic_regression,word_char,1.0,1.0,0.651358875247842,0.6513671875,False,rfc_complete_source_tuning
liar2_finance,9,99,0,emotion_aware,26,logistic_regression,word_char,10.0,0.05,0.6269442306573547,0.626953125,False,rfc_complete_source_tuning
liar2_finance,9,99,0,emotion_aware,27,logistic_regression,word_char,10.0,0.1,0.6298771648737316,0.6298828125,False,rfc_complete_source_tuning
liar2_finance,9,99,0,emotion_aware,28,logistic_regression,word_char,10.0,0.25,0.6303604301481361,0.63037109375,False,rfc_complete_source_tuning
liar2_finance,9,99,0,emotion_aware,29,logistic_regression,word_char,10.0,0.5,0.6293795979385499,0.62939453125,False,rfc_complete_source_tuning
liar2_finance,9,99,0,emotion_aware,30,logistic_regression,word_char,10.0,1.0,0.6279169130409903,0.6279296875,False,rfc_complete_source_tuning
liar2_finance,9,99,0,emotion_aware,31,linear_svm,word,0.1,0.05,0.6538078509022375,0.65380859375,False,rfc_complete_source_tuning
liar2_finance,9,99,0,emotion_aware,32,linear_svm,word,0.1,0.1,0.6537847384904442,0.65380859375,False,rfc_complete_source_tuning
liar2_finance,9,99,0,emotion_aware,33,linear_svm,word,0.1,0.25,0.6551283947201458,0.6552734375,False,rfc_complete_source_tuning
liar2_finance,9,99,0,emotion_aware,34,linear_svm,word,0.1,0.5,0.6507249332431714,0.65087890625,False,rfc_complete_source_tuning
liar2_finance,9,99,0,emotion_aware,35,linear_svm,word,0.1,1.0,0.6483033383706553,0.6484375,False,rfc_complete_source_tuning
liar2_finance,9,99,0,emotion_aware,36,linear_svm,word,1.0,0.05,0.6347600518806744,0.634765625,False,rfc_complete_source_tuning
liar2_finance,9,99,0,emotion_aware,37,linear_svm,word,1.0,0.1,0.6322988830512051,0.63232421875,False,rfc_complete_source_tuning
liar2_finance,9,99,0,emotion_aware,38,linear_svm,word,1.0,0.25,0.6332860053384071,0.63330078125,False,rfc_complete_source_tuning
liar2_finance,9,99,0,emotion_aware,39,linear_svm,word,1.0,0.5,0.6313278791362776,0.63134765625,False,rfc_complete_source_tuning
liar2_finance,9,99,0,emotion_aware,40,linear_svm,word,1.0,1.0,0.6313222532585124,0.63134765625,False,rfc_complete_source_tuning
liar2_finance,9,99,0,emotion_aware,41,linear_svm,word,10.0,0.05,0.6190694213930064,0.619140625,False,rfc_complete_source_tuning
liar2_finance,9,99,0,emotion_aware,42,linear_svm,word,10.0,0.1,0.6146335425590599,0.61474609375,False,rfc_complete_source_tuning
liar2_finance,9,99,0,emotion_aware,43,linear_svm,word,10.0,0.25,0.6127256577025568,0.61279296875,False,rfc_complete_source_tuning
liar2_finance,9,99,0,emotion_aware,44,linear_svm,word,10.0,0.5,0.6112654722831877,0.611328125,False,rfc_complete_source_tuning
liar2_finance,9,99,0,emotion_aware,45,linear_svm,word,10.0,1.0,0.6107818457254359,0.61083984375,False,rfc_complete_source_tuning
liar2_finance,9,99,0,emotion_aware,46,linear_svm,word_char,0.1,0.05,0.65625,0.65625,False,rfc_complete_source_tuning
liar2_finance,9,99,0,emotion_aware,47,linear_svm,word_char,0.1,0.1,0.65234375,0.65234375,False,rfc_complete_source_tuning
liar2_finance,9,99,0,emotion_aware,48,linear_svm,word_char,0.1,0.25,0.6528299619553206,0.65283203125,False,rfc_complete_source_tuning
liar2_finance,9,99,0,emotion_aware,49,linear_svm,word_char,0.1,0.5,0.6518454249611902,0.65185546875,False,rfc_complete_source_tuning
liar2_finance,9,99,0,emotion_aware,50,linear_svm,word_char,0.1,1.0,0.6547554413591219,0.65478515625,False,rfc_complete_source_tuning
liar2_finance,9,99,0,emotion_aware,51,linear_svm,word_char,1.0,0.05,0.6215747231370388,0.62158203125,False,rfc_complete_source_tuning
liar2_finance,9,99,0,emotion_aware,52,linear_svm,word_char,1.0,0.1,0.6254681897980463,0.62548828125,False,rfc_complete_source_tuning
liar2_finance,9,99,0,emotion_aware,53,linear_svm,word_char,1.0,0.25,0.6288775816765936,0.62890625,False,rfc_complete_source_tuning
liar2_finance,9,99,0,emotion_aware,54,linear_svm,word_char,1.0,0.5,0.6298542196195499,0.6298828125,False,rfc_complete_source_tuning
liar2_finance,9,99,0,emotion_aware,55,linear_svm,word_char,1.0,1.0,0.6293626308225935,0.62939453125,False,rfc_complete_source_tuning
liar2_finance,9,99,0,emotion_aware,56,linear_svm,word_char,10.0,0.05,0.6059546825568829,0.60595703125,False,rfc_complete_source_tuning
liar2_finance,9,99,0,emotion_aware,57,linear_svm,word_char,10.0,0.1,0.6088843875192852,0.60888671875,False,rfc_complete_source_tuning
liar2_finance,9,99,0,emotion_aware,58,linear_svm,word_char,10.0,0.25,0.61328125,0.61328125,False,rfc_complete_source_tuning
liar2_finance,9,99,0,emotion_aware,59,linear_svm,word_char,10.0,0.5,0.6147460018982892,0.61474609375,False,rfc_complete_source_tuning
liar2_finance,9,99,0,emotion_aware,60,linear_svm,word_char,10.0,1.0,0.6142578125,0.6142578125,False,rfc_complete_source_tuning
liar2_finance,10,110,0,text_only,1,logistic_regression,word,0.1,,0.6469658384878438,0.64697265625,False,rfc_complete_source_tuning
liar2_finance,10,110,0,text_only,2,logistic_regression,word,1.0,,0.6538085112115172,0.65380859375,True,rfc_complete_source_tuning
liar2_finance,10,110,0,text_only,3,logistic_regression,word,10.0,,0.6391580054641095,0.63916015625,False,rfc_complete_source_tuning
liar2_finance,10,110,0,text_only,4,logistic_regression,word_char,0.1,,0.6523424237915947,0.65234375,False,rfc_complete_source_tuning
liar2_finance,10,110,0,text_only,5,logistic_regression,word_char,1.0,,0.6494140625,0.6494140625,False,rfc_complete_source_tuning
liar2_finance,10,110,0,text_only,6,logistic_regression,word_char,10.0,,0.6376922027872325,0.6376953125,False,rfc_complete_source_tuning
liar2_finance,10,110,0,text_only,7,linear_svm,word,0.1,,0.6523434184488472,0.65234375,False,rfc_complete_source_tuning
liar2_finance,10,110,0,text_only,8,linear_svm,word,1.0,,0.634753085242337,0.634765625,False,rfc_complete_source_tuning
liar2_finance,10,110,0,text_only,9,linear_svm,word,10.0,,0.6181549586047794,0.6181640625,False,rfc_complete_source_tuning
liar2_finance,10,110,0,text_only,10,linear_svm,word_char,0.1,,0.6518553857458558,0.65185546875,False,rfc_complete_source_tuning
liar2_finance,10,110,0,text_only,11,linear_svm,word_char,1.0,,0.631813465177318,0.6318359375,False,rfc_complete_source_tuning
liar2_finance,10,110,0,text_only,12,linear_svm,word_char,10.0,,0.6293795979385499,0.62939453125,False,rfc_complete_source_tuning
liar2_finance,10,110,0,emotion_aware,1,logistic_regression,word,0.1,0.05,0.6484344824889587,0.6484375,False,rfc_complete_source_tuning
liar2_finance,10,110,0,emotion_aware,2,logistic_regression,word,0.1,0.1,0.6328110992855045,0.6328125,False,rfc_complete_source_tuning
liar2_finance,10,110,0,emotion_aware,3,logistic_regression,word,0.1,0.25,0.6166983962739865,0.61669921875,False,rfc_complete_source_tuning
liar2_finance,10,110,0,emotion_aware,4,logistic_regression,word,0.1,0.5,0.6170107204329391,0.6171875,False,rfc_complete_source_tuning
liar2_finance,10,110,0,emotion_aware,5,logistic_regression,word,0.1,1.0,0.6121256530915224,0.6123046875,False,rfc_complete_source_tuning
liar2_finance,10,110,0,emotion_aware,6,logistic_regression,word,1.0,0.05,0.6538019080053683,0.65380859375,False,rfc_complete_source_tuning
liar2_finance,10,110,0,emotion_aware,7,logistic_regression,word,1.0,0.1,0.6547844154977177,0.65478515625,False,rfc_complete_source_tuning
liar2_finance,10,110,0,emotion_aware,8,logistic_regression,word,1.0,0.25,0.6571938699598274,0.6572265625,False,rfc_complete_source_tuning
liar2_finance,10,110,0,emotion_aware,9,logistic_regression,word,1.0,0.5,0.6581297676064601,0.658203125,False,rfc_complete_source_tuning
liar2_finance,10,110,0,emotion_aware,10,logistic_regression,word,1.0,1.0,0.6576553418026385,0.65771484375,False,rfc_complete_source_tuning
liar2_finance,10,110,0,emotion_aware,11,logistic_regression,word,10.0,0.05,0.6416001953132451,0.6416015625,False,rfc_complete_source_tuning
liar2_finance,10,110,0,emotion_aware,12,logistic_regression,word,10.0,0.1,0.6420890757564739,0.64208984375,False,rfc_complete_source_tuning
liar2_finance,10,110,0,emotion_aware,13,logistic_regression,word,10.0,0.25,0.6416001953132451,0.6416015625,False,rfc_complete_source_tuning
liar2_finance,10,110,0,emotion_aware,14,logistic_regression,word,10.0,0.5,0.6406219154331578,0.640625,False,rfc_complete_source_tuning
liar2_finance,10,110,0,emotion_aware,15,logistic_regression,word,10.0,1.0,0.6406195162890058,0.640625,False,rfc_complete_source_tuning
liar2_finance,10,110,0,emotion_aware,16,logistic_regression,word_char,0.1,0.05,0.6484361588903766,0.6484375,False,rfc_complete_source_tuning
liar2_finance,10,110,0,emotion_aware,17,logistic_regression,word_char,0.1,0.1,0.6567362352385238,0.65673828125,False,rfc_complete_source_tuning
liar2_finance,10,110,0,emotion_aware,18,logistic_regression,word_char,0.1,0.25,0.6489015895269807,0.64892578125,False,rfc_complete_source_tuning
liar2_finance,10,110,0,emotion_aware,19,logistic_regression,word_char,0.1,0.5,0.6444647933001393,0.64453125,False,rfc_complete_source_tuning
liar2_finance,10,110,0,emotion_aware,20,logistic_regression,word_char,0.1,1.0,0.6385339866587291,0.638671875,False,rfc_complete_source_tuning
liar2_finance,10,110,0,emotion_aware,21,logistic_regression,word_char,1.0,0.05,0.6469685319562115,0.64697265625,False,rfc_complete_source_tuning
liar2_finance,10,110,0,emotion_aware,22,logistic_regression,word_char,1.0,0.1,0.6440360944089047,0.64404296875,False,rfc_complete_source_tuning
liar2_finance,10,110,0,emotion_aware,23,logistic_regression,word_char,1.0,0.25,0.6499015925203162,0.64990234375,False,rfc_complete_source_tuning
liar2_finance,10,110,0,emotion_aware,24,logistic_regression,word_char,1.0,0.5,0.6518553857458558,0.65185546875,False,rfc_complete_source_tuning
liar2_finance,10,110,0,emotion_aware,25,logistic_regression,word_char,1.0,1.0,0.6499022602801944,0.64990234375,False,rfc_complete_source_tuning
liar2_finance,10,110,0,emotion_aware,26,logistic_regression,word_char,10.0,0.05,0.6376953125,0.6376953125,False,rfc_complete_source_tuning
liar2_finance,10,110,0,emotion_aware,27,logistic_regression,word_char,10.0,0.1,0.637693930412027,0.6376953125,False,rfc_complete_source_tuning
liar2_finance,10,110,0,emotion_aware,28,logistic_regression,word_char,10.0,0.25,0.6352538192877338,0.63525390625,False,rfc_complete_source_tuning
liar2_finance,10,110,0,emotion_aware,29,logistic_regression,word_char,10.0,0.5,0.6342751638601056,0.63427734375,False,rfc_complete_source_tuning
liar2_finance,10,110,0,emotion_aware,30,logistic_regression,word_char,10.0,1.0,0.6342765589926316,0.63427734375,False,rfc_complete_source_tuning
liar2_finance,10,110,0,emotion_aware,31,linear_svm,word,0.1,0.05,0.6547784893650147,0.65478515625,False,rfc_complete_source_tuning
liar2_finance,10,110,0,emotion_aware,32,linear_svm,word,0.1,0.1,0.6533150225070573,0.6533203125,False,rfc_complete_source_tuning
liar2_finance,10,110,0,emotion_aware,33,linear_svm,word,0.1,0.25,0.6581561798953104,0.658203125,True,rfc_complete_source_tuning
liar2_finance,10,110,0,emotion_aware,34,linear_svm,word,0.1,0.5,0.6576259504938335,0.65771484375,False,rfc_complete_source_tuning
liar2_finance,10,110,0,emotion_aware,35,linear_svm,word,0.1,1.0,0.6566786095395933,0.65673828125,False,rfc_complete_source_tuning
liar2_finance,10,110,0,emotion_aware,36,linear_svm,word,1.0,0.05,0.6327953405110216,0.6328125,False,rfc_complete_source_tuning
liar2_finance,10,110,0,emotion_aware,37,linear_svm,word,1.0,0.1,0.6342577238053932,0.63427734375,False,rfc_complete_source_tuning
liar2_finance,10,110,0,emotion_aware,38,linear_svm,word,1.0,0.25,0.6347569169263106,0.634765625,False,rfc_complete_source_tuning
liar2_finance,10,110,0,emotion_aware,39,linear_svm,word,1.0,0.5,0.6337834744792858,0.6337890625,False,rfc_complete_source_tuning
liar2_finance,10,110,0,emotion_aware,40,linear_svm,word,1.0,1.0,0.6342702808124413,0.63427734375,False,rfc_complete_source_tuning
liar2_finance,10,110,0,emotion_aware,41,linear_svm,word,10.0,0.05,0.6176603757389784,0.61767578125,False,rfc_complete_source_tuning
liar2_finance,10,110,0,emotion_aware,42,linear_svm,word,10.0,0.1,0.6176713146911668,0.61767578125,False,rfc_complete_source_tuning
liar2_finance,10,110,0,emotion_aware,43,linear_svm,word,10.0,0.25,0.619617932741609,0.61962890625,False,rfc_complete_source_tuning
liar2_finance,10,110,0,emotion_aware,44,linear_svm,word,10.0,0.5,0.619621560417746,0.61962890625,False,rfc_complete_source_tuning
liar2_finance,10,110,0,emotion_aware,45,linear_svm,word,10.0,1.0,0.6196244625088365,0.61962890625,False,rfc_complete_source_tuning
liar2_finance,10,110,0,emotion_aware,46,linear_svm,word_char,0.1,0.05,0.647949134814533,0.64794921875,False,rfc_complete_source_tuning
liar2_finance,10,110,0,emotion_aware,47,linear_svm,word_char,0.1,0.1,0.6440428838832102,0.64404296875,False,rfc_complete_source_tuning
liar2_finance,10,110,0,emotion_aware,48,linear_svm,word_char,0.1,0.25,0.6508748275915508,0.65087890625,False,rfc_complete_source_tuning
liar2_finance,10,110,0,emotion_aware,49,linear_svm,word_char,0.1,0.5,0.6513671875,0.6513671875,False,rfc_complete_source_tuning
liar2_finance,10,110,0,emotion_aware,50,linear_svm,word_char,0.1,1.0,0.6508781571157966,0.65087890625,False,rfc_complete_source_tuning
liar2_finance,10,110,0,emotion_aware,51,linear_svm,word_char,1.0,0.05,0.634753085242337,0.634765625,False,rfc_complete_source_tuning
liar2_finance,10,110,0,emotion_aware,52,linear_svm,word_char,1.0,0.1,0.6347569169263106,0.634765625,False,rfc_complete_source_tuning
liar2_finance,10,110,0,emotion_aware,53,linear_svm,word_char,1.0,0.25,0.634753085242337,0.634765625,False,rfc_complete_source_tuning
liar2_finance,10,110,0,emotion_aware,54,linear_svm,word_char,1.0,0.5,0.6318271595754522,0.6318359375,False,rfc_complete_source_tuning
liar2_finance,10,110,0,emotion_aware,55,linear_svm,word_char,1.0,1.0,0.6318303196765087,0.6318359375,False,rfc_complete_source_tuning
liar2_finance,10,110,0,emotion_aware,56,linear_svm,word_char,10.0,0.05,0.6269403170122265,0.626953125,False,rfc_complete_source_tuning
liar2_finance,10,110,0,emotion_aware,57,linear_svm,word_char,10.0,0.1,0.6288634228459973,0.62890625,False,rfc_complete_source_tuning
liar2_finance,10,110,0,emotion_aware,58,linear_svm,word_char,10.0,0.25,0.6303561997885141,0.63037109375,False,rfc_complete_source_tuning
liar2_finance,10,110,0,emotion_aware,59,linear_svm,word_char,10.0,0.5,0.6288935090697542,0.62890625,False,rfc_complete_source_tuning
liar2_finance,10,110,0,emotion_aware,60,linear_svm,word_char,10.0,1.0,0.6288935090697542,0.62890625,False,rfc_complete_source_tuning
factors_finance,1,11,0,text_only,1,logistic_regression,word,0.1,,0.6492695410169516,0.6494252873563218,False,rfc_complete_source_tuning
factors_finance,1,11,0,text_only,2,logistic_regression,word,1.0,,0.6513205220429555,0.6513409961685823,False,rfc_complete_source_tuning
factors_finance,1,11,0,text_only,3,logistic_regression,word,10.0,,0.6455301264521813,0.6455938697318008,False,rfc_complete_source_tuning
factors_finance,1,11,0,text_only,4,logistic_regression,word_char,0.1,,0.6378978121478828,0.6379310344827587,False,rfc_complete_source_tuning
factors_finance,1,11,0,text_only,5,logistic_regression,word_char,1.0,,0.6474888794280429,0.6475095785440612,False,rfc_complete_source_tuning
factors_finance,1,11,0,text_only,6,logistic_regression,word_char,10.0,,0.6570868641346432,0.657088122605364,True,rfc_complete_source_tuning
factors_finance,1,11,0,text_only,7,linear_svm,word,0.1,,0.6474888794280429,0.6475095785440612,False,rfc_complete_source_tuning
factors_finance,1,11,0,text_only,8,linear_svm,word,1.0,,0.6436729301233118,0.6436781609195402,False,rfc_complete_source_tuning
factors_finance,1,11,0,text_only,9,linear_svm,word,10.0,,0.6378978121478828,0.6379310344827587,False,rfc_complete_source_tuning
factors_finance,1,11,0,text_only,10,linear_svm,word_char,0.1,,0.645592569077704,0.6455938697318008,False,rfc_complete_source_tuning
factors_finance,1,11,0,text_only,11,linear_svm,word_char,1.0,,0.6455821635012386,0.6455938697318007,False,rfc_complete_source_tuning
factors_finance,1,11,0,text_only,12,linear_svm,word_char,10.0,,0.6378978121478828,0.6379310344827587,False,rfc_complete_source_tuning
factors_finance,1,11,0,emotion_aware,1,logistic_regression,word,0.1,0.05,0.6436310782241015,0.6436781609195402,False,rfc_complete_source_tuning
factors_finance,1,11,0,emotion_aware,2,logistic_regression,word,0.1,0.1,0.6071629167079657,0.60727969348659,False,rfc_complete_source_tuning
factors_finance,1,11,0,emotion_aware,3,logistic_regression,word,0.1,0.25,0.5667381595957222,0.5670498084291188,False,rfc_complete_source_tuning
factors_finance,1,11,0,emotion_aware,4,logistic_regression,word,0.1,0.5,0.5593610992850537,0.5593869731800767,False,rfc_complete_source_tuning
factors_finance,1,11,0,emotion_aware,5,logistic_regression,word,0.1,1.0,0.5670243845148788,0.5670498084291187,False,rfc_complete_source_tuning
factors_finance,1,11,0,emotion_aware,6,logistic_regression,word,1.0,0.05,0.6493210427197937,0.6494252873563218,False,rfc_complete_source_tuning
factors_finance,1,11,0,emotion_aware,7,logistic_regression,word,1.0,0.1,0.6494137076796036,0.6494252873563218,False,rfc_complete_source_tuning
factors_finance,1,11,0,emotion_aware,8,logistic_regression,word,1.0,0.25,0.6129756871035941,0.6130268199233717,False,rfc_complete_source_tuning
factors_finance,1,11,0,emotion_aware,9,logistic_regression,word,1.0,0.5,0.6149411155925324,0.6149425287356322,False,rfc_complete_source_tuning
factors_finance,1,11,0,emotion_aware,10,logistic_regression,word,1.0,1.0,0.6110754278625408,0.6111111111111112,False,rfc_complete_source_tuning
factors_finance,1,11,0,emotion_aware,11,logistic_regression,word,10.0,0.05,0.6398255941982178,0.6398467432950192,False,rfc_complete_source_tuning
factors_finance,1,11,0,emotion_aware,12,logistic_regression,word,10.0,0.1,0.6417506193228737,0.6417624521072798,False,rfc_complete_source_tuning
factors_finance,1,11,0,emotion_aware,13,logistic_regression,word,10.0,0.25,0.6359939515833052,0.6360153256704981,False,rfc_complete_source_tuning
factors_finance,1,11,0,emotion_aware,14,logistic_regression,word,10.0,0.5,0.6359939515833052,0.6360153256704981,False,rfc_complete_source_tuning
factors_finance,1,11,0,emotion_aware,15,logistic_regression,word,10.0,1.0,0.6359939515833052,0.6360153256704981,False,rfc_complete_source_tuning
factors_finance,1,11,0,emotion_aware,16,logistic_regression,word_char,0.1,0.05,0.6360153256704981,0.6360153256704981,False,rfc_complete_source_tuning
factors_finance,1,11,0,emotion_aware,17,logistic_regression,word_char,0.1,0.1,0.6091724532789171,0.6091954022988506,False,rfc_complete_source_tuning
factors_finance,1,11,0,emotion_aware,18,logistic_regression,word_char,0.1,0.25,0.5803843118542038,0.5804597701149425,False,rfc_complete_source_tuning
factors_finance,1,11,0,emotion_aware,19,logistic_regression,word_char,0.1,0.5,0.5785193123596165,0.578544061302682,False,rfc_complete_source_tuning
factors_finance,1,11,0,emotion_aware,20,logistic_regression,word_char,0.1,1.0,0.5708812260536399,0.5708812260536399,False,rfc_complete_source_tuning
factors_finance,1,11,0,emotion_aware,21,logistic_regression,word_char,1.0,0.05,0.6494137076796036,0.6494252873563218,False,rfc_complete_source_tuning
factors_finance,1,11,0,emotion_aware,22,logistic_regression,word_char,1.0,0.1,0.6475044039929536,0.6475095785440612,False,rfc_complete_source_tuning
factors_finance,1,11,0,emotion_aware,23,logistic_regression,word_char,1.0,0.25,0.6302016994879512,0.6302681992337165,False,rfc_complete_source_tuning
factors_finance,1,11,0,emotion_aware,24,logistic_regression,word_char,1.0,0.5,0.601509168049092,0.6015325670498084,False,rfc_complete_source_tuning
factors_finance,1,11,0,emotion_aware,25,logistic_regression,word_char,1.0,1.0,0.6110982658959537,0.6111111111111112,False,rfc_complete_source_tuning
factors_finance,1,11,0,emotion_aware,26,logistic_regression,word_char,10.0,0.05,0.6455821635012386,0.6455938697318007,False,rfc_complete_source_tuning
factors_finance,1,11,0,emotion_aware,27,logistic_regression,word_char,10.0,0.1,0.645592569077704,0.6455938697318008,False,rfc_complete_source_tuning
factors_finance,1,11,0,emotion_aware,28,logistic_regression,word_char,10.0,0.25,0.6417611373920575,0.6417624521072797,False,rfc_complete_source_tuning
factors_finance,1,11,0,emotion_aware,29,logistic_regression,word_char,10.0,0.5,0.6436572368131304,0.6436781609195402,False,rfc_complete_source_tuning
factors_finance,1,11,0,emotion_aware,30,logistic_regression,word_char,10.0,1.0,0.6436572368131304,0.6436781609195402,False,rfc_complete_source_tuning
factors_finance,1,11,0,emotion_aware,31,linear_svm,word,0.1,0.05,0.6607689003278712,0.6609195402298851,True,rfc_complete_source_tuning
factors_finance,1,11,0,emotion_aware,32,linear_svm,word,0.1,0.1,0.653224888882364,0.6532567049808429,False,rfc_complete_source_tuning
factors_finance,1,11,0,emotion_aware,33,linear_svm,word,0.1,0.25,0.6091437632135306,0.6091954022988506,False,rfc_complete_source_tuning
factors_finance,1,11,0,emotion_aware,34,linear_svm,word,0.1,0.5,0.6130211391661773,0.6130268199233717,False,rfc_complete_source_tuning
factors_finance,1,11,0,emotion_aware,35,linear_svm,word,0.1,1.0,0.6053408106640046,0.6053639846743295,False,rfc_complete_source_tuning
factors_finance,1,11,0,emotion_aware,36,linear_svm,word,1.0,0.05,0.643547344924812,0.6436781609195403,False,rfc_complete_source_tuning
factors_finance,1,11,0,emotion_aware,37,linear_svm,word,1.0,0.1,0.6359939515833052,0.6360153256704981,False,rfc_complete_source_tuning
factors_finance,1,11,0,emotion_aware,38,linear_svm,word,1.0,0.25,0.6321623089683925,0.632183908045977,False,rfc_complete_source_tuning
factors_finance,1,11,0,emotion_aware,39,linear_svm,word,1.0,0.5,0.62833066635348,0.6283524904214559,False,rfc_complete_source_tuning
factors_finance,1,11,0,emotion_aware,40,linear_svm,word,1.0,1.0,0.6321623089683925,0.632183908045977,False,rfc_complete_source_tuning
factors_finance,1,11,0,emotion_aware,41,linear_svm,word,10.0,0.05,0.6494137076796036,0.6494252873563218,False,rfc_complete_source_tuning
factors_finance,1,11,0,emotion_aware,42,linear_svm,word,10.0,0.1,0.6416559288994614,0.6417624521072798,False,rfc_complete_source_tuning
factors_finance,1,11,0,emotion_aware,43,linear_svm,word,10.0,0.25,0.6436310782241015,0.6436781609195402,False,rfc_complete_source_tuning
factors_finance,1,11,0,emotion_aware,44,linear_svm,word,10.0,0.5,0.6474888794280429,0.6475095785440612,False,rfc_complete_source_tuning
factors_finance,1,11,0,emotion_aware,45,linear_svm,word,10.0,1.0,0.6455613505151234,0.6455938697318008,False,rfc_complete_source_tuning
factors_finance,1,11,0,emotion_aware,46,linear_svm,word_char,0.1,0.05,0.6417295813315032,0.6417624521072797,False,rfc_complete_source_tuning
factors_finance,1,11,0,emotion_aware,47,linear_svm,word_char,0.1,0.1,0.6455613505151234,0.6455938697318008,False,rfc_complete_source_tuning
factors_finance,1,11,0,emotion_aware,48,linear_svm,word_char,0.1,0.25,0.6225374860058362,0.6226053639846744,False,rfc_complete_source_tuning
factors_finance,1,11,0,emotion_aware,49,linear_svm,word_char,0.1,0.5,0.6034118894953002,0.603448275862069,False,rfc_complete_source_tuning
factors_finance,1,11,0,emotion_aware,50,linear_svm,word_char,0.1,1.0,0.6072090590416062,0.60727969348659,False,rfc_complete_source_tuning
factors_finance,1,11,0,emotion_aware,51,linear_svm,word_char,1.0,0.05,0.6455821635012386,0.6455938697318007,False,rfc_complete_source_tuning
factors_finance,1,11,0,emotion_aware,52,linear_svm,word_char,1.0,0.1,0.6436729301233118,0.6436781609195402,False,rfc_complete_source_tuning
factors_finance,1,11,0,emotion_aware,53,linear_svm,word_char,1.0,0.25,0.6493931196987437,0.6494252873563218,False,rfc_complete_source_tuning
factors_finance,1,11,0,emotion_aware,54,linear_svm,word_char,1.0,0.5,0.6513358778625955,0.6513409961685823,False,rfc_complete_source_tuning
factors_finance,1,11,0,emotion_aware,55,linear_svm,word_char,1.0,1.0,0.645592569077704,0.6455938697318008,False,rfc_complete_source_tuning
factors_finance,1,11,0,emotion_aware,56,linear_svm,word_char,10.0,0.05,0.6302559867877786,0.6302681992337165,False,rfc_complete_source_tuning
factors_finance,1,11,0,emotion_aware,57,linear_svm,word_char,10.0,0.1,0.6340338062290087,0.6340996168582376,False,rfc_complete_source_tuning
factors_finance,1,11,0,emotion_aware,58,linear_svm,word_char,10.0,0.25,0.6359672304439746,0.6360153256704981,False,rfc_complete_source_tuning
factors_finance,1,11,0,emotion_aware,59,linear_svm,word_char,10.0,0.5,0.6378978121478828,0.6379310344827587,False,rfc_complete_source_tuning
factors_finance,1,11,0,emotion_aware,60,linear_svm,word_char,10.0,1.0,0.6359939515833052,0.6360153256704981,False,rfc_complete_source_tuning
factors_finance,2,22,0,text_only,1,logistic_regression,word,0.1,,0.6414663978050312,0.6417624521072797,True,rfc_complete_source_tuning
factors_finance,2,22,0,text_only,2,logistic_regression,word,1.0,,0.6319191444353038,0.632183908045977,False,rfc_complete_source_tuning
factors_finance,2,22,0,text_only,3,logistic_regression,word,10.0,,0.6187725472781789,0.6187739463601533,False,rfc_complete_source_tuning
factors_finance,2,22,0,text_only,4,logistic_regression,word_char,0.1,,0.637770181706032,0.6379310344827587,False,rfc_complete_source_tuning
factors_finance,2,22,0,text_only,5,logistic_regression,word_char,1.0,,0.632183908045977,0.632183908045977,False,rfc_complete_source_tuning
factors_finance,2,22,0,text_only,6,logistic_regression,word_char,10.0,,0.6225707354134017,0.6226053639846743,False,rfc_complete_source_tuning
factors_finance,2,22,0,text_only,7,linear_svm,word,0.1,,0.6300387418981694,0.6302681992337165,False,rfc_complete_source_tuning
factors_finance,2,22,0,text_only,8,linear_svm,word,1.0,,0.6245155607751027,0.6245210727969348,False,rfc_complete_source_tuning
factors_finance,2,22,0,text_only,9,linear_svm,word,10.0,,0.6147714630841927,0.6149425287356323,False,rfc_complete_source_tuning
factors_finance,2,22,0,text_only,10,linear_svm,word_char,0.1,,0.6360099823840282,0.6360153256704981,False,rfc_complete_source_tuning
factors_finance,2,22,0,text_only,11,linear_svm,word_char,1.0,,0.6053581914268937,0.6053639846743295,False,rfc_complete_source_tuning
factors_finance,2,22,0,text_only,12,linear_svm,word_char,10.0,,0.6072667217175888,0.60727969348659,False,rfc_complete_source_tuning
factors_finance,2,22,0,emotion_aware,1,logistic_regression,word,0.1,0.05,0.63183801813186,0.632183908045977,False,rfc_complete_source_tuning
factors_finance,2,22,0,emotion_aware,2,logistic_regression,word,0.1,0.1,0.6087301587301588,0.6091954022988506,False,rfc_complete_source_tuning
factors_finance,2,22,0,emotion_aware,3,logistic_regression,word,0.1,0.25,0.5738117304382364,0.5747126436781609,False,rfc_complete_source_tuning
factors_finance,2,22,0,emotion_aware,4,logistic_regression,word,0.1,0.5,0.5753176043557169,0.5766283524904214,False,rfc_complete_source_tuning
factors_finance,2,22,0,emotion_aware,5,logistic_regression,word,0.1,1.0,0.5871757050529871,0.5881226053639848,False,rfc_complete_source_tuning
factors_finance,2,22,0,emotion_aware,6,logistic_regression,word,1.0,0.05,0.63984145625367,0.6398467432950192,False,rfc_complete_source_tuning
factors_finance,2,22,0,emotion_aware,7,logistic_regression,word,1.0,0.1,0.6416980197111237,0.6417624521072797,False,rfc_complete_source_tuning
factors_finance,2,22,0,emotion_aware,8,logistic_regression,word,1.0,0.25,0.6280849688565049,0.6283524904214559,False,rfc_complete_source_tuning
factors_finance,2,22,0,emotion_aware,9,logistic_regression,word,1.0,0.5,0.6297777108145949,0.6302681992337165,False,rfc_complete_source_tuning
factors_finance,2,22,0,emotion_aware,10,logistic_regression,word,1.0,1.0,0.6392058823529412,0.6398467432950192,False,rfc_complete_source_tuning
factors_finance,2,22,0,emotion_aware,11,logistic_regression,word,10.0,0.05,0.637929705706411,0.6379310344827587,False,rfc_complete_source_tuning
factors_finance,2,22,0,emotion_aware,12,logistic_regression,word,10.0,0.1,0.6378978121478828,0.6379310344827587,False,rfc_complete_source_tuning
factors_finance,2,22,0,emotion_aware,13,logistic_regression,word,10.0,0.25,0.6321785085143863,0.632183908045977,False,rfc_complete_source_tuning
factors_finance,2,22,0,emotion_aware,14,logistic_regression,word,10.0,0.5,0.6264244426094137,0.6264367816091954,False,rfc_complete_source_tuning
factors_finance,2,22,0,emotion_aware,15,logistic_regression,word,10.0,1.0,0.6264244426094137,0.6264367816091954,False,rfc_complete_source_tuning
factors_finance,2,22,0,emotion_aware,16,logistic_regression,word_char,0.1,0.05,0.6378659129700663,0.6379310344827587,False,rfc_complete_source_tuning
factors_finance,2,22,0,emotion_aware,17,logistic_regression,word_char,0.1,0.1,0.6354802193440261,0.6360153256704981,False,rfc_complete_source_tuning
factors_finance,2,22,0,emotion_aware,18,logistic_regression,word_char,0.1,0.25,0.5928596656463386,0.5938697318007663,False,rfc_complete_source_tuning
factors_finance,2,22,0,emotion_aware,19,logistic_regression,word_char,0.1,0.5,0.6057038633725751,0.60727969348659,False,rfc_complete_source_tuning
factors_finance,2,22,0,emotion_aware,20,logistic_regression,word_char,0.1,1.0,0.5931470588235295,0.5938697318007663,False,rfc_complete_source_tuning
factors_finance,2,22,0,emotion_aware,21,logistic_regression,word_char,1.0,0.05,0.6283524904214559,0.6283524904214559,False,rfc_complete_source_tuning
factors_finance,2,22,0,emotion_aware,22,logistic_regression,word_char,1.0,0.1,0.6340982740207646,0.6340996168582376,False,rfc_complete_source_tuning
factors_finance,2,22,0,emotion_aware,23,logistic_regression,word_char,1.0,0.25,0.6436310782241015,0.6436781609195402,False,rfc_complete_source_tuning
factors_finance,2,22,0,emotion_aware,24,logistic_regression,word_char,1.0,0.5,0.635822868473232,0.6360153256704981,False,rfc_complete_source_tuning
factors_finance,2,22,0,emotion_aware,25,logistic_regression,word_char,1.0,1.0,0.6356730387763199,0.6360153256704981,False,rfc_complete_source_tuning
factors_finance,2,22,0,emotion_aware,26,logistic_regression,word_char,10.0,0.05,0.626402504597022,0.6264367816091954,False,rfc_complete_source_tuning
factors_finance,2,22,0,emotion_aware,27,logistic_regression,word_char,10.0,0.1,0.6339908150791291,0.6340996168582376,False,rfc_complete_source_tuning
factors_finance,2,22,0,emotion_aware,28,logistic_regression,word_char,10.0,0.25,0.6320488721804511,0.632183908045977,False,rfc_complete_source_tuning
factors_finance,2,22,0,emotion_aware,29,logistic_regression,word_char,10.0,0.5,0.6321353065539113,0.632183908045977,False,rfc_complete_source_tuning
factors_finance,2,22,0,emotion_aware,30,logistic_regression,word_char,10.0,1.0,0.6302342737806422,0.6302681992337165,False,rfc_complete_source_tuning
factors_finance,2,22,0,emotion_aware,31,linear_svm,word,0.1,0.05,0.6379190751445087,0.6379310344827587,False,rfc_complete_source_tuning
factors_finance,2,22,0,emotion_aware,32,linear_svm,word,0.1,0.1,0.6436572368131304,0.6436781609195402,True,rfc_complete_source_tuning
factors_finance,2,22,0,emotion_aware,33,linear_svm,word,0.1,0.25,0.6337972298436415,0.6340996168582376,False,rfc_complete_source_tuning
factors_finance,2,22,0,emotion_aware,34,linear_svm,word,0.1,0.5,0.6259412104085285,0.6264367816091954,False,rfc_complete_source_tuning
factors_finance,2,22,0,emotion_aware,35,linear_svm,word,0.1,1.0,0.6315294117647059,0.632183908045977,False,rfc_complete_source_tuning
factors_finance,2,22,0,emotion_aware,36,linear_svm,word,1.0,0.05,0.6264244426094137,0.6264367816091954,False,rfc_complete_source_tuning
factors_finance,2,22,0,emotion_aware,37,linear_svm,word,1.0,0.1,0.6302342737806422,0.6302681992337165,False,rfc_complete_source_tuning
factors_finance,2,22,0,emotion_aware,38,linear_svm,word,1.0,0.25,0.6225928984310487,0.6226053639846743,False,rfc_complete_source_tuning
factors_finance,2,22,0,emotion_aware,39,linear_svm,word,1.0,0.5,0.6225928984310487,0.6226053639846743,False,rfc_complete_source_tuning
factors_finance,2,22,0,emotion_aware,40,linear_svm,word,1.0,1.0,0.6245155607751027,0.6245210727969348,False,rfc_complete_source_tuning
factors_finance,2,22,0,emotion_aware,41,linear_svm,word,10.0,0.05,0.6091724532789171,0.6091954022988506,False,rfc_complete_source_tuning
factors_finance,2,22,0,emotion_aware,42,linear_svm,word,10.0,0.1,0.6053639846743295,0.6053639846743295,False,rfc_complete_source_tuning
factors_finance,2,22,0,emotion_aware,43,linear_svm,word,10.0,0.25,0.601509168049092,0.6015325670498084,False,rfc_complete_source_tuning
factors_finance,2,22,0,emotion_aware,44,linear_svm,word,10.0,0.5,0.601509168049092,0.6015325670498084,False,rfc_complete_source_tuning
factors_finance,2,22,0,emotion_aware,45,linear_svm,word,10.0,1.0,0.601509168049092,0.6015325670498084,False,rfc_complete_source_tuning
factors_finance,2,22,0,emotion_aware,46,linear_svm,word_char,0.1,0.05,0.6283524904214559,0.6283524904214559,False,rfc_complete_source_tuning
factors_finance,2,22,0,emotion_aware,47,linear_svm,word_char,0.1,0.1,0.6398467432950191,0.6398467432950191,False,rfc_complete_source_tuning
factors_finance,2,22,0,emotion_aware,48,linear_svm,word_char,0.1,0.25,0.6416980197111237,0.6417624521072797,False,rfc_complete_source_tuning
factors_finance,2,22,0,emotion_aware,49,linear_svm,word_char,0.1,0.5,0.6376318138243364,0.6379310344827587,False,rfc_complete_source_tuning
factors_finance,2,22,0,emotion_aware,50,linear_svm,word_char,0.1,1.0,0.6355820105820106,0.6360153256704981,False,rfc_complete_source_tuning
factors_finance,2,22,0,emotion_aware,51,linear_svm,word_char,1.0,0.05,0.6206896551724138,0.6206896551724138,False,rfc_complete_source_tuning
factors_finance,2,22,0,emotion_aware,52,linear_svm,word_char,1.0,0.1,0.6148732725237213,0.6149425287356322,False,rfc_complete_source_tuning
factors_finance,2,22,0,emotion_aware,53,linear_svm,word_char,1.0,0.25,0.6280849688565049,0.6283524904214559,False,rfc_complete_source_tuning
factors_finance,2,22,0,emotion_aware,54,linear_svm,word_char,1.0,0.5,0.6281559814937211,0.6283524904214559,False,rfc_complete_source_tuning
factors_finance,2,22,0,emotion_aware,55,linear_svm,word_char,1.0,1.0,0.6223711510566807,0.6226053639846744,False,rfc_complete_source_tuning
factors_finance,2,22,0,emotion_aware,56,linear_svm,word_char,10.0,0.05,0.610995473618132,0.6111111111111112,False,rfc_complete_source_tuning
factors_finance,2,22,0,emotion_aware,57,linear_svm,word_char,10.0,0.1,0.6205503994360902,0.6206896551724137,False,rfc_complete_source_tuning
factors_finance,2,22,0,emotion_aware,58,linear_svm,word_char,10.0,0.25,0.6127482665413092,0.6130268199233716,False,rfc_complete_source_tuning
factors_finance,2,22,0,emotion_aware,59,linear_svm,word_char,10.0,0.5,0.6109383433138862,0.6111111111111112,False,rfc_complete_source_tuning
factors_finance,2,22,0,emotion_aware,60,linear_svm,word_char,10.0,1.0,0.6128847509398496,0.6130268199233717,False,rfc_complete_source_tuning
factors_finance,3,33,0,text_only,1,logistic_regression,word,0.1,,0.5991917559102848,0.5996168582375478,True,rfc_complete_source_tuning
factors_finance,3,33,0,text_only,2,logistic_regression,word,1.0,,0.5934878116872622,0.5938697318007663,False,rfc_complete_source_tuning
factors_finance,3,33,0,text_only,3,logistic_regression,word,10.0,,0.5761788423740333,0.5766283524904214,False,rfc_complete_source_tuning
factors_finance,3,33,0,text_only,4,logistic_regression,word_char,0.1,,0.566992600422833,0.5670498084291188,False,rfc_complete_source_tuning
factors_finance,3,33,0,text_only,5,logistic_regression,word_char,1.0,,0.5592252114661654,0.5593869731800767,False,rfc_complete_source_tuning
factors_finance,3,33,0,text_only,6,logistic_regression,word_char,10.0,,0.5704776878205033,0.5708812260536398,False,rfc_complete_source_tuning
factors_finance,3,33,0,text_only,7,linear_svm,word,0.1,,0.5934878116872622,0.5938697318007663,False,rfc_complete_source_tuning
factors_finance,3,33,0,text_only,8,linear_svm,word,1.0,,0.5726071456108208,0.5727969348659003,False,rfc_complete_source_tuning
factors_finance,3,33,0,text_only,9,linear_svm,word,10.0,,0.5783893327067668,0.578544061302682,False,rfc_complete_source_tuning
factors_finance,3,33,0,text_only,10,linear_svm,word_char,0.1,,0.5650047906961377,0.5651340996168582,False,rfc_complete_source_tuning
factors_finance,3,33,0,text_only,11,linear_svm,word_char,1.0,,0.5685078711952829,0.5689655172413792,False,rfc_complete_source_tuning
factors_finance,3,33,0,text_only,12,linear_svm,word_char,10.0,,0.5588624338624338,0.5593869731800767,False,rfc_complete_source_tuning
factors_finance,3,33,0,emotion_aware,1,logistic_regression,word,0.1,0.05,0.5838498135527839,0.5842911877394636,False,rfc_complete_source_tuning
factors_finance,3,33,0,emotion_aware,2,logistic_regression,word,0.1,0.1,0.5858177703983426,0.5862068965517242,False,rfc_complete_source_tuning
factors_finance,3,33,0,emotion_aware,3,logistic_regression,word,0.1,0.25,0.578042328042328,0.578544061302682,False,rfc_complete_source_tuning
factors_finance,3,33,0,emotion_aware,4,logistic_regression,word,0.1,0.5,0.5797796671849671,0.5804597701149425,False,rfc_complete_source_tuning
factors_finance,3,33,0,emotion_aware,5,logistic_regression,word,0.1,1.0,0.5738117304382364,0.5747126436781609,False,rfc_complete_source_tuning
factors_finance,3,33,0,emotion_aware,6,logistic_regression,word,1.0,0.05,0.578240686332119,0.578544061302682,False,rfc_complete_source_tuning
factors_finance,3,33,0,emotion_aware,7,logistic_regression,word,1.0,0.1,0.5990857075660638,0.5996168582375478,False,rfc_complete_source_tuning
factors_finance,3,33,0,emotion_aware,8,logistic_regression,word,1.0,0.25,0.6087301587301588,0.6091954022988506,False,rfc_complete_source_tuning
factors_finance,3,33,0,emotion_aware,9,logistic_regression,word,1.0,0.5,0.6139095876800795,0.6149425287356322,False,rfc_complete_source_tuning
factors_finance,3,33,0,emotion_aware,10,logistic_regression,word,1.0,1.0,0.6034780300013275,0.6053639846743295,False,rfc_complete_source_tuning
factors_finance,3,33,0,emotion_aware,11,logistic_regression,word,10.0,0.05,0.574612730342853,0.5747126436781609,False,rfc_complete_source_tuning
factors_finance,3,33,0,emotion_aware,12,logistic_regression,word,10.0,0.1,0.5783212161269002,0.578544061302682,False,rfc_complete_source_tuning
factors_finance,3,33,0,emotion_aware,13,logistic_regression,word,10.0,0.25,0.5877822220753033,0.5881226053639846,False,rfc_complete_source_tuning
factors_finance,3,33,0,emotion_aware,14,logistic_regression,word,10.0,0.5,0.5801994014284928,0.5804597701149425,False,rfc_complete_source_tuning
factors_finance,3,33,0,emotion_aware,15,logistic_regression,word,10.0,1.0,0.5839476380946085,0.5842911877394636,False,rfc_complete_source_tuning
factors_finance,3,33,0,emotion_aware,16,logistic_regression,word_char,0.1,0.05,0.5668908599624061,0.5670498084291187,False,rfc_complete_source_tuning
factors_finance,3,33,0,emotion_aware,17,logistic_regression,word_char,0.1,0.1,0.5704776878205033,0.5708812260536398,False,rfc_complete_source_tuning
factors_finance,3,33,0,emotion_aware,18,logistic_regression,word_char,0.1,0.25,0.5706543291473893,0.5708812260536398,False,rfc_complete_source_tuning
factors_finance,3,33,0,emotion_aware,19,logistic_regression,word_char,0.1,0.5,0.5853303323182841,0.5862068965517242,False,rfc_complete_source_tuning
factors_finance,3,33,0,emotion_aware,20,logistic_regression,word_char,0.1,1.0,0.5721044099646012,0.5727969348659003,False,rfc_complete_source_tuning
factors_finance,3,33,0,emotion_aware,21,logistic_regression,word_char,1.0,0.05,0.551487111698612,0.5517241379310345,False,rfc_complete_source_tuning
factors_finance,3,33,0,emotion_aware,22,logistic_regression,word_char,1.0,0.1,0.5493304432484065,0.5498084291187739,False,rfc_complete_source_tuning
factors_finance,3,33,0,emotion_aware,23,logistic_regression,word_char,1.0,0.25,0.5873214318545348,0.5881226053639848,False,rfc_complete_source_tuning
factors_finance,3,33,0,emotion_aware,24,logistic_regression,word_char,1.0,0.5,0.5917007876907259,0.5919540229885057,False,rfc_complete_source_tuning
factors_finance,3,33,0,emotion_aware,25,logistic_regression,word_char,1.0,1.0,0.5989678102358817,0.5996168582375478,False,rfc_complete_source_tuning
factors_finance,3,33,0,emotion_aware,26,logistic_regression,word_char,10.0,0.05,0.5666426671760436,0.5670498084291188,False,rfc_complete_source_tuning
factors_finance,3,33,0,emotion_aware,27,logistic_regression,word_char,10.0,0.1,0.5586029411764706,0.5593869731800767,False,rfc_complete_source_tuning
factors_finance,3,33,0,emotion_aware,28,logistic_regression,word_char,10.0,0.25,0.5738117304382364,0.5747126436781609,False,rfc_complete_source_tuning
factors_finance,3,33,0,emotion_aware,29,logistic_regression,word_char,10.0,0.5,0.5716509355853618,0.5727969348659003,False,rfc_complete_source_tuning
factors_finance,3,33,0,emotion_aware,30,logistic_regression,word_char,10.0,1.0,0.5714743247571261,0.5727969348659003,False,rfc_complete_source_tuning
factors_finance,3,33,0,emotion_aware,31,linear_svm,word,0.1,0.05,0.5838498135527839,0.5842911877394636,False,rfc_complete_source_tuning
factors_finance,3,33,0,emotion_aware,32,linear_svm,word,0.1,0.1,0.5972222222222223,0.5977011494252873,False,rfc_complete_source_tuning
factors_finance,3,33,0,emotion_aware,33,linear_svm,word,0.1,0.25,0.6161764705882353,0.6168582375478927,True,rfc_complete_source_tuning
factors_finance,3,33,0,emotion_aware,34,linear_svm,word,0.1,0.5,0.609550654949428,0.6111111111111112,False,rfc_complete_source_tuning
factors_finance,3,33,0,emotion_aware,35,linear_svm,word,0.1,1.0,0.5957785742731979,0.5977011494252873,False,rfc_complete_source_tuning
factors_finance,3,33,0,emotion_aware,36,linear_svm,word,1.0,0.05,0.5784450480875118,0.578544061302682,False,rfc_complete_source_tuning
factors_finance,3,33,0,emotion_aware,37,linear_svm,word,1.0,0.1,0.5783212161269002,0.578544061302682,False,rfc_complete_source_tuning
factors_finance,3,33,0,emotion_aware,38,linear_svm,word,1.0,0.25,0.5817615148263037,0.5823754789272031,False,rfc_complete_source_tuning
factors_finance,3,33,0,emotion_aware,39,linear_svm,word,1.0,0.5,0.5818783068783069,0.5823754789272031,False,rfc_complete_source_tuning
factors_finance,3,33,0,emotion_aware,40,linear_svm,word,1.0,1.0,0.5837397059417984,0.5842911877394636,False,rfc_complete_source_tuning
factors_finance,3,33,0,emotion_aware,41,linear_svm,word,10.0,0.05,0.5590698084381244,0.5593869731800767,False,rfc_complete_source_tuning
factors_finance,3,33,0,emotion_aware,42,linear_svm,word,10.0,0.1,0.557001414427157,0.5574712643678161,False,rfc_complete_source_tuning
factors_finance,3,33,0,emotion_aware,43,linear_svm,word,10.0,0.25,0.5625762632128313,0.5632183908045977,False,rfc_complete_source_tuning
factors_finance,3,33,0,emotion_aware,44,linear_svm,word,10.0,0.5,0.5701176470588236,0.5708812260536398,False,rfc_complete_source_tuning
factors_finance,3,33,0,emotion_aware,45,linear_svm,word,10.0,1.0,0.5722302047235992,0.5727969348659003,False,rfc_complete_source_tuning
factors_finance,3,33,0,emotion_aware,46,linear_svm,word_char,0.1,0.05,0.5572746665295947,0.5574712643678161,False,rfc_complete_source_tuning
factors_finance,3,33,0,emotion_aware,47,linear_svm,word_char,0.1,0.1,0.5571055502297444,0.5574712643678161,False,rfc_complete_source_tuning
factors_finance,3,33,0,emotion_aware,48,linear_svm,word_char,0.1,0.25,0.5853303323182841,0.5862068965517242,False,rfc_complete_source_tuning
factors_finance,3,33,0,emotion_aware,49,linear_svm,word_char,0.1,0.5,0.5994389840029666,0.5996168582375478,False,rfc_complete_source_tuning
factors_finance,3,33,0,emotion_aware,50,linear_svm,word_char,0.1,1.0,0.5988380430585942,0.5996168582375478,False,rfc_complete_source_tuning
factors_finance,3,33,0,emotion_aware,51,linear_svm,word_char,1.0,0.05,0.5721044099646012,0.5727969348659003,False,rfc_complete_source_tuning
factors_finance,3,33,0,emotion_aware,52,linear_svm,word_char,1.0,0.1,0.5661326625182047,0.5670498084291187,False,rfc_complete_source_tuning
factors_finance,3,33,0,emotion_aware,53,linear_svm,word_char,1.0,0.25,0.5716509355853618,0.5727969348659003,False,rfc_complete_source_tuning
factors_finance,3,33,0,emotion_aware,54,linear_svm,word_char,1.0,0.5,0.5736549328938074,0.5747126436781609,False,rfc_complete_source_tuning
factors_finance,3,33,0,emotion_aware,55,linear_svm,word_char,1.0,1.0,0.5659730397927949,0.5670498084291188,False,rfc_complete_source_tuning
factors_finance,3,33,0,emotion_aware,56,linear_svm,word_char,10.0,0.05,0.5599444859613537,0.5613026819923372,False,rfc_complete_source_tuning
factors_finance,3,33,0,emotion_aware,57,linear_svm,word_char,10.0,0.1,0.5758048206504753,0.5766283524904214,False,rfc_complete_source_tuning
factors_finance,3,33,0,emotion_aware,58,linear_svm,word_char,10.0,0.25,0.5756550270544657,0.5766283524904214,False,rfc_complete_source_tuning
factors_finance,3,33,0,emotion_aware,59,linear_svm,word_char,10.0,0.5,0.5759420385747842,0.5766283524904214,False,rfc_complete_source_tuning
factors_finance,3,33,0,emotion_aware,60,linear_svm,word_char,10.0,1.0,0.5722302047235992,0.5727969348659003,False,rfc_complete_source_tuning
factors_finance,4,44,0,text_only,1,logistic_regression,word,0.1,,0.5938458828192669,0.5938697318007662,False,rfc_complete_source_tuning
factors_finance,4,44,0,text_only,2,logistic_regression,word,1.0,,0.5975534539473684,0.5977011494252873,False,rfc_complete_source_tuning
factors_finance,4,44,0,text_only,3,logistic_regression,word,10.0,,0.5993683785322146,0.5996168582375478,False,rfc_complete_source_tuning
factors_finance,4,44,0,text_only,4,logistic_regression,word_char,0.1,,0.601509168049092,0.6015325670498084,False,rfc_complete_source_tuning
factors_finance,4,44,0,text_only,5,logistic_regression,word_char,1.0,,0.601509168049092,0.6015325670498084,False,rfc_complete_source_tuning
factors_finance,4,44,0,text_only,6,logistic_regression,word_char,10.0,,0.6089887640449438,0.6091954022988506,True,rfc_complete_source_tuning
factors_finance,4,44,0,text_only,7,linear_svm,word,0.1,,0.593654990085922,0.5938697318007663,False,rfc_complete_source_tuning
factors_finance,4,44,0,text_only,8,linear_svm,word,1.0,,0.593816067653277,0.5938697318007663,False,rfc_complete_source_tuning
factors_finance,4,44,0,text_only,9,linear_svm,word,10.0,,0.5859881031064111,0.5862068965517242,False,rfc_complete_source_tuning
factors_finance,4,44,0,text_only,10,linear_svm,word_char,0.1,,0.5977011494252874,0.5977011494252874,False,rfc_complete_source_tuning
factors_finance,4,44,0,text_only,11,linear_svm,word_char,1.0,,0.5975534539473684,0.5977011494252873,False,rfc_complete_source_tuning
factors_finance,4,44,0,text_only,12,linear_svm,word_char,10.0,,0.5974115642261135,0.5977011494252874,False,rfc_complete_source_tuning
factors_finance,4,44,0,emotion_aware,1,logistic_regression,word,0.1,0.05,0.6053408106640046,0.6053639846743295,False,rfc_complete_source_tuning
factors_finance,4,44,0,emotion_aware,2,logistic_regression,word,0.1,0.1,0.578240686332119,0.578544061302682,False,rfc_complete_source_tuning
factors_finance,4,44,0,emotion_aware,3,logistic_regression,word,0.1,0.25,0.5641343490559445,0.5651340996168582,False,rfc_complete_source_tuning
factors_finance,4,44,0,emotion_aware,4,logistic_regression,word,0.1,0.5,0.5747164149392279,0.5766283524904214,False,rfc_complete_source_tuning
factors_finance,4,44,0,emotion_aware,5,logistic_regression,word,0.1,1.0,0.5681270798477689,0.5689655172413792,False,rfc_complete_source_tuning
factors_finance,4,44,0,emotion_aware,6,logistic_regression,word,1.0,0.05,0.6147714630841927,0.6149425287356323,False,rfc_complete_source_tuning
factors_finance,4,44,0,emotion_aware,7,logistic_regression,word,1.0,0.1,0.603446820535593,0.603448275862069,False,rfc_complete_source_tuning
factors_finance,4,44,0,emotion_aware,8,logistic_regression,word,1.0,0.25,0.6321623089683925,0.632183908045977,True,rfc_complete_source_tuning
factors_finance,4,44,0,emotion_aware,9,logistic_regression,word,1.0,0.5,0.627910052910053,0.6283524904214559,False,rfc_complete_source_tuning
factors_finance,4,44,0,emotion_aware,10,logistic_regression,word,1.0,1.0,0.6164021164021164,0.6168582375478927,False,rfc_complete_source_tuning
factors_finance,4,44,0,emotion_aware,11,logistic_regression,word,10.0,0.05,0.5860549812030076,0.5862068965517242,False,rfc_complete_source_tuning
factors_finance,4,44,0,emotion_aware,12,logistic_regression,word,10.0,0.1,0.5860549812030076,0.5862068965517242,False,rfc_complete_source_tuning
factors_finance,4,44,0,emotion_aware,13,logistic_regression,word,10.0,0.25,0.5957127388184338,0.5957854406130269,False,rfc_complete_source_tuning
factors_finance,4,44,0,emotion_aware,14,logistic_regression,word,10.0,0.5,0.59958012031168,0.5996168582375478,False,rfc_complete_source_tuning
factors_finance,4,44,0,emotion_aware,15,logistic_regression,word,10.0,1.0,0.6014799154334038,0.6015325670498084,False,rfc_complete_source_tuning
factors_finance,4,44,0,emotion_aware,16,logistic_regression,word_char,0.1,0.05,0.6168076109936576,0.6168582375478927,False,rfc_complete_source_tuning
factors_finance,4,44,0,emotion_aware,17,logistic_regression,word_char,0.1,0.1,0.6206005432787607,0.6206896551724138,False,rfc_complete_source_tuning
factors_finance,4,44,0,emotion_aware,18,logistic_regression,word_char,0.1,0.25,0.5934878116872622,0.5938697318007663,False,rfc_complete_source_tuning
factors_finance,4,44,0,emotion_aware,19,logistic_regression,word_char,0.1,0.5,0.5771474019088016,0.578544061302682,False,rfc_complete_source_tuning
factors_finance,4,44,0,emotion_aware,20,logistic_regression,word_char,0.1,1.0,0.5834825614531816,0.5842911877394636,False,rfc_complete_source_tuning
factors_finance,4,44,0,emotion_aware,21,logistic_regression,word_char,1.0,0.05,0.6129756871035941,0.6130268199233717,False,rfc_complete_source_tuning
factors_finance,4,44,0,emotion_aware,22,logistic_regression,word_char,1.0,0.1,0.6149411155925324,0.6149425287356322,False,rfc_complete_source_tuning
factors_finance,4,44,0,emotion_aware,23,logistic_regression,word_char,1.0,0.25,0.6187053792647788,0.6187739463601533,False,rfc_complete_source_tuning
factors_finance,4,44,0,emotion_aware,24,logistic_regression,word_char,1.0,0.5,0.6071629167079657,0.60727969348659,False,rfc_complete_source_tuning
factors_finance,4,44,0,emotion_aware,25,logistic_regression,word_char,1.0,1.0,0.6205503994360902,0.6206896551724137,False,rfc_complete_source_tuning
factors_finance,4,44,0,emotion_aware,26,logistic_regression,word_char,10.0,0.05,0.6032021739529589,0.603448275862069,False,rfc_complete_source_tuning
factors_finance,4,44,0,emotion_aware,27,logistic_regression,word_char,10.0,0.1,0.6034118894953002,0.603448275862069,False,rfc_complete_source_tuning
factors_finance,4,44,0,emotion_aware,28,logistic_regression,word_char,10.0,0.25,0.5938637698179683,0.5938697318007663,False,rfc_complete_source_tuning
factors_finance,4,44,0,emotion_aware,29,logistic_regression,word_char,10.0,0.5,0.5919525254786537,0.5919540229885057,False,rfc_complete_source_tuning
factors_finance,4,44,0,emotion_aware,30,logistic_regression,word_char,10.0,1.0,0.5957720891824938,0.5957854406130267,False,rfc_complete_source_tuning
factors_finance,4,44,0,emotion_aware,31,linear_svm,word,0.1,0.05,0.610995473618132,0.6111111111111112,False,rfc_complete_source_tuning
factors_finance,4,44,0,emotion_aware,32,linear_svm,word,0.1,0.1,0.6091896652965355,0.6091954022988506,False,rfc_complete_source_tuning
factors_finance,4,44,0,emotion_aware,33,linear_svm,word,0.1,0.25,0.6206005432787607,0.6206896551724138,False,rfc_complete_source_tuning
factors_finance,4,44,0,emotion_aware,34,linear_svm,word,0.1,0.5,0.6260401550359118,0.6264367816091954,False,rfc_complete_source_tuning
factors_finance,4,44,0,emotion_aware,35,linear_svm,word,0.1,1.0,0.610595208784263,0.6111111111111112,False,rfc_complete_source_tuning
factors_finance,4,44,0,emotion_aware,36,linear_svm,word,1.0,0.05,0.591832689067301,0.5919540229885057,False,rfc_complete_source_tuning
factors_finance,4,44,0,emotion_aware,37,linear_svm,word,1.0,0.1,0.5841675752469686,0.5842911877394636,False,rfc_complete_source_tuning
factors_finance,4,44,0,emotion_aware,38,linear_svm,word,1.0,0.25,0.5976479915433404,0.5977011494252873,False,rfc_complete_source_tuning
factors_finance,4,44,0,emotion_aware,39,linear_svm,word,1.0,0.5,0.5996036333608588,0.5996168582375478,False,rfc_complete_source_tuning
factors_finance,4,44,0,emotion_aware,40,linear_svm,word,1.0,1.0,0.6053581914268937,0.6053639846743295,False,rfc_complete_source_tuning
factors_finance,4,44,0,emotion_aware,41,linear_svm,word,10.0,0.05,0.5783212161269002,0.578544061302682,False,rfc_complete_source_tuning
factors_finance,4,44,0,emotion_aware,42,linear_svm,word,10.0,0.1,0.5898215465961666,0.5900383141762452,False,rfc_complete_source_tuning
factors_finance,4,44,0,emotion_aware,43,linear_svm,word,10.0,0.25,0.5823509549745292,0.5823754789272031,False,rfc_complete_source_tuning
factors_finance,4,44,0,emotion_aware,44,linear_svm,word,10.0,0.5,0.5900383141762452,0.5900383141762452,False,rfc_complete_source_tuning
factors_finance,4,44,0,emotion_aware,45,linear_svm,word,10.0,1.0,0.5900383141762452,0.5900383141762452,False,rfc_complete_source_tuning
factors_finance,4,44,0,emotion_aware,46,linear_svm,word_char,0.1,0.05,0.6129756871035941,0.6130268199233717,False,rfc_complete_source_tuning
factors_finance,4,44,0,emotion_aware,47,linear_svm,word_char,0.1,0.1,0.6072667217175888,0.60727969348659,False,rfc_complete_source_tuning
factors_finance,4,44,0,emotion_aware,48,linear_svm,word_char,0.1,0.25,0.6167682255341018,0.6168582375478927,False,rfc_complete_source_tuning
factors_finance,4,44,0,emotion_aware,49,linear_svm,word_char,0.1,0.5,0.6128847509398496,0.6130268199233717,False,rfc_complete_source_tuning
factors_finance,4,44,0,emotion_aware,50,linear_svm,word_char,0.1,1.0,0.6224377026248058,0.6226053639846743,False,rfc_complete_source_tuning
factors_finance,4,44,0,emotion_aware,51,linear_svm,word_char,1.0,0.05,0.5937206296992481,0.5938697318007662,False,rfc_complete_source_tuning
factors_finance,4,44,0,emotion_aware,52,linear_svm,word_char,1.0,0.1,0.601509168049092,0.6015325670498084,False,rfc_complete_source_tuning
factors_finance,4,44,0,emotion_aware,53,linear_svm,word_char,1.0,0.25,0.5957127388184338,0.5957854406130269,False,rfc_complete_source_tuning
factors_finance,4,44,0,emotion_aware,54,linear_svm,word_char,1.0,0.5,0.5957127388184338,0.5957854406130269,False,rfc_complete_source_tuning
factors_finance,4,44,0,emotion_aware,55,linear_svm,word_char,1.0,1.0,0.5956652459774672,0.5957854406130267,False,rfc_complete_source_tuning
factors_finance,4,44,0,emotion_aware,56,linear_svm,word_char,10.0,0.05,0.5895502645502646,0.5900383141762453,False,rfc_complete_source_tuning
factors_finance,4,44,0,emotion_aware,57,linear_svm,word_char,10.0,0.1,0.5877822220753033,0.5881226053639846,False,rfc_complete_source_tuning
factors_finance,4,44,0,emotion_aware,58,linear_svm,word_char,10.0,0.25,0.5952492071599975,0.5957854406130267,False,rfc_complete_source_tuning
factors_finance,4,44,0,emotion_aware,59,linear_svm,word_char,10.0,0.5,0.6048941798941798,0.6053639846743295,False,rfc_complete_source_tuning
factors_finance,4,44,0,emotion_aware,60,linear_svm,word_char,10.0,1.0,0.6087301587301588,0.6091954022988506,False,rfc_complete_source_tuning
factors_finance,5,55,0,text_only,1,logistic_regression,word,0.1,,0.579903205535732,0.5804597701149425,False,rfc_complete_source_tuning
factors_finance,5,55,0,text_only,2,logistic_regression,word,1.0,,0.5877822220753033,0.5881226053639846,False,rfc_complete_source_tuning
factors_finance,5,55,0,text_only,3,logistic_regression,word,10.0,,0.5708812260536399,0.5708812260536399,False,rfc_complete_source_tuning
factors_finance,5,55,0,text_only,4,logistic_regression,word_char,0.1,,0.6089140909625104,0.6091954022988506,True,rfc_complete_source_tuning
factors_finance,5,55,0,text_only,5,logistic_regression,word_char,1.0,,0.5996036333608588,0.5996168582375478,False,rfc_complete_source_tuning
factors_finance,5,55,0,text_only,6,logistic_regression,word_char,10.0,,0.5746564482029599,0.5747126436781609,False,rfc_complete_source_tuning
factors_finance,5,55,0,text_only,7,linear_svm,word,0.1,,0.5858177703983426,0.5862068965517242,False,rfc_complete_source_tuning
factors_finance,5,55,0,text_only,8,linear_svm,word,1.0,,0.572757736026338,0.5727969348659003,False,rfc_complete_source_tuning
factors_finance,5,55,0,text_only,9,linear_svm,word,10.0,,0.5747064004697593,0.5747126436781609,False,rfc_complete_source_tuning
factors_finance,5,55,0,text_only,10,linear_svm,word_char,0.1,,0.59958012031168,0.5996168582375478,False,rfc_complete_source_tuning
factors_finance,5,55,0,text_only,11,linear_svm,word_char,1.0,,0.5747126436781609,0.5747126436781609,False,rfc_complete_source_tuning
factors_finance,5,55,0,text_only,12,linear_svm,word_char,10.0,,0.5630580357142857,0.5632183908045978,False,rfc_complete_source_tuning
factors_finance,5,55,0,emotion_aware,1,logistic_regression,word,0.1,0.05,0.5955345831114702,0.5957854406130269,False,rfc_complete_source_tuning
factors_finance,5,55,0,emotion_aware,2,logistic_regression,word,0.1,0.1,0.5974115642261135,0.5977011494252874,False,rfc_complete_source_tuning
factors_finance,5,55,0,emotion_aware,3,logistic_regression,word,0.1,0.25,0.5724438861525238,0.5727969348659003,False,rfc_complete_source_tuning
factors_finance,5,55,0,emotion_aware,4,logistic_regression,word,0.1,0.5,0.5791608839543076,0.5804597701149425,False,rfc_complete_source_tuning
factors_finance,5,55,0,emotion_aware,5,logistic_regression,word,0.1,1.0,0.5745565084586466,0.5747126436781609,False,rfc_complete_source_tuning
factors_finance,5,55,0,emotion_aware,6,logistic_regression,word,1.0,0.05,0.595451390036693,0.5957854406130269,False,rfc_complete_source_tuning
factors_finance,5,55,0,emotion_aware,7,logistic_regression,word,1.0,0.1,0.5951301816256989,0.5957854406130269,False,rfc_complete_source_tuning
factors_finance,5,55,0,emotion_aware,8,logistic_regression,word,1.0,0.25,0.5985428051001821,0.5996168582375478,False,rfc_complete_source_tuning
factors_finance,5,55,0,emotion_aware,9,logistic_regression,word,1.0,0.5,0.6040562036055144,0.6053639846743295,False,rfc_complete_source_tuning
factors_finance,5,55,0,emotion_aware,10,logistic_regression,word,1.0,1.0,0.6023845007451565,0.603448275862069,False,rfc_complete_source_tuning
factors_finance,5,55,0,emotion_aware,11,logistic_regression,word,10.0,0.05,0.5746564482029599,0.5747126436781609,False,rfc_complete_source_tuning
factors_finance,5,55,0,emotion_aware,12,logistic_regression,word,10.0,0.1,0.5880485253363188,0.5881226053639846,False,rfc_complete_source_tuning
factors_finance,5,55,0,emotion_aware,13,logistic_regression,word,10.0,0.25,0.5840331968492372,0.5842911877394636,False,rfc_complete_source_tuning
factors_finance,5,55,0,emotion_aware,14,logistic_regression,word,10.0,0.5,0.5783212161269002,0.578544061302682,False,rfc_complete_source_tuning
factors_finance,5,55,0,emotion_aware,15,logistic_regression,word,10.0,1.0,0.5821546596166556,0.5823754789272031,False,rfc_complete_source_tuning
factors_finance,5,55,0,emotion_aware,16,logistic_regression,word_char,0.1,0.05,0.5838498135527839,0.5842911877394636,False,rfc_complete_source_tuning
factors_finance,5,55,0,emotion_aware,17,logistic_regression,word_char,0.1,0.1,0.5933862433862434,0.5938697318007662,False,rfc_complete_source_tuning
factors_finance,5,55,0,emotion_aware,18,logistic_regression,word_char,0.1,0.25,0.5833354790534799,0.5842911877394636,False,rfc_complete_source_tuning
factors_finance,5,55,0,emotion_aware,19,logistic_regression,word_char,0.1,0.5,0.5828198716130861,0.5842911877394636,False,rfc_complete_source_tuning
factors_finance,5,55,0,emotion_aware,20,logistic_regression,word_char,0.1,1.0,0.5972222222222223,0.5977011494252873,False,rfc_complete_source_tuning
factors_finance,5,55,0,emotion_aware,21,logistic_regression,word_char,1.0,0.05,0.6014389545554658,0.6015325670498084,False,rfc_complete_source_tuning
factors_finance,5,55,0,emotion_aware,22,logistic_regression,word_char,1.0,0.1,0.5993683785322146,0.5996168582375478,False,rfc_complete_source_tuning
factors_finance,5,55,0,emotion_aware,23,logistic_regression,word_char,1.0,0.25,0.5934878116872622,0.5938697318007663,False,rfc_complete_source_tuning
factors_finance,5,55,0,emotion_aware,24,logistic_regression,word_char,1.0,0.5,0.6025366090510154,0.603448275862069,False,rfc_complete_source_tuning
factors_finance,5,55,0,emotion_aware,25,logistic_regression,word_char,1.0,1.0,0.6045280021183635,0.6053639846743295,False,rfc_complete_source_tuning
factors_finance,5,55,0,emotion_aware,26,logistic_regression,word_char,10.0,0.05,0.578537874339401,0.578544061302682,False,rfc_complete_source_tuning
factors_finance,5,55,0,emotion_aware,27,logistic_regression,word_char,10.0,0.1,0.5861825975894417,0.5862068965517242,False,rfc_complete_source_tuning
factors_finance,5,55,0,emotion_aware,28,logistic_regression,word_char,10.0,0.25,0.5880848127608191,0.5881226053639848,False,rfc_complete_source_tuning
factors_finance,5,55,0,emotion_aware,29,logistic_regression,word_char,10.0,0.5,0.5765522051131462,0.5766283524904214,False,rfc_complete_source_tuning
factors_finance,5,55,0,emotion_aware,30,logistic_regression,word_char,10.0,1.0,0.5650047906961377,0.5651340996168582,False,rfc_complete_source_tuning
factors_finance,5,55,0,emotion_aware,31,linear_svm,word,0.1,0.05,0.5915207847315344,0.5919540229885057,False,rfc_complete_source_tuning
factors_finance,5,55,0,emotion_aware,32,linear_svm,word,0.1,0.1,0.5949991726572411,0.5957854406130267,False,rfc_complete_source_tuning
factors_finance,5,55,0,emotion_aware,33,linear_svm,word,0.1,0.25,0.6060638411444432,0.60727969348659,False,rfc_complete_source_tuning
factors_finance,5,55,0,emotion_aware,34,linear_svm,word,0.1,0.5,0.6040562036055144,0.6053639846743295,False,rfc_complete_source_tuning
factors_finance,5,55,0,emotion_aware,35,linear_svm,word,0.1,1.0,0.6082234518483636,0.6091954022988506,False,rfc_complete_source_tuning
factors_finance,5,55,0,emotion_aware,36,linear_svm,word,1.0,0.05,0.5804582304217144,0.5804597701149425,False,rfc_complete_source_tuning
factors_finance,5,55,0,emotion_aware,37,linear_svm,word,1.0,0.1,0.5823202959830867,0.5823754789272031,False,rfc_complete_source_tuning
factors_finance,5,55,0,emotion_aware,38,linear_svm,word,1.0,0.25,0.587939624692047,0.5881226053639848,False,rfc_complete_source_tuning
factors_finance,5,55,0,emotion_aware,39,linear_svm,word,1.0,0.5,0.5859881031064111,0.5862068965517242,False,rfc_complete_source_tuning
factors_finance,5,55,0,emotion_aware,40,linear_svm,word,1.0,1.0,0.5860549812030076,0.5862068965517242,False,rfc_complete_source_tuning
factors_finance,5,55,0,emotion_aware,41,linear_svm,word,10.0,0.05,0.5804459124690339,0.5804597701149425,False,rfc_complete_source_tuning
factors_finance,5,55,0,emotion_aware,42,linear_svm,word,10.0,0.1,0.5938637698179683,0.5938697318007663,False,rfc_complete_source_tuning
factors_finance,5,55,0,emotion_aware,43,linear_svm,word,10.0,0.25,0.6072090590416062,0.60727969348659,False,rfc_complete_source_tuning
factors_finance,5,55,0,emotion_aware,44,linear_svm,word,10.0,0.5,0.5976479915433404,0.5977011494252873,False,rfc_complete_source_tuning
factors_finance,5,55,0,emotion_aware,45,linear_svm,word,10.0,1.0,0.5957127388184338,0.5957854406130269,False,rfc_complete_source_tuning
factors_finance,5,55,0,emotion_aware,46,linear_svm,word_char,0.1,0.05,0.5975534539473684,0.5977011494252873,False,rfc_complete_source_tuning
factors_finance,5,55,0,emotion_aware,47,linear_svm,word_char,0.1,0.1,0.5993683785322146,0.5996168582375478,False,rfc_complete_source_tuning
factors_finance,5,55,0,emotion_aware,48,linear_svm,word_char,0.1,0.25,0.5910159310524941,0.5919540229885057,False,rfc_complete_source_tuning
factors_finance,5,55,0,emotion_aware,49,linear_svm,word_char,0.1,0.5,0.6065157838613007,0.60727969348659,False,rfc_complete_source_tuning
factors_finance,5,55,0,emotion_aware,50,linear_svm,word_char,0.1,1.0,0.6085,0.6091954022988506,True,rfc_complete_source_tuning
factors_finance,5,55,0,emotion_aware,51,linear_svm,word_char,1.0,0.05,0.5804582304217144,0.5804597701149425,False,rfc_complete_source_tuning
factors_finance,5,55,0,emotion_aware,52,linear_svm,word_char,1.0,0.1,0.578537874339401,0.578544061302682,False,rfc_complete_source_tuning
factors_finance,5,55,0,emotion_aware,53,linear_svm,word_char,1.0,0.25,0.5804212743935785,0.5804597701149425,False,rfc_complete_source_tuning
factors_finance,5,55,0,emotion_aware,54,linear_svm,word_char,1.0,0.5,0.5727200983720888,0.5727969348659003,False,rfc_complete_source_tuning
factors_finance,5,55,0,emotion_aware,55,linear_svm,word_char,1.0,1.0,0.5689259668427176,0.5689655172413792,False,rfc_complete_source_tuning
factors_finance,5,55,0,emotion_aware,56,linear_svm,word_char,10.0,0.05,0.5611722337859715,0.5613026819923372,False,rfc_complete_source_tuning
factors_finance,5,55,0,emotion_aware,57,linear_svm,word_char,10.0,0.1,0.5612237781489162,0.5613026819923371,False,rfc_complete_source_tuning
factors_finance,5,55,0,emotion_aware,58,linear_svm,word_char,10.0,0.25,0.572757736026338,0.5727969348659003,False,rfc_complete_source_tuning
factors_finance,5,55,0,emotion_aware,59,linear_svm,word_char,10.0,0.5,0.5746876697447039,0.5747126436781609,False,rfc_complete_source_tuning
factors_finance,5,55,0,emotion_aware,60,linear_svm,word_char,10.0,1.0,0.5746876697447039,0.5747126436781609,False,rfc_complete_source_tuning
factors_finance,6,66,0,text_only,1,logistic_regression,word,0.1,,0.6029222079721303,0.603448275862069,False,rfc_complete_source_tuning
factors_finance,6,66,0,text_only,2,logistic_regression,word,1.0,,0.5974115642261135,0.5977011494252874,False,rfc_complete_source_tuning
factors_finance,6,66,0,text_only,3,logistic_regression,word,10.0,,0.6022205615458525,0.603448275862069,False,rfc_complete_source_tuning
factors_finance,6,66,0,text_only,4,logistic_regression,word_char,0.1,,0.6030272414996601,0.603448275862069,False,rfc_complete_source_tuning
factors_finance,6,66,0,text_only,5,logistic_regression,word_char,1.0,,0.6109383433138862,0.6111111111111112,False,rfc_complete_source_tuning
factors_finance,6,66,0,text_only,6,logistic_regression,word_char,10.0,,0.6106982126784106,0.6111111111111112,False,rfc_complete_source_tuning
factors_finance,6,66,0,text_only,7,linear_svm,word,0.1,,0.5992859740173879,0.5996168582375478,False,rfc_complete_source_tuning
factors_finance,6,66,0,text_only,8,linear_svm,word,1.0,,0.600541558747351,0.6015325670498084,False,rfc_complete_source_tuning
factors_finance,6,66,0,text_only,9,linear_svm,word,10.0,,0.6217377390485509,0.6226053639846743,True,rfc_complete_source_tuning
factors_finance,6,66,0,text_only,10,linear_svm,word_char,0.1,,0.6166556510244547,0.6168582375478927,False,rfc_complete_source_tuning
factors_finance,6,66,0,text_only,11,linear_svm,word_char,1.0,,0.6072436586789205,0.60727969348659,False,rfc_complete_source_tuning
factors_finance,6,66,0,text_only,12,linear_svm,word_char,10.0,,0.6032721037732731,0.603448275862069,False,rfc_complete_source_tuning
factors_finance,6,66,0,emotion_aware,1,logistic_regression,word,0.1,0.05,0.5991917559102848,0.5996168582375478,False,rfc_complete_source_tuning
factors_finance,6,66,0,emotion_aware,2,logistic_regression,word,0.1,0.1,0.5972222222222223,0.5977011494252873,False,rfc_complete_source_tuning
factors_finance,6,66,0,emotion_aware,3,logistic_regression,word,0.1,0.25,0.5699721964782205,0.5708812260536398,False,rfc_complete_source_tuning
factors_finance,6,66,0,emotion_aware,4,logistic_regression,word,0.1,0.5,0.5564538970569302,0.5574712643678161,False,rfc_complete_source_tuning
factors_finance,6,66,0,emotion_aware,5,logistic_regression,word,0.1,1.0,0.5659730397927949,0.5670498084291188,False,rfc_complete_source_tuning
factors_finance,6,66,0,emotion_aware,6,logistic_regression,word,1.0,0.05,0.6067587083781967,0.60727969348659,False,rfc_complete_source_tuning
factors_finance,6,66,0,emotion_aware,7,logistic_regression,word,1.0,0.1,0.6294181910475651,0.6302681992337165,True,rfc_complete_source_tuning
factors_finance,6,66,0,emotion_aware,8,logistic_regression,word,1.0,0.25,0.6214369595388065,0.6226053639846743,False,rfc_complete_source_tuning
factors_finance,6,66,0,emotion_aware,9,logistic_regression,word,1.0,0.5,0.6180323950653601,0.6187739463601533,False,rfc_complete_source_tuning
factors_finance,6,66,0,emotion_aware,10,logistic_regression,word,1.0,1.0,0.6160466039984112,0.6168582375478928,False,rfc_complete_source_tuning
factors_finance,6,66,0,emotion_aware,11,logistic_regression,word,10.0,0.05,0.6066430674562477,0.60727969348659,False,rfc_complete_source_tuning
factors_finance,6,66,0,emotion_aware,12,logistic_regression,word,10.0,0.1,0.6219935818969795,0.6226053639846744,False,rfc_complete_source_tuning
factors_finance,6,66,0,emotion_aware,13,logistic_regression,word,10.0,0.25,0.6088278942651013,0.6091954022988506,False,rfc_complete_source_tuning
factors_finance,6,66,0,emotion_aware,14,logistic_regression,word,10.0,0.5,0.6068627270890354,0.60727969348659,False,rfc_complete_source_tuning
factors_finance,6,66,0,emotion_aware,15,logistic_regression,word,10.0,1.0,0.6049928736206416,0.6053639846743295,False,rfc_complete_source_tuning
factors_finance,6,66,0,emotion_aware,16,logistic_regression,word_char,0.1,0.05,0.6012457398049125,0.6015325670498084,False,rfc_complete_source_tuning
factors_finance,6,66,0,emotion_aware,17,logistic_regression,word_char,0.1,0.1,0.6048941798941798,0.6053639846743295,False,rfc_complete_source_tuning
factors_finance,6,66,0,emotion_aware,18,logistic_regression,word_char,0.1,0.25,0.5642882094464158,0.5651340996168582,False,rfc_complete_source_tuning
factors_finance,6,66,0,emotion_aware,19,logistic_regression,word_char,0.1,0.5,0.5776512643982523,0.578544061302682,False,rfc_complete_source_tuning
factors_finance,6,66,0,emotion_aware,20,logistic_regression,word_char,0.1,1.0,0.5817615148263037,0.5823754789272031,False,rfc_complete_source_tuning
factors_finance,6,66,0,emotion_aware,21,logistic_regression,word_char,1.0,0.05,0.614533698267786,0.6149425287356323,False,rfc_complete_source_tuning
factors_finance,6,66,0,emotion_aware,22,logistic_regression,word_char,1.0,0.1,0.6186045828544993,0.6187739463601533,False,rfc_complete_source_tuning
factors_finance,6,66,0,emotion_aware,23,logistic_regression,word_char,1.0,0.25,0.6103546542626538,0.6111111111111112,False,rfc_complete_source_tuning
factors_finance,6,66,0,emotion_aware,24,logistic_regression,word_char,1.0,0.5,0.6137504003416249,0.6149425287356322,False,rfc_complete_source_tuning
factors_finance,6,66,0,emotion_aware,25,logistic_regression,word_char,1.0,1.0,0.6122070700383953,0.6130268199233717,False,rfc_complete_source_tuning
factors_finance,6,66,0,emotion_aware,26,logistic_regression,word_char,10.0,0.05,0.6127482665413092,0.6130268199233716,False,rfc_complete_source_tuning
factors_finance,6,66,0,emotion_aware,27,logistic_regression,word_char,10.0,0.1,0.6032021739529589,0.603448275862069,False,rfc_complete_source_tuning
factors_finance,6,66,0,emotion_aware,28,logistic_regression,word_char,10.0,0.25,0.6069551419787775,0.60727969348659,False,rfc_complete_source_tuning
factors_finance,6,66,0,emotion_aware,29,logistic_regression,word_char,10.0,0.5,0.614533698267786,0.6149425287356323,False,rfc_complete_source_tuning
factors_finance,6,66,0,emotion_aware,30,logistic_regression,word_char,10.0,1.0,0.6068627270890354,0.60727969348659,False,rfc_complete_source_tuning
factors_finance,6,66,0,emotion_aware,31,linear_svm,word,0.1,0.05,0.6067587083781967,0.60727969348659,False,rfc_complete_source_tuning
factors_finance,6,66,0,emotion_aware,32,linear_svm,word,0.1,0.1,0.6235872380503885,0.6245210727969348,False,rfc_complete_source_tuning
factors_finance,6,66,0,emotion_aware,33,linear_svm,word,0.1,0.25,0.6177512833250538,0.6187739463601533,False,rfc_complete_source_tuning
factors_finance,6,66,0,emotion_aware,34,linear_svm,word,0.1,0.5,0.6140572870495367,0.6149425287356323,False,rfc_complete_source_tuning
factors_finance,6,66,0,emotion_aware,35,linear_svm,word,0.1,1.0,0.6139095876800795,0.6149425287356322,False,rfc_complete_source_tuning
factors_finance,6,66,0,emotion_aware,36,linear_svm,word,1.0,0.05,0.6065157838613007,0.60727969348659,False,rfc_complete_source_tuning
factors_finance,6,66,0,emotion_aware,37,linear_svm,word,1.0,0.1,0.6183691838571612,0.6187739463601531,False,rfc_complete_source_tuning
factors_finance,6,66,0,emotion_aware,38,linear_svm,word,1.0,0.25,0.6046617647058823,0.6053639846743295,False,rfc_complete_source_tuning
factors_finance,6,66,0,emotion_aware,39,linear_svm,word,1.0,0.5,0.600946766439776,0.6015325670498084,False,rfc_complete_source_tuning
factors_finance,6,66,0,emotion_aware,40,linear_svm,word,1.0,1.0,0.600946766439776,0.6015325670498084,False,rfc_complete_source_tuning
factors_finance,6,66,0,emotion_aware,41,linear_svm,word,10.0,0.05,0.6100678920351051,0.6111111111111112,False,rfc_complete_source_tuning
factors_finance,6,66,0,emotion_aware,42,linear_svm,word,10.0,0.1,0.6083675360783795,0.6091954022988506,False,rfc_complete_source_tuning
factors_finance,6,66,0,emotion_aware,43,linear_svm,word,10.0,0.25,0.5947011094552078,0.5957854406130269,False,rfc_complete_source_tuning
factors_finance,6,66,0,emotion_aware,44,linear_svm,word,10.0,0.5,0.5947011094552078,0.5957854406130269,False,rfc_complete_source_tuning
factors_finance,6,66,0,emotion_aware,45,linear_svm,word,10.0,1.0,0.5986963830515084,0.5996168582375478,False,rfc_complete_source_tuning
factors_finance,6,66,0,emotion_aware,46,linear_svm,word_char,0.1,0.05,0.6030272414996601,0.603448275862069,False,rfc_complete_source_tuning
factors_finance,6,66,0,emotion_aware,47,linear_svm,word_char,0.1,0.1,0.614703560215192,0.6149425287356322,False,rfc_complete_source_tuning
factors_finance,6,66,0,emotion_aware,48,linear_svm,word_char,0.1,0.25,0.6160466039984112,0.6168582375478928,False,rfc_complete_source_tuning
factors_finance,6,66,0,emotion_aware,49,linear_svm,word_char,0.1,0.5,0.6155885471898197,0.6168582375478927,False,rfc_complete_source_tuning
factors_finance,6,66,0,emotion_aware,50,linear_svm,word_char,0.1,1.0,0.6120643983988698,0.6130268199233717,False,rfc_complete_source_tuning
factors_finance,6,66,0,emotion_aware,51,linear_svm,word_char,1.0,0.05,0.6110411657826638,0.6111111111111112,False,rfc_complete_source_tuning
factors_finance,6,66,0,emotion_aware,52,linear_svm,word_char,1.0,0.1,0.6071052235435797,0.60727969348659,False,rfc_complete_source_tuning
factors_finance,6,66,0,emotion_aware,53,linear_svm,word_char,1.0,0.25,0.6050799153837114,0.6053639846743295,False,rfc_complete_source_tuning
factors_finance,6,66,0,emotion_aware,54,linear_svm,word_char,1.0,0.5,0.6124579174078594,0.6130268199233716,False,rfc_complete_source_tuning
factors_finance,6,66,0,emotion_aware,55,linear_svm,word_char,1.0,1.0,0.6143183246766135,0.6149425287356322,False,rfc_complete_source_tuning
factors_finance,6,66,0,emotion_aware,56,linear_svm,word_char,10.0,0.05,0.6052191024436091,0.6053639846743295,False,rfc_complete_source_tuning
factors_finance,6,66,0,emotion_aware,57,linear_svm,word_char,10.0,0.1,0.5994389840029666,0.5996168582375478,False,rfc_complete_source_tuning
factors_finance,6,66,0,emotion_aware,58,linear_svm,word_char,10.0,0.25,0.5916168060559981,0.5919540229885057,False,rfc_complete_source_tuning
factors_finance,6,66,0,emotion_aware,59,linear_svm,word_char,10.0,0.5,0.5972222222222223,0.5977011494252873,False,rfc_complete_source_tuning
factors_finance,6,66,0,emotion_aware,60,linear_svm,word_char,10.0,1.0,0.6010582010582011,0.6015325670498084,False,rfc_complete_source_tuning
factors_finance,7,77,0,text_only,1,logistic_regression,word,0.1,,0.6048941798941798,0.6053639846743295,True,rfc_complete_source_tuning
factors_finance,7,77,0,text_only,2,logistic_regression,word,1.0,,0.5838498135527839,0.5842911877394636,False,rfc_complete_source_tuning
factors_finance,7,77,0,text_only,3,logistic_regression,word,10.0,,0.5762784701332188,0.5766283524904214,False,rfc_complete_source_tuning
factors_finance,7,77,0,text_only,4,logistic_regression,word_char,0.1,,0.5996036333608588,0.5996168582375478,False,rfc_complete_source_tuning
factors_finance,7,77,0,text_only,5,logistic_regression,word_char,1.0,,0.59958012031168,0.5996168582375478,False,rfc_complete_source_tuning
factors_finance,7,77,0,text_only,6,logistic_regression,word_char,10.0,,0.5919525254786537,0.5919540229885057,False,rfc_complete_source_tuning
factors_finance,7,77,0,text_only,7,linear_svm,word,0.1,,0.5896527910428024,0.5900383141762452,False,rfc_complete_source_tuning
factors_finance,7,77,0,text_only,8,linear_svm,word,1.0,,0.5706543291473893,0.5708812260536398,False,rfc_complete_source_tuning
factors_finance,7,77,0,text_only,9,linear_svm,word,10.0,,0.5804459124690339,0.5804597701149425,False,rfc_complete_source_tuning
factors_finance,7,77,0,text_only,10,linear_svm,word_char,0.1,,0.6034351775392238,0.603448275862069,False,rfc_complete_source_tuning
factors_finance,7,77,0,text_only,11,linear_svm,word_char,1.0,,0.5860549812030076,0.5862068965517242,False,rfc_complete_source_tuning
factors_finance,7,77,0,text_only,12,linear_svm,word_char,10.0,,0.5783893327067668,0.578544061302682,False,rfc_complete_source_tuning
factors_finance,7,77,0,emotion_aware,1,logistic_regression,word,0.1,0.05,0.5976066368108068,0.5977011494252873,False,rfc_complete_source_tuning
factors_finance,7,77,0,emotion_aware,2,logistic_regression,word,0.1,0.1,0.5919165819444394,0.5919540229885057,False,rfc_complete_source_tuning
factors_finance,7,77,0,emotion_aware,3,logistic_regression,word,0.1,0.25,0.5644291527442353,0.5651340996168582,False,rfc_complete_source_tuning
factors_finance,7,77,0,emotion_aware,4,logistic_regression,word,0.1,0.5,0.5674399590458268,0.5689655172413792,False,rfc_complete_source_tuning
factors_finance,7,77,0,emotion_aware,5,logistic_regression,word,0.1,1.0,0.5551376052426642,0.5555555555555556,False,rfc_complete_source_tuning
factors_finance,7,77,0,emotion_aware,6,logistic_regression,word,1.0,0.05,0.593654990085922,0.5938697318007663,False,rfc_complete_source_tuning
factors_finance,7,77,0,emotion_aware,7,logistic_regression,word,1.0,0.1,0.595451390036693,0.5957854406130269,False,rfc_complete_source_tuning
factors_finance,7,77,0,emotion_aware,8,logistic_regression,word,1.0,0.25,0.6032021739529589,0.603448275862069,False,rfc_complete_source_tuning
factors_finance,7,77,0,emotion_aware,9,logistic_regression,word,1.0,0.5,0.5973228323317219,0.5977011494252873,False,rfc_complete_source_tuning
factors_finance,7,77,0,emotion_aware,10,logistic_regression,word,1.0,1.0,0.5896527910428024,0.5900383141762452,False,rfc_complete_source_tuning
factors_finance,7,77,0,emotion_aware,11,logistic_regression,word,10.0,0.05,0.578042328042328,0.578544061302682,False,rfc_complete_source_tuning
factors_finance,7,77,0,emotion_aware,12,logistic_regression,word,10.0,0.1,0.5860549812030076,0.5862068965517242,False,rfc_complete_source_tuning
factors_finance,7,77,0,emotion_aware,13,logistic_regression,word,10.0,0.25,0.5878669922699815,0.5881226053639846,False,rfc_complete_source_tuning
factors_finance,7,77,0,emotion_aware,14,logistic_regression,word,10.0,0.5,0.5820748619109178,0.5823754789272031,False,rfc_complete_source_tuning
factors_finance,7,77,0,emotion_aware,15,logistic_regression,word,10.0,1.0,0.5801994014284928,0.5804597701149425,False,rfc_complete_source_tuning
factors_finance,7,77,0,emotion_aware,16,logistic_regression,word_char,0.1,0.05,0.6034351775392238,0.603448275862069,False,rfc_complete_source_tuning
factors_finance,7,77,0,emotion_aware,17,logistic_regression,word_char,0.1,0.1,0.5841065049217404,0.5842911877394636,False,rfc_complete_source_tuning
factors_finance,7,77,0,emotion_aware,18,logistic_regression,word_char,0.1,0.25,0.5721044099646012,0.5727969348659003,False,rfc_complete_source_tuning
factors_finance,7,77,0,emotion_aware,19,logistic_regression,word_char,0.1,0.5,0.5791608839543076,0.5804597701149425,False,rfc_complete_source_tuning
factors_finance,7,77,0,emotion_aware,20,logistic_regression,word_char,0.1,1.0,0.5609401342104393,0.5613026819923372,False,rfc_complete_source_tuning
factors_finance,7,77,0,emotion_aware,21,logistic_regression,word_char,1.0,0.05,0.6071629167079657,0.60727969348659,True,rfc_complete_source_tuning
factors_finance,7,77,0,emotion_aware,22,logistic_regression,word_char,1.0,0.1,0.6014799154334038,0.6015325670498084,False,rfc_complete_source_tuning
factors_finance,7,77,0,emotion_aware,23,logistic_regression,word_char,1.0,0.25,0.6053581914268937,0.6053639846743295,False,rfc_complete_source_tuning
factors_finance,7,77,0,emotion_aware,24,logistic_regression,word_char,1.0,0.5,0.6033303597977996,0.603448275862069,False,rfc_complete_source_tuning
factors_finance,7,77,0,emotion_aware,25,logistic_regression,word_char,1.0,1.0,0.5994978028876334,0.5996168582375478,False,rfc_complete_source_tuning
factors_finance,7,77,0,emotion_aware,26,logistic_regression,word_char,10.0,0.05,0.59958012031168,0.5996168582375478,False,rfc_complete_source_tuning
factors_finance,7,77,0,emotion_aware,27,logistic_regression,word_char,10.0,0.1,0.6034118894953002,0.603448275862069,False,rfc_complete_source_tuning
factors_finance,7,77,0,emotion_aware,28,logistic_regression,word_char,10.0,0.25,0.5957127388184338,0.5957854406130269,False,rfc_complete_source_tuning
factors_finance,7,77,0,emotion_aware,29,logistic_regression,word_char,10.0,0.5,0.5823202959830867,0.5823754789272031,False,rfc_complete_source_tuning
factors_finance,7,77,0,emotion_aware,30,logistic_regression,word_char,10.0,1.0,0.5842530435771988,0.5842911877394636,False,rfc_complete_source_tuning
factors_finance,7,77,0,emotion_aware,31,linear_svm,word,0.1,0.05,0.5974884335756775,0.5977011494252873,False,rfc_complete_source_tuning
factors_finance,7,77,0,emotion_aware,32,linear_svm,word,0.1,0.1,0.5955345831114702,0.5957854406130269,False,rfc_complete_source_tuning
factors_finance,7,77,0,emotion_aware,33,linear_svm,word,0.1,0.25,0.6011578529761817,0.6015325670498084,False,rfc_complete_source_tuning
factors_finance,7,77,0,emotion_aware,34,linear_svm,word,0.1,0.5,0.5971097161170815,0.5977011494252873,False,rfc_complete_source_tuning
factors_finance,7,77,0,emotion_aware,35,linear_svm,word,0.1,1.0,0.5933862433862434,0.5938697318007662,False,rfc_complete_source_tuning
factors_finance,7,77,0,emotion_aware,36,linear_svm,word,1.0,0.05,0.5763656060077484,0.5766283524904214,False,rfc_complete_source_tuning
factors_finance,7,77,0,emotion_aware,37,linear_svm,word,1.0,0.1,0.5860549812030076,0.5862068965517242,False,rfc_complete_source_tuning
factors_finance,7,77,0,emotion_aware,38,linear_svm,word,1.0,0.25,0.5877822220753033,0.5881226053639846,False,rfc_complete_source_tuning
factors_finance,7,77,0,emotion_aware,39,linear_svm,word,1.0,0.5,0.5875762063478647,0.5881226053639848,False,rfc_complete_source_tuning
factors_finance,7,77,0,emotion_aware,40,linear_svm,word,1.0,1.0,0.5837397059417984,0.5842911877394636,False,rfc_complete_source_tuning
factors_finance,7,77,0,emotion_aware,41,linear_svm,word,10.0,0.05,0.5747064004697593,0.5747126436781609,False,rfc_complete_source_tuning
factors_finance,7,77,0,emotion_aware,42,linear_svm,word,10.0,0.1,0.5747064004697593,0.5747126436781609,False,rfc_complete_source_tuning
factors_finance,7,77,0,emotion_aware,43,linear_svm,word,10.0,0.25,0.5880848127608191,0.5881226053639848,False,rfc_complete_source_tuning
factors_finance,7,77,0,emotion_aware,44,linear_svm,word,10.0,0.5,0.5918806320773763,0.5919540229885057,False,rfc_complete_source_tuning
factors_finance,7,77,0,emotion_aware,45,linear_svm,word,10.0,1.0,0.5899841437632136,0.5900383141762452,False,rfc_complete_source_tuning
factors_finance,7,77,0,emotion_aware,46,linear_svm,word_char,0.1,0.05,0.6053118393234672,0.6053639846743295,False,rfc_complete_source_tuning
factors_finance,7,77,0,emotion_aware,47,linear_svm,word_char,0.1,0.1,0.601509168049092,0.6015325670498084,False,rfc_complete_source_tuning
factors_finance,7,77,0,emotion_aware,48,linear_svm,word_char,0.1,0.25,0.6034351775392238,0.603448275862069,False,rfc_complete_source_tuning
factors_finance,7,77,0,emotion_aware,49,linear_svm,word_char,0.1,0.5,0.5992859740173879,0.5996168582375478,False,rfc_complete_source_tuning
factors_finance,7,77,0,emotion_aware,50,linear_svm,word_char,0.1,1.0,0.5973228323317219,0.5977011494252873,False,rfc_complete_source_tuning
factors_finance,7,77,0,emotion_aware,51,linear_svm,word_char,1.0,0.05,0.5976775254341795,0.5977011494252873,False,rfc_complete_source_tuning
factors_finance,7,77,0,emotion_aware,52,linear_svm,word_char,1.0,0.1,0.5976066368108068,0.5977011494252873,False,rfc_complete_source_tuning
factors_finance,7,77,0,emotion_aware,53,linear_svm,word_char,1.0,0.25,0.5937206296992481,0.5938697318007662,False,rfc_complete_source_tuning
factors_finance,7,77,0,emotion_aware,54,linear_svm,word_char,1.0,0.5,0.5917007876907259,0.5919540229885057,False,rfc_complete_source_tuning
factors_finance,7,77,0,emotion_aware,55,linear_svm,word_char,1.0,1.0,0.5898215465961666,0.5900383141762452,False,rfc_complete_source_tuning
factors_finance,7,77,0,emotion_aware,56,linear_svm,word_char,10.0,0.05,0.5861825975894417,0.5862068965517242,False,rfc_complete_source_tuning
factors_finance,7,77,0,emotion_aware,57,linear_svm,word_char,10.0,0.1,0.5976479915433404,0.5977011494252873,False,rfc_complete_source_tuning
factors_finance,7,77,0,emotion_aware,58,linear_svm,word_char,10.0,0.25,0.5841065049217404,0.5842911877394636,False,rfc_complete_source_tuning
factors_finance,7,77,0,emotion_aware,59,linear_svm,word_char,10.0,0.5,0.5859881031064111,0.5862068965517242,False,rfc_complete_source_tuning
factors_finance,7,77,0,emotion_aware,60,linear_svm,word_char,10.0,1.0,0.5859881031064111,0.5862068965517242,False,rfc_complete_source_tuning
factors_finance,8,88,0,text_only,1,logistic_regression,word,0.1,,0.5876852991421591,0.5881226053639848,False,rfc_complete_source_tuning
factors_finance,8,88,0,text_only,2,logistic_regression,word,1.0,,0.5823509549745292,0.5823754789272031,False,rfc_complete_source_tuning
factors_finance,8,88,0,text_only,3,logistic_regression,word,10.0,,0.563115777108876,0.5632183908045977,False,rfc_complete_source_tuning
factors_finance,8,88,0,text_only,4,logistic_regression,word_char,0.1,,0.6165824421201082,0.6168582375478927,False,rfc_complete_source_tuning
factors_finance,8,88,0,text_only,5,logistic_regression,word_char,1.0,,0.6187053792647788,0.6187739463601533,True,rfc_complete_source_tuning
factors_finance,8,88,0,text_only,6,logistic_regression,word_char,10.0,,0.6107897259594723,0.6111111111111112,False,rfc_complete_source_tuning
factors_finance,8,88,0,text_only,7,linear_svm,word,0.1,,0.5804212743935785,0.5804597701149425,False,rfc_complete_source_tuning
factors_finance,8,88,0,text_only,8,linear_svm,word,1.0,,0.5726071456108208,0.5727969348659003,False,rfc_complete_source_tuning
factors_finance,8,88,0,text_only,9,linear_svm,word,10.0,,0.568609302171829,0.5689655172413793,False,rfc_complete_source_tuning
factors_finance,8,88,0,text_only,10,linear_svm,word_char,0.1,,0.6187053792647788,0.6187739463601533,False,rfc_complete_source_tuning
factors_finance,8,88,0,text_only,11,linear_svm,word_char,1.0,,0.5993683785322146,0.5996168582375478,False,rfc_complete_source_tuning
factors_finance,8,88,0,text_only,12,linear_svm,word_char,10.0,,0.6012457398049125,0.6015325670498084,False,rfc_complete_source_tuning
factors_finance,8,88,0,emotion_aware,1,logistic_regression,word,0.1,0.05,0.6129359077894427,0.6130268199233717,False,rfc_complete_source_tuning
factors_finance,8,88,0,emotion_aware,2,logistic_regression,word,0.1,0.1,0.593816067653277,0.5938697318007663,False,rfc_complete_source_tuning
factors_finance,8,88,0,emotion_aware,3,logistic_regression,word,0.1,0.25,0.5686980151662596,0.5689655172413793,False,rfc_complete_source_tuning
factors_finance,8,88,0,emotion_aware,4,logistic_regression,word,0.1,0.5,0.5777941176470589,0.578544061302682,False,rfc_complete_source_tuning
factors_finance,8,88,0,emotion_aware,5,logistic_regression,word,0.1,1.0,0.5818783068783069,0.5823754789272031,False,rfc_complete_source_tuning
factors_finance,8,88,0,emotion_aware,6,logistic_regression,word,1.0,0.05,0.5957720891824938,0.5957854406130267,False,rfc_complete_source_tuning
factors_finance,8,88,0,emotion_aware,7,logistic_regression,word,1.0,0.1,0.6168526130358192,0.6168582375478927,False,rfc_complete_source_tuning
factors_finance,8,88,0,emotion_aware,8,logistic_regression,word,1.0,0.25,0.6280029974874002,0.6283524904214559,False,rfc_complete_source_tuning
factors_finance,8,88,0,emotion_aware,9,logistic_regression,word,1.0,0.5,0.6259412104085285,0.6264367816091954,False,rfc_complete_source_tuning
factors_finance,8,88,0,emotion_aware,10,logistic_regression,word,1.0,1.0,0.6181559532867966,0.6187739463601533,False,rfc_complete_source_tuning
factors_finance,8,88,0,emotion_aware,11,logistic_regression,word,10.0,0.05,0.5803350183368025,0.5804597701149425,False,rfc_complete_source_tuning
factors_finance,8,88,0,emotion_aware,12,logistic_regression,word,10.0,0.1,0.5935773886473146,0.5938697318007663,False,rfc_complete_source_tuning
factors_finance,8,88,0,emotion_aware,13,logistic_regression,word,10.0,0.25,0.6015267175572518,0.6015325670498084,False,rfc_complete_source_tuning
factors_finance,8,88,0,emotion_aware,14,logistic_regression,word,10.0,0.5,0.5977011494252874,0.5977011494252874,False,rfc_complete_source_tuning
factors_finance,8,88,0,emotion_aware,15,logistic_regression,word,10.0,1.0,0.601509168049092,0.6015325670498084,False,rfc_complete_source_tuning
factors_finance,8,88,0,emotion_aware,16,logistic_regression,word_char,0.1,0.05,0.6072667217175888,0.60727969348659,False,rfc_complete_source_tuning
factors_finance,8,88,0,emotion_aware,17,logistic_regression,word_char,0.1,0.1,0.6225928984310487,0.6226053639846743,False,rfc_complete_source_tuning
factors_finance,8,88,0,emotion_aware,18,logistic_regression,word_char,0.1,0.25,0.593654990085922,0.5938697318007663,False,rfc_complete_source_tuning
factors_finance,8,88,0,emotion_aware,19,logistic_regression,word_char,0.1,0.5,0.6050799153837114,0.6053639846743295,False,rfc_complete_source_tuning
factors_finance,8,88,0,emotion_aware,20,logistic_regression,word_char,0.1,1.0,0.5915207847315344,0.5919540229885057,False,rfc_complete_source_tuning
factors_finance,8,88,0,emotion_aware,21,logistic_regression,word_char,1.0,0.05,0.6148280305282982,0.6149425287356323,False,rfc_complete_source_tuning
factors_finance,8,88,0,emotion_aware,22,logistic_regression,word_char,1.0,0.1,0.6263257012587967,0.6264367816091954,False,rfc_complete_source_tuning
factors_finance,8,88,0,emotion_aware,23,logistic_regression,word_char,1.0,0.25,0.6396563119629874,0.6398467432950192,False,rfc_complete_source_tuning
factors_finance,8,88,0,emotion_aware,24,logistic_regression,word_char,1.0,0.5,0.6453739235811469,0.6455938697318008,True,rfc_complete_source_tuning
factors_finance,8,88,0,emotion_aware,25,logistic_regression,word_char,1.0,1.0,0.637770181706032,0.6379310344827587,False,rfc_complete_source_tuning
factors_finance,8,88,0,emotion_aware,26,logistic_regression,word_char,10.0,0.05,0.614703560215192,0.6149425287356322,False,rfc_complete_source_tuning
factors_finance,8,88,0,emotion_aware,27,logistic_regression,word_char,10.0,0.1,0.6106982126784106,0.6111111111111112,False,rfc_complete_source_tuning
factors_finance,8,88,0,emotion_aware,28,logistic_regression,word_char,10.0,0.25,0.6148280305282982,0.6149425287356323,False,rfc_complete_source_tuning
factors_finance,8,88,0,emotion_aware,29,logistic_regression,word_char,10.0,0.5,0.620684086905461,0.6206896551724138,False,rfc_complete_source_tuning
factors_finance,8,88,0,emotion_aware,30,logistic_regression,word_char,10.0,1.0,0.6206896551724138,0.6206896551724138,False,rfc_complete_source_tuning
factors_finance,8,88,0,emotion_aware,31,linear_svm,word,0.1,0.05,0.5976952436876102,0.5977011494252873,False,rfc_complete_source_tuning
factors_finance,8,88,0,emotion_aware,32,linear_svm,word,0.1,0.1,0.6187725472781789,0.6187739463601533,False,rfc_complete_source_tuning
factors_finance,8,88,0,emotion_aware,33,linear_svm,word,0.1,0.25,0.6239690683759427,0.6245210727969348,False,rfc_complete_source_tuning
factors_finance,8,88,0,emotion_aware,34,linear_svm,word,0.1,0.5,0.6219935818969795,0.6226053639846744,False,rfc_complete_source_tuning
factors_finance,8,88,0,emotion_aware,35,linear_svm,word,0.1,1.0,0.6238529411764706,0.6245210727969348,False,rfc_complete_source_tuning
factors_finance,8,88,0,emotion_aware,36,linear_svm,word,1.0,0.05,0.5839476380946085,0.5842911877394636,False,rfc_complete_source_tuning
factors_finance,8,88,0,emotion_aware,37,linear_svm,word,1.0,0.1,0.5878669922699815,0.5881226053639846,False,rfc_complete_source_tuning
factors_finance,8,88,0,emotion_aware,38,linear_svm,word,1.0,0.25,0.6033769523005488,0.603448275862069,False,rfc_complete_source_tuning
factors_finance,8,88,0,emotion_aware,39,linear_svm,word,1.0,0.5,0.5976775254341795,0.5977011494252873,False,rfc_complete_source_tuning
factors_finance,8,88,0,emotion_aware,40,linear_svm,word,1.0,1.0,0.5976775254341795,0.5977011494252873,False,rfc_complete_source_tuning
factors_finance,8,88,0,emotion_aware,41,linear_svm,word,10.0,0.05,0.5839476380946085,0.5842911877394636,False,rfc_complete_source_tuning
factors_finance,8,88,0,emotion_aware,42,linear_svm,word,10.0,0.1,0.5877822220753033,0.5881226053639846,False,rfc_complete_source_tuning
factors_finance,8,88,0,emotion_aware,43,linear_svm,word,10.0,0.25,0.5804212743935785,0.5804597701149425,False,rfc_complete_source_tuning
factors_finance,8,88,0,emotion_aware,44,linear_svm,word,10.0,0.5,0.5842164185952612,0.5842911877394636,False,rfc_complete_source_tuning
factors_finance,8,88,0,emotion_aware,45,linear_svm,word,10.0,1.0,0.5842164185952612,0.5842911877394636,False,rfc_complete_source_tuning
factors_finance,8,88,0,emotion_aware,46,linear_svm,word_char,0.1,0.05,0.6128847509398496,0.6130268199233717,False,rfc_complete_source_tuning
factors_finance,8,88,0,emotion_aware,47,linear_svm,word_char,0.1,0.1,0.6263257012587967,0.6264367816091954,False,rfc_complete_source_tuning
factors_finance,8,88,0,emotion_aware,48,linear_svm,word_char,0.1,0.25,0.6396563119629874,0.6398467432950192,False,rfc_complete_source_tuning
factors_finance,8,88,0,emotion_aware,49,linear_svm,word_char,0.1,0.5,0.6415401281604025,0.6417624521072797,False,rfc_complete_source_tuning
factors_finance,8,88,0,emotion_aware,50,linear_svm,word_char,0.1,1.0,0.6339370619357254,0.6340996168582376,False,rfc_complete_source_tuning
factors_finance,8,88,0,emotion_aware,51,linear_svm,word_char,1.0,0.05,0.6127482665413092,0.6130268199233716,False,rfc_complete_source_tuning
factors_finance,8,88,0,emotion_aware,52,linear_svm,word_char,1.0,0.1,0.6164979355540209,0.6168582375478927,False,rfc_complete_source_tuning
factors_finance,8,88,0,emotion_aware,53,linear_svm,word_char,1.0,0.25,0.6166556510244547,0.6168582375478927,False,rfc_complete_source_tuning
factors_finance,8,88,0,emotion_aware,54,linear_svm,word_char,1.0,0.5,0.6167682255341018,0.6168582375478927,False,rfc_complete_source_tuning
factors_finance,8,88,0,emotion_aware,55,linear_svm,word_char,1.0,1.0,0.6187053792647788,0.6187739463601533,False,rfc_complete_source_tuning
factors_finance,8,88,0,emotion_aware,56,linear_svm,word_char,10.0,0.05,0.6069551419787775,0.60727969348659,False,rfc_complete_source_tuning
factors_finance,8,88,0,emotion_aware,57,linear_svm,word_char,10.0,0.1,0.6069551419787775,0.60727969348659,False,rfc_complete_source_tuning
factors_finance,8,88,0,emotion_aware,58,linear_svm,word_char,10.0,0.25,0.6129359077894427,0.6130268199233717,False,rfc_complete_source_tuning
factors_finance,8,88,0,emotion_aware,59,linear_svm,word_char,10.0,0.5,0.6128847509398496,0.6130268199233717,False,rfc_complete_source_tuning
factors_finance,8,88,0,emotion_aware,60,linear_svm,word_char,10.0,1.0,0.6148732725237213,0.6149425287356322,False,rfc_complete_source_tuning
factors_finance,9,99,0,text_only,1,logistic_regression,word,0.1,,0.6451237124388604,0.6455938697318008,False,rfc_complete_source_tuning
factors_finance,9,99,0,text_only,2,logistic_regression,word,1.0,,0.6474267674913736,0.6475095785440613,False,rfc_complete_source_tuning
factors_finance,9,99,0,text_only,3,logistic_regression,word,10.0,,0.6608585534164113,0.6609195402298851,False,rfc_complete_source_tuning
factors_finance,9,99,0,text_only,4,logistic_regression,word_char,0.1,,0.6413820973934128,0.6417624521072798,False,rfc_complete_source_tuning
factors_finance,9,99,0,text_only,5,logistic_regression,word_char,1.0,,0.6489602128449268,0.6494252873563218,False,rfc_complete_source_tuning
factors_finance,9,99,0,text_only,6,logistic_regression,word_char,10.0,,0.6337972298436415,0.6340996168582376,False,rfc_complete_source_tuning
factors_finance,9,99,0,text_only,7,linear_svm,word,0.1,,0.6455613505151234,0.6455938697318008,False,rfc_complete_source_tuning
factors_finance,9,99,0,text_only,8,linear_svm,word,1.0,,0.6647201964332248,0.6647509578544062,True,rfc_complete_source_tuning
factors_finance,9,99,0,text_only,9,linear_svm,word,10.0,,0.6187389662297813,0.6187739463601533,False,rfc_complete_source_tuning
factors_finance,9,99,0,text_only,10,linear_svm,word_char,0.1,,0.6490530685721634,0.6494252873563218,False,rfc_complete_source_tuning
factors_finance,9,99,0,text_only,11,linear_svm,word_char,1.0,,0.6414663978050312,0.6417624521072797,False,rfc_complete_source_tuning
factors_finance,9,99,0,text_only,12,linear_svm,word_char,10.0,,0.6242507932777059,0.6245210727969348,False,rfc_complete_source_tuning
factors_finance,9,99,0,emotion_aware,1,logistic_regression,word,0.1,0.05,0.6238529411764706,0.6245210727969348,False,rfc_complete_source_tuning
factors_finance,9,99,0,emotion_aware,2,logistic_regression,word,0.1,0.1,0.6065157838613007,0.60727969348659,False,rfc_complete_source_tuning
factors_finance,9,99,0,emotion_aware,3,logistic_regression,word,0.1,0.25,0.5777941176470589,0.578544061302682,False,rfc_complete_source_tuning
factors_finance,9,99,0,emotion_aware,4,logistic_regression,word,0.1,0.5,0.5718148010549586,0.5727969348659003,False,rfc_complete_source_tuning
factors_finance,9,99,0,emotion_aware,5,logistic_regression,word,0.1,1.0,0.5794952530539728,0.5804597701149425,False,rfc_complete_source_tuning
factors_finance,9,99,0,emotion_aware,6,logistic_regression,word,1.0,0.05,0.6320974965127377,0.632183908045977,False,rfc_complete_source_tuning
factors_finance,9,99,0,emotion_aware,7,logistic_regression,word,1.0,0.1,0.6336142112206613,0.6340996168582376,False,rfc_complete_source_tuning
factors_finance,9,99,0,emotion_aware,8,logistic_regression,word,1.0,0.25,0.6198861379584271,0.6206896551724137,False,rfc_complete_source_tuning
factors_finance,9,99,0,emotion_aware,9,logistic_regression,word,1.0,0.5,0.6274281846008948,0.6283524904214559,False,rfc_complete_source_tuning
factors_finance,9,99,0,emotion_aware,10,logistic_regression,word,1.0,1.0,0.6235872380503885,0.6245210727969348,False,rfc_complete_source_tuning
factors_finance,9,99,0,emotion_aware,11,logistic_regression,word,10.0,0.05,0.6628154498876933,0.6628352490421456,True,rfc_complete_source_tuning
factors_finance,9,99,0,emotion_aware,12,logistic_regression,word,10.0,0.1,0.6471781007096993,0.6475095785440612,False,rfc_complete_source_tuning
factors_finance,9,99,0,emotion_aware,13,logistic_regression,word,10.0,0.25,0.645300981785726,0.6455938697318008,False,rfc_complete_source_tuning
factors_finance,9,99,0,emotion_aware,14,logistic_regression,word,10.0,0.5,0.6397145206766917,0.6398467432950192,False,rfc_complete_source_tuning
factors_finance,9,99,0,emotion_aware,15,logistic_regression,word,10.0,1.0,0.6319894249834765,0.632183908045977,False,rfc_complete_source_tuning
factors_finance,9,99,0,emotion_aware,16,logistic_regression,word_char,0.1,0.05,0.627910052910053,0.6283524904214559,False,rfc_complete_source_tuning
factors_finance,9,99,0,emotion_aware,17,logistic_regression,word_char,0.1,0.1,0.6276911764705883,0.6283524904214559,False,rfc_complete_source_tuning
factors_finance,9,99,0,emotion_aware,18,logistic_regression,word_char,0.1,0.25,0.5992859740173879,0.5996168582375478,False,rfc_complete_source_tuning
factors_finance,9,99,0,emotion_aware,19,logistic_regression,word_char,0.1,0.5,0.5908594138102334,0.5919540229885057,False,rfc_complete_source_tuning
factors_finance,9,99,0,emotion_aware,20,logistic_regression,word_char,0.1,1.0,0.5871757050529871,0.5881226053639848,False,rfc_complete_source_tuning
factors_finance,9,99,0,emotion_aware,21,logistic_regression,word_char,1.0,0.05,0.6551268498942917,0.6551724137931034,False,rfc_complete_source_tuning
factors_finance,9,99,0,emotion_aware,22,logistic_regression,word_char,1.0,0.1,0.6340338062290087,0.6340996168582376,False,rfc_complete_source_tuning
factors_finance,9,99,0,emotion_aware,23,logistic_regression,word_char,1.0,0.25,0.6260401550359118,0.6264367816091954,False,rfc_complete_source_tuning
factors_finance,9,99,0,emotion_aware,24,logistic_regression,word_char,1.0,0.5,0.6332584170470722,0.6340996168582376,False,rfc_complete_source_tuning
factors_finance,9,99,0,emotion_aware,25,logistic_regression,word_char,1.0,1.0,0.6295490062694196,0.6302681992337165,False,rfc_complete_source_tuning
factors_finance,9,99,0,emotion_aware,26,logistic_regression,word_char,10.0,0.05,0.6397621320020557,0.6398467432950192,False,rfc_complete_source_tuning
factors_finance,9,99,0,emotion_aware,27,logistic_regression,word_char,10.0,0.1,0.6493622331932387,0.6494252873563219,False,rfc_complete_source_tuning
factors_finance,9,99,0,emotion_aware,28,logistic_regression,word_char,10.0,0.25,0.6473231989424983,0.6475095785440613,False,rfc_complete_source_tuning
factors_finance,9,99,0,emotion_aware,29,logistic_regression,word_char,10.0,0.5,0.6356730387763199,0.6360153256704981,False,rfc_complete_source_tuning
factors_finance,9,99,0,emotion_aware,30,logistic_regression,word_char,10.0,1.0,0.6357533200141028,0.6360153256704981,False,rfc_complete_source_tuning
factors_finance,9,99,0,emotion_aware,31,linear_svm,word,0.1,0.05,0.6319894249834765,0.632183908045977,False,rfc_complete_source_tuning
factors_finance,9,99,0,emotion_aware,32,linear_svm,word,0.1,0.1,0.6374507116267276,0.6379310344827587,False,rfc_complete_source_tuning
factors_finance,9,99,0,emotion_aware,33,linear_svm,word,0.1,0.25,0.625577965048058,0.6264367816091954,False,rfc_complete_source_tuning
factors_finance,9,99,0,emotion_aware,34,linear_svm,word,0.1,0.5,0.6212696530312349,0.6226053639846743,False,rfc_complete_source_tuning
factors_finance,9,99,0,emotion_aware,35,linear_svm,word,0.1,1.0,0.6197462914998824,0.6206896551724138,False,rfc_complete_source_tuning
factors_finance,9,99,0,emotion_aware,36,linear_svm,word,1.0,0.05,0.6551268498942917,0.6551724137931034,False,rfc_complete_source_tuning
factors_finance,9,99,0,emotion_aware,37,linear_svm,word,1.0,0.1,0.6415401281604025,0.6417624521072797,False,rfc_complete_source_tuning
factors_finance,9,99,0,emotion_aware,38,linear_svm,word,1.0,0.25,0.6433430800652394,0.6436781609195402,False,rfc_complete_source_tuning
factors_finance,9,99,0,emotion_aware,39,linear_svm,word,1.0,0.5,0.6337972298436415,0.6340996168582376,False,rfc_complete_source_tuning
factors_finance,9,99,0,emotion_aware,40,linear_svm,word,1.0,1.0,0.6338725373189138,0.6340996168582376,False,rfc_complete_source_tuning
factors_finance,9,99,0,emotion_aware,41,linear_svm,word,10.0,0.05,0.6301582581689629,0.6302681992337165,False,rfc_complete_source_tuning
factors_finance,9,99,0,emotion_aware,42,linear_svm,word,10.0,0.1,0.6339370619357254,0.6340996168582376,False,rfc_complete_source_tuning
factors_finance,9,99,0,emotion_aware,43,linear_svm,word,10.0,0.25,0.6377063327396582,0.6379310344827587,False,rfc_complete_source_tuning
factors_finance,9,99,0,emotion_aware,44,linear_svm,word,10.0,0.5,0.6337972298436415,0.6340996168582376,False,rfc_complete_source_tuning
factors_finance,9,99,0,emotion_aware,45,linear_svm,word,10.0,1.0,0.6337111262146623,0.6340996168582376,False,rfc_complete_source_tuning
factors_finance,9,99,0,emotion_aware,46,linear_svm,word_char,0.1,0.05,0.6551268498942917,0.6551724137931034,False,rfc_complete_source_tuning
factors_finance,9,99,0,emotion_aware,47,linear_svm,word_char,0.1,0.1,0.6359298142573966,0.6360153256704981,False,rfc_complete_source_tuning
factors_finance,9,99,0,emotion_aware,48,linear_svm,word_char,0.1,0.25,0.6259412104085285,0.6264367816091954,False,rfc_complete_source_tuning
factors_finance,9,99,0,emotion_aware,49,linear_svm,word_char,0.1,0.5,0.6369597615499254,0.6379310344827587,False,rfc_complete_source_tuning
factors_finance,9,99,0,emotion_aware,50,linear_svm,word_char,0.1,1.0,0.6331180659049511,0.6340996168582376,False,rfc_complete_source_tuning
factors_finance,9,99,0,emotion_aware,51,linear_svm,word_char,1.0,0.05,0.6338725373189138,0.6340996168582376,False,rfc_complete_source_tuning
factors_finance,9,99,0,emotion_aware,52,linear_svm,word_char,1.0,0.1,0.647463002114165,0.6475095785440613,False,rfc_complete_source_tuning
factors_finance,9,99,0,emotion_aware,53,linear_svm,word_char,1.0,0.25,0.6512129934210527,0.6513409961685823,False,rfc_complete_source_tuning
factors_finance,9,99,0,emotion_aware,54,linear_svm,word_char,1.0,0.5,0.6415401281604025,0.6417624521072797,False,rfc_complete_source_tuning
factors_finance,9,99,0,emotion_aware,55,linear_svm,word_char,1.0,1.0,0.6414663978050312,0.6417624521072797,False,rfc_complete_source_tuning
factors_finance,9,99,0,emotion_aware,56,linear_svm,word_char,10.0,0.05,0.6397145206766917,0.6398467432950192,False,rfc_complete_source_tuning
factors_finance,9,99,0,emotion_aware,57,linear_svm,word_char,10.0,0.1,0.647463002114165,0.6475095785440613,False,rfc_complete_source_tuning
factors_finance,9,99,0,emotion_aware,58,linear_svm,word_char,10.0,0.25,0.6319894249834765,0.632183908045977,False,rfc_complete_source_tuning
factors_finance,9,99,0,emotion_aware,59,linear_svm,word_char,10.0,0.5,0.6282160479323309,0.6283524904214559,False,rfc_complete_source_tuning
factors_finance,9,99,0,emotion_aware,60,linear_svm,word_char,10.0,1.0,0.6262708223951123,0.6264367816091954,False,rfc_complete_source_tuning
factors_finance,10,110,0,text_only,1,logistic_regression,word,0.1,,0.629875640625287,0.6302681992337165,False,rfc_complete_source_tuning
factors_finance,10,110,0,text_only,2,logistic_regression,word,1.0,,0.6283033826638478,0.6283524904214559,False,rfc_complete_source_tuning
factors_finance,10,110,0,text_only,3,logistic_regression,word,10.0,,0.6226039789638254,0.6226053639846744,False,rfc_complete_source_tuning
factors_finance,10,110,0,text_only,4,logistic_regression,word_char,0.1,,0.6148732725237213,0.6149425287356322,False,rfc_complete_source_tuning
factors_finance,10,110,0,text_only,5,logistic_regression,word_char,1.0,,0.6225928984310487,0.6226053639846743,False,rfc_complete_source_tuning
factors_finance,10,110,0,text_only,6,logistic_regression,word_char,10.0,,0.6072667217175888,0.60727969348659,False,rfc_complete_source_tuning
factors_finance,10,110,0,text_only,7,linear_svm,word,0.1,,0.6339908150791291,0.6340996168582376,True,rfc_complete_source_tuning
factors_finance,10,110,0,text_only,8,linear_svm,word,1.0,,0.6225928984310487,0.6226053639846743,False,rfc_complete_source_tuning
factors_finance,10,110,0,text_only,9,linear_svm,word,10.0,,0.6072667217175888,0.60727969348659,False,rfc_complete_source_tuning
factors_finance,10,110,0,text_only,10,linear_svm,word_char,0.1,,0.6206395348837209,0.6206896551724138,False,rfc_complete_source_tuning
factors_finance,10,110,0,text_only,11,linear_svm,word_char,1.0,,0.5996153888499466,0.5996168582375478,False,rfc_complete_source_tuning
factors_finance,10,110,0,text_only,12,linear_svm,word_char,10.0,,0.5842530435771988,0.5842911877394636,False,rfc_complete_source_tuning
factors_finance,10,110,0,emotion_aware,1,logistic_regression,word,0.1,0.05,0.6493622331932387,0.6494252873563219,True,rfc_complete_source_tuning
factors_finance,10,110,0,emotion_aware,2,logistic_regression,word,0.1,0.1,0.5938458828192669,0.5938697318007662,False,rfc_complete_source_tuning
factors_finance,10,110,0,emotion_aware,3,logistic_regression,word,0.1,0.25,0.5666426671760436,0.5670498084291188,False,rfc_complete_source_tuning
factors_finance,10,110,0,emotion_aware,4,logistic_regression,word,0.1,0.5,0.5718148010549586,0.5727969348659003,False,rfc_complete_source_tuning
factors_finance,10,110,0,emotion_aware,5,logistic_regression,word,0.1,1.0,0.5666426671760436,0.5670498084291188,False,rfc_complete_source_tuning
factors_finance,10,110,0,emotion_aware,6,logistic_regression,word,1.0,0.05,0.6358816964285714,0.6360153256704981,False,rfc_complete_source_tuning
factors_finance,10,110,0,emotion_aware,7,logistic_regression,word,1.0,0.1,0.6340875309661437,0.6340996168582376,False,rfc_complete_source_tuning
factors_finance,10,110,0,emotion_aware,8,logistic_regression,word,1.0,0.25,0.6129756871035941,0.6130268199233717,False,rfc_complete_source_tuning
factors_finance,10,110,0,emotion_aware,9,logistic_regression,word,1.0,0.5,0.6052712723001248,0.6053639846743295,False,rfc_complete_source_tuning
factors_finance,10,110,0,emotion_aware,10,logistic_regression,word,1.0,1.0,0.5995448455594913,0.5996168582375478,False,rfc_complete_source_tuning
factors_finance,10,110,0,emotion_aware,11,logistic_regression,word,10.0,0.05,0.6245210727969349,0.6245210727969349,False,rfc_complete_source_tuning
factors_finance,10,110,0,emotion_aware,12,logistic_regression,word,10.0,0.1,0.6264354106494717,0.6264367816091954,False,rfc_complete_source_tuning
factors_finance,10,110,0,emotion_aware,13,logistic_regression,word,10.0,0.25,0.6340875309661437,0.6340996168582376,False,rfc_complete_source_tuning
factors_finance,10,110,0,emotion_aware,14,logistic_regression,word,10.0,0.5,0.6340982740207646,0.6340996168582376,False,rfc_complete_source_tuning
factors_finance,10,110,0,emotion_aware,15,logistic_regression,word,10.0,1.0,0.6340982740207646,0.6340996168582376,False,rfc_complete_source_tuning
factors_finance,10,110,0,emotion_aware,16,logistic_regression,word_char,0.1,0.05,0.6110754278625408,0.6111111111111112,False,rfc_complete_source_tuning
factors_finance,10,110,0,emotion_aware,17,logistic_regression,word_char,0.1,0.1,0.603446820535593,0.603448275862069,False,rfc_complete_source_tuning
factors_finance,10,110,0,emotion_aware,18,logistic_regression,word_char,0.1,0.25,0.591832689067301,0.5919540229885057,False,rfc_complete_source_tuning
factors_finance,10,110,0,emotion_aware,19,logistic_regression,word_char,0.1,0.5,0.58361729579515,0.5842911877394636,False,rfc_complete_source_tuning
factors_finance,10,110,0,emotion_aware,20,logistic_regression,word_char,0.1,1.0,0.5685078711952829,0.5689655172413792,False,rfc_complete_source_tuning
factors_finance,10,110,0,emotion_aware,21,logistic_regression,word_char,1.0,0.05,0.614907197046161,0.6149425287356323,False,rfc_complete_source_tuning
factors_finance,10,110,0,emotion_aware,22,logistic_regression,word_char,1.0,0.1,0.6149411155925324,0.6149425287356322,False,rfc_complete_source_tuning
factors_finance,10,110,0,emotion_aware,23,logistic_regression,word_char,1.0,0.25,0.5996153888499466,0.5996168582375478,False,rfc_complete_source_tuning
factors_finance,10,110,0,emotion_aware,24,logistic_regression,word_char,1.0,0.5,0.5899841437632136,0.5900383141762452,False,rfc_complete_source_tuning
factors_finance,10,110,0,emotion_aware,25,logistic_regression,word_char,1.0,1.0,0.593816067653277,0.5938697318007663,False,rfc_complete_source_tuning
factors_finance,10,110,0,emotion_aware,26,logistic_regression,word_char,10.0,0.05,0.6168357385087423,0.6168582375478928,False,rfc_complete_source_tuning
factors_finance,10,110,0,emotion_aware,27,logistic_regression,word_char,10.0,0.1,0.6302342737806422,0.6302681992337165,False,rfc_complete_source_tuning
factors_finance,10,110,0,emotion_aware,28,logistic_regression,word_char,10.0,0.25,0.614907197046161,0.6149425287356323,False,rfc_complete_source_tuning
factors_finance,10,110,0,emotion_aware,29,logistic_regression,word_char,10.0,0.5,0.6168526130358192,0.6168582375478927,False,rfc_complete_source_tuning
factors_finance,10,110,0,emotion_aware,30,logistic_regression,word_char,10.0,1.0,0.6130211391661773,0.6130268199233717,False,rfc_complete_source_tuning
factors_finance,10,110,0,emotion_aware,31,linear_svm,word,0.1,0.05,0.637770181706032,0.6379310344827587,False,rfc_complete_source_tuning
factors_finance,10,110,0,emotion_aware,32,linear_svm,word,0.1,0.1,0.6359939515833052,0.6360153256704981,False,rfc_complete_source_tuning
factors_finance,10,110,0,emotion_aware,33,linear_svm,word,0.1,0.25,0.6071052235435797,0.60727969348659,False,rfc_complete_source_tuning
factors_finance,10,110,0,emotion_aware,34,linear_svm,word,0.1,0.5,0.6127482665413092,0.6130268199233716,False,rfc_complete_source_tuning
factors_finance,10,110,0,emotion_aware,35,linear_svm,word,0.1,1.0,0.5994389840029666,0.5996168582375478,False,rfc_complete_source_tuning
factors_finance,10,110,0,emotion_aware,36,linear_svm,word,1.0,0.05,0.6302668423351181,0.6302681992337165,False,rfc_complete_source_tuning
factors_finance,10,110,0,emotion_aware,37,linear_svm,word,1.0,0.1,0.6302668423351181,0.6302681992337165,False,rfc_complete_source_tuning
factors_finance,10,110,0,emotion_aware,38,linear_svm,word,1.0,0.25,0.645592569077704,0.6455938697318008,False,rfc_complete_source_tuning
factors_finance,10,110,0,emotion_aware,39,linear_svm,word,1.0,0.5,0.637929705706411,0.6379310344827587,False,rfc_complete_source_tuning
factors_finance,10,110,0,emotion_aware,40,linear_svm,word,1.0,1.0,0.6417506193228737,0.6417624521072798,False,rfc_complete_source_tuning
factors_finance,10,110,0,emotion_aware,41,linear_svm,word,10.0,0.05,0.6187725472781789,0.6187739463601533,False,rfc_complete_source_tuning
factors_finance,10,110,0,emotion_aware,42,linear_svm,word,10.0,0.1,0.6187725472781789,0.6187739463601533,False,rfc_complete_source_tuning
factors_finance,10,110,0,emotion_aware,43,linear_svm,word,10.0,0.25,0.6187389662297813,0.6187739463601533,False,rfc_complete_source_tuning
factors_finance,10,110,0,emotion_aware,44,linear_svm,word,10.0,0.5,0.6225374860058362,0.6226053639846744,False,rfc_complete_source_tuning
factors_finance,10,110,0,emotion_aware,45,linear_svm,word,10.0,1.0,0.6206395348837209,0.6206896551724138,False,rfc_complete_source_tuning
factors_finance,10,110,0,emotion_aware,46,linear_svm,word_char,0.1,0.05,0.6168357385087423,0.6168582375478928,False,rfc_complete_source_tuning
factors_finance,10,110,0,emotion_aware,47,linear_svm,word_char,0.1,0.1,0.6130268199233716,0.6130268199233716,False,rfc_complete_source_tuning
factors_finance,10,110,0,emotion_aware,48,linear_svm,word_char,0.1,0.25,0.6072782522212394,0.60727969348659,False,rfc_complete_source_tuning
factors_finance,10,110,0,emotion_aware,49,linear_svm,word_char,0.1,0.5,0.5957127388184338,0.5957854406130269,False,rfc_complete_source_tuning
factors_finance,10,110,0,emotion_aware,50,linear_svm,word_char,0.1,1.0,0.59958012031168,0.5996168582375478,False,rfc_complete_source_tuning
factors_finance,10,110,0,emotion_aware,51,linear_svm,word_char,1.0,0.05,0.6168357385087423,0.6168582375478928,False,rfc_complete_source_tuning
factors_finance,10,110,0,emotion_aware,52,linear_svm,word_char,1.0,0.1,0.6226039789638254,0.6226053639846744,False,rfc_complete_source_tuning
factors_finance,10,110,0,emotion_aware,53,linear_svm,word_char,1.0,0.25,0.6187389662297813,0.6187739463601533,False,rfc_complete_source_tuning
factors_finance,10,110,0,emotion_aware,54,linear_svm,word_char,1.0,0.5,0.6187725472781789,0.6187739463601533,False,rfc_complete_source_tuning
factors_finance,10,110,0,emotion_aware,55,linear_svm,word_char,1.0,1.0,0.6111096839068859,0.6111111111111112,False,rfc_complete_source_tuning
factors_finance,10,110,0,emotion_aware,56,linear_svm,word_char,10.0,0.05,0.6034351775392238,0.603448275862069,False,rfc_complete_source_tuning
factors_finance,10,110,0,emotion_aware,57,linear_svm,word_char,10.0,0.1,0.6015267175572518,0.6015325670498084,False,rfc_complete_source_tuning
factors_finance,10,110,0,emotion_aware,58,linear_svm,word_char,10.0,0.25,0.601509168049092,0.6015325670498084,False,rfc_complete_source_tuning
factors_finance,10,110,0,emotion_aware,59,linear_svm,word_char,10.0,0.5,0.59958012031168,0.5996168582375478,False,rfc_complete_source_tuning
factors_finance,10,110,0,emotion_aware,60,linear_svm,word_char,10.0,1.0,0.6052712723001248,0.6053639846743295,False,rfc_complete_source_tuning
