dataset,repetition,seed,fold,classifier,representation,C,affect_weight,model_variant,accuracy,balanced_accuracy,precision,recall,f1,macro_f1
liar2_finance,1,11,1,logistic_regression,word,0.1,0.0,text_only,0.651219512195122,0.651219512195122,0.6422018348623854,0.6829268292682927,0.6619385342789598,0.6508685114719737
liar2_finance,1,11,1,logistic_regression,word,0.1,0.05,emotion_aware,0.7,0.7,0.6971153846153846,0.7073170731707317,0.7021791767554479,0.6999839372720729
liar2_finance,1,11,1,logistic_regression,word,0.1,0.1,emotion_aware,0.6878048780487804,0.6878048780487804,0.6934673366834171,0.6731707317073171,0.6831683168316832,0.6877380045696877
liar2_finance,1,11,1,logistic_regression,word,0.1,0.25,emotion_aware,0.675609756097561,0.6756097560975609,0.68,0.6634146341463415,0.671604938271605,0.6755615052803807
liar2_finance,1,11,1,logistic_regression,word,0.1,0.5,emotion_aware,0.6609756097560976,0.6609756097560976,0.6617647058823529,0.6585365853658537,0.6601466992665037,0.6609735929422542
liar2_finance,1,11,1,logistic_regression,word,0.1,1.0,emotion_aware,0.6487804878048781,0.6487804878048781,0.6517412935323383,0.6390243902439025,0.645320197044335,0.6487470550439066
liar2_finance,1,11,1,logistic_regression,word,1.0,0.0,text_only,0.6585365853658537,0.6585365853658536,0.6470588235294118,0.697560975609756,0.6713615023474179,0.6580157765544197
liar2_finance,1,11,1,logistic_regression,word,1.0,0.05,emotion_aware,0.675609756097561,0.6756097560975609,0.6682242990654206,0.697560975609756,0.6825775656324582,0.6754533713449073
liar2_finance,1,11,1,logistic_regression,word,1.0,0.1,emotion_aware,0.675609756097561,0.6756097560975609,0.6698113207547169,0.6926829268292682,0.6810551558752997,0.6755151709897591
liar2_finance,1,11,1,logistic_regression,word,1.0,0.25,emotion_aware,0.6853658536585366,0.6853658536585365,0.680952380952381,0.697560975609756,0.689156626506024,0.6853190539937528
liar2_finance,1,11,1,logistic_regression,word,1.0,0.5,emotion_aware,0.6853658536585366,0.6853658536585365,0.6826923076923077,0.6926829268292682,0.6876513317191283,0.6853490073829056
liar2_finance,1,11,1,logistic_regression,word,1.0,1.0,emotion_aware,0.6829268292682927,0.6829268292682926,0.6794258373205742,0.6926829268292682,0.6859903381642513,0.6828966469146379
liar2_finance,1,11,1,logistic_regression,word,10.0,0.0,text_only,0.6463414634146342,0.646341463414634,0.6327433628318584,0.697560975609756,0.6635730858468677,0.645411221586673
liar2_finance,1,11,1,logistic_regression,word,10.0,0.05,emotion_aware,0.6585365853658537,0.6585365853658536,0.6444444444444445,0.7073170731707317,0.6744186046511628,0.6577221228384019
liar2_finance,1,11,1,logistic_regression,word,10.0,0.1,emotion_aware,0.6536585365853659,0.6536585365853658,0.6425339366515838,0.6926829268292682,0.6666666666666666,0.6531302876480541
liar2_finance,1,11,1,logistic_regression,word,10.0,0.25,emotion_aware,0.6585365853658537,0.6585365853658536,0.6484018264840182,0.6926829268292682,0.6698113207547169,0.6581379836096817
liar2_finance,1,11,1,logistic_regression,word,10.0,0.5,emotion_aware,0.6585365853658537,0.6585365853658536,0.6484018264840182,0.6926829268292682,0.6698113207547169,0.6581379836096817
liar2_finance,1,11,1,logistic_regression,word,10.0,1.0,emotion_aware,0.6585365853658537,0.6585365853658536,0.6484018264840182,0.6926829268292682,0.6698113207547169,0.6581379836096817
liar2_finance,1,11,1,logistic_regression,word_char,0.1,0.0,text_only,0.6658536585365854,0.6658536585365853,0.6545454545454545,0.7024390243902439,0.6776470588235294,0.6654058078927774
liar2_finance,1,11,1,logistic_regression,word_char,0.1,0.05,emotion_aware,0.6731707317073171,0.6731707317073171,0.6698564593301436,0.6829268292682927,0.6763285024154589,0.6731396206658575
liar2_finance,1,11,1,logistic_regression,word_char,0.1,0.1,emotion_aware,0.6829268292682927,0.6829268292682927,0.6829268292682927,0.6829268292682927,0.6829268292682927,0.6829268292682927
liar2_finance,1,11,1,logistic_regression,word_char,0.1,0.25,emotion_aware,0.6829268292682927,0.6829268292682926,0.6865671641791045,0.6731707317073171,0.6798029556650246,0.6828966469146379
liar2_finance,1,11,1,logistic_regression,word_char,0.1,0.5,emotion_aware,0.6853658536585366,0.6853658536585365,0.6919191919191919,0.6682926829268293,0.6799007444168734,0.685274113215631
liar2_finance,1,11,1,logistic_regression,word_char,0.1,1.0,emotion_aware,0.6829268292682927,0.6829268292682926,0.6903553299492385,0.6634146341463415,0.6766169154228856,0.6828060653669452
liar2_finance,1,11,1,logistic_regression,word_char,1.0,0.0,text_only,0.6634146341463415,0.6634146341463415,0.6572769953051644,0.6829268292682927,0.6698564593301436,0.6632864386202957
liar2_finance,1,11,1,logistic_regression,word_char,1.0,0.05,emotion_aware,0.6951219512195121,0.6951219512195121,0.6941747572815534,0.697560975609756,0.6958637469586375,0.6951201375379985
liar2_finance,1,11,1,logistic_regression,word_char,1.0,0.1,emotion_aware,0.7024390243902439,0.7024390243902439,0.7024390243902439,0.7024390243902439,0.7024390243902439,0.7024390243902439
liar2_finance,1,11,1,logistic_regression,word_char,1.0,0.25,emotion_aware,0.697560975609756,0.697560975609756,0.69377990430622,0.7073170731707317,0.7004830917874396,0.6975321862878086
liar2_finance,1,11,1,logistic_regression,word_char,1.0,0.5,emotion_aware,0.6902439024390243,0.6902439024390243,0.6839622641509434,0.7073170731707317,0.6954436450839329,0.6901535843285669
liar2_finance,1,11,1,logistic_regression,word_char,1.0,1.0,emotion_aware,0.6926829268292682,0.6926829268292682,0.6872037914691943,0.7073170731707317,0.6971153846153846,0.6926170982482863
liar2_finance,1,11,1,logistic_regression,word_char,10.0,0.0,text_only,0.6658536585365854,0.6658536585365854,0.6634615384615384,0.6731707317073171,0.6682808716707022,0.6658357675306827
liar2_finance,1,11,1,logistic_regression,word_char,10.0,0.05,emotion_aware,0.6707317073170732,0.6707317073170732,0.6682692307692307,0.6780487804878049,0.6731234866828087,0.6707140774937386
liar2_finance,1,11,1,logistic_regression,word_char,10.0,0.1,emotion_aware,0.6804878048780488,0.6804878048780487,0.6761904761904762,0.6926829268292682,0.6843373493975904,0.6804402796370668
liar2_finance,1,11,1,logistic_regression,word_char,10.0,0.25,emotion_aware,0.6878048780487804,0.6878048780487804,0.6824644549763034,0.7024390243902439,0.6923076923076923,0.6877380045696877
liar2_finance,1,11,1,logistic_regression,word_char,10.0,0.5,emotion_aware,0.6878048780487804,0.6878048780487804,0.6824644549763034,0.7024390243902439,0.6923076923076923,0.6877380045696877
liar2_finance,1,11,1,logistic_regression,word_char,10.0,1.0,emotion_aware,0.6829268292682927,0.6829268292682926,0.6777251184834123,0.697560975609756,0.6875,0.6828589108910892
liar2_finance,1,11,1,linear_svm,word,0.1,0.0,text_only,0.6609756097560976,0.6609756097560975,0.65,0.697560975609756,0.6729411764705883,0.6605212211466865
liar2_finance,1,11,1,linear_svm,word,0.1,0.05,emotion_aware,0.6829268292682927,0.6829268292682926,0.676056338028169,0.7024390243902439,0.6889952153110048,0.6828060653669452
liar2_finance,1,11,1,linear_svm,word,0.1,0.1,emotion_aware,0.6829268292682927,0.6829268292682926,0.6777251184834123,0.697560975609756,0.6875,0.6828589108910892
liar2_finance,1,11,1,linear_svm,word,0.1,0.25,emotion_aware,0.6853658536585366,0.6853658536585365,0.680952380952381,0.697560975609756,0.689156626506024,0.6853190539937528
liar2_finance,1,11,1,linear_svm,word,0.1,0.5,emotion_aware,0.6829268292682927,0.6829268292682926,0.6794258373205742,0.6926829268292682,0.6859903381642513,0.6828966469146379
liar2_finance,1,11,1,linear_svm,word,0.1,1.0,emotion_aware,0.675609756097561,0.6756097560975609,0.6714285714285714,0.6878048780487804,0.6795180722891566,0.6755615052803807
liar2_finance,1,11,1,linear_svm,word,1.0,0.0,text_only,0.6439024390243903,0.6439024390243901,0.62882096069869,0.7024390243902439,0.663594470046083,0.6426780640385855
liar2_finance,1,11,1,linear_svm,word,1.0,0.05,emotion_aware,0.651219512195122,0.6512195121951219,0.6383928571428571,0.697560975609756,0.6666666666666666,0.6504688832054561
liar2_finance,1,11,1,linear_svm,word,1.0,0.1,emotion_aware,0.6560975609756098,0.6560975609756097,0.6454545454545455,0.6926829268292682,0.668235294117647,0.6556366344005957
liar2_finance,1,11,1,linear_svm,word,1.0,0.25,emotion_aware,0.6560975609756098,0.6560975609756097,0.6467889908256881,0.6878048780487804,0.6666666666666666,0.6557514693534845
liar2_finance,1,11,1,linear_svm,word,1.0,0.5,emotion_aware,0.6536585365853659,0.6536585365853658,0.6438356164383562,0.6878048780487804,0.6650943396226415,0.6532542405183914
liar2_finance,1,11,1,linear_svm,word,1.0,1.0,emotion_aware,0.6536585365853659,0.6536585365853658,0.6438356164383562,0.6878048780487804,0.6650943396226415,0.6532542405183914
liar2_finance,1,11,1,linear_svm,word,10.0,0.0,text_only,0.6219512195121951,0.6219512195121951,0.6146788990825688,0.6536585365853659,0.6335697399527187,0.6215707641829085
liar2_finance,1,11,1,linear_svm,word,10.0,0.05,emotion_aware,0.6268292682926829,0.6268292682926829,0.6192660550458715,0.6585365853658537,0.6382978723404256,0.6264537220644193
liar2_finance,1,11,1,linear_svm,word,10.0,0.1,emotion_aware,0.6292682926829268,0.6292682926829268,0.6221198156682027,0.6585365853658537,0.6398104265402843,0.6289504394007954
liar2_finance,1,11,1,linear_svm,word,10.0,0.25,emotion_aware,0.624390243902439,0.624390243902439,0.6164383561643836,0.6585365853658537,0.6367924528301887,0.6239517819706499
liar2_finance,1,11,1,linear_svm,word,10.0,0.5,emotion_aware,0.6219512195121951,0.6219512195121951,0.6136363636363636,0.6585365853658537,0.6352941176470588,0.6214445271779598
liar2_finance,1,11,1,linear_svm,word,10.0,1.0,emotion_aware,0.6219512195121951,0.6219512195121951,0.6136363636363636,0.6585365853658537,0.6352941176470588,0.6214445271779598
liar2_finance,1,11,1,linear_svm,word_char,0.1,0.0,text_only,0.6634146341463415,0.6634146341463415,0.6572769953051644,0.6829268292682927,0.6698564593301436,0.6632864386202957
liar2_finance,1,11,1,linear_svm,word_char,0.1,0.05,emotion_aware,0.6902439024390243,0.6902439024390243,0.6893203883495146,0.6926829268292682,0.6909975669099757,0.6902420597386064
liar2_finance,1,11,1,linear_svm,word_char,0.1,0.1,emotion_aware,0.7048780487804878,0.7048780487804878,0.7038834951456311,0.7073170731707317,0.7055961070559611,0.7048762931367825
liar2_finance,1,11,1,linear_svm,word_char,0.1,0.25,emotion_aware,0.6951219512195121,0.6951219512195121,0.6923076923076923,0.7024390243902439,0.6973365617433414,0.695105627309017
liar2_finance,1,11,1,linear_svm,word_char,0.1,0.5,emotion_aware,0.6902439024390243,0.6902439024390243,0.6857142857142857,0.7024390243902439,0.6939759036144578,0.6901978283504389
liar2_finance,1,11,1,linear_svm,word_char,0.1,1.0,emotion_aware,0.6902439024390243,0.6902439024390243,0.6857142857142857,0.7024390243902439,0.6939759036144578,0.6901978283504389
liar2_finance,1,11,1,linear_svm,word_char,1.0,0.0,text_only,0.6609756097560976,0.6609756097560976,0.6601941747572816,0.6634146341463415,0.6618004866180048,0.6609735929422542
liar2_finance,1,11,1,linear_svm,word_char,1.0,0.05,emotion_aware,0.6658536585365854,0.6658536585365854,0.6634615384615384,0.6731707317073171,0.6682808716707022,0.6658357675306827
liar2_finance,1,11,1,linear_svm,word_char,1.0,0.1,emotion_aware,0.6585365853658537,0.6585365853658537,0.6555023923444976,0.6682926829268293,0.6618357487922706,0.658504081292687
liar2_finance,1,11,1,linear_svm,word_char,1.0,0.25,emotion_aware,0.6634146341463415,0.6634146341463415,0.6634146341463415,0.6634146341463415,0.6634146341463415,0.6634146341463415
liar2_finance,1,11,1,linear_svm,word_char,1.0,0.5,emotion_aware,0.6658536585365854,0.6658536585365854,0.6650485436893204,0.6682926829268293,0.6666666666666666,0.6658516707416462
liar2_finance,1,11,1,linear_svm,word_char,1.0,1.0,emotion_aware,0.6658536585365854,0.6658536585365854,0.6650485436893204,0.6682926829268293,0.6666666666666666,0.6658516707416462
liar2_finance,1,11,1,linear_svm,word_char,10.0,0.0,text_only,0.651219512195122,0.651219512195122,0.6448598130841121,0.6731707317073171,0.6587112171837709,0.6510513691903892
liar2_finance,1,11,1,linear_svm,word_char,10.0,0.05,emotion_aware,0.6414634146341464,0.6414634146341464,0.6342592592592593,0.6682926829268293,0.6508313539192399,0.6412051506438304
liar2_finance,1,11,1,linear_svm,word_char,10.0,0.1,emotion_aware,0.6414634146341464,0.6414634146341464,0.6342592592592593,0.6682926829268293,0.6508313539192399,0.6412051506438304
liar2_finance,1,11,1,linear_svm,word_char,10.0,0.25,emotion_aware,0.6341463414634146,0.6341463414634146,0.6267281105990783,0.6634146341463415,0.6445497630331753,0.6338326704613113
liar2_finance,1,11,1,linear_svm,word_char,10.0,0.5,emotion_aware,0.6390243902439025,0.6390243902439025,0.6325581395348837,0.6634146341463415,0.6476190476190476,0.6388095238095238
liar2_finance,1,11,1,linear_svm,word_char,10.0,1.0,emotion_aware,0.6390243902439025,0.6390243902439025,0.6325581395348837,0.6634146341463415,0.6476190476190476,0.6388095238095238
liar2_finance,1,11,2,logistic_regression,word,0.1,0.0,text_only,0.6170731707317073,0.6170731707317073,0.6111111111111112,0.6439024390243903,0.6270783847980997,0.6167973377624584
liar2_finance,1,11,2,logistic_regression,word,0.1,0.05,emotion_aware,0.6365853658536585,0.6365853658536585,0.6346153846153846,0.6439024390243903,0.639225181598063,0.6365659077523484
liar2_finance,1,11,2,logistic_regression,word,0.1,0.1,emotion_aware,0.6268292682926829,0.6268292682926829,0.6274509803921569,0.624390243902439,0.6259168704156479,0.6268270483465102
liar2_finance,1,11,2,logistic_regression,word,0.1,0.25,emotion_aware,0.6341463414634146,0.6341463414634146,0.6341463414634146,0.6341463414634146,0.6341463414634146,0.6341463414634146
liar2_finance,1,11,2,logistic_regression,word,0.1,0.5,emotion_aware,0.6219512195121951,0.6219512195121951,0.625,0.6097560975609756,0.6172839506172839,0.6218949873568347
liar2_finance,1,11,2,logistic_regression,word,0.1,1.0,emotion_aware,0.6121951219512195,0.6121951219512195,0.615,0.6,0.6074074074074074,0.6121374386434628
liar2_finance,1,11,2,logistic_regression,word,1.0,0.0,text_only,0.624390243902439,0.624390243902439,0.6231884057971014,0.6292682926829268,0.6262135922330098,0.6243813059204264
liar2_finance,1,11,2,logistic_regression,word,1.0,0.05,emotion_aware,0.6170731707317073,0.6170731707317073,0.616504854368932,0.6195121951219512,0.6180048661800487,0.617070892747726
liar2_finance,1,11,2,logistic_regression,word,1.0,0.1,emotion_aware,0.6341463414634146,0.6341463414634146,0.6354679802955665,0.6292682926829268,0.6323529411764706,0.6341376356367789
liar2_finance,1,11,2,logistic_regression,word,1.0,0.25,emotion_aware,0.6341463414634146,0.6341463414634146,0.6328502415458938,0.6390243902439025,0.6359223300970874,0.6341376356367789
liar2_finance,1,11,2,logistic_regression,word,1.0,0.5,emotion_aware,0.6292682926829268,0.6292682926829268,0.6267942583732058,0.6390243902439025,0.6328502415458938,0.629233002546346
liar2_finance,1,11,2,logistic_regression,word,1.0,1.0,emotion_aware,0.6292682926829268,0.6292682926829268,0.6267942583732058,0.6390243902439025,0.6328502415458938,0.629233002546346
liar2_finance,1,11,2,logistic_regression,word,10.0,0.0,text_only,0.6121951219512195,0.6121951219512195,0.6084905660377359,0.6292682926829268,0.6187050359712231,0.6120820465215917
liar2_finance,1,11,2,logistic_regression,word,10.0,0.05,emotion_aware,0.624390243902439,0.624390243902439,0.6220095693779905,0.6341463414634146,0.6280193236714976,0.6243544894219557
liar2_finance,1,11,2,logistic_regression,word,10.0,0.1,emotion_aware,0.6268292682926829,0.6268292682926829,0.625,0.6341463414634146,0.6295399515738499,0.626809287826237
liar2_finance,1,11,2,logistic_regression,word,10.0,0.25,emotion_aware,0.6341463414634146,0.6341463414634146,0.6341463414634146,0.6341463414634146,0.6341463414634146,0.6341463414634146
liar2_finance,1,11,2,logistic_regression,word,10.0,0.5,emotion_aware,0.6317073170731707,0.6317073170731707,0.6323529411764706,0.6292682926829268,0.6308068459657702,0.6317051261459021
liar2_finance,1,11,2,logistic_regression,word,10.0,1.0,emotion_aware,0.6317073170731707,0.6317073170731707,0.6323529411764706,0.6292682926829268,0.6308068459657702,0.6317051261459021
liar2_finance,1,11,2,logistic_regression,word_char,0.1,0.0,text_only,0.6365853658536585,0.6365853658536585,0.6320754716981132,0.6536585365853659,0.6426858513189448,0.6364794020862714
liar2_finance,1,11,2,logistic_regression,word_char,0.1,0.05,emotion_aware,0.6414634146341464,0.6414634146341464,0.6367924528301887,0.6585365853658537,0.6474820143884892,0.6413588731992074
liar2_finance,1,11,2,logistic_regression,word_char,0.1,0.1,emotion_aware,0.6439024390243903,0.6439024390243903,0.642512077294686,0.6487804878048781,0.6456310679611651,0.6438939653531316
liar2_finance,1,11,2,logistic_regression,word_char,0.1,0.25,emotion_aware,0.6536585365853659,0.6536585365853659,0.6521739130434783,0.6585365853658537,0.6553398058252428,0.6536502950694841
liar2_finance,1,11,2,logistic_regression,word_char,0.1,0.5,emotion_aware,0.651219512195122,0.651219512195122,0.6519607843137255,0.6487804878048781,0.6503667481662592,0.6512174373434703
liar2_finance,1,11,2,logistic_regression,word_char,0.1,1.0,emotion_aware,0.6414634146341464,0.6414634146341464,0.6435643564356436,0.6341463414634146,0.6388206388206388,0.641444217715404
liar2_finance,1,11,2,logistic_regression,word_char,1.0,0.0,text_only,0.6414634146341464,0.6414634146341464,0.6407766990291263,0.6439024390243903,0.6423357664233577,0.6414612817446861
liar2_finance,1,11,2,logistic_regression,word_char,1.0,0.05,emotion_aware,0.6439024390243903,0.6439024390243903,0.6411483253588517,0.6536585365853659,0.6473429951690821,0.6438685419195165
liar2_finance,1,11,2,logistic_regression,word_char,1.0,0.1,emotion_aware,0.6439024390243903,0.6439024390243903,0.642512077294686,0.6487804878048781,0.6456310679611651,0.6438939653531316
liar2_finance,1,11,2,logistic_regression,word_char,1.0,0.25,emotion_aware,0.6560975609756098,0.6560975609756098,0.6538461538461539,0.6634146341463415,0.6585956416464891,0.6560791476045713
liar2_finance,1,11,2,logistic_regression,word_char,1.0,0.5,emotion_aware,0.6585365853658537,0.6585365853658537,0.6570048309178744,0.6634146341463415,0.6601941747572816,0.6585284599276604
liar2_finance,1,11,2,logistic_regression,word_char,1.0,1.0,emotion_aware,0.6585365853658537,0.6585365853658537,0.6570048309178744,0.6634146341463415,0.6601941747572816,0.6585284599276604
liar2_finance,1,11,2,logistic_regression,word_char,10.0,0.0,text_only,0.6414634146341464,0.6414634146341464,0.6394230769230769,0.6487804878048781,0.6440677966101694,0.641444217715404
liar2_finance,1,11,2,logistic_regression,word_char,10.0,0.05,emotion_aware,0.6317073170731707,0.6317073170731707,0.6273584905660378,0.6487804878048781,0.6378896882494005,0.6315999309733356
liar2_finance,1,11,2,logistic_regression,word_char,10.0,0.1,emotion_aware,0.6439024390243903,0.6439024390243903,0.6411483253588517,0.6536585365853659,0.6473429951690821,0.6438685419195165
liar2_finance,1,11,2,logistic_regression,word_char,10.0,0.25,emotion_aware,0.6390243902439025,0.6390243902439025,0.6390243902439025,0.6390243902439025,0.6390243902439025,0.6390243902439025
liar2_finance,1,11,2,logistic_regression,word_char,10.0,0.5,emotion_aware,0.6414634146341464,0.6414634146341464,0.6407766990291263,0.6439024390243903,0.6423357664233577,0.6414612817446861
liar2_finance,1,11,2,logistic_regression,word_char,10.0,1.0,emotion_aware,0.6414634146341464,0.6414634146341464,0.6407766990291263,0.6439024390243903,0.6423357664233577,0.6414612817446861
liar2_finance,1,11,2,linear_svm,word,0.1,0.0,text_only,0.624390243902439,0.624390243902439,0.6231884057971014,0.6292682926829268,0.6262135922330098,0.6243813059204264
liar2_finance,1,11,2,linear_svm,word,0.1,0.05,emotion_aware,0.6219512195121951,0.6219512195121951,0.6225490196078431,0.6195121951219512,0.6210268948655256,0.6219489705471181
liar2_finance,1,11,2,linear_svm,word,0.1,0.1,emotion_aware,0.6390243902439025,0.6390243902439025,0.6417910447761194,0.6292682926829268,0.6354679802955665,0.6389900287951262
liar2_finance,1,11,2,linear_svm,word,0.1,0.25,emotion_aware,0.6365853658536585,0.6365853658536585,0.6359223300970874,0.6390243902439025,0.6374695863746959,0.6365832039452941
liar2_finance,1,11,2,linear_svm,word,0.1,0.5,emotion_aware,0.6219512195121951,0.6219512195121951,0.6213592233009708,0.624390243902439,0.6228710462287105,0.6219489705471181
liar2_finance,1,11,2,linear_svm,word,0.1,1.0,emotion_aware,0.624390243902439,0.624390243902439,0.6231884057971014,0.6292682926829268,0.6262135922330098,0.6243813059204264
liar2_finance,1,11,2,linear_svm,word,1.0,0.0,text_only,0.6121951219512195,0.6121951219512195,0.6074766355140186,0.6341463414634146,0.6205250596658711,0.61200816574316
liar2_finance,1,11,2,linear_svm,word,1.0,0.05,emotion_aware,0.624390243902439,0.624390243902439,0.6197183098591549,0.6439024390243903,0.631578947368421,0.6242471851269966
liar2_finance,1,11,2,linear_svm,word,1.0,0.1,emotion_aware,0.624390243902439,0.624390243902439,0.6220095693779905,0.6341463414634146,0.6280193236714976,0.6243544894219557
liar2_finance,1,11,2,linear_svm,word,1.0,0.25,emotion_aware,0.624390243902439,0.624390243902439,0.6231884057971014,0.6292682926829268,0.6262135922330098,0.6243813059204264
liar2_finance,1,11,2,linear_svm,word,1.0,0.5,emotion_aware,0.624390243902439,0.624390243902439,0.6231884057971014,0.6292682926829268,0.6262135922330098,0.6243813059204264
liar2_finance,1,11,2,linear_svm,word,1.0,1.0,emotion_aware,0.624390243902439,0.624390243902439,0.6231884057971014,0.6292682926829268,0.6262135922330098,0.6243813059204264
liar2_finance,1,11,2,linear_svm,word,10.0,0.0,text_only,0.5975609756097561,0.5975609756097561,0.5943396226415094,0.6146341463414634,0.60431654676259,0.5974436331827838
liar2_finance,1,11,2,linear_svm,word,10.0,0.05,emotion_aware,0.5926829268292683,0.5926829268292683,0.589622641509434,0.6097560975609756,0.5995203836930456,0.5925641620698479
liar2_finance,1,11,2,linear_svm,word,10.0,0.1,emotion_aware,0.5878048780487805,0.5878048780487805,0.5849056603773585,0.6048780487804878,0.5947242206235012,0.5876846909569119
liar2_finance,1,11,2,linear_svm,word,10.0,0.25,emotion_aware,0.5902439024390244,0.5902439024390244,0.5868544600938967,0.6097560975609756,0.5980861244019139,0.5900878383203599
liar2_finance,1,11,2,linear_svm,word,10.0,0.5,emotion_aware,0.5926829268292683,0.5926829268292683,0.589622641509434,0.6097560975609756,0.5995203836930456,0.5925641620698479
liar2_finance,1,11,2,linear_svm,word,10.0,1.0,emotion_aware,0.5926829268292683,0.5926829268292683,0.589622641509434,0.6097560975609756,0.5995203836930456,0.5925641620698479
liar2_finance,1,11,2,linear_svm,word_char,0.1,0.0,text_only,0.6414634146341464,0.6414634146341464,0.6407766990291263,0.6439024390243903,0.6423357664233577,0.6414612817446861
liar2_finance,1,11,2,linear_svm,word_char,0.1,0.05,emotion_aware,0.6439024390243903,0.6439024390243903,0.6411483253588517,0.6536585365853659,0.6473429951690821,0.6438685419195165
liar2_finance,1,11,2,linear_svm,word_char,0.1,0.1,emotion_aware,0.6414634146341464,0.6414634146341464,0.6407766990291263,0.6439024390243903,0.6423357664233577,0.6414612817446861
liar2_finance,1,11,2,linear_svm,word_char,0.1,0.25,emotion_aware,0.6560975609756098,0.6560975609756098,0.6538461538461539,0.6634146341463415,0.6585956416464891,0.6560791476045713
liar2_finance,1,11,2,linear_svm,word_char,0.1,0.5,emotion_aware,0.6585365853658537,0.6585365853658537,0.6570048309178744,0.6634146341463415,0.6601941747572816,0.6585284599276604
liar2_finance,1,11,2,linear_svm,word_char,0.1,1.0,emotion_aware,0.6609756097560976,0.6609756097560976,0.6617647058823529,0.6585365853658537,0.6601466992665037,0.6609735929422542
liar2_finance,1,11,2,linear_svm,word_char,1.0,0.0,text_only,0.6487804878048781,0.6487804878048781,0.6445497630331753,0.6634146341463415,0.6538461538461539,0.6487052551408987
liar2_finance,1,11,2,linear_svm,word_char,1.0,0.05,emotion_aware,0.651219512195122,0.651219512195122,0.6462264150943396,0.6682926829268293,0.657074340527578,0.6511178154250793
liar2_finance,1,11,2,linear_svm,word_char,1.0,0.1,emotion_aware,0.651219512195122,0.651219512195122,0.6476190476190476,0.6634146341463415,0.655421686746988,0.6511676334969507
liar2_finance,1,11,2,linear_svm,word_char,1.0,0.25,emotion_aware,0.6487804878048781,0.6487804878048781,0.6445497630331753,0.6634146341463415,0.6538461538461539,0.6487052551408987
liar2_finance,1,11,2,linear_svm,word_char,1.0,0.5,emotion_aware,0.6463414634146342,0.6463414634146342,0.6415094339622641,0.6634146341463415,0.6522781774580336,0.6462383443121433
liar2_finance,1,11,2,linear_svm,word_char,1.0,1.0,emotion_aware,0.6463414634146342,0.6463414634146342,0.6415094339622641,0.6634146341463415,0.6522781774580336,0.6462383443121433
liar2_finance,1,11,2,linear_svm,word_char,10.0,0.0,text_only,0.6341463414634146,0.6341463414634146,0.6291079812206573,0.6536585365853659,0.6411483253588517,0.6340069985003214
liar2_finance,1,11,2,linear_svm,word_char,10.0,0.05,emotion_aware,0.6414634146341464,0.6414634146341464,0.638095238095238,0.6536585365853659,0.6457831325301204,0.6414100847835787
liar2_finance,1,11,2,linear_svm,word_char,10.0,0.1,emotion_aware,0.6414634146341464,0.6414634146341464,0.638095238095238,0.6536585365853659,0.6457831325301204,0.6414100847835787
liar2_finance,1,11,2,linear_svm,word_char,10.0,0.25,emotion_aware,0.6390243902439025,0.6390243902439025,0.6363636363636364,0.6487804878048781,0.642512077294686,0.6389900287951262
liar2_finance,1,11,2,linear_svm,word_char,10.0,0.5,emotion_aware,0.6390243902439025,0.6390243902439025,0.6363636363636364,0.6487804878048781,0.642512077294686,0.6389900287951262
liar2_finance,1,11,2,linear_svm,word_char,10.0,1.0,emotion_aware,0.6390243902439025,0.6390243902439025,0.6363636363636364,0.6487804878048781,0.642512077294686,0.6389900287951262
liar2_finance,1,11,3,logistic_regression,word,0.1,0.0,text_only,0.6707317073170732,0.6707317073170731,0.6785714285714286,0.6487804878048781,0.6633416458852868,0.6705729709140038
liar2_finance,1,11,3,logistic_regression,word,0.1,0.05,emotion_aware,0.6536585365853659,0.6536585365853659,0.6598984771573604,0.6341463414634146,0.6467661691542289,0.6535266252469709
liar2_finance,1,11,3,logistic_regression,word,0.1,0.1,emotion_aware,0.6341463414634146,0.6341463414634146,0.6354679802955665,0.6292682926829268,0.6323529411764706,0.6341376356367789
liar2_finance,1,11,3,logistic_regression,word,0.1,0.25,emotion_aware,0.6170731707317073,0.6170731707317073,0.616504854368932,0.6195121951219512,0.6180048661800487,0.617070892747726
liar2_finance,1,11,3,logistic_regression,word,0.1,0.5,emotion_aware,0.624390243902439,0.624390243902439,0.6408839779005525,0.5658536585365853,0.6010362694300518,0.6230987798763162
liar2_finance,1,11,3,logistic_regression,word,0.1,1.0,emotion_aware,0.6195121951219512,0.6195121951219512,0.6338797814207651,0.5658536585365853,0.5979381443298969,0.6184135166093929
liar2_finance,1,11,3,logistic_regression,word,1.0,0.0,text_only,0.6609756097560976,0.6609756097560975,0.6793478260869565,0.6097560975609756,0.6426735218508998,0.6600838606934314
liar2_finance,1,11,3,logistic_regression,word,1.0,0.05,emotion_aware,0.6585365853658537,0.6585365853658536,0.6737967914438503,0.6146341463414634,0.6428571428571429,0.6578771695594126
liar2_finance,1,11,3,logistic_regression,word,1.0,0.1,emotion_aware,0.6487804878048781,0.648780487804878,0.6613756613756614,0.6097560975609756,0.6345177664974619,0.6482447987416887
liar2_finance,1,11,3,logistic_regression,word,1.0,0.25,emotion_aware,0.6463414634146342,0.646341463414634,0.6630434782608695,0.5951219512195122,0.6272493573264781,0.645411221586673
liar2_finance,1,11,3,logistic_regression,word,1.0,0.5,emotion_aware,0.6439024390243903,0.6439024390243901,0.6612021857923497,0.5902439024390244,0.6237113402061856,0.6428741886216114
liar2_finance,1,11,3,logistic_regression,word,1.0,1.0,emotion_aware,0.6463414634146342,0.646341463414634,0.6630434782608695,0.5951219512195122,0.6272493573264781,0.645411221586673
liar2_finance,1,11,3,logistic_regression,word,10.0,0.0,text_only,0.6439024390243903,0.6439024390243901,0.6612021857923497,0.5902439024390244,0.6237113402061856,0.6428741886216114
liar2_finance,1,11,3,logistic_regression,word,10.0,0.05,emotion_aware,0.651219512195122,0.6512195121951219,0.6666666666666666,0.6048780487804878,0.6342710997442456,0.6504688832054561
liar2_finance,1,11,3,logistic_regression,word,10.0,0.1,emotion_aware,0.6439024390243903,0.6439024390243901,0.6612021857923497,0.5902439024390244,0.6237113402061856,0.6428741886216114
liar2_finance,1,11,3,logistic_regression,word,10.0,0.25,emotion_aware,0.6390243902439025,0.6390243902439023,0.654054054054054,0.5902439024390244,0.6205128205128205,0.6381633870005963
liar2_finance,1,11,3,logistic_regression,word,10.0,0.5,emotion_aware,0.6365853658536585,0.6365853658536584,0.6521739130434783,0.5853658536585366,0.6169665809768637,0.6356294621821674
liar2_finance,1,11,3,logistic_regression,word,10.0,1.0,emotion_aware,0.6341463414634146,0.6341463414634145,0.6502732240437158,0.5804878048780487,0.6134020618556701,0.6330899198167239
liar2_finance,1,11,3,logistic_regression,word_char,0.1,0.0,text_only,0.6707317073170732,0.6707317073170731,0.6804123711340206,0.6439024390243903,0.6616541353383458,0.670494526101477
liar2_finance,1,11,3,logistic_regression,word_char,0.1,0.05,emotion_aware,0.6560975609756098,0.6560975609756097,0.6666666666666666,0.624390243902439,0.6448362720403022,0.6557514693534845
liar2_finance,1,11,3,logistic_regression,word_char,0.1,0.1,emotion_aware,0.6463414634146342,0.646341463414634,0.6595744680851063,0.6048780487804878,0.6310432569974554,0.6457324013324514
liar2_finance,1,11,3,logistic_regression,word_char,0.1,0.25,emotion_aware,0.6390243902439025,0.6390243902439025,0.6461538461538462,0.6146341463414634,0.63,0.6388095238095238
liar2_finance,1,11,3,logistic_regression,word_char,0.1,0.5,emotion_aware,0.624390243902439,0.624390243902439,0.6408839779005525,0.5658536585365853,0.6010362694300518,0.6230987798763162
liar2_finance,1,11,3,logistic_regression,word_char,0.1,1.0,emotion_aware,0.6219512195121951,0.6219512195121951,0.6358695652173914,0.5707317073170731,0.6015424164524421,0.620956823075409
liar2_finance,1,11,3,logistic_regression,word_char,1.0,0.0,text_only,0.6609756097560976,0.6609756097560975,0.6774193548387096,0.6146341463414634,0.6445012787723785,0.6602459773815272
liar2_finance,1,11,3,logistic_regression,word_char,1.0,0.05,emotion_aware,0.6634146341463415,0.6634146341463414,0.6772486772486772,0.624390243902439,0.649746192893401,0.662901265460785
liar2_finance,1,11,3,logistic_regression,word_char,1.0,0.1,emotion_aware,0.6463414634146342,0.6463414634146342,0.6578947368421053,0.6097560975609756,0.6329113924050633,0.6458674609084141
liar2_finance,1,11,3,logistic_regression,word_char,1.0,0.25,emotion_aware,0.6439024390243903,0.6439024390243903,0.656084656084656,0.6048780487804878,0.6294416243654822,0.6433593098353233
liar2_finance,1,11,3,logistic_regression,word_char,1.0,0.5,emotion_aware,0.6365853658536585,0.6365853658536585,0.6473684210526316,0.6,0.6227848101265823,0.6360982874162323
liar2_finance,1,11,3,logistic_regression,word_char,1.0,1.0,emotion_aware,0.6365853658536585,0.6365853658536585,0.648936170212766,0.5951219512195122,0.6208651399491094,0.6359595020588638
liar2_finance,1,11,3,logistic_regression,word_char,10.0,0.0,text_only,0.6365853658536585,0.6365853658536585,0.648936170212766,0.5951219512195122,0.6208651399491094,0.6359595020588638
liar2_finance,1,11,3,logistic_regression,word_char,10.0,0.05,emotion_aware,0.6365853658536585,0.6365853658536585,0.6428571428571429,0.6146341463414634,0.628428927680798,0.6364101678976782
liar2_finance,1,11,3,logistic_regression,word_char,10.0,0.1,emotion_aware,0.624390243902439,0.624390243902439,0.6335078534031413,0.5902439024390244,0.6111111111111112,0.6239517819706499
liar2_finance,1,11,3,logistic_regression,word_char,10.0,0.25,emotion_aware,0.6390243902439025,0.6390243902439025,0.6507936507936508,0.6,0.6243654822335025,0.6384738209289578
liar2_finance,1,11,3,logistic_regression,word_char,10.0,0.5,emotion_aware,0.6341463414634146,0.6341463414634146,0.6470588235294118,0.5902439024390244,0.6173469387755102,0.633439824527942
liar2_finance,1,11,3,logistic_regression,word_char,10.0,1.0,emotion_aware,0.6341463414634146,0.6341463414634146,0.6470588235294118,0.5902439024390244,0.6173469387755102,0.633439824527942
liar2_finance,1,11,3,linear_svm,word,0.1,0.0,text_only,0.6634146341463415,0.6634146341463414,0.6810810810810811,0.6146341463414634,0.6461538461538462,0.6626118067978533
liar2_finance,1,11,3,linear_svm,word,0.1,0.05,emotion_aware,0.6658536585365854,0.6658536585365853,0.6827956989247311,0.6195121951219512,0.649616368286445,0.6651345244695628
liar2_finance,1,11,3,linear_svm,word,0.1,0.1,emotion_aware,0.6536585365853659,0.6536585365853658,0.6684491978609626,0.6097560975609756,0.6377551020408163,0.6529897005531184
liar2_finance,1,11,3,linear_svm,word,0.1,0.25,emotion_aware,0.6439024390243903,0.6439024390243901,0.6594594594594595,0.5951219512195122,0.6256410256410256,0.6430530709600477
liar2_finance,1,11,3,linear_svm,word,0.1,0.5,emotion_aware,0.6439024390243903,0.6439024390243901,0.6612021857923497,0.5902439024390244,0.6237113402061856,0.6428741886216114
liar2_finance,1,11,3,linear_svm,word,0.1,1.0,emotion_aware,0.6463414634146342,0.646341463414634,0.6648351648351648,0.5902439024390244,0.6253229974160207,0.64522500910062
liar2_finance,1,11,3,linear_svm,word,1.0,0.0,text_only,0.6365853658536585,0.6365853658536584,0.6521739130434783,0.5853658536585366,0.6169665809768637,0.6356294621821674
liar2_finance,1,11,3,linear_svm,word,1.0,0.05,emotion_aware,0.6341463414634146,0.6341463414634145,0.6519337016574586,0.5756097560975609,0.6113989637305699,0.6328884219574509
liar2_finance,1,11,3,linear_svm,word,1.0,0.1,emotion_aware,0.6365853658536585,0.6365853658536584,0.6521739130434783,0.5853658536585366,0.6169665809768637,0.6356294621821674
liar2_finance,1,11,3,linear_svm,word,1.0,0.25,emotion_aware,0.6414634146341464,0.6414634146341462,0.6559139784946236,0.5951219512195122,0.6240409207161125,0.6406917890293848
liar2_finance,1,11,3,linear_svm,word,1.0,0.5,emotion_aware,0.6341463414634146,0.6341463414634145,0.6502732240437158,0.5804878048780487,0.6134020618556701,0.6330899198167239
liar2_finance,1,11,3,linear_svm,word,1.0,1.0,emotion_aware,0.6317073170731707,0.6317073170731706,0.6483516483516484,0.5756097560975609,0.6098191214470284,0.6305446646496112
liar2_finance,1,11,3,linear_svm,word,10.0,0.0,text_only,0.6219512195121951,0.6219512195121951,0.6344086021505376,0.5756097560975609,0.6035805626598465,0.6211376006772427
liar2_finance,1,11,3,linear_svm,word,10.0,0.05,emotion_aware,0.6170731707317073,0.6170731707317073,0.6290322580645161,0.5707317073170731,0.59846547314578,0.616249053589207
liar2_finance,1,11,3,linear_svm,word,10.0,0.1,emotion_aware,0.6170731707317073,0.6170731707317073,0.6304347826086957,0.5658536585365853,0.596401028277635,0.6160659433731562
liar2_finance,1,11,3,linear_svm,word,10.0,0.25,emotion_aware,0.6170731707317073,0.6170731707317073,0.6290322580645161,0.5707317073170731,0.59846547314578,0.616249053589207
liar2_finance,1,11,3,linear_svm,word,10.0,0.5,emotion_aware,0.6170731707317073,0.6170731707317073,0.6290322580645161,0.5707317073170731,0.59846547314578,0.616249053589207
liar2_finance,1,11,3,linear_svm,word,10.0,1.0,emotion_aware,0.6170731707317073,0.6170731707317073,0.6290322580645161,0.5707317073170731,0.59846547314578,0.616249053589207
liar2_finance,1,11,3,linear_svm,word_char,0.1,0.0,text_only,0.6585365853658537,0.6585365853658536,0.6737967914438503,0.6146341463414634,0.6428571428571429,0.6578771695594126
liar2_finance,1,11,3,linear_svm,word_char,0.1,0.05,emotion_aware,0.6658536585365854,0.6658536585365853,0.6789473684210526,0.6292682926829268,0.6531645569620254,0.6654058078927774
liar2_finance,1,11,3,linear_svm,word_char,0.1,0.1,emotion_aware,0.6536585365853659,0.6536585365853659,0.6632124352331606,0.624390243902439,0.6432160804020101,0.6533615947033746
liar2_finance,1,11,3,linear_svm,word_char,0.1,0.25,emotion_aware,0.6414634146341464,0.6414634146341464,0.6542553191489362,0.6,0.6259541984732825,0.6408459516956576
liar2_finance,1,11,3,linear_svm,word_char,0.1,0.5,emotion_aware,0.6390243902439025,0.6390243902439025,0.6507936507936508,0.6,0.6243654822335025,0.6384738209289578
liar2_finance,1,11,3,linear_svm,word_char,0.1,1.0,emotion_aware,0.6390243902439025,0.6390243902439025,0.6507936507936508,0.6,0.6243654822335025,0.6384738209289578
liar2_finance,1,11,3,linear_svm,word_char,1.0,0.0,text_only,0.6390243902439025,0.6390243902439025,0.6507936507936508,0.6,0.6243654822335025,0.6384738209289578
liar2_finance,1,11,3,linear_svm,word_char,1.0,0.05,emotion_aware,0.6292682926829268,0.6292682926829268,0.6432432432432432,0.5804878048780487,0.6102564102564103,0.6283840190816935
liar2_finance,1,11,3,linear_svm,word_char,1.0,0.1,emotion_aware,0.6292682926829268,0.6292682926829268,0.6417112299465241,0.5853658536585366,0.6122448979591837,0.6285523555216479
liar2_finance,1,11,3,linear_svm,word_char,1.0,0.25,emotion_aware,0.6292682926829268,0.6292682926829268,0.6432432432432432,0.5804878048780487,0.6102564102564103,0.6283840190816935
liar2_finance,1,11,3,linear_svm,word_char,1.0,0.5,emotion_aware,0.6268292682926829,0.6268292682926829,0.6413043478260869,0.5756097560975609,0.6066838046272494,0.6258477027776618
liar2_finance,1,11,3,linear_svm,word_char,1.0,1.0,emotion_aware,0.624390243902439,0.624390243902439,0.6378378378378379,0.5756097560975609,0.6051282051282051,0.6234943351222421
liar2_finance,1,11,3,linear_svm,word_char,10.0,0.0,text_only,0.624390243902439,0.624390243902439,0.6424581005586593,0.5609756097560976,0.5989583333333334,0.6228736620795108
liar2_finance,1,11,3,linear_svm,word_char,10.0,0.05,emotion_aware,0.6170731707317073,0.6170731707317074,0.6318681318681318,0.5609756097560976,0.5943152454780362,0.6158643201986024
liar2_finance,1,11,3,linear_svm,word_char,10.0,0.1,emotion_aware,0.6097560975609756,0.6097560975609757,0.6243093922651933,0.551219512195122,0.5854922279792746,0.6084143167546143
liar2_finance,1,11,3,linear_svm,word_char,10.0,0.25,emotion_aware,0.6268292682926829,0.6268292682926828,0.6444444444444445,0.5658536585365853,0.6025974025974026,0.625436632333184
liar2_finance,1,11,3,linear_svm,word_char,10.0,0.5,emotion_aware,0.6292682926829268,0.6292682926829267,0.6480446927374302,0.5658536585365853,0.6041666666666666,0.6277714067278287
liar2_finance,1,11,3,linear_svm,word_char,10.0,1.0,emotion_aware,0.6268292682926829,0.6268292682926829,0.6460674157303371,0.5609756097560976,0.6005221932114883,0.6252038883677579
liar2_finance,1,11,4,logistic_regression,word,0.1,0.0,text_only,0.6219512195121951,0.6219512195121951,0.6275510204081632,0.6,0.6134663341645885,0.6217689666049673
liar2_finance,1,11,4,logistic_regression,word,0.1,0.05,emotion_aware,0.6219512195121951,0.6219512195121951,0.625,0.6097560975609756,0.6172839506172839,0.6218949873568347
liar2_finance,1,11,4,logistic_regression,word,0.1,0.1,emotion_aware,0.5902439024390244,0.5902439024390244,0.5893719806763285,0.5951219512195122,0.5922330097087378,0.5902341519131924
liar2_finance,1,11,4,logistic_regression,word,0.1,0.25,emotion_aware,0.5878048780487805,0.5878048780487805,0.5909090909090909,0.5707317073170731,0.5806451612903226,0.5876846909569119
liar2_finance,1,11,4,logistic_regression,word,0.1,0.5,emotion_aware,0.5951219512195122,0.5951219512195123,0.6031746031746031,0.5560975609756098,0.5786802030456852,0.594504420771669
liar2_finance,1,11,4,logistic_regression,word,0.1,1.0,emotion_aware,0.5902439024390244,0.5902439024390245,0.6010928961748634,0.5365853658536586,0.5670103092783505,0.5890607101947308
liar2_finance,1,11,4,logistic_regression,word,1.0,0.0,text_only,0.6487804878048781,0.648780487804878,0.6613756613756614,0.6097560975609756,0.6345177664974619,0.6482447987416887
liar2_finance,1,11,4,logistic_regression,word,1.0,0.05,emotion_aware,0.6341463414634146,0.6341463414634146,0.6368159203980099,0.624390243902439,0.6305418719211823,0.634111515670736
liar2_finance,1,11,4,logistic_regression,word,1.0,0.1,emotion_aware,0.6390243902439025,0.6390243902439025,0.6403940886699507,0.6341463414634146,0.6372549019607843,0.6390158004949553
liar2_finance,1,11,4,logistic_regression,word,1.0,0.25,emotion_aware,0.6317073170731707,0.6317073170731707,0.635,0.6195121951219512,0.6271604938271605,0.6316525360702068
liar2_finance,1,11,4,logistic_regression,word,1.0,0.5,emotion_aware,0.6317073170731707,0.6317073170731707,0.6377551020408163,0.6097560975609756,0.6234413965087282,0.6315297674667746
liar2_finance,1,11,4,logistic_regression,word,1.0,1.0,emotion_aware,0.6292682926829268,0.6292682926829268,0.6345177664974619,0.6097560975609756,0.6218905472636815,0.6291270918136589
liar2_finance,1,11,4,logistic_regression,word,10.0,0.0,text_only,0.6463414634146342,0.646341463414634,0.6630434782608695,0.5951219512195122,0.6272493573264781,0.645411221586673
liar2_finance,1,11,4,logistic_regression,word,10.0,0.05,emotion_aware,0.6341463414634146,0.6341463414634146,0.6410256410256411,0.6097560975609756,0.625,0.6339285714285714
liar2_finance,1,11,4,logistic_regression,word,10.0,0.1,emotion_aware,0.6414634146341464,0.6414634146341464,0.6510416666666666,0.6097560975609756,0.6297229219143576,0.6411025957089519
liar2_finance,1,11,4,logistic_regression,word,10.0,0.25,emotion_aware,0.6463414634146342,0.6463414634146342,0.654639175257732,0.6195121951219512,0.6365914786967418,0.6460867132201049
liar2_finance,1,11,4,logistic_regression,word,10.0,0.5,emotion_aware,0.6439024390243903,0.6439024390243903,0.6512820512820513,0.6195121951219512,0.635,0.6436904761904763
liar2_finance,1,11,4,logistic_regression,word,10.0,1.0,emotion_aware,0.6390243902439025,0.6390243902439025,0.6461538461538462,0.6146341463414634,0.63,0.6388095238095238
liar2_finance,1,11,4,logistic_regression,word_char,0.1,0.0,text_only,0.651219512195122,0.651219512195122,0.6534653465346535,0.6439024390243903,0.6486486486486487,0.6512008376415157
liar2_finance,1,11,4,logistic_regression,word_char,0.1,0.05,emotion_aware,0.6292682926829268,0.6292682926829268,0.6280193236714976,0.6341463414634146,0.6310679611650486,0.6292594707786028
liar2_finance,1,11,4,logistic_regression,word_char,0.1,0.1,emotion_aware,0.6292682926829268,0.6292682926829268,0.6267942583732058,0.6390243902439025,0.6328502415458938,0.629233002546346
liar2_finance,1,11,4,logistic_regression,word_char,0.1,0.25,emotion_aware,0.6317073170731707,0.6317073170731707,0.6310679611650486,0.6341463414634146,0.6326034063260341,0.6317051261459021
liar2_finance,1,11,4,logistic_regression,word_char,0.1,0.5,emotion_aware,0.624390243902439,0.624390243902439,0.6307692307692307,0.6,0.615,0.6241666666666666
liar2_finance,1,11,4,logistic_regression,word_char,0.1,1.0,emotion_aware,0.6,0.6,0.6051282051282051,0.5756097560975609,0.59,0.5997619047619047
liar2_finance,1,11,4,logistic_regression,word_char,1.0,0.0,text_only,0.6487804878048781,0.6487804878048781,0.6532663316582915,0.6341463414634146,0.6435643564356436,0.6487052551408987
liar2_finance,1,11,4,logistic_regression,word_char,1.0,0.05,emotion_aware,0.651219512195122,0.651219512195122,0.655,0.6390243902439025,0.6469135802469136,0.6511676334969507
liar2_finance,1,11,4,logistic_regression,word_char,1.0,0.1,emotion_aware,0.6463414634146342,0.6463414634146342,0.6456310679611651,0.6487804878048781,0.6472019464720195,0.6463393595440782
liar2_finance,1,11,4,logistic_regression,word_char,1.0,0.25,emotion_aware,0.6439024390243903,0.6439024390243903,0.6439024390243903,0.6439024390243903,0.6439024390243903,0.6439024390243903
liar2_finance,1,11,4,logistic_regression,word_char,1.0,0.5,emotion_aware,0.6487804878048781,0.6487804878048781,0.6502463054187192,0.6439024390243903,0.6470588235294118,0.6487721302113079
liar2_finance,1,11,4,logistic_regression,word_char,1.0,1.0,emotion_aware,0.6439024390243903,0.6439024390243903,0.645320197044335,0.6390243902439025,0.6421568627450981,0.6438939653531316
liar2_finance,1,11,4,logistic_regression,word_char,10.0,0.0,text_only,0.6292682926829268,0.6292682926829268,0.6345177664974619,0.6097560975609756,0.6218905472636815,0.6291270918136589
liar2_finance,1,11,4,logistic_regression,word_char,10.0,0.05,emotion_aware,0.624390243902439,0.624390243902439,0.6294416243654822,0.6048780487804878,0.6169154228855721,0.6242471851269966
liar2_finance,1,11,4,logistic_regression,word_char,10.0,0.1,emotion_aware,0.6365853658536585,0.6365853658536585,0.6386138613861386,0.6292682926829268,0.6339066339066339,0.6365659077523484
liar2_finance,1,11,4,logistic_regression,word_char,10.0,0.25,emotion_aware,0.6341463414634146,0.6341463414634146,0.6354679802955665,0.6292682926829268,0.6323529411764706,0.6341376356367789
liar2_finance,1,11,4,logistic_regression,word_char,10.0,0.5,emotion_aware,0.6292682926829268,0.6292682926829268,0.6292682926829268,0.6292682926829268,0.6292682926829268,0.6292682926829268
liar2_finance,1,11,4,logistic_regression,word_char,10.0,1.0,emotion_aware,0.6292682926829268,0.6292682926829268,0.6292682926829268,0.6292682926829268,0.6292682926829268,0.6292682926829268
liar2_finance,1,11,4,linear_svm,word,0.1,0.0,text_only,0.6560975609756098,0.6560975609756097,0.6684210526315789,0.6195121951219512,0.6430379746835443,0.6556366344005957
liar2_finance,1,11,4,linear_svm,word,0.1,0.05,emotion_aware,0.6341463414634146,0.6341463414634146,0.6368159203980099,0.624390243902439,0.6305418719211823,0.634111515670736
liar2_finance,1,11,4,linear_svm,word,0.1,0.1,emotion_aware,0.6365853658536585,0.6365853658536585,0.64,0.624390243902439,0.6320987654320988,0.6365313104268928
liar2_finance,1,11,4,linear_svm,word,0.1,0.25,emotion_aware,0.6268292682926829,0.6268292682926829,0.6313131313131313,0.6097560975609756,0.6203473945409429,0.6267204598603995
liar2_finance,1,11,4,linear_svm,word,0.1,0.5,emotion_aware,0.6317073170731707,0.6317073170731707,0.6391752577319587,0.6048780487804878,0.6215538847117794,0.6314420254912816
liar2_finance,1,11,4,linear_svm,word,0.1,1.0,emotion_aware,0.6268292682926829,0.6268292682926829,0.634020618556701,0.6,0.6165413533834586,0.6265604629150072
liar2_finance,1,11,4,linear_svm,word,1.0,0.0,text_only,0.6365853658536585,0.6365853658536585,0.6473684210526316,0.6,0.6227848101265823,0.6360982874162323
liar2_finance,1,11,4,linear_svm,word,1.0,0.05,emotion_aware,0.6268292682926829,0.6268292682926829,0.634020618556701,0.6,0.6165413533834586,0.6265604629150072
liar2_finance,1,11,4,linear_svm,word,1.0,0.1,emotion_aware,0.6341463414634146,0.6341463414634146,0.6424870466321243,0.6048780487804878,0.6231155778894473,0.6338326704613113
liar2_finance,1,11,4,linear_svm,word,1.0,0.25,emotion_aware,0.6341463414634146,0.6341463414634146,0.643979057591623,0.6,0.6212121212121212,0.6337192681532304
liar2_finance,1,11,4,linear_svm,word,1.0,0.5,emotion_aware,0.6341463414634146,0.6341463414634146,0.643979057591623,0.6,0.6212121212121212,0.6337192681532304
liar2_finance,1,11,4,linear_svm,word,1.0,1.0,emotion_aware,0.6341463414634146,0.6341463414634146,0.643979057591623,0.6,0.6212121212121212,0.6337192681532304
liar2_finance,1,11,4,linear_svm,word,10.0,0.0,text_only,0.6121951219512195,0.6121951219512195,0.6161616161616161,0.5951219512195122,0.6054590570719603,0.6120820465215917
liar2_finance,1,11,4,linear_svm,word,10.0,0.05,emotion_aware,0.6073170731707317,0.6073170731707317,0.6145833333333334,0.5756097560975609,0.5944584382871536,0.6069218905383759
liar2_finance,1,11,4,linear_svm,word,10.0,0.1,emotion_aware,0.6097560975609756,0.6097560975609756,0.6190476190476191,0.5707317073170731,0.5939086294416244,0.6091608874907652
liar2_finance,1,11,4,linear_svm,word,10.0,0.25,emotion_aware,0.6073170731707317,0.6073170731707317,0.6145833333333334,0.5756097560975609,0.5944584382871536,0.6069218905383759
liar2_finance,1,11,4,linear_svm,word,10.0,0.5,emotion_aware,0.6048780487804878,0.6048780487804878,0.6113989637305699,0.5756097560975609,0.592964824120603,0.6045392840982162
liar2_finance,1,11,4,linear_svm,word,10.0,1.0,emotion_aware,0.6073170731707317,0.6073170731707317,0.6134020618556701,0.5804878048780487,0.5964912280701754,0.6070342126099095
liar2_finance,1,11,4,linear_svm,word_char,0.1,0.0,text_only,0.6439024390243903,0.6439024390243903,0.649746192893401,0.624390243902439,0.6368159203980099,0.6437668118736461
liar2_finance,1,11,4,linear_svm,word_char,0.1,0.05,emotion_aware,0.6487804878048781,0.6487804878048781,0.6532663316582915,0.6341463414634146,0.6435643564356436,0.6487052551408987
liar2_finance,1,11,4,linear_svm,word_char,0.1,0.1,emotion_aware,0.6463414634146342,0.6463414634146342,0.6470588235294118,0.6439024390243903,0.6454767726161369,0.6463393595440782
liar2_finance,1,11,4,linear_svm,word_char,0.1,0.25,emotion_aware,0.6487804878048781,0.6487804878048781,0.6502463054187192,0.6439024390243903,0.6470588235294118,0.6487721302113079
liar2_finance,1,11,4,linear_svm,word_char,0.1,0.5,emotion_aware,0.6463414634146342,0.6463414634146342,0.6485148514851485,0.6390243902439025,0.6437346437346437,0.6463225276784599
liar2_finance,1,11,4,linear_svm,word_char,0.1,1.0,emotion_aware,0.6487804878048781,0.6487804878048781,0.6517412935323383,0.6390243902439025,0.645320197044335,0.6487470550439066
liar2_finance,1,11,4,linear_svm,word_char,1.0,0.0,text_only,0.624390243902439,0.624390243902439,0.6321243523316062,0.5951219512195122,0.6130653266331658,0.6240682083402795
liar2_finance,1,11,4,linear_svm,word_char,1.0,0.05,emotion_aware,0.6219512195121951,0.6219512195121951,0.6275510204081632,0.6,0.6134663341645885,0.6217689666049673
liar2_finance,1,11,4,linear_svm,word_char,1.0,0.1,emotion_aware,0.6268292682926829,0.6268292682926829,0.6326530612244898,0.6048780487804878,0.6184538653366584,0.6266493670358709
liar2_finance,1,11,4,linear_svm,word_char,1.0,0.25,emotion_aware,0.6219512195121951,0.6219512195121951,0.6275510204081632,0.6,0.6134663341645885,0.6217689666049673
liar2_finance,1,11,4,linear_svm,word_char,1.0,0.5,emotion_aware,0.624390243902439,0.624390243902439,0.6307692307692307,0.6,0.615,0.6241666666666666
liar2_finance,1,11,4,linear_svm,word_char,1.0,1.0,emotion_aware,0.624390243902439,0.624390243902439,0.6307692307692307,0.6,0.615,0.6241666666666666
liar2_finance,1,11,4,linear_svm,word_char,10.0,0.0,text_only,0.6170731707317073,0.6170731707317073,0.62,0.6048780487804878,0.6123456790123457,0.6170162130001487
liar2_finance,1,11,4,linear_svm,word_char,10.0,0.05,emotion_aware,0.6146341463414634,0.6146341463414634,0.6192893401015228,0.5951219512195122,0.6069651741293532,0.6144873717536719
liar2_finance,1,11,4,linear_svm,word_char,10.0,0.1,emotion_aware,0.6146341463414634,0.6146341463414634,0.6180904522613065,0.6,0.6089108910891089,0.6145515993907082
liar2_finance,1,11,4,linear_svm,word_char,10.0,0.25,emotion_aware,0.6146341463414634,0.6146341463414634,0.6180904522613065,0.6,0.6089108910891089,0.6145515993907082
liar2_finance,1,11,4,linear_svm,word_char,10.0,0.5,emotion_aware,0.6146341463414634,0.6146341463414634,0.6180904522613065,0.6,0.6089108910891089,0.6145515993907082
liar2_finance,1,11,4,linear_svm,word_char,10.0,1.0,emotion_aware,0.6146341463414634,0.6146341463414634,0.6180904522613065,0.6,0.6089108910891089,0.6145515993907082
liar2_finance,1,11,5,logistic_regression,word,0.1,0.0,text_only,0.6813725490196079,0.6813725490196079,0.6887755102040817,0.6617647058823529,0.675,0.68125
liar2_finance,1,11,5,logistic_regression,word,0.1,0.05,emotion_aware,0.6813725490196079,0.6813725490196079,0.6887755102040817,0.6617647058823529,0.675,0.68125
liar2_finance,1,11,5,logistic_regression,word,0.1,0.1,emotion_aware,0.6470588235294118,0.6470588235294118,0.6485148514851485,0.6421568627450981,0.645320197044335,0.6470503424246066
liar2_finance,1,11,5,logistic_regression,word,0.1,0.25,emotion_aware,0.6348039215686274,0.6348039215686274,0.6381909547738693,0.6225490196078431,0.630272952853598,0.6347490672258305
liar2_finance,1,11,5,logistic_regression,word,0.1,0.5,emotion_aware,0.6323529411764706,0.6323529411764706,0.6391752577319587,0.6078431372549019,0.6231155778894473,0.6321319516241495
liar2_finance,1,11,5,logistic_regression,word,0.1,1.0,emotion_aware,0.6225490196078431,0.6225490196078431,0.6302083333333334,0.5931372549019608,0.6111111111111112,0.6222222222222222
liar2_finance,1,11,5,logistic_regression,word,1.0,0.0,text_only,0.6936274509803921,0.6936274509803921,0.6984924623115578,0.6813725490196079,0.6898263027295285,0.6935814322364349
liar2_finance,1,11,5,logistic_regression,word,1.0,0.05,emotion_aware,0.6887254901960784,0.6887254901960784,0.6934673366834171,0.6764705882352942,0.684863523573201,0.6886787351522179
liar2_finance,1,11,5,logistic_regression,word,1.0,0.1,emotion_aware,0.6764705882352942,0.6764705882352942,0.6764705882352942,0.6764705882352942,0.6764705882352942,0.6764705882352942
liar2_finance,1,11,5,logistic_regression,word,1.0,0.25,emotion_aware,0.6740196078431373,0.6740196078431373,0.6802030456852792,0.6568627450980392,0.6683291770573566,0.6739236246732566
liar2_finance,1,11,5,logistic_regression,word,1.0,0.5,emotion_aware,0.6666666666666666,0.6666666666666667,0.6717171717171717,0.6519607843137255,0.6616915422885572,0.66659456341481
liar2_finance,1,11,5,logistic_regression,word,1.0,1.0,emotion_aware,0.6691176470588235,0.6691176470588236,0.6751269035532995,0.6519607843137255,0.6633416458852868,0.6690202205330048
liar2_finance,1,11,5,logistic_regression,word,10.0,0.0,text_only,0.6740196078431373,0.6740196078431373,0.6682464454976303,0.6911764705882353,0.6795180722891566,0.6739236246732566
liar2_finance,1,11,5,logistic_regression,word,10.0,0.05,emotion_aware,0.6838235294117647,0.6838235294117647,0.6811594202898551,0.6911764705882353,0.6861313868613139,0.6838064341713976
liar2_finance,1,11,5,logistic_regression,word,10.0,0.1,emotion_aware,0.678921568627451,0.678921568627451,0.6746411483253588,0.6911764705882353,0.6828087167070218,0.6788733409837839
liar2_finance,1,11,5,logistic_regression,word,10.0,0.25,emotion_aware,0.6715686274509803,0.6715686274509804,0.6682692307692307,0.6813725490196079,0.6747572815533981,0.6715370566182832
liar2_finance,1,11,5,logistic_regression,word,10.0,0.5,emotion_aware,0.6740196078431373,0.6740196078431373,0.6714975845410628,0.6813725490196079,0.6763990267639902,0.6740019825177976
liar2_finance,1,11,5,logistic_regression,word,10.0,1.0,emotion_aware,0.6764705882352942,0.6764705882352942,0.6747572815533981,0.6813725490196079,0.6780487804878049,0.6764628138892226
liar2_finance,1,11,5,logistic_regression,word_char,0.1,0.0,text_only,0.6813725490196079,0.6813725490196079,0.6968085106382979,0.6421568627450981,0.6683673469387755,0.680881786676935
liar2_finance,1,11,5,logistic_regression,word_char,0.1,0.05,emotion_aware,0.6764705882352942,0.6764705882352942,0.6836734693877551,0.6568627450980392,0.67,0.6763461538461539
liar2_finance,1,11,5,logistic_regression,word_char,0.1,0.1,emotion_aware,0.6666666666666666,0.6666666666666667,0.6752577319587629,0.6421568627450981,0.6582914572864321,0.6664663028058955
liar2_finance,1,11,5,logistic_regression,word_char,0.1,0.25,emotion_aware,0.6568627450980392,0.6568627450980392,0.66,0.6470588235294118,0.6534653465346535,0.6568297606459675
liar2_finance,1,11,5,logistic_regression,word_char,0.1,0.5,emotion_aware,0.6544117647058824,0.6544117647058822,0.6598984771573604,0.6372549019607843,0.6483790523690773,0.6543100081122495
liar2_finance,1,11,5,logistic_regression,word_char,0.1,1.0,emotion_aware,0.6446078431372549,0.6446078431372549,0.6544502617801047,0.6127450980392157,0.6329113924050633,0.6442466700742656
liar2_finance,1,11,5,logistic_regression,word_char,1.0,0.0,text_only,0.6813725490196079,0.6813725490196079,0.6968085106382979,0.6421568627450981,0.6683673469387755,0.680881786676935
liar2_finance,1,11,5,logistic_regression,word_char,1.0,0.05,emotion_aware,0.6862745098039216,0.6862745098039216,0.7,0.6519607843137255,0.6751269035532995,0.6859046840041378
liar2_finance,1,11,5,logistic_regression,word_char,1.0,0.1,emotion_aware,0.6691176470588235,0.6691176470588236,0.6825396825396826,0.6323529411764706,0.6564885496183206,0.668669806724054
liar2_finance,1,11,5,logistic_regression,word_char,1.0,0.25,emotion_aware,0.6740196078431373,0.6740196078431373,0.6839378238341969,0.6470588235294118,0.6649874055415617,0.6737824855870099
liar2_finance,1,11,5,logistic_regression,word_char,1.0,0.5,emotion_aware,0.678921568627451,0.678921568627451,0.689119170984456,0.6519607843137255,0.6700251889168766,0.6786880121195361
liar2_finance,1,11,5,logistic_regression,word_char,1.0,1.0,emotion_aware,0.678921568627451,0.678921568627451,0.6910994764397905,0.6470588235294118,0.6683544303797468,0.6785952674464055
liar2_finance,1,11,5,logistic_regression,word_char,10.0,0.0,text_only,0.6642156862745098,0.6642156862745098,0.6634146341463415,0.6666666666666666,0.6650366748166259,0.6642136691036447
liar2_finance,1,11,5,logistic_regression,word_char,10.0,0.05,emotion_aware,0.6568627450980392,0.6568627450980392,0.66,0.6470588235294118,0.6534653465346535,0.6568297606459675
liar2_finance,1,11,5,logistic_regression,word_char,10.0,0.1,emotion_aware,0.6495098039215687,0.6495098039215687,0.6502463054187192,0.6470588235294118,0.6486486486486487,0.6495076984074539
liar2_finance,1,11,5,logistic_regression,word_char,10.0,0.25,emotion_aware,0.6446078431372549,0.6446078431372548,0.642512077294686,0.6519607843137255,0.6472019464720195,0.6445886275569974
liar2_finance,1,11,5,logistic_regression,word_char,10.0,0.5,emotion_aware,0.6421568627450981,0.642156862745098,0.6407766990291263,0.6470588235294118,0.6439024390243903,0.6421482638471705
liar2_finance,1,11,5,logistic_regression,word_char,10.0,1.0,emotion_aware,0.6446078431372549,0.6446078431372549,0.6439024390243903,0.6470588235294118,0.6454767726161369,0.6446057081753903
liar2_finance,1,11,5,linear_svm,word,0.1,0.0,text_only,0.6936274509803921,0.6936274509803921,0.7025641025641025,0.6715686274509803,0.6867167919799498,0.6934783000667135
liar2_finance,1,11,5,linear_svm,word,0.1,0.05,emotion_aware,0.6887254901960784,0.6887254901960784,0.6934673366834171,0.6764705882352942,0.684863523573201,0.6886787351522179
liar2_finance,1,11,5,linear_svm,word,0.1,0.1,emotion_aware,0.6740196078431373,0.6740196078431373,0.6766169154228856,0.6666666666666666,0.671604938271605,0.6740019825177976
liar2_finance,1,11,5,linear_svm,word,0.1,0.25,emotion_aware,0.6715686274509803,0.6715686274509804,0.6804123711340206,0.6470588235294118,0.6633165829145728,0.6713712101175735
liar2_finance,1,11,5,linear_svm,word,0.1,0.5,emotion_aware,0.6691176470588235,0.6691176470588236,0.676923076923077,0.6470588235294118,0.6616541353383458,0.6689565640720506
liar2_finance,1,11,5,linear_svm,word,0.1,1.0,emotion_aware,0.6740196078431373,0.6740196078431373,0.6820512820512821,0.6519607843137255,0.6666666666666666,0.6738609112709832
liar2_finance,1,11,5,linear_svm,word,1.0,0.0,text_only,0.6764705882352942,0.6764705882352942,0.6747572815533981,0.6813725490196079,0.6780487804878049,0.6764628138892226
liar2_finance,1,11,5,linear_svm,word,1.0,0.05,emotion_aware,0.6691176470588235,0.6691176470588235,0.6682926829268293,0.6715686274509803,0.6699266503667481,0.6691156593357082
liar2_finance,1,11,5,linear_svm,word,1.0,0.1,emotion_aware,0.6666666666666666,0.6666666666666667,0.6634615384615384,0.6764705882352942,0.6699029126213593,0.6666346246275113
liar2_finance,1,11,5,linear_svm,word,1.0,0.25,emotion_aware,0.6691176470588235,0.6691176470588236,0.6666666666666666,0.6764705882352942,0.6715328467153284,0.6690997566909975
liar2_finance,1,11,5,linear_svm,word,1.0,0.5,emotion_aware,0.6666666666666666,0.6666666666666667,0.6634615384615384,0.6764705882352942,0.6699029126213593,0.6666346246275113
liar2_finance,1,11,5,linear_svm,word,1.0,1.0,emotion_aware,0.6666666666666666,0.6666666666666667,0.6634615384615384,0.6764705882352942,0.6699029126213593,0.6666346246275113
liar2_finance,1,11,5,linear_svm,word,10.0,0.0,text_only,0.6323529411764706,0.6323529411764706,0.6285714285714286,0.6470588235294118,0.6376811594202898,0.6322734155310404
liar2_finance,1,11,5,linear_svm,word,10.0,0.05,emotion_aware,0.6299019607843137,0.6299019607843137,0.6280193236714976,0.6372549019607843,0.6326034063260341,0.6298819500765973
liar2_finance,1,11,5,linear_svm,word,10.0,0.1,emotion_aware,0.6348039215686274,0.6348039215686274,0.6303317535545023,0.6519607843137255,0.6409638554216868,0.6346963915512425
liar2_finance,1,11,5,linear_svm,word,10.0,0.25,emotion_aware,0.6323529411764706,0.6323529411764706,0.6273584905660378,0.6519607843137255,0.6394230769230769,0.6322115384615384
liar2_finance,1,11,5,linear_svm,word,10.0,0.5,emotion_aware,0.6299019607843137,0.6299019607843137,0.6244131455399061,0.6519607843137255,0.6378896882494005,0.62972178648059
liar2_finance,1,11,5,linear_svm,word,10.0,1.0,emotion_aware,0.6299019607843137,0.6299019607843137,0.6244131455399061,0.6519607843137255,0.6378896882494005,0.62972178648059
liar2_finance,1,11,5,linear_svm,word_char,0.1,0.0,text_only,0.6838235294117647,0.6838235294117647,0.6984126984126984,0.6470588235294118,0.6717557251908397,0.6833955930918738
liar2_finance,1,11,5,linear_svm,word_char,0.1,0.05,emotion_aware,0.6838235294117647,0.6838235294117647,0.6984126984126984,0.6470588235294118,0.6717557251908397,0.6833955930918738
liar2_finance,1,11,5,linear_svm,word_char,0.1,0.1,emotion_aware,0.6691176470588235,0.6691176470588235,0.680628272251309,0.6372549019607843,0.6582278481012658,0.668781382482937
liar2_finance,1,11,5,linear_svm,word_char,0.1,0.25,emotion_aware,0.6642156862745098,0.6642156862745098,0.675392670157068,0.6323529411764706,0.6531645569620254,0.6638744400012027
liar2_finance,1,11,5,linear_svm,word_char,0.1,0.5,emotion_aware,0.6691176470588235,0.6691176470588235,0.680628272251309,0.6372549019607843,0.6582278481012658,0.668781382482937
liar2_finance,1,11,5,linear_svm,word_char,0.1,1.0,emotion_aware,0.6740196078431373,0.6740196078431373,0.6858638743455497,0.6421568627450981,0.6632911392405063,0.6736883249646712
liar2_finance,1,11,5,linear_svm,word_char,1.0,0.0,text_only,0.6421568627450981,0.642156862745098,0.6435643564356436,0.6372549019607843,0.6403940886699507,0.6421482638471705
liar2_finance,1,11,5,linear_svm,word_char,1.0,0.05,emotion_aware,0.6372549019607843,0.6372549019607843,0.64,0.6274509803921569,0.6336633663366337,0.63722003268288
liar2_finance,1,11,5,linear_svm,word_char,1.0,0.1,emotion_aware,0.6323529411764706,0.6323529411764706,0.6363636363636364,0.6176470588235294,0.6268656716417911,0.6322734155310404
liar2_finance,1,11,5,linear_svm,word_char,1.0,0.25,emotion_aware,0.6323529411764706,0.6323529411764706,0.635,0.6225490196078431,0.6287128712871287,0.6323176006921081
liar2_finance,1,11,5,linear_svm,word_char,1.0,0.5,emotion_aware,0.6348039215686274,0.6348039215686274,0.6381909547738693,0.6225490196078431,0.630272952853598,0.6347490672258305
liar2_finance,1,11,5,linear_svm,word_char,1.0,1.0,emotion_aware,0.6348039215686274,0.6348039215686274,0.6381909547738693,0.6225490196078431,0.630272952853598,0.6347490672258305
liar2_finance,1,11,5,linear_svm,word_char,10.0,0.0,text_only,0.6127450980392157,0.6127450980392157,0.6138613861386139,0.6078431372549019,0.6108374384236454,0.6127357923825544
liar2_finance,1,11,5,linear_svm,word_char,10.0,0.05,emotion_aware,0.6078431372549019,0.607843137254902,0.6089108910891089,0.6029411764705882,0.6059113300492611,0.6078337138051184
liar2_finance,1,11,5,linear_svm,word_char,10.0,0.1,emotion_aware,0.6176470588235294,0.6176470588235294,0.6224489795918368,0.5980392156862745,0.61,0.6174999999999999
liar2_finance,1,11,5,linear_svm,word_char,10.0,0.25,emotion_aware,0.6078431372549019,0.607843137254902,0.6145833333333334,0.5784313725490197,0.5959595959595959,0.6075036075036075
liar2_finance,1,11,5,linear_svm,word_char,10.0,0.5,emotion_aware,0.6078431372549019,0.607843137254902,0.6134020618556701,0.5833333333333334,0.5979899497487438,0.6076074150657594
liar2_finance,1,11,5,linear_svm,word_char,10.0,1.0,emotion_aware,0.6078431372549019,0.607843137254902,0.6134020618556701,0.5833333333333334,0.5979899497487438,0.6076074150657594
liar2_finance,2,22,1,logistic_regression,word,0.1,0.0,text_only,0.6097560975609756,0.6097560975609756,0.6076555023923444,0.6195121951219512,0.6135265700483091,0.6097189500487852
liar2_finance,2,22,1,logistic_regression,word,0.1,0.05,emotion_aware,0.6048780487804878,0.6048780487804878,0.6028708133971292,0.6146341463414634,0.6086956521739131,0.6048404369243949
liar2_finance,2,22,1,logistic_regression,word,0.1,0.1,emotion_aware,0.6048780487804878,0.6048780487804878,0.6059113300492611,0.6,0.6029411764705882,0.6048686464877213
liar2_finance,2,22,1,logistic_regression,word,0.1,0.25,emotion_aware,0.5878048780487805,0.5878048780487805,0.5891089108910891,0.5804878048780487,0.5847665847665847,0.5877828081217911
liar2_finance,2,22,1,logistic_regression,word,0.1,0.5,emotion_aware,0.6,0.6,0.6019900497512438,0.5902439024390244,0.5960591133004927,0.5999619238000048
liar2_finance,2,22,1,logistic_regression,word,0.1,1.0,emotion_aware,0.6073170731707317,0.6073170731707317,0.6078431372549019,0.6048780487804878,0.6063569682151589,0.607314737148942
liar2_finance,2,22,1,logistic_regression,word,1.0,0.0,text_only,0.6292682926829268,0.6292682926829268,0.6267942583732058,0.6390243902439025,0.6328502415458938,0.629233002546346
liar2_finance,2,22,1,logistic_regression,word,1.0,0.05,emotion_aware,0.6414634146341464,0.6414634146341464,0.6394230769230769,0.6487804878048781,0.6440677966101694,0.641444217715404
liar2_finance,2,22,1,logistic_regression,word,1.0,0.1,emotion_aware,0.6463414634146342,0.6463414634146342,0.6456310679611651,0.6487804878048781,0.6472019464720195,0.6463393595440782
liar2_finance,2,22,1,logistic_regression,word,1.0,0.25,emotion_aware,0.6463414634146342,0.6463414634146342,0.6470588235294118,0.6439024390243903,0.6454767726161369,0.6463393595440782
liar2_finance,2,22,1,logistic_regression,word,1.0,0.5,emotion_aware,0.6487804878048781,0.6487804878048781,0.6502463054187192,0.6439024390243903,0.6470588235294118,0.6487721302113079
liar2_finance,2,22,1,logistic_regression,word,1.0,1.0,emotion_aware,0.6487804878048781,0.6487804878048781,0.6502463054187192,0.6439024390243903,0.6470588235294118,0.6487721302113079
liar2_finance,2,22,1,logistic_regression,word,10.0,0.0,text_only,0.624390243902439,0.624390243902439,0.6208530805687204,0.6390243902439025,0.6298076923076923,0.6243097867479055
liar2_finance,2,22,1,logistic_regression,word,10.0,0.05,emotion_aware,0.6292682926829268,0.6292682926829268,0.6255924170616114,0.6439024390243903,0.6346153846153846,0.6291888804265042
liar2_finance,2,22,1,logistic_regression,word,10.0,0.1,emotion_aware,0.624390243902439,0.624390243902439,0.6208530805687204,0.6390243902439025,0.6298076923076923,0.6243097867479055
liar2_finance,2,22,1,logistic_regression,word,10.0,0.25,emotion_aware,0.624390243902439,0.624390243902439,0.6220095693779905,0.6341463414634146,0.6280193236714976,0.6243544894219557
liar2_finance,2,22,1,logistic_regression,word,10.0,0.5,emotion_aware,0.6317073170731707,0.6317073170731707,0.6298076923076923,0.6390243902439025,0.6343825665859564,0.6316875977892926
liar2_finance,2,22,1,logistic_regression,word,10.0,1.0,emotion_aware,0.6317073170731707,0.6317073170731707,0.6298076923076923,0.6390243902439025,0.6343825665859564,0.6316875977892926
liar2_finance,2,22,1,logistic_regression,word_char,0.1,0.0,text_only,0.6219512195121951,0.6219512195121951,0.6190476190476191,0.6341463414634146,0.6265060240963856,0.6218949873568347
liar2_finance,2,22,1,logistic_regression,word_char,0.1,0.05,emotion_aware,0.6219512195121951,0.6219512195121951,0.6237623762376238,0.6146341463414634,0.6191646191646192,0.6219309778631812
liar2_finance,2,22,1,logistic_regression,word_char,0.1,0.1,emotion_aware,0.6170731707317073,0.6170731707317073,0.62,0.6048780487804878,0.6123456790123457,0.6170162130001487
liar2_finance,2,22,1,logistic_regression,word_char,0.1,0.25,emotion_aware,0.6390243902439025,0.6390243902439025,0.6461538461538462,0.6146341463414634,0.63,0.6388095238095238
liar2_finance,2,22,1,logistic_regression,word_char,0.1,0.5,emotion_aware,0.6365853658536585,0.6365853658536585,0.64,0.624390243902439,0.6320987654320988,0.6365313104268928
liar2_finance,2,22,1,logistic_regression,word_char,0.1,1.0,emotion_aware,0.6414634146341464,0.6414634146341464,0.6421568627450981,0.6390243902439025,0.6405867970660146,0.6414612817446861
liar2_finance,2,22,1,logistic_regression,word_char,1.0,0.0,text_only,0.6414634146341464,0.6414634146341464,0.6421568627450981,0.6390243902439025,0.6405867970660146,0.6414612817446861
liar2_finance,2,22,1,logistic_regression,word_char,1.0,0.05,emotion_aware,0.6390243902439025,0.6390243902439025,0.6390243902439025,0.6390243902439025,0.6390243902439025,0.6390243902439025
liar2_finance,2,22,1,logistic_regression,word_char,1.0,0.1,emotion_aware,0.6317073170731707,0.6317073170731707,0.6336633663366337,0.624390243902439,0.628992628992629,0.6316875977892926
liar2_finance,2,22,1,logistic_regression,word_char,1.0,0.25,emotion_aware,0.6463414634146342,0.6463414634146342,0.6515151515151515,0.6292682926829268,0.6401985111662531,0.6462383443121433
liar2_finance,2,22,1,logistic_regression,word_char,1.0,0.5,emotion_aware,0.6536585365853659,0.6536585365853659,0.6567164179104478,0.6439024390243903,0.6502463054187192,0.6536255681682968
liar2_finance,2,22,1,logistic_regression,word_char,1.0,1.0,emotion_aware,0.6536585365853659,0.6536585365853659,0.6567164179104478,0.6439024390243903,0.6502463054187192,0.6536255681682968
liar2_finance,2,22,1,logistic_regression,word_char,10.0,0.0,text_only,0.6365853658536585,0.6365853658536585,0.6346153846153846,0.6439024390243903,0.639225181598063,0.6365659077523484
liar2_finance,2,22,1,logistic_regression,word_char,10.0,0.05,emotion_aware,0.651219512195122,0.651219512195122,0.6490384615384616,0.6585365853658537,0.6537530266343826,0.6512008376415157
liar2_finance,2,22,1,logistic_regression,word_char,10.0,0.1,emotion_aware,0.6439024390243903,0.6439024390243903,0.645320197044335,0.6390243902439025,0.6421568627450981,0.6438939653531316
liar2_finance,2,22,1,logistic_regression,word_char,10.0,0.25,emotion_aware,0.6560975609756098,0.6560975609756098,0.6584158415841584,0.6487804878048781,0.6535626535626535,0.6560791476045713
liar2_finance,2,22,1,logistic_regression,word_char,10.0,0.5,emotion_aware,0.651219512195122,0.651219512195122,0.6519607843137255,0.6487804878048781,0.6503667481662592,0.6512174373434703
liar2_finance,2,22,1,logistic_regression,word_char,10.0,1.0,emotion_aware,0.6487804878048781,0.6487804878048781,0.6502463054187192,0.6439024390243903,0.6470588235294118,0.6487721302113079
liar2_finance,2,22,1,linear_svm,word,0.1,0.0,text_only,0.624390243902439,0.624390243902439,0.6220095693779905,0.6341463414634146,0.6280193236714976,0.6243544894219557
liar2_finance,2,22,1,linear_svm,word,0.1,0.05,emotion_aware,0.6365853658536585,0.6365853658536585,0.6333333333333333,0.6487804878048781,0.6409638554216868,0.6365313104268928
liar2_finance,2,22,1,linear_svm,word,0.1,0.1,emotion_aware,0.6439024390243903,0.6439024390243903,0.642512077294686,0.6487804878048781,0.6456310679611651,0.6438939653531316
liar2_finance,2,22,1,linear_svm,word,0.1,0.25,emotion_aware,0.6487804878048781,0.6487804878048781,0.6517412935323383,0.6390243902439025,0.645320197044335,0.6487470550439066
liar2_finance,2,22,1,linear_svm,word,0.1,0.5,emotion_aware,0.6439024390243903,0.6439024390243903,0.6467661691542289,0.6341463414634146,0.6403940886699507,0.6438685419195165
liar2_finance,2,22,1,linear_svm,word,0.1,1.0,emotion_aware,0.6439024390243903,0.6439024390243903,0.6467661691542289,0.6341463414634146,0.6403940886699507,0.6438685419195165
liar2_finance,2,22,1,linear_svm,word,1.0,0.0,text_only,0.624390243902439,0.624390243902439,0.6208530805687204,0.6390243902439025,0.6298076923076923,0.6243097867479055
liar2_finance,2,22,1,linear_svm,word,1.0,0.05,emotion_aware,0.6195121951219512,0.6195121951219512,0.6183574879227053,0.624390243902439,0.6213592233009708,0.6195031410622501
liar2_finance,2,22,1,linear_svm,word,1.0,0.1,emotion_aware,0.6317073170731707,0.6317073170731707,0.6298076923076923,0.6390243902439025,0.6343825665859564,0.6316875977892926
liar2_finance,2,22,1,linear_svm,word,1.0,0.25,emotion_aware,0.6268292682926829,0.6268292682926829,0.6262135922330098,0.6292682926829268,0.6277372262773723,0.6268270483465102
liar2_finance,2,22,1,linear_svm,word,1.0,0.5,emotion_aware,0.6292682926829268,0.6292682926829268,0.6280193236714976,0.6341463414634146,0.6310679611650486,0.6292594707786028
liar2_finance,2,22,1,linear_svm,word,1.0,1.0,emotion_aware,0.6292682926829268,0.6292682926829268,0.6280193236714976,0.6341463414634146,0.6310679611650486,0.6292594707786028
liar2_finance,2,22,1,linear_svm,word,10.0,0.0,text_only,0.5829268292682926,0.5829268292682928,0.5779816513761468,0.6146341463414634,0.5957446808510638,0.5825071011308216
liar2_finance,2,22,1,linear_svm,word,10.0,0.05,emotion_aware,0.6073170731707317,0.6073170731707317,0.6037735849056604,0.624390243902439,0.6139088729016786,0.6072025754086556
liar2_finance,2,22,1,linear_svm,word,10.0,0.1,emotion_aware,0.6073170731707317,0.6073170731707317,0.602803738317757,0.6292682926829268,0.6157517899761337,0.6071277653122564
liar2_finance,2,22,1,linear_svm,word,10.0,0.25,emotion_aware,0.6024390243902439,0.6024390243902439,0.5981308411214953,0.624390243902439,0.6109785202863962,0.6022473648813527
liar2_finance,2,22,1,linear_svm,word,10.0,0.5,emotion_aware,0.6024390243902439,0.6024390243902439,0.5981308411214953,0.624390243902439,0.6109785202863962,0.6022473648813527
liar2_finance,2,22,1,linear_svm,word,10.0,1.0,emotion_aware,0.6048780487804878,0.6048780487804878,0.6009389671361502,0.624390243902439,0.6124401913875598,0.6047275583803471
liar2_finance,2,22,1,linear_svm,word_char,0.1,0.0,text_only,0.6390243902439025,0.6390243902439025,0.6403940886699507,0.6341463414634146,0.6372549019607843,0.6390158004949553
liar2_finance,2,22,1,linear_svm,word_char,0.1,0.05,emotion_aware,0.6390243902439025,0.6390243902439025,0.6403940886699507,0.6341463414634146,0.6372549019607843,0.6390158004949553
liar2_finance,2,22,1,linear_svm,word_char,0.1,0.1,emotion_aware,0.6292682926829268,0.6292682926829268,0.6331658291457286,0.6146341463414634,0.6237623762376238,0.6291888804265042
liar2_finance,2,22,1,linear_svm,word_char,0.1,0.25,emotion_aware,0.6487804878048781,0.6487804878048781,0.6532663316582915,0.6341463414634146,0.6435643564356436,0.6487052551408987
liar2_finance,2,22,1,linear_svm,word_char,0.1,0.5,emotion_aware,0.651219512195122,0.651219512195122,0.655,0.6390243902439025,0.6469135802469136,0.6511676334969507
liar2_finance,2,22,1,linear_svm,word_char,0.1,1.0,emotion_aware,0.6463414634146342,0.6463414634146342,0.65,0.6341463414634146,0.6419753086419753,0.6462888591402647
liar2_finance,2,22,1,linear_svm,word_char,1.0,0.0,text_only,0.624390243902439,0.624390243902439,0.6220095693779905,0.6341463414634146,0.6280193236714976,0.6243544894219557
liar2_finance,2,22,1,linear_svm,word_char,1.0,0.05,emotion_aware,0.6390243902439025,0.6390243902439025,0.6376811594202898,0.6439024390243903,0.6407766990291263,0.6390158004949553
liar2_finance,2,22,1,linear_svm,word_char,1.0,0.1,emotion_aware,0.6463414634146342,0.6463414634146342,0.6456310679611651,0.6487804878048781,0.6472019464720195,0.6463393595440782
liar2_finance,2,22,1,linear_svm,word_char,1.0,0.25,emotion_aware,0.6487804878048781,0.6487804878048781,0.6473429951690821,0.6536585365853659,0.6504854368932039,0.6487721302113079
liar2_finance,2,22,1,linear_svm,word_char,1.0,0.5,emotion_aware,0.6463414634146342,0.6463414634146342,0.6456310679611651,0.6487804878048781,0.6472019464720195,0.6463393595440782
liar2_finance,2,22,1,linear_svm,word_char,1.0,1.0,emotion_aware,0.6463414634146342,0.6463414634146342,0.6456310679611651,0.6487804878048781,0.6472019464720195,0.6463393595440782
liar2_finance,2,22,1,linear_svm,word_char,10.0,0.0,text_only,0.6097560975609756,0.6097560975609756,0.6066350710900474,0.624390243902439,0.6153846153846154,0.6096725057121097
liar2_finance,2,22,1,linear_svm,word_char,10.0,0.05,emotion_aware,0.6121951219512195,0.6121951219512195,0.6074766355140186,0.6341463414634146,0.6205250596658711,0.61200816574316
liar2_finance,2,22,1,linear_svm,word_char,10.0,0.1,emotion_aware,0.6219512195121951,0.6219512195121951,0.616822429906542,0.6439024390243903,0.630071599045346,0.6217689666049673
liar2_finance,2,22,1,linear_svm,word_char,10.0,0.25,emotion_aware,0.6317073170731707,0.6317073170731707,0.625,0.6585365853658537,0.6413301662707839,0.6314420254912816
liar2_finance,2,22,1,linear_svm,word_char,10.0,0.5,emotion_aware,0.6317073170731707,0.6317073170731707,0.625,0.6585365853658537,0.6413301662707839,0.6314420254912816
liar2_finance,2,22,1,linear_svm,word_char,10.0,1.0,emotion_aware,0.6317073170731707,0.6317073170731707,0.625,0.6585365853658537,0.6413301662707839,0.6314420254912816
liar2_finance,2,22,2,logistic_regression,word,0.1,0.0,text_only,0.6487804878048781,0.6487804878048781,0.6532663316582915,0.6341463414634146,0.6435643564356436,0.6487052551408987
liar2_finance,2,22,2,logistic_regression,word,0.1,0.05,emotion_aware,0.675609756097561,0.6756097560975609,0.6836734693877551,0.6536585365853659,0.6683291770573566,0.6754533713449073
liar2_finance,2,22,2,logistic_regression,word,0.1,0.1,emotion_aware,0.6707317073170732,0.6707317073170731,0.6767676767676768,0.6536585365853659,0.6650124069478908,0.670635699876823
liar2_finance,2,22,2,logistic_regression,word,0.1,0.25,emotion_aware,0.675609756097561,0.6756097560975609,0.6875,0.6439024390243903,0.6649874055415617,0.6752833008795278
liar2_finance,2,22,2,logistic_regression,word,0.1,0.5,emotion_aware,0.6634146341463415,0.6634146341463414,0.675392670157068,0.6292682926829268,0.6515151515151515,0.6630217267009719
liar2_finance,2,22,2,logistic_regression,word,0.1,1.0,emotion_aware,0.6658536585365854,0.6658536585365853,0.6770833333333334,0.6341463414634146,0.654911838790932,0.6655173851165062
liar2_finance,2,22,2,logistic_regression,word,1.0,0.0,text_only,0.6365853658536585,0.6365853658536585,0.6386138613861386,0.6292682926829268,0.6339066339066339,0.6365659077523484
liar2_finance,2,22,2,logistic_regression,word,1.0,0.05,emotion_aware,0.6658536585365854,0.6658536585365854,0.67,0.6536585365853659,0.6617283950617284,0.6658039565670089
liar2_finance,2,22,2,logistic_regression,word,1.0,0.1,emotion_aware,0.675609756097561,0.6756097560975609,0.6836734693877551,0.6536585365853659,0.6683291770573566,0.6754533713449073
liar2_finance,2,22,2,logistic_regression,word,1.0,0.25,emotion_aware,0.6658536585365854,0.6658536585365853,0.6752577319587629,0.6390243902439025,0.656641604010025,0.6656129635252026
liar2_finance,2,22,2,logistic_regression,word,1.0,0.5,emotion_aware,0.6658536585365854,0.6658536585365854,0.6717171717171717,0.6487804878048781,0.6600496277915633,0.6657562287638872
liar2_finance,2,22,2,logistic_regression,word,1.0,1.0,emotion_aware,0.6658536585365854,0.6658536585365853,0.673469387755102,0.6439024390243903,0.6583541147132169,0.6656925704831
liar2_finance,2,22,2,logistic_regression,word,10.0,0.0,text_only,0.6341463414634146,0.6341463414634146,0.6341463414634146,0.6341463414634146,0.6341463414634146,0.6341463414634146
liar2_finance,2,22,2,logistic_regression,word,10.0,0.05,emotion_aware,0.6536585365853659,0.6536585365853659,0.6536585365853659,0.6536585365853659,0.6536585365853659,0.6536585365853659
liar2_finance,2,22,2,logistic_regression,word,10.0,0.1,emotion_aware,0.6560975609756098,0.6560975609756098,0.6584158415841584,0.6487804878048781,0.6535626535626535,0.6560791476045713
liar2_finance,2,22,2,logistic_regression,word,10.0,0.25,emotion_aware,0.6487804878048781,0.6487804878048781,0.6517412935323383,0.6390243902439025,0.645320197044335,0.6487470550439066
liar2_finance,2,22,2,logistic_regression,word,10.0,0.5,emotion_aware,0.6487804878048781,0.6487804878048781,0.6517412935323383,0.6390243902439025,0.645320197044335,0.6487470550439066
liar2_finance,2,22,2,logistic_regression,word,10.0,1.0,emotion_aware,0.6487804878048781,0.6487804878048781,0.6517412935323383,0.6390243902439025,0.645320197044335,0.6487470550439066
liar2_finance,2,22,2,logistic_regression,word_char,0.1,0.0,text_only,0.6463414634146342,0.6463414634146342,0.6485148514851485,0.6390243902439025,0.6437346437346437,0.6463225276784599
liar2_finance,2,22,2,logistic_regression,word_char,0.1,0.05,emotion_aware,0.6780487804878049,0.6780487804878049,0.6798029556650246,0.6731707317073171,0.6764705882352942,0.6780411193603655
liar2_finance,2,22,2,logistic_regression,word_char,0.1,0.1,emotion_aware,0.6829268292682927,0.6829268292682926,0.6847290640394089,0.6780487804878049,0.6813725490196079,0.6829192842185419
liar2_finance,2,22,2,logistic_regression,word_char,0.1,0.25,emotion_aware,0.675609756097561,0.6756097560975609,0.6836734693877551,0.6536585365853659,0.6683291770573566,0.6754533713449073
liar2_finance,2,22,2,logistic_regression,word_char,0.1,0.5,emotion_aware,0.6780487804878049,0.6780487804878048,0.6910994764397905,0.6439024390243903,0.6666666666666666,0.6776729559748427
liar2_finance,2,22,2,logistic_regression,word_char,0.1,1.0,emotion_aware,0.6853658536585366,0.6853658536585365,0.7,0.6487804878048781,0.6734177215189874,0.6849441548771407
liar2_finance,2,22,2,logistic_regression,word_char,1.0,0.0,text_only,0.6487804878048781,0.6487804878048781,0.6473429951690821,0.6536585365853659,0.6504854368932039,0.6487721302113079
liar2_finance,2,22,2,logistic_regression,word_char,1.0,0.05,emotion_aware,0.6585365853658537,0.6585365853658537,0.6570048309178744,0.6634146341463415,0.6601941747572816,0.6585284599276604
liar2_finance,2,22,2,logistic_regression,word_char,1.0,0.1,emotion_aware,0.6560975609756098,0.6560975609756098,0.6553398058252428,0.6585365853658537,0.656934306569343,0.6560955151428622
liar2_finance,2,22,2,logistic_regression,word_char,1.0,0.25,emotion_aware,0.6682926829268293,0.6682926829268293,0.6666666666666666,0.6731707317073171,0.6699029126213593,0.6682847896440129
liar2_finance,2,22,2,logistic_regression,word_char,1.0,0.5,emotion_aware,0.675609756097561,0.675609756097561,0.6747572815533981,0.6780487804878049,0.6763990267639902,0.6756078263404304
liar2_finance,2,22,2,logistic_regression,word_char,1.0,1.0,emotion_aware,0.6731707317073171,0.6731707317073171,0.6748768472906403,0.6682926829268293,0.6715686274509803,0.6731629545021892
liar2_finance,2,22,2,logistic_regression,word_char,10.0,0.0,text_only,0.6292682926829268,0.6292682926829268,0.6292682926829268,0.6292682926829268,0.6292682926829268,0.6292682926829268
liar2_finance,2,22,2,logistic_regression,word_char,10.0,0.05,emotion_aware,0.6341463414634146,0.6341463414634146,0.631578947368421,0.6439024390243903,0.6376811594202898,0.634111515670736
liar2_finance,2,22,2,logistic_regression,word_char,10.0,0.1,emotion_aware,0.6317073170731707,0.6317073170731707,0.6273584905660378,0.6487804878048781,0.6378896882494005,0.6315999309733356
liar2_finance,2,22,2,logistic_regression,word_char,10.0,0.25,emotion_aware,0.6414634146341464,0.6414634146341464,0.6355140186915887,0.6634146341463415,0.649164677804296,0.6412905683285819
liar2_finance,2,22,2,logistic_regression,word_char,10.0,0.5,emotion_aware,0.6365853658536585,0.6365853658536585,0.6308411214953271,0.6585365853658537,0.6443914081145584,0.6364101678976782
liar2_finance,2,22,2,logistic_regression,word_char,10.0,1.0,emotion_aware,0.6341463414634146,0.6341463414634146,0.6291079812206573,0.6536585365853659,0.6411483253588517,0.6340069985003214
liar2_finance,2,22,2,linear_svm,word,0.1,0.0,text_only,0.6414634146341464,0.6414634146341464,0.645,0.6292682926829268,0.6370370370370371,0.6414100847835787
liar2_finance,2,22,2,linear_svm,word,0.1,0.05,emotion_aware,0.6658536585365854,0.6658536585365854,0.67,0.6536585365853659,0.6617283950617284,0.6658039565670089
liar2_finance,2,22,2,linear_svm,word,0.1,0.1,emotion_aware,0.6707317073170732,0.6707317073170731,0.6785714285714286,0.6487804878048781,0.6633416458852868,0.6705729709140038
liar2_finance,2,22,2,linear_svm,word,0.1,0.25,emotion_aware,0.6707317073170732,0.6707317073170731,0.6804123711340206,0.6439024390243903,0.6616541353383458,0.670494526101477
liar2_finance,2,22,2,linear_svm,word,0.1,0.5,emotion_aware,0.6707317073170732,0.6707317073170731,0.6785714285714286,0.6487804878048781,0.6633416458852868,0.6705729709140038
liar2_finance,2,22,2,linear_svm,word,0.1,1.0,emotion_aware,0.6682926829268293,0.6682926829268292,0.676923076923077,0.6439024390243903,0.66,0.6680952380952381
liar2_finance,2,22,2,linear_svm,word,1.0,0.0,text_only,0.6341463414634146,0.6341463414634146,0.6368159203980099,0.624390243902439,0.6305418719211823,0.634111515670736
liar2_finance,2,22,2,linear_svm,word,1.0,0.05,emotion_aware,0.6487804878048781,0.6487804878048781,0.6502463054187192,0.6439024390243903,0.6470588235294118,0.6487721302113079
liar2_finance,2,22,2,linear_svm,word,1.0,0.1,emotion_aware,0.6463414634146342,0.6463414634146342,0.6470588235294118,0.6439024390243903,0.6454767726161369,0.6463393595440782
liar2_finance,2,22,2,linear_svm,word,1.0,0.25,emotion_aware,0.6414634146341464,0.6414634146341464,0.6421568627450981,0.6390243902439025,0.6405867970660146,0.6414612817446861
liar2_finance,2,22,2,linear_svm,word,1.0,0.5,emotion_aware,0.6390243902439025,0.6390243902439025,0.6403940886699507,0.6341463414634146,0.6372549019607843,0.6390158004949553
liar2_finance,2,22,2,linear_svm,word,1.0,1.0,emotion_aware,0.6390243902439025,0.6390243902439025,0.6403940886699507,0.6341463414634146,0.6372549019607843,0.6390158004949553
liar2_finance,2,22,2,linear_svm,word,10.0,0.0,text_only,0.6048780487804878,0.6048780487804878,0.6018957345971564,0.6195121951219512,0.6105769230769231,0.604793412033511
liar2_finance,2,22,2,linear_svm,word,10.0,0.05,emotion_aware,0.6073170731707317,0.6073170731707317,0.6047619047619047,0.6195121951219512,0.6120481927710844,0.6072586642867768
liar2_finance,2,22,2,linear_svm,word,10.0,0.1,emotion_aware,0.6073170731707317,0.6073170731707317,0.6047619047619047,0.6195121951219512,0.6120481927710844,0.6072586642867768
liar2_finance,2,22,2,linear_svm,word,10.0,0.25,emotion_aware,0.6073170731707317,0.6073170731707317,0.6047619047619047,0.6195121951219512,0.6120481927710844,0.6072586642867768
liar2_finance,2,22,2,linear_svm,word,10.0,0.5,emotion_aware,0.6097560975609756,0.6097560975609756,0.6076555023923444,0.6195121951219512,0.6135265700483091,0.6097189500487852
liar2_finance,2,22,2,linear_svm,word,10.0,1.0,emotion_aware,0.6097560975609756,0.6097560975609756,0.6076555023923444,0.6195121951219512,0.6135265700483091,0.6097189500487852
liar2_finance,2,22,2,linear_svm,word_char,0.1,0.0,text_only,0.6487804878048781,0.6487804878048781,0.645933014354067,0.6585365853658537,0.6521739130434783,0.6487470550439066
liar2_finance,2,22,2,linear_svm,word_char,0.1,0.05,emotion_aware,0.6560975609756098,0.6560975609756098,0.6568627450980392,0.6536585365853659,0.6552567237163814,0.6560955151428622
liar2_finance,2,22,2,linear_svm,word_char,0.1,0.1,emotion_aware,0.6609756097560976,0.6609756097560976,0.6601941747572816,0.6634146341463415,0.6618004866180048,0.6609735929422542
liar2_finance,2,22,2,linear_svm,word_char,0.1,0.25,emotion_aware,0.6682926829268293,0.6682926829268293,0.6666666666666666,0.6731707317073171,0.6699029126213593,0.6682847896440129
liar2_finance,2,22,2,linear_svm,word_char,0.1,0.5,emotion_aware,0.6731707317073171,0.6731707317073171,0.6731707317073171,0.6731707317073171,0.6731707317073171,0.6731707317073171
liar2_finance,2,22,2,linear_svm,word_char,0.1,1.0,emotion_aware,0.675609756097561,0.675609756097561,0.6782178217821783,0.6682926829268293,0.6732186732186732,0.6755923874567942
liar2_finance,2,22,2,linear_svm,word_char,1.0,0.0,text_only,0.6390243902439025,0.6390243902439025,0.6363636363636364,0.6487804878048781,0.642512077294686,0.6389900287951262
liar2_finance,2,22,2,linear_svm,word_char,1.0,0.05,emotion_aware,0.6341463414634146,0.6341463414634146,0.6291079812206573,0.6536585365853659,0.6411483253588517,0.6340069985003214
liar2_finance,2,22,2,linear_svm,word_char,1.0,0.1,emotion_aware,0.6341463414634146,0.6341463414634146,0.627906976744186,0.6585365853658537,0.6428571428571429,0.6339285714285714
liar2_finance,2,22,2,linear_svm,word_char,1.0,0.25,emotion_aware,0.6268292682926829,0.6268292682926829,0.6214953271028038,0.6487804878048781,0.6348448687350835,0.6266493670358709
liar2_finance,2,22,2,linear_svm,word_char,1.0,0.5,emotion_aware,0.6268292682926829,0.6268292682926829,0.6226415094339622,0.6439024390243903,0.6330935251798561,0.6267204598603995
liar2_finance,2,22,2,linear_svm,word_char,1.0,1.0,emotion_aware,0.6268292682926829,0.6268292682926829,0.6226415094339622,0.6439024390243903,0.6330935251798561,0.6267204598603995
liar2_finance,2,22,2,linear_svm,word_char,10.0,0.0,text_only,0.6073170731707317,0.6073170731707317,0.6037735849056604,0.624390243902439,0.6139088729016786,0.6072025754086556
liar2_finance,2,22,2,linear_svm,word_char,10.0,0.05,emotion_aware,0.6097560975609756,0.6097560975609756,0.6066350710900474,0.624390243902439,0.6153846153846154,0.6096725057121097
liar2_finance,2,22,2,linear_svm,word_char,10.0,0.1,emotion_aware,0.6121951219512195,0.6121951219512195,0.6095238095238096,0.624390243902439,0.6168674698795181,0.6121374386434628
liar2_finance,2,22,2,linear_svm,word_char,10.0,0.25,emotion_aware,0.6097560975609756,0.6097560975609756,0.6066350710900474,0.624390243902439,0.6153846153846154,0.6096725057121097
liar2_finance,2,22,2,linear_svm,word_char,10.0,0.5,emotion_aware,0.6073170731707317,0.6073170731707317,0.6037735849056604,0.624390243902439,0.6139088729016786,0.6072025754086556
liar2_finance,2,22,2,linear_svm,word_char,10.0,1.0,emotion_aware,0.6073170731707317,0.6073170731707317,0.6037735849056604,0.624390243902439,0.6139088729016786,0.6072025754086556
liar2_finance,2,22,3,logistic_regression,word,0.1,0.0,text_only,0.6902439024390243,0.6902439024390243,0.6839622641509434,0.7073170731707317,0.6954436450839329,0.6901535843285669
liar2_finance,2,22,3,logistic_regression,word,0.1,0.05,emotion_aware,0.7048780487804878,0.7048780487804878,0.7,0.7170731707317073,0.708433734939759,0.7048341514204968
liar2_finance,2,22,3,logistic_regression,word,0.1,0.1,emotion_aware,0.6731707317073171,0.6731707317073171,0.6731707317073171,0.6731707317073171,0.6731707317073171,0.6731707317073171
liar2_finance,2,22,3,logistic_regression,word,0.1,0.25,emotion_aware,0.6658536585365854,0.6658536585365854,0.6650485436893204,0.6682926829268293,0.6666666666666666,0.6658516707416462
liar2_finance,2,22,3,logistic_regression,word,0.1,0.5,emotion_aware,0.6365853658536585,0.6365853658536585,0.6414141414141414,0.6195121951219512,0.630272952853598,0.6364794020862714
liar2_finance,2,22,3,logistic_regression,word,0.1,1.0,emotion_aware,0.6268292682926829,0.6268292682926829,0.6287128712871287,0.6195121951219512,0.6240786240786241,0.626809287826237
liar2_finance,2,22,3,logistic_regression,word,1.0,0.0,text_only,0.7024390243902439,0.7024390243902439,0.6966824644549763,0.7170731707317073,0.7067307692307693,0.7023752856054837
liar2_finance,2,22,3,logistic_regression,word,1.0,0.05,emotion_aware,0.724390243902439,0.724390243902439,0.7149532710280374,0.7463414634146341,0.7303102625298329,0.7242573756539439
liar2_finance,2,22,3,logistic_regression,word,1.0,0.1,emotion_aware,0.7024390243902439,0.7024390243902439,0.6948356807511737,0.7219512195121951,0.7081339712918661,0.7023256921135947
liar2_finance,2,22,3,logistic_regression,word,1.0,0.25,emotion_aware,0.6829268292682927,0.6829268292682926,0.6811594202898551,0.6878048780487804,0.6844660194174758,0.6829192842185419
liar2_finance,2,22,3,logistic_regression,word,1.0,0.5,emotion_aware,0.675609756097561,0.675609756097561,0.6730769230769231,0.6829268292682927,0.6779661016949152,0.6755923874567942
liar2_finance,2,22,3,logistic_regression,word,1.0,1.0,emotion_aware,0.6731707317073171,0.6731707317073171,0.6714975845410628,0.6780487804878049,0.6747572815533981,0.6731629545021892
liar2_finance,2,22,3,logistic_regression,word,10.0,0.0,text_only,0.6658536585365854,0.6658536585365853,0.6588785046728972,0.6878048780487804,0.6730310262529833,0.6656925704831
liar2_finance,2,22,3,logistic_regression,word,10.0,0.05,emotion_aware,0.6707317073170732,0.6707317073170731,0.6620370370370371,0.697560975609756,0.6793349168646081,0.670494526101477
liar2_finance,2,22,3,logistic_regression,word,10.0,0.1,emotion_aware,0.6731707317073171,0.673170731707317,0.6666666666666666,0.6926829268292682,0.6794258373205742,0.6730462519936204
liar2_finance,2,22,3,logistic_regression,word,10.0,0.25,emotion_aware,0.6707317073170732,0.6707317073170731,0.6635514018691588,0.6926829268292682,0.6778042959427207,0.6705729709140038
liar2_finance,2,22,3,logistic_regression,word,10.0,0.5,emotion_aware,0.6682926829268293,0.6682926829268292,0.6619718309859155,0.6878048780487804,0.6746411483253588,0.668166345306958
liar2_finance,2,22,3,logistic_regression,word,10.0,1.0,emotion_aware,0.6682926829268293,0.6682926829268292,0.6619718309859155,0.6878048780487804,0.6746411483253588,0.668166345306958
liar2_finance,2,22,3,logistic_regression,word_char,0.1,0.0,text_only,0.6829268292682927,0.6829268292682927,0.6829268292682927,0.6829268292682927,0.6829268292682927,0.6829268292682927
liar2_finance,2,22,3,logistic_regression,word_char,0.1,0.05,emotion_aware,0.7,0.7,0.6990291262135923,0.7024390243902439,0.7007299270072993,0.6999982153373905
liar2_finance,2,22,3,logistic_regression,word_char,0.1,0.1,emotion_aware,0.7170731707317073,0.7170731707317073,0.714975845410628,0.7219512195121951,0.7184466019417476,0.7170664382257758
liar2_finance,2,22,3,logistic_regression,word_char,0.1,0.25,emotion_aware,0.6853658536585366,0.6853658536585365,0.680952380952381,0.697560975609756,0.689156626506024,0.6853190539937528
liar2_finance,2,22,3,logistic_regression,word_char,0.1,0.5,emotion_aware,0.675609756097561,0.675609756097561,0.6730769230769231,0.6829268292682927,0.6779661016949152,0.6755923874567942
liar2_finance,2,22,3,logistic_regression,word_char,0.1,1.0,emotion_aware,0.6658536585365854,0.6658536585365854,0.6650485436893204,0.6682926829268293,0.6666666666666666,0.6658516707416462
liar2_finance,2,22,3,logistic_regression,word_char,1.0,0.0,text_only,0.6926829268292682,0.6926829268292682,0.6837209302325581,0.7170731707317073,0.7,0.6925
liar2_finance,2,22,3,logistic_regression,word_char,1.0,0.05,emotion_aware,0.6902439024390243,0.6902439024390243,0.6822429906542056,0.7121951219512195,0.6968973747016707,0.6900945726376184
liar2_finance,2,22,3,logistic_regression,word_char,1.0,0.1,emotion_aware,0.675609756097561,0.6756097560975609,0.6698113207547169,0.6926829268292682,0.6810551558752997,0.6755151709897591
liar2_finance,2,22,3,logistic_regression,word_char,1.0,0.25,emotion_aware,0.6682926829268293,0.6682926829268292,0.6619718309859155,0.6878048780487804,0.6746411483253588,0.668166345306958
liar2_finance,2,22,3,logistic_regression,word_char,1.0,0.5,emotion_aware,0.6682926829268293,0.6682926829268292,0.6619718309859155,0.6878048780487804,0.6746411483253588,0.668166345306958
liar2_finance,2,22,3,logistic_regression,word_char,1.0,1.0,emotion_aware,0.675609756097561,0.6756097560975609,0.6682242990654206,0.697560975609756,0.6825775656324582,0.6754533713449073
liar2_finance,2,22,3,logistic_regression,word_char,10.0,0.0,text_only,0.697560975609756,0.697560975609756,0.6832579185520362,0.7365853658536585,0.7089201877934272,0.697099687805343
liar2_finance,2,22,3,logistic_regression,word_char,10.0,0.05,emotion_aware,0.6878048780487804,0.6878048780487804,0.672645739910314,0.7317073170731707,0.7009345794392523,0.6872019835971772
liar2_finance,2,22,3,logistic_regression,word_char,10.0,0.1,emotion_aware,0.6926829268292682,0.6926829268292682,0.6787330316742082,0.7317073170731707,0.704225352112676,0.6922141988989776
liar2_finance,2,22,3,logistic_regression,word_char,10.0,0.25,emotion_aware,0.6878048780487804,0.6878048780487804,0.6757990867579908,0.7219512195121951,0.6981132075471698,0.6874404421574233
liar2_finance,2,22,3,logistic_regression,word_char,10.0,0.5,emotion_aware,0.6878048780487804,0.6878048780487804,0.6790697674418604,0.7121951219512195,0.6952380952380952,0.6876190476190476
liar2_finance,2,22,3,logistic_regression,word_char,10.0,1.0,emotion_aware,0.6878048780487804,0.6878048780487804,0.6790697674418604,0.7121951219512195,0.6952380952380952,0.6876190476190476
liar2_finance,2,22,3,linear_svm,word,0.1,0.0,text_only,0.7024390243902439,0.7024390243902439,0.6948356807511737,0.7219512195121951,0.7081339712918661,0.7023256921135947
liar2_finance,2,22,3,linear_svm,word,0.1,0.05,emotion_aware,0.7195121951219512,0.7195121951219512,0.7122641509433962,0.7365853658536585,0.7242206235011991,0.7194304110061827
liar2_finance,2,22,3,linear_svm,word,0.1,0.1,emotion_aware,0.7097560975609756,0.7097560975609756,0.7047619047619048,0.7219512195121951,0.7132530120481928,0.7097129257771828
liar2_finance,2,22,3,linear_svm,word,0.1,0.25,emotion_aware,0.6926829268292682,0.6926829268292682,0.6908212560386473,0.697560975609756,0.6941747572815534,0.6926756139348944
liar2_finance,2,22,3,linear_svm,word,0.1,0.5,emotion_aware,0.6780487804878049,0.6780487804878049,0.6780487804878049,0.6780487804878049,0.6780487804878049,0.6780487804878049
liar2_finance,2,22,3,linear_svm,word,0.1,1.0,emotion_aware,0.6804878048780488,0.6804878048780488,0.6796116504854369,0.6829268292682927,0.681265206812652,0.6804859041398224
liar2_finance,2,22,3,linear_svm,word,1.0,0.0,text_only,0.6707317073170732,0.6707317073170731,0.6650943396226415,0.6878048780487804,0.6762589928057554,0.670635699876823
liar2_finance,2,22,3,linear_svm,word,1.0,0.05,emotion_aware,0.6609756097560976,0.6609756097560975,0.6527777777777778,0.6878048780487804,0.669833729216152,0.6607314009489281
liar2_finance,2,22,3,linear_svm,word,1.0,0.1,emotion_aware,0.6634146341463415,0.6634146341463414,0.6558139534883721,0.6878048780487804,0.6714285714285714,0.6632142857142858
liar2_finance,2,22,3,linear_svm,word,1.0,0.25,emotion_aware,0.6585365853658537,0.6585365853658537,0.6540284360189573,0.6731707317073171,0.6634615384615384,0.658463442498096
liar2_finance,2,22,3,linear_svm,word,1.0,0.5,emotion_aware,0.6585365853658537,0.6585365853658537,0.6525821596244131,0.6780487804878049,0.6650717703349283,0.6584065319336333
liar2_finance,2,22,3,linear_svm,word,1.0,1.0,emotion_aware,0.6585365853658537,0.6585365853658537,0.6525821596244131,0.6780487804878049,0.6650717703349283,0.6584065319336333
liar2_finance,2,22,3,linear_svm,word,10.0,0.0,text_only,0.6487804878048781,0.6487804878048781,0.639269406392694,0.6829268292682927,0.660377358490566,0.6483704974271012
liar2_finance,2,22,3,linear_svm,word,10.0,0.05,emotion_aware,0.6682926829268293,0.6682926829268292,0.6561085972850679,0.7073170731707317,0.6807511737089202,0.6677867543671505
liar2_finance,2,22,3,linear_svm,word,10.0,0.1,emotion_aware,0.6634146341463415,0.6634146341463414,0.6515837104072398,0.7024390243902439,0.676056338028169,0.662901265460785
liar2_finance,2,22,3,linear_svm,word,10.0,0.25,emotion_aware,0.6634146341463415,0.6634146341463414,0.6515837104072398,0.7024390243902439,0.676056338028169,0.662901265460785
liar2_finance,2,22,3,linear_svm,word,10.0,0.5,emotion_aware,0.6658536585365854,0.6658536585365853,0.6545454545454545,0.7024390243902439,0.6776470588235294,0.6654058078927774
liar2_finance,2,22,3,linear_svm,word,10.0,1.0,emotion_aware,0.6658536585365854,0.6658536585365853,0.6545454545454545,0.7024390243902439,0.6776470588235294,0.6654058078927774
liar2_finance,2,22,3,linear_svm,word_char,0.1,0.0,text_only,0.7024390243902439,0.7024390243902439,0.6966824644549763,0.7170731707317073,0.7067307692307693,0.7023752856054837
liar2_finance,2,22,3,linear_svm,word_char,0.1,0.05,emotion_aware,0.6951219512195121,0.6951219512195121,0.6886792452830188,0.7121951219512195,0.7002398081534772,0.6950330554415028
liar2_finance,2,22,3,linear_svm,word_char,0.1,0.1,emotion_aware,0.6780487804878049,0.6780487804878048,0.6729857819905213,0.6926829268292682,0.6826923076923077,0.6779798172124905
liar2_finance,2,22,3,linear_svm,word_char,0.1,0.25,emotion_aware,0.6707317073170732,0.6707317073170731,0.6635514018691588,0.6926829268292682,0.6778042959427207,0.6705729709140038
liar2_finance,2,22,3,linear_svm,word_char,0.1,0.5,emotion_aware,0.6731707317073171,0.673170731707317,0.6666666666666666,0.6926829268292682,0.6794258373205742,0.6730462519936204
liar2_finance,2,22,3,linear_svm,word_char,0.1,1.0,emotion_aware,0.6707317073170732,0.6707317073170731,0.6650943396226415,0.6878048780487804,0.6762589928057554,0.670635699876823
liar2_finance,2,22,3,linear_svm,word_char,1.0,0.0,text_only,0.697560975609756,0.697560975609756,0.6866359447004609,0.7268292682926829,0.7061611374407583,0.6973016742480174
liar2_finance,2,22,3,linear_svm,word_char,1.0,0.05,emotion_aware,0.6902439024390243,0.6902439024390243,0.6788990825688074,0.7219512195121951,0.6997635933806147,0.6899321745240605
liar2_finance,2,22,3,linear_svm,word_char,1.0,0.1,emotion_aware,0.6902439024390243,0.6902439024390243,0.6772727272727272,0.7268292682926829,0.7011764705882353,0.6898287416232316
liar2_finance,2,22,3,linear_svm,word_char,1.0,0.25,emotion_aware,0.6878048780487804,0.6878048780487804,0.6774193548387096,0.7170731707317073,0.6966824644549763,0.6875372121269856
liar2_finance,2,22,3,linear_svm,word_char,1.0,0.5,emotion_aware,0.6902439024390243,0.6902439024390243,0.6805555555555556,0.7170731707317073,0.6983372921615202,0.6900207764065747
liar2_finance,2,22,3,linear_svm,word_char,1.0,1.0,emotion_aware,0.6878048780487804,0.6878048780487804,0.6790697674418604,0.7121951219512195,0.6952380952380952,0.6876190476190476
liar2_finance,2,22,3,linear_svm,word_char,10.0,0.0,text_only,0.6731707317073171,0.673170731707317,0.6606334841628959,0.7121951219512195,0.6854460093896714,0.6726722432735159
liar2_finance,2,22,3,linear_svm,word_char,10.0,0.05,emotion_aware,0.6804878048780488,0.6804878048780487,0.6681818181818182,0.7170731707317073,0.691764705882353,0.68005956813105
liar2_finance,2,22,3,linear_svm,word_char,10.0,0.1,emotion_aware,0.6853658536585366,0.6853658536585365,0.6727272727272727,0.7219512195121951,0.6964705882352941,0.6849441548771407
liar2_finance,2,22,3,linear_svm,word_char,10.0,0.25,emotion_aware,0.675609756097561,0.6756097560975609,0.6621621621621622,0.7170731707317073,0.6885245901639344,0.675051099153214
liar2_finance,2,22,3,linear_svm,word_char,10.0,0.5,emotion_aware,0.675609756097561,0.6756097560975609,0.6621621621621622,0.7170731707317073,0.6885245901639344,0.675051099153214
liar2_finance,2,22,3,linear_svm,word_char,10.0,1.0,emotion_aware,0.675609756097561,0.6756097560975609,0.6621621621621622,0.7170731707317073,0.6885245901639344,0.675051099153214
liar2_finance,2,22,4,logistic_regression,word,0.1,0.0,text_only,0.6560975609756098,0.6560975609756098,0.6649484536082474,0.6292682926829268,0.6466165413533834,0.6558498383726536
liar2_finance,2,22,4,logistic_regression,word,0.1,0.05,emotion_aware,0.6487804878048781,0.6487804878048781,0.6580310880829016,0.6195121951219512,0.6381909547738693,0.6484793636428589
liar2_finance,2,22,4,logistic_regression,word,0.1,0.1,emotion_aware,0.6073170731707317,0.6073170731707317,0.6078431372549019,0.6048780487804878,0.6063569682151589,0.607314737148942
liar2_finance,2,22,4,logistic_regression,word,0.1,0.25,emotion_aware,0.5853658536585366,0.5853658536585366,0.5888324873096447,0.5658536585365853,0.5771144278606966,0.5852079316336976
liar2_finance,2,22,4,logistic_regression,word,0.1,0.5,emotion_aware,0.5878048780487805,0.5878048780487806,0.5978260869565217,0.5365853658536586,0.5655526992287918,0.5867206651596395
liar2_finance,2,22,4,logistic_regression,word,0.1,1.0,emotion_aware,0.5780487804878048,0.578048780487805,0.5909090909090909,0.5073170731707317,0.5459317585301837,0.5759271548915155
liar2_finance,2,22,4,logistic_regression,word,1.0,0.0,text_only,0.651219512195122,0.651219512195122,0.6581632653061225,0.6292682926829268,0.6433915211970075,0.6510513691903892
liar2_finance,2,22,4,logistic_regression,word,1.0,0.05,emotion_aware,0.6609756097560976,0.6609756097560976,0.6683673469387755,0.6390243902439025,0.6533665835411472,0.6608121700521965
liar2_finance,2,22,4,logistic_regression,word,1.0,0.1,emotion_aware,0.6487804878048781,0.648780487804878,0.6648648648648648,0.6,0.6307692307692307,0.6479427549194992
liar2_finance,2,22,4,logistic_regression,word,1.0,0.25,emotion_aware,0.6390243902439025,0.6390243902439023,0.659217877094972,0.5756097560975609,0.6145833333333334,0.6375668960244649
liar2_finance,2,22,4,logistic_regression,word,1.0,0.5,emotion_aware,0.6292682926829268,0.6292682926829268,0.6549707602339181,0.5463414634146342,0.5957446808510638,0.6267011692543607
liar2_finance,2,22,4,logistic_regression,word,1.0,1.0,emotion_aware,0.6170731707317073,0.6170731707317073,0.6411764705882353,0.5317073170731708,0.5813333333333334,0.6142621722846442
liar2_finance,2,22,4,logistic_regression,word,10.0,0.0,text_only,0.6536585365853659,0.6536585365853659,0.6567164179104478,0.6439024390243903,0.6502463054187192,0.6536255681682968
liar2_finance,2,22,4,logistic_regression,word,10.0,0.05,emotion_aware,0.6463414634146342,0.6463414634146342,0.65,0.6341463414634146,0.6419753086419753,0.6462888591402647
liar2_finance,2,22,4,logistic_regression,word,10.0,0.1,emotion_aware,0.6439024390243903,0.6439024390243903,0.6482412060301508,0.6292682926829268,0.6386138613861386,0.6438261614623001
liar2_finance,2,22,4,logistic_regression,word,10.0,0.25,emotion_aware,0.6414634146341464,0.6414634146341464,0.645,0.6292682926829268,0.6370370370370371,0.6414100847835787
liar2_finance,2,22,4,logistic_regression,word,10.0,0.5,emotion_aware,0.6414634146341464,0.6414634146341464,0.645,0.6292682926829268,0.6370370370370371,0.6414100847835787
liar2_finance,2,22,4,logistic_regression,word,10.0,1.0,emotion_aware,0.6439024390243903,0.6439024390243903,0.6467661691542289,0.6341463414634146,0.6403940886699507,0.6438685419195165
liar2_finance,2,22,4,logistic_regression,word_char,0.1,0.0,text_only,0.6560975609756098,0.6560975609756097,0.6666666666666666,0.624390243902439,0.6448362720403022,0.6557514693534845
liar2_finance,2,22,4,logistic_regression,word_char,0.1,0.05,emotion_aware,0.6463414634146342,0.6463414634146342,0.6578947368421053,0.6097560975609756,0.6329113924050633,0.6458674609084141
liar2_finance,2,22,4,logistic_regression,word_char,0.1,0.1,emotion_aware,0.6292682926829268,0.6292682926829268,0.6358974358974359,0.6048780487804878,0.62,0.6290476190476191
liar2_finance,2,22,4,logistic_regression,word_char,0.1,0.25,emotion_aware,0.6024390243902439,0.6024390243902439,0.605,0.5902439024390244,0.5975308641975309,0.6023798899300907
liar2_finance,2,22,4,logistic_regression,word_char,0.1,0.5,emotion_aware,0.6097560975609756,0.6097560975609756,0.6190476190476191,0.5707317073170731,0.5939086294416244,0.6091608874907652
liar2_finance,2,22,4,logistic_regression,word_char,0.1,1.0,emotion_aware,0.5926829268292683,0.5926829268292684,0.6021505376344086,0.5463414634146342,0.5728900255754475,0.5918063181490292
liar2_finance,2,22,4,logistic_regression,word_char,1.0,0.0,text_only,0.6536585365853659,0.6536585365853659,0.6632124352331606,0.624390243902439,0.6432160804020101,0.6533615947033746
liar2_finance,2,22,4,logistic_regression,word_char,1.0,0.05,emotion_aware,0.6609756097560976,0.6609756097560975,0.675531914893617,0.6195121951219512,0.6463104325699746,0.6603917502428327
liar2_finance,2,22,4,logistic_regression,word_char,1.0,0.1,emotion_aware,0.6560975609756098,0.6560975609756097,0.6666666666666666,0.624390243902439,0.6448362720403022,0.6557514693534845
liar2_finance,2,22,4,logistic_regression,word_char,1.0,0.25,emotion_aware,0.6439024390243903,0.6439024390243901,0.6577540106951871,0.6,0.6275510204081632,0.6432147625405302
liar2_finance,2,22,4,logistic_regression,word_char,1.0,0.5,emotion_aware,0.6390243902439025,0.6390243902439023,0.654054054054054,0.5902439024390244,0.6205128205128205,0.6381633870005963
liar2_finance,2,22,4,logistic_regression,word_char,1.0,1.0,emotion_aware,0.6414634146341464,0.6414634146341462,0.657608695652174,0.5902439024390244,0.622107969151671,0.6405203418844202
liar2_finance,2,22,4,logistic_regression,word_char,10.0,0.0,text_only,0.6439024390243903,0.6439024390243903,0.6467661691542289,0.6341463414634146,0.6403940886699507,0.6438685419195165
liar2_finance,2,22,4,logistic_regression,word_char,10.0,0.05,emotion_aware,0.6414634146341464,0.6414634146341464,0.6526315789473685,0.6048780487804878,0.6278481012658228,0.6409828741623231
liar2_finance,2,22,4,logistic_regression,word_char,10.0,0.1,emotion_aware,0.6390243902439025,0.6390243902439025,0.6507936507936508,0.6,0.6243654822335025,0.6384738209289578
liar2_finance,2,22,4,logistic_regression,word_char,10.0,0.25,emotion_aware,0.6365853658536585,0.6365853658536585,0.6473684210526316,0.6,0.6227848101265823,0.6360982874162323
liar2_finance,2,22,4,logistic_regression,word_char,10.0,0.5,emotion_aware,0.6292682926829268,0.6292682926829268,0.6387434554973822,0.5951219512195122,0.6161616161616161,0.6288355250619402
liar2_finance,2,22,4,logistic_regression,word_char,10.0,1.0,emotion_aware,0.6317073170731707,0.6317073170731707,0.640625,0.6,0.6196473551637279,0.6313366799459301
liar2_finance,2,22,4,linear_svm,word,0.1,0.0,text_only,0.6609756097560976,0.6609756097560976,0.6666666666666666,0.6439024390243903,0.6550868486352357,0.6608767576509511
liar2_finance,2,22,4,linear_svm,word,0.1,0.05,emotion_aware,0.6560975609756098,0.6560975609756097,0.6666666666666666,0.624390243902439,0.6448362720403022,0.6557514693534845
liar2_finance,2,22,4,linear_svm,word,0.1,0.1,emotion_aware,0.6439024390243903,0.6439024390243901,0.6594594594594595,0.5951219512195122,0.6256410256410256,0.6430530709600477
liar2_finance,2,22,4,linear_svm,word,0.1,0.25,emotion_aware,0.6390243902439025,0.6390243902439023,0.659217877094972,0.5756097560975609,0.6145833333333334,0.6375668960244649
liar2_finance,2,22,4,linear_svm,word,0.1,0.5,emotion_aware,0.6170731707317073,0.6170731707317073,0.6428571428571429,0.526829268292683,0.579088471849866,0.6139290233969688
liar2_finance,2,22,4,linear_svm,word,0.1,1.0,emotion_aware,0.6195121951219512,0.6195121951219512,0.6449704142011834,0.5317073170731708,0.5828877005347594,0.6165559578906981
liar2_finance,2,22,4,linear_svm,word,1.0,0.0,text_only,0.6487804878048781,0.6487804878048781,0.6517412935323383,0.6390243902439025,0.645320197044335,0.6487470550439066
liar2_finance,2,22,4,linear_svm,word,1.0,0.05,emotion_aware,0.6487804878048781,0.6487804878048781,0.6502463054187192,0.6439024390243903,0.6470588235294118,0.6487721302113079
liar2_finance,2,22,4,linear_svm,word,1.0,0.1,emotion_aware,0.6463414634146342,0.6463414634146342,0.6470588235294118,0.6439024390243903,0.6454767726161369,0.6463393595440782
liar2_finance,2,22,4,linear_svm,word,1.0,0.25,emotion_aware,0.6414634146341464,0.6414634146341464,0.6435643564356436,0.6341463414634146,0.6388206388206388,0.641444217715404
liar2_finance,2,22,4,linear_svm,word,1.0,0.5,emotion_aware,0.6390243902439025,0.6390243902439025,0.6417910447761194,0.6292682926829268,0.6354679802955665,0.6389900287951262
liar2_finance,2,22,4,linear_svm,word,1.0,1.0,emotion_aware,0.6390243902439025,0.6390243902439025,0.6417910447761194,0.6292682926829268,0.6354679802955665,0.6389900287951262
liar2_finance,2,22,4,linear_svm,word,10.0,0.0,text_only,0.6317073170731707,0.6317073170731707,0.6298076923076923,0.6390243902439025,0.6343825665859564,0.6316875977892926
liar2_finance,2,22,4,linear_svm,word,10.0,0.05,emotion_aware,0.6390243902439025,0.6390243902439025,0.6376811594202898,0.6439024390243903,0.6407766990291263,0.6390158004949553
liar2_finance,2,22,4,linear_svm,word,10.0,0.1,emotion_aware,0.6268292682926829,0.6268292682926829,0.6274509803921569,0.624390243902439,0.6259168704156479,0.6268270483465102
liar2_finance,2,22,4,linear_svm,word,10.0,0.25,emotion_aware,0.6341463414634146,0.6341463414634146,0.6354679802955665,0.6292682926829268,0.6323529411764706,0.6341376356367789
liar2_finance,2,22,4,linear_svm,word,10.0,0.5,emotion_aware,0.6317073170731707,0.6317073170731707,0.6323529411764706,0.6292682926829268,0.6308068459657702,0.6317051261459021
liar2_finance,2,22,4,linear_svm,word,10.0,1.0,emotion_aware,0.6317073170731707,0.6317073170731707,0.6323529411764706,0.6292682926829268,0.6308068459657702,0.6317051261459021
liar2_finance,2,22,4,linear_svm,word_char,0.1,0.0,text_only,0.6634146341463415,0.6634146341463414,0.6735751295336787,0.6341463414634146,0.6532663316582915,0.6631260568244064
liar2_finance,2,22,4,linear_svm,word_char,0.1,0.05,emotion_aware,0.6634146341463415,0.6634146341463414,0.6772486772486772,0.624390243902439,0.649746192893401,0.662901265460785
liar2_finance,2,22,4,linear_svm,word_char,0.1,0.1,emotion_aware,0.6536585365853659,0.6536585365853658,0.6649214659685864,0.6195121951219512,0.6414141414141414,0.6532542405183914
liar2_finance,2,22,4,linear_svm,word_char,0.1,0.25,emotion_aware,0.6439024390243903,0.6439024390243901,0.6577540106951871,0.6,0.6275510204081632,0.6432147625405302
liar2_finance,2,22,4,linear_svm,word_char,0.1,0.5,emotion_aware,0.6390243902439025,0.6390243902439023,0.654054054054054,0.5902439024390244,0.6205128205128205,0.6381633870005963
liar2_finance,2,22,4,linear_svm,word_char,0.1,1.0,emotion_aware,0.6341463414634146,0.6341463414634146,0.6486486486486487,0.5853658536585366,0.6153846153846154,0.6332737030411449
liar2_finance,2,22,4,linear_svm,word_char,1.0,0.0,text_only,0.6341463414634146,0.6341463414634146,0.6368159203980099,0.624390243902439,0.6305418719211823,0.634111515670736
liar2_finance,2,22,4,linear_svm,word_char,1.0,0.05,emotion_aware,0.624390243902439,0.624390243902439,0.6294416243654822,0.6048780487804878,0.6169154228855721,0.6242471851269966
liar2_finance,2,22,4,linear_svm,word_char,1.0,0.1,emotion_aware,0.624390243902439,0.624390243902439,0.6307692307692307,0.6,0.615,0.6241666666666666
liar2_finance,2,22,4,linear_svm,word_char,1.0,0.25,emotion_aware,0.6292682926829268,0.6292682926829268,0.6373056994818653,0.6,0.6180904522613065,0.6289504394007954
liar2_finance,2,22,4,linear_svm,word_char,1.0,0.5,emotion_aware,0.6292682926829268,0.6292682926829268,0.6373056994818653,0.6,0.6180904522613065,0.6289504394007954
liar2_finance,2,22,4,linear_svm,word_char,1.0,1.0,emotion_aware,0.6292682926829268,0.6292682926829268,0.6373056994818653,0.6,0.6180904522613065,0.6289504394007954
liar2_finance,2,22,4,linear_svm,word_char,10.0,0.0,text_only,0.6073170731707317,0.6073170731707317,0.6047619047619047,0.6195121951219512,0.6120481927710844,0.6072586642867768
liar2_finance,2,22,4,linear_svm,word_char,10.0,0.05,emotion_aware,0.6195121951219512,0.6195121951219512,0.6206896551724138,0.6146341463414634,0.6176470588235294,0.6195031410622501
liar2_finance,2,22,4,linear_svm,word_char,10.0,0.1,emotion_aware,0.6097560975609756,0.6097560975609756,0.6119402985074627,0.6,0.6059113300492611,0.6097189500487852
liar2_finance,2,22,4,linear_svm,word_char,10.0,0.25,emotion_aware,0.6170731707317073,0.6170731707317073,0.6188118811881188,0.6097560975609756,0.6142506142506142,0.6170526679001256
liar2_finance,2,22,4,linear_svm,word_char,10.0,0.5,emotion_aware,0.6170731707317073,0.6170731707317073,0.6188118811881188,0.6097560975609756,0.6142506142506142,0.6170526679001256
liar2_finance,2,22,4,linear_svm,word_char,10.0,1.0,emotion_aware,0.6170731707317073,0.6170731707317073,0.6188118811881188,0.6097560975609756,0.6142506142506142,0.6170526679001256
liar2_finance,2,22,5,logistic_regression,word,0.1,0.0,text_only,0.6397058823529411,0.6397058823529411,0.6403940886699507,0.6372549019607843,0.6388206388206388,0.6397037179433267
liar2_finance,2,22,5,logistic_regression,word,0.1,0.05,emotion_aware,0.6593137254901961,0.6593137254901962,0.6649746192893401,0.6421568627450981,0.6533665835411472,0.6592134122525013
liar2_finance,2,22,5,logistic_regression,word,0.1,0.1,emotion_aware,0.6348039215686274,0.6348039215686274,0.6303317535545023,0.6519607843137255,0.6409638554216868,0.6346963915512425
liar2_finance,2,22,5,logistic_regression,word,0.1,0.25,emotion_aware,0.6299019607843137,0.6299019607843137,0.6255924170616114,0.6470588235294118,0.636144578313253,0.6297929874109907
liar2_finance,2,22,5,logistic_regression,word,0.1,0.5,emotion_aware,0.6299019607843137,0.6299019607843137,0.6267942583732058,0.6421568627450981,0.6343825665859564,0.6298463701416135
liar2_finance,2,22,5,logistic_regression,word,0.1,1.0,emotion_aware,0.6200980392156863,0.6200980392156863,0.6195121951219512,0.6225490196078431,0.6210268948655256,0.6200957570150725
liar2_finance,2,22,5,logistic_regression,word,1.0,0.0,text_only,0.625,0.625,0.6307692307692307,0.6029411764705882,0.6165413533834586,0.6248174392816573
liar2_finance,2,22,5,logistic_regression,word,1.0,0.05,emotion_aware,0.6495098039215687,0.6495098039215687,0.6580310880829016,0.6225490196078431,0.6397984886649875,0.6492548529243791
liar2_finance,2,22,5,logistic_regression,word,1.0,0.1,emotion_aware,0.6544117647058824,0.6544117647058824,0.6649214659685864,0.6225490196078431,0.6430379746835443,0.6540605550377341
liar2_finance,2,22,5,logistic_regression,word,1.0,0.25,emotion_aware,0.6593137254901961,0.6593137254901961,0.6701570680628273,0.6274509803921569,0.6481012658227848,0.6589674975194684
liar2_finance,2,22,5,logistic_regression,word,1.0,0.5,emotion_aware,0.6617647058823529,0.6617647058823529,0.6701030927835051,0.6372549019607843,0.6532663316582915,0.6615613954942176
liar2_finance,2,22,5,logistic_regression,word,1.0,1.0,emotion_aware,0.6593137254901961,0.6593137254901961,0.6683937823834197,0.6323529411764706,0.6498740554156172,0.6590659059894315
liar2_finance,2,22,5,logistic_regression,word,10.0,0.0,text_only,0.6348039215686274,0.6348039215686274,0.6486486486486487,0.5882352941176471,0.6169665809768637,0.634010222572741
liar2_finance,2,22,5,logistic_regression,word,10.0,0.05,emotion_aware,0.6470588235294118,0.6470588235294117,0.6612903225806451,0.6029411764705882,0.6307692307692307,0.6463705308775731
liar2_finance,2,22,5,logistic_regression,word,10.0,0.1,emotion_aware,0.6544117647058824,0.6544117647058822,0.6702702702702703,0.6078431372549019,0.6375321336760925,0.6536606804211844
liar2_finance,2,22,5,logistic_regression,word,10.0,0.25,emotion_aware,0.6544117647058824,0.6544117647058824,0.6721311475409836,0.6029411764705882,0.6356589147286822,0.6534937930286768
liar2_finance,2,22,5,logistic_regression,word,10.0,0.5,emotion_aware,0.6544117647058824,0.6544117647058824,0.6721311475409836,0.6029411764705882,0.6356589147286822,0.6534937930286768
liar2_finance,2,22,5,logistic_regression,word,10.0,1.0,emotion_aware,0.6544117647058824,0.6544117647058822,0.6702702702702703,0.6078431372549019,0.6375321336760925,0.6536606804211844
liar2_finance,2,22,5,logistic_regression,word_char,0.1,0.0,text_only,0.6200980392156863,0.6200980392156863,0.6195121951219512,0.6225490196078431,0.6210268948655256,0.6200957570150725
liar2_finance,2,22,5,logistic_regression,word_char,0.1,0.05,emotion_aware,0.6544117647058824,0.6544117647058824,0.6536585365853659,0.6568627450980392,0.6552567237163814,0.6544096886395174
liar2_finance,2,22,5,logistic_regression,word_char,0.1,0.1,emotion_aware,0.6421568627450981,0.6421568627450981,0.6421568627450981,0.6421568627450981,0.6421568627450981,0.6421568627450981
liar2_finance,2,22,5,logistic_regression,word_char,0.1,0.25,emotion_aware,0.6593137254901961,0.6593137254901961,0.6633165829145728,0.6470588235294118,0.6550868486352357,0.6592625526469157
liar2_finance,2,22,5,logistic_regression,word_char,0.1,0.5,emotion_aware,0.6715686274509803,0.6715686274509804,0.6767676767676768,0.6568627450980392,0.6666666666666666,0.6714975845410628
liar2_finance,2,22,5,logistic_regression,word_char,0.1,1.0,emotion_aware,0.6544117647058824,0.6544117647058824,0.6615384615384615,0.6323529411764706,0.6466165413533834,0.6542435224752529
liar2_finance,2,22,5,logistic_regression,word_char,1.0,0.0,text_only,0.6397058823529411,0.6397058823529411,0.6446700507614214,0.6225490196078431,0.6334164588528678,0.639599795691494
liar2_finance,2,22,5,logistic_regression,word_char,1.0,0.05,emotion_aware,0.6446078431372549,0.6446078431372548,0.6467661691542289,0.6372549019607843,0.6419753086419753,0.6445886275569974
liar2_finance,2,22,5,logistic_regression,word_char,1.0,0.1,emotion_aware,0.6421568627450981,0.642156862745098,0.6479591836734694,0.6225490196078431,0.635,0.6420192307692307
liar2_finance,2,22,5,logistic_regression,word_char,1.0,0.25,emotion_aware,0.6568627450980392,0.6568627450980392,0.6684210526315789,0.6225490196078431,0.6446700507614214,0.6564582481295258
liar2_finance,2,22,5,logistic_regression,word_char,1.0,0.5,emotion_aware,0.6568627450980392,0.6568627450980392,0.6684210526315789,0.6225490196078431,0.6446700507614214,0.6564582481295258
liar2_finance,2,22,5,logistic_regression,word_char,1.0,1.0,emotion_aware,0.6568627450980392,0.6568627450980392,0.6684210526315789,0.6225490196078431,0.6446700507614214,0.6564582481295258
liar2_finance,2,22,5,logistic_regression,word_char,10.0,0.0,text_only,0.6446078431372549,0.6446078431372548,0.6594594594594595,0.5980392156862745,0.6272493573264781,0.6438354514969626
liar2_finance,2,22,5,logistic_regression,word_char,10.0,0.05,emotion_aware,0.6397058823529411,0.6397058823529411,0.6524064171122995,0.5980392156862745,0.6240409207161125,0.639079283887468
liar2_finance,2,22,5,logistic_regression,word_char,10.0,0.1,emotion_aware,0.6470588235294118,0.6470588235294117,0.6595744680851063,0.6078431372549019,0.6326530612244898,0.646515209857528
liar2_finance,2,22,5,logistic_regression,word_char,10.0,0.25,emotion_aware,0.6372549019607843,0.6372549019607843,0.648936170212766,0.5980392156862745,0.6224489795918368,0.636696187909126
liar2_finance,2,22,5,logistic_regression,word_char,10.0,0.5,emotion_aware,0.6446078431372549,0.6446078431372548,0.6577540106951871,0.6029411764705882,0.629156010230179,0.6439897698209718
liar2_finance,2,22,5,logistic_regression,word_char,10.0,1.0,emotion_aware,0.6446078431372549,0.6446078431372548,0.6577540106951871,0.6029411764705882,0.629156010230179,0.6439897698209718
liar2_finance,2,22,5,linear_svm,word,0.1,0.0,text_only,0.6225490196078431,0.6225490196078431,0.6302083333333334,0.5931372549019608,0.6111111111111112,0.6222222222222222
liar2_finance,2,22,5,linear_svm,word,0.1,0.05,emotion_aware,0.6568627450980392,0.6568627450980392,0.6649484536082474,0.6323529411764706,0.6482412060301508,0.6566564881825395
liar2_finance,2,22,5,linear_svm,word,0.1,0.1,emotion_aware,0.6544117647058824,0.6544117647058824,0.6649214659685864,0.6225490196078431,0.6430379746835443,0.6540605550377341
liar2_finance,2,22,5,linear_svm,word,0.1,0.25,emotion_aware,0.6568627450980392,0.6568627450980392,0.6666666666666666,0.6274509803921569,0.6464646464646465,0.6565656565656566
liar2_finance,2,22,5,linear_svm,word,0.1,0.5,emotion_aware,0.6593137254901961,0.6593137254901961,0.6701570680628273,0.6274509803921569,0.6481012658227848,0.6589674975194684
liar2_finance,2,22,5,linear_svm,word,0.1,1.0,emotion_aware,0.6617647058823529,0.6617647058823529,0.6736842105263158,0.6274509803921569,0.649746192893401,0.6613659874419611
liar2_finance,2,22,5,linear_svm,word,1.0,0.0,text_only,0.6372549019607843,0.6372549019607843,0.6505376344086021,0.5931372549019608,0.6205128205128205,0.6365474900686168
liar2_finance,2,22,5,linear_svm,word,1.0,0.05,emotion_aware,0.6348039215686274,0.6348039215686274,0.6502732240437158,0.5833333333333334,0.6149870801033591,0.6338338663920059
liar2_finance,2,22,5,linear_svm,word,1.0,0.1,emotion_aware,0.6470588235294118,0.6470588235294117,0.6648351648351648,0.5931372549019608,0.6269430051813472,0.6460296421255574
liar2_finance,2,22,5,linear_svm,word,1.0,0.25,emotion_aware,0.6544117647058824,0.6544117647058824,0.6721311475409836,0.6029411764705882,0.6356589147286822,0.6534937930286768
liar2_finance,2,22,5,linear_svm,word,1.0,0.5,emotion_aware,0.6593137254901961,0.6593137254901961,0.6775956284153005,0.6078431372549019,0.6408268733850129,0.6584087746878444
liar2_finance,2,22,5,linear_svm,word,1.0,1.0,emotion_aware,0.6593137254901961,0.6593137254901961,0.6775956284153005,0.6078431372549019,0.6408268733850129,0.6584087746878444
liar2_finance,2,22,5,linear_svm,word,10.0,0.0,text_only,0.6372549019607843,0.6372549019607843,0.6473684210526316,0.6029411764705882,0.6243654822335025,0.6368272908797845
liar2_finance,2,22,5,linear_svm,word,10.0,0.05,emotion_aware,0.6372549019607843,0.6372549019607843,0.648936170212766,0.5980392156862745,0.6224489795918368,0.636696187909126
liar2_finance,2,22,5,linear_svm,word,10.0,0.1,emotion_aware,0.6348039215686274,0.6348039215686274,0.6470588235294118,0.5931372549019608,0.618925831202046,0.6341687979539642
liar2_finance,2,22,5,linear_svm,word,10.0,0.25,emotion_aware,0.6372549019607843,0.6372549019607843,0.6505376344086021,0.5931372549019608,0.6205128205128205,0.6365474900686168
liar2_finance,2,22,5,linear_svm,word,10.0,0.5,emotion_aware,0.6372549019607843,0.6372549019607843,0.6505376344086021,0.5931372549019608,0.6205128205128205,0.6365474900686168
liar2_finance,2,22,5,linear_svm,word,10.0,1.0,emotion_aware,0.6372549019607843,0.6372549019607843,0.6505376344086021,0.5931372549019608,0.6205128205128205,0.6365474900686168
liar2_finance,2,22,5,linear_svm,word_char,0.1,0.0,text_only,0.6372549019607843,0.6372549019607843,0.6414141414141414,0.6225490196078431,0.6318407960199005,0.6371764366572932
liar2_finance,2,22,5,linear_svm,word_char,0.1,0.05,emotion_aware,0.6421568627450981,0.642156862745098,0.6435643564356436,0.6372549019607843,0.6403940886699507,0.6421482638471705
liar2_finance,2,22,5,linear_svm,word_char,0.1,0.1,emotion_aware,0.6421568627450981,0.642156862745098,0.6494845360824743,0.6176470588235294,0.6331658291457286,0.6419417662475054
liar2_finance,2,22,5,linear_svm,word_char,0.1,0.25,emotion_aware,0.6593137254901961,0.6593137254901961,0.6701570680628273,0.6274509803921569,0.6481012658227848,0.6589674975194684
liar2_finance,2,22,5,linear_svm,word_char,0.1,0.5,emotion_aware,0.6568627450980392,0.6568627450980392,0.6684210526315789,0.6225490196078431,0.6446700507614214,0.6564582481295258
liar2_finance,2,22,5,linear_svm,word_char,0.1,1.0,emotion_aware,0.6568627450980392,0.6568627450980392,0.6684210526315789,0.6225490196078431,0.6446700507614214,0.6564582481295258
liar2_finance,2,22,5,linear_svm,word_char,1.0,0.0,text_only,0.6446078431372549,0.6446078431372548,0.6528497409326425,0.6176470588235294,0.6347607052896725,0.6443493263918529
liar2_finance,2,22,5,linear_svm,word_char,1.0,0.05,emotion_aware,0.6323529411764706,0.6323529411764706,0.6467391304347826,0.5833333333333334,0.6134020618556701,0.631467386068022
liar2_finance,2,22,5,linear_svm,word_char,1.0,0.1,emotion_aware,0.6372549019607843,0.6372549019607843,0.6505376344086021,0.5931372549019608,0.6205128205128205,0.6365474900686168
liar2_finance,2,22,5,linear_svm,word_char,1.0,0.25,emotion_aware,0.6323529411764706,0.6323529411764706,0.6451612903225806,0.5882352941176471,0.6153846153846154,0.6316359696641387
liar2_finance,2,22,5,linear_svm,word_char,1.0,0.5,emotion_aware,0.6397058823529411,0.6397058823529411,0.6524064171122995,0.5980392156862745,0.6240409207161125,0.639079283887468
liar2_finance,2,22,5,linear_svm,word_char,1.0,1.0,emotion_aware,0.6397058823529411,0.6397058823529411,0.6524064171122995,0.5980392156862745,0.6240409207161125,0.639079283887468
liar2_finance,2,22,5,linear_svm,word_char,10.0,0.0,text_only,0.6274509803921569,0.6274509803921569,0.6354166666666666,0.5980392156862745,0.6161616161616161,0.6271284271284271
liar2_finance,2,22,5,linear_svm,word_char,10.0,0.05,emotion_aware,0.6299019607843137,0.6299019607843137,0.6402116402116402,0.5931372549019608,0.6157760814249363,0.6294010430765344
liar2_finance,2,22,5,linear_svm,word_char,10.0,0.1,emotion_aware,0.6323529411764706,0.6323529411764706,0.6421052631578947,0.5980392156862745,0.6192893401015228,0.631919551567349
liar2_finance,2,22,5,linear_svm,word_char,10.0,0.25,emotion_aware,0.6372549019607843,0.6372549019607843,0.6473684210526316,0.6029411764705882,0.6243654822335025,0.6368272908797845
liar2_finance,2,22,5,linear_svm,word_char,10.0,0.5,emotion_aware,0.6372549019607843,0.6372549019607843,0.6473684210526316,0.6029411764705882,0.6243654822335025,0.6368272908797845
liar2_finance,2,22,5,linear_svm,word_char,10.0,1.0,emotion_aware,0.6372549019607843,0.6372549019607843,0.6473684210526316,0.6029411764705882,0.6243654822335025,0.6368272908797845
liar2_finance,3,33,1,logistic_regression,word,0.1,0.0,text_only,0.6707317073170732,0.6707317073170731,0.6785714285714286,0.6487804878048781,0.6633416458852868,0.6705729709140038
liar2_finance,3,33,1,logistic_regression,word,0.1,0.05,emotion_aware,0.6658536585365854,0.6658536585365853,0.673469387755102,0.6439024390243903,0.6583541147132169,0.6656925704831
liar2_finance,3,33,1,logistic_regression,word,0.1,0.1,emotion_aware,0.6439024390243903,0.6439024390243903,0.6439024390243903,0.6439024390243903,0.6439024390243903,0.6439024390243903
liar2_finance,3,33,1,logistic_regression,word,0.1,0.25,emotion_aware,0.6414634146341464,0.6414634146341464,0.6394230769230769,0.6487804878048781,0.6440677966101694,0.641444217715404
liar2_finance,3,33,1,logistic_regression,word,0.1,0.5,emotion_aware,0.6097560975609756,0.6097560975609756,0.6108374384236454,0.6048780487804878,0.6078431372549019,0.6097468113458975
liar2_finance,3,33,1,logistic_regression,word,0.1,1.0,emotion_aware,0.6,0.6,0.6009852216748769,0.5951219512195122,0.5980392156862745,0.5999904816295449
liar2_finance,3,33,1,logistic_regression,word,1.0,0.0,text_only,0.6829268292682927,0.6829268292682926,0.6963350785340314,0.6487804878048781,0.6717171717171717,0.682556699066133
liar2_finance,3,33,1,logistic_regression,word,1.0,0.05,emotion_aware,0.675609756097561,0.6756097560975609,0.6855670103092784,0.6487804878048781,0.6666666666666666,0.6753760886777513
liar2_finance,3,33,1,logistic_regression,word,1.0,0.1,emotion_aware,0.6707317073170732,0.6707317073170731,0.6861702127659575,0.6292682926829268,0.6564885496183206,0.6701646495164202
liar2_finance,3,33,1,logistic_regression,word,1.0,0.25,emotion_aware,0.675609756097561,0.6756097560975609,0.6914893617021277,0.6341463414634146,0.6615776081424937,0.675051099153214
liar2_finance,3,33,1,logistic_regression,word,1.0,0.5,emotion_aware,0.675609756097561,0.6756097560975609,0.6894736842105263,0.6390243902439025,0.6632911392405063,0.675174981384959
liar2_finance,3,33,1,logistic_regression,word,1.0,1.0,emotion_aware,0.6609756097560976,0.6609756097560975,0.6736842105263158,0.624390243902439,0.6481012658227848,0.6605212211466865
liar2_finance,3,33,1,logistic_regression,word,10.0,0.0,text_only,0.6487804878048781,0.6487804878048781,0.6564102564102564,0.624390243902439,0.64,0.6485714285714286
liar2_finance,3,33,1,logistic_regression,word,10.0,0.05,emotion_aware,0.6487804878048781,0.6487804878048781,0.6532663316582915,0.6341463414634146,0.6435643564356436,0.6487052551408987
liar2_finance,3,33,1,logistic_regression,word,10.0,0.1,emotion_aware,0.6463414634146342,0.6463414634146342,0.6515151515151515,0.6292682926829268,0.6401985111662531,0.6462383443121433
liar2_finance,3,33,1,logistic_regression,word,10.0,0.25,emotion_aware,0.6414634146341464,0.6414634146341464,0.645,0.6292682926829268,0.6370370370370371,0.6414100847835787
liar2_finance,3,33,1,logistic_regression,word,10.0,0.5,emotion_aware,0.6414634146341464,0.6414634146341464,0.645,0.6292682926829268,0.6370370370370371,0.6414100847835787
liar2_finance,3,33,1,logistic_regression,word,10.0,1.0,emotion_aware,0.6390243902439025,0.6390243902439025,0.6417910447761194,0.6292682926829268,0.6354679802955665,0.6389900287951262
liar2_finance,3,33,1,logistic_regression,word_char,0.1,0.0,text_only,0.6731707317073171,0.673170731707317,0.6983240223463687,0.6097560975609756,0.6510416666666666,0.671851108562691
liar2_finance,3,33,1,logistic_regression,word_char,0.1,0.05,emotion_aware,0.6829268292682927,0.6829268292682926,0.7049180327868853,0.6292682926829268,0.6649484536082474,0.6820112638411607
liar2_finance,3,33,1,logistic_regression,word_char,0.1,0.1,emotion_aware,0.6658536585365854,0.6658536585365853,0.6770833333333334,0.6341463414634146,0.654911838790932,0.6655173851165062
liar2_finance,3,33,1,logistic_regression,word_char,0.1,0.25,emotion_aware,0.6682926829268293,0.6682926829268292,0.6751269035532995,0.6487804878048781,0.6616915422885572,0.668166345306958
liar2_finance,3,33,1,logistic_regression,word_char,0.1,0.5,emotion_aware,0.6487804878048781,0.6487804878048781,0.6548223350253807,0.6292682926829268,0.6417910447761194,0.6486467185603084
liar2_finance,3,33,1,logistic_regression,word_char,0.1,1.0,emotion_aware,0.6219512195121951,0.6219512195121951,0.625,0.6097560975609756,0.6172839506172839,0.6218949873568347
liar2_finance,3,33,1,logistic_regression,word_char,1.0,0.0,text_only,0.6658536585365854,0.6658536585365853,0.6827956989247311,0.6195121951219512,0.649616368286445,0.6651345244695628
liar2_finance,3,33,1,logistic_regression,word_char,1.0,0.05,emotion_aware,0.6682926829268293,0.6682926829268292,0.680628272251309,0.6341463414634146,0.6565656565656566,0.6679054697922622
liar2_finance,3,33,1,logistic_regression,word_char,1.0,0.1,emotion_aware,0.6634146341463415,0.6634146341463414,0.6772486772486772,0.624390243902439,0.649746192893401,0.662901265460785
liar2_finance,3,33,1,logistic_regression,word_char,1.0,0.25,emotion_aware,0.6536585365853659,0.6536585365853658,0.6666666666666666,0.6146341463414634,0.6395939086294417,0.6531302876480541
liar2_finance,3,33,1,logistic_regression,word_char,1.0,0.5,emotion_aware,0.6585365853658537,0.6585365853658536,0.671957671957672,0.6195121951219512,0.6446700507614214,0.6580157765544197
liar2_finance,3,33,1,logistic_regression,word_char,1.0,1.0,emotion_aware,0.6560975609756098,0.6560975609756097,0.6684210526315789,0.6195121951219512,0.6430379746835443,0.6556366344005957
liar2_finance,3,33,1,logistic_regression,word_char,10.0,0.0,text_only,0.6365853658536585,0.6365853658536585,0.6428571428571429,0.6146341463414634,0.628428927680798,0.6364101678976782
liar2_finance,3,33,1,logistic_regression,word_char,10.0,0.05,emotion_aware,0.6341463414634146,0.6341463414634146,0.6424870466321243,0.6048780487804878,0.6231155778894473,0.6338326704613113
liar2_finance,3,33,1,logistic_regression,word_char,10.0,0.1,emotion_aware,0.6317073170731707,0.6317073170731707,0.6421052631578947,0.5951219512195122,0.6177215189873417,0.6312137006701415
liar2_finance,3,33,1,logistic_regression,word_char,10.0,0.25,emotion_aware,0.6341463414634146,0.6341463414634146,0.643979057591623,0.6,0.6212121212121212,0.6337192681532304
liar2_finance,3,33,1,logistic_regression,word_char,10.0,0.5,emotion_aware,0.6390243902439025,0.6390243902439025,0.6492146596858639,0.6048780487804878,0.6262626262626263,0.6386030112445207
liar2_finance,3,33,1,logistic_regression,word_char,10.0,1.0,emotion_aware,0.6390243902439025,0.6390243902439025,0.6507936507936508,0.6,0.6243654822335025,0.6384738209289578
liar2_finance,3,33,1,linear_svm,word,0.1,0.0,text_only,0.675609756097561,0.6756097560975609,0.6894736842105263,0.6390243902439025,0.6632911392405063,0.675174981384959
liar2_finance,3,33,1,linear_svm,word,0.1,0.05,emotion_aware,0.6731707317073171,0.673170731707317,0.6858638743455497,0.6390243902439025,0.6616161616161617,0.6727892128835525
liar2_finance,3,33,1,linear_svm,word,0.1,0.1,emotion_aware,0.675609756097561,0.6756097560975609,0.6935483870967742,0.6292682926829268,0.659846547314578,0.674911618645634
liar2_finance,3,33,1,linear_svm,word,0.1,0.25,emotion_aware,0.675609756097561,0.6756097560975609,0.6894736842105263,0.6390243902439025,0.6632911392405063,0.675174981384959
liar2_finance,3,33,1,linear_svm,word,0.1,0.5,emotion_aware,0.6707317073170732,0.6707317073170731,0.6842105263157895,0.6341463414634146,0.6582278481012658,0.6702903946388682
liar2_finance,3,33,1,linear_svm,word,0.1,1.0,emotion_aware,0.6609756097560976,0.6609756097560975,0.671875,0.6292682926829268,0.6498740554156172,0.6606344272349953
liar2_finance,3,33,1,linear_svm,word,1.0,0.0,text_only,0.6439024390243903,0.6439024390243903,0.6528497409326425,0.6146341463414634,0.6331658291457286,0.643597132582343
liar2_finance,3,33,1,linear_svm,word,1.0,0.05,emotion_aware,0.6292682926829268,0.6292682926829268,0.6345177664974619,0.6097560975609756,0.6218905472636815,0.6291270918136589
liar2_finance,3,33,1,linear_svm,word,1.0,0.1,emotion_aware,0.6292682926829268,0.6292682926829268,0.6331658291457286,0.6146341463414634,0.6237623762376238,0.6291888804265042
liar2_finance,3,33,1,linear_svm,word,1.0,0.25,emotion_aware,0.6219512195121951,0.6219512195121951,0.625,0.6097560975609756,0.6172839506172839,0.6218949873568347
liar2_finance,3,33,1,linear_svm,word,1.0,0.5,emotion_aware,0.6219512195121951,0.6219512195121951,0.625,0.6097560975609756,0.6172839506172839,0.6218949873568347
liar2_finance,3,33,1,linear_svm,word,1.0,1.0,emotion_aware,0.6219512195121951,0.6219512195121951,0.625,0.6097560975609756,0.6172839506172839,0.6218949873568347
liar2_finance,3,33,1,linear_svm,word,10.0,0.0,text_only,0.6097560975609756,0.6097560975609756,0.6153846153846154,0.5853658536585366,0.6,0.6095238095238096
liar2_finance,3,33,1,linear_svm,word,10.0,0.05,emotion_aware,0.6146341463414634,0.6146341463414634,0.6192893401015228,0.5951219512195122,0.6069651741293532,0.6144873717536719
liar2_finance,3,33,1,linear_svm,word,10.0,0.1,emotion_aware,0.6170731707317073,0.6170731707317073,0.6212121212121212,0.6,0.6104218362282878,0.6169615176345276
liar2_finance,3,33,1,linear_svm,word,10.0,0.25,emotion_aware,0.6146341463414634,0.6146341463414634,0.6192893401015228,0.5951219512195122,0.6069651741293532,0.6144873717536719
liar2_finance,3,33,1,linear_svm,word,10.0,0.5,emotion_aware,0.6097560975609756,0.6097560975609756,0.6153846153846154,0.5853658536585366,0.6,0.6095238095238096
liar2_finance,3,33,1,linear_svm,word,10.0,1.0,emotion_aware,0.6097560975609756,0.6097560975609756,0.6153846153846154,0.5853658536585366,0.6,0.6095238095238096
liar2_finance,3,33,1,linear_svm,word_char,0.1,0.0,text_only,0.6682926829268293,0.6682926829268292,0.6864864864864865,0.6195121951219512,0.6512820512820513,0.6675014907573047
liar2_finance,3,33,1,linear_svm,word_char,0.1,0.05,emotion_aware,0.6658536585365854,0.6658536585365853,0.6789473684210526,0.6292682926829268,0.6531645569620254,0.6654058078927774
liar2_finance,3,33,1,linear_svm,word_char,0.1,0.1,emotion_aware,0.6682926829268293,0.6682926829268292,0.6825396825396826,0.6292682926829268,0.6548223350253807,0.6677867543671505
liar2_finance,3,33,1,linear_svm,word_char,0.1,0.25,emotion_aware,0.6585365853658537,0.6585365853658536,0.6701570680628273,0.624390243902439,0.6464646464646465,0.6581379836096817
liar2_finance,3,33,1,linear_svm,word_char,0.1,0.5,emotion_aware,0.6609756097560976,0.6609756097560975,0.675531914893617,0.6195121951219512,0.6463104325699746,0.6603917502428327
liar2_finance,3,33,1,linear_svm,word_char,0.1,1.0,emotion_aware,0.6560975609756098,0.6560975609756097,0.6702127659574468,0.6146341463414634,0.6412213740458015,0.655505300606039
liar2_finance,3,33,1,linear_svm,word_char,1.0,0.0,text_only,0.6414634146341464,0.6414634146341464,0.6479591836734694,0.6195121951219512,0.6334164588528678,0.6412905683285819
liar2_finance,3,33,1,linear_svm,word_char,1.0,0.05,emotion_aware,0.624390243902439,0.624390243902439,0.6321243523316062,0.5951219512195122,0.6130653266331658,0.6240682083402795
liar2_finance,3,33,1,linear_svm,word_char,1.0,0.1,emotion_aware,0.6268292682926829,0.6268292682926829,0.634020618556701,0.6,0.6165413533834586,0.6265604629150072
liar2_finance,3,33,1,linear_svm,word_char,1.0,0.25,emotion_aware,0.6268292682926829,0.6268292682926829,0.6326530612244898,0.6048780487804878,0.6184538653366584,0.6266493670358709
liar2_finance,3,33,1,linear_svm,word_char,1.0,0.5,emotion_aware,0.6268292682926829,0.6268292682926829,0.6326530612244898,0.6048780487804878,0.6184538653366584,0.6266493670358709
liar2_finance,3,33,1,linear_svm,word_char,1.0,1.0,emotion_aware,0.6268292682926829,0.6268292682926829,0.6326530612244898,0.6048780487804878,0.6184538653366584,0.6266493670358709
liar2_finance,3,33,1,linear_svm,word_char,10.0,0.0,text_only,0.6341463414634146,0.6341463414634146,0.6381909547738693,0.6195121951219512,0.6287128712871287,0.6340679741051027
liar2_finance,3,33,1,linear_svm,word_char,10.0,0.05,emotion_aware,0.6219512195121951,0.6219512195121951,0.6275510204081632,0.6,0.6134663341645885,0.6217689666049673
liar2_finance,3,33,1,linear_svm,word_char,10.0,0.1,emotion_aware,0.6146341463414634,0.6146341463414634,0.6217616580310881,0.5853658536585366,0.6030150753768844,0.6143037462192479
liar2_finance,3,33,1,linear_svm,word_char,10.0,0.25,emotion_aware,0.6097560975609756,0.6097560975609756,0.6178010471204188,0.5756097560975609,0.5959595959595959,0.6093005526967791
liar2_finance,3,33,1,linear_svm,word_char,10.0,0.5,emotion_aware,0.6146341463414634,0.6146341463414634,0.6217616580310881,0.5853658536585366,0.6030150753768844,0.6143037462192479
liar2_finance,3,33,1,linear_svm,word_char,10.0,1.0,emotion_aware,0.6146341463414634,0.6146341463414634,0.6217616580310881,0.5853658536585366,0.6030150753768844,0.6143037462192479
liar2_finance,3,33,2,logistic_regression,word,0.1,0.0,text_only,0.6853658536585366,0.6853658536585365,0.6727272727272727,0.7219512195121951,0.6964705882352941,0.6849441548771407
liar2_finance,3,33,2,logistic_regression,word,0.1,0.05,emotion_aware,0.6853658536585366,0.6853658536585365,0.6826923076923077,0.6926829268292682,0.6876513317191283,0.6853490073829056
liar2_finance,3,33,2,logistic_regression,word,0.1,0.1,emotion_aware,0.6560975609756098,0.6560975609756098,0.66,0.6439024390243903,0.6518518518518519,0.6560464078536368
liar2_finance,3,33,2,logistic_regression,word,0.1,0.25,emotion_aware,0.6390243902439025,0.6390243902439025,0.6376811594202898,0.6439024390243903,0.6407766990291263,0.6390158004949553
liar2_finance,3,33,2,logistic_regression,word,0.1,0.5,emotion_aware,0.6585365853658537,0.6585365853658537,0.6633165829145728,0.6439024390243903,0.6534653465346535,0.658463442498096
liar2_finance,3,33,2,logistic_regression,word,0.1,1.0,emotion_aware,0.6439024390243903,0.6439024390243903,0.649746192893401,0.624390243902439,0.6368159203980099,0.6437668118736461
liar2_finance,3,33,2,logistic_regression,word,1.0,0.0,text_only,0.6829268292682927,0.6829268292682926,0.6794258373205742,0.6926829268292682,0.6859903381642513,0.6828966469146379
liar2_finance,3,33,2,logistic_regression,word,1.0,0.05,emotion_aware,0.7195121951219512,0.7195121951219512,0.7163461538461539,0.7268292682926829,0.7215496368038741,0.7194971771242957
liar2_finance,3,33,2,logistic_regression,word,1.0,0.1,emotion_aware,0.7170731707317073,0.7170731707317073,0.714975845410628,0.7219512195121951,0.7184466019417476,0.7170664382257758
liar2_finance,3,33,2,logistic_regression,word,1.0,0.25,emotion_aware,0.7219512195121951,0.7219512195121951,0.7198067632850241,0.7268292682926829,0.7233009708737864,0.721944603083952
liar2_finance,3,33,2,logistic_regression,word,1.0,0.5,emotion_aware,0.724390243902439,0.724390243902439,0.7254901960784313,0.7219512195121951,0.7237163814180929,0.7243886043343506
liar2_finance,3,33,2,logistic_regression,word,1.0,1.0,emotion_aware,0.7146341463414634,0.7146341463414634,0.7178217821782178,0.7073170731707317,0.7125307125307125,0.7146188671612401
liar2_finance,3,33,2,logistic_regression,word,10.0,0.0,text_only,0.6682926829268293,0.6682926829268292,0.6787564766839378,0.6390243902439025,0.6582914572864321,0.6680082878849223
liar2_finance,3,33,2,logistic_regression,word,10.0,0.05,emotion_aware,0.6707317073170732,0.6707317073170731,0.6767676767676768,0.6536585365853659,0.6650124069478908,0.670635699876823
liar2_finance,3,33,2,logistic_regression,word,10.0,0.1,emotion_aware,0.6731707317073171,0.673170731707317,0.678391959798995,0.6585365853658537,0.6683168316831684,0.6731007235338919
liar2_finance,3,33,2,logistic_regression,word,10.0,0.25,emotion_aware,0.6780487804878049,0.6780487804878048,0.681592039800995,0.6682926829268293,0.6748768472906403,0.6780181337902478
liar2_finance,3,33,2,logistic_regression,word,10.0,0.5,emotion_aware,0.6780487804878049,0.6780487804878048,0.681592039800995,0.6682926829268293,0.6748768472906403,0.6780181337902478
liar2_finance,3,33,2,logistic_regression,word,10.0,1.0,emotion_aware,0.6780487804878049,0.6780487804878048,0.681592039800995,0.6682926829268293,0.6748768472906403,0.6780181337902478
liar2_finance,3,33,2,logistic_regression,word_char,0.1,0.0,text_only,0.6731707317073171,0.673170731707317,0.6606334841628959,0.7121951219512195,0.6854460093896714,0.6726722432735159
liar2_finance,3,33,2,logistic_regression,word_char,0.1,0.05,emotion_aware,0.6829268292682927,0.6829268292682926,0.6744186046511628,0.7073170731707317,0.6904761904761905,0.6827380952380953
liar2_finance,3,33,2,logistic_regression,word_char,0.1,0.1,emotion_aware,0.6902439024390243,0.6902439024390243,0.6857142857142857,0.7024390243902439,0.6939759036144578,0.6901978283504389
liar2_finance,3,33,2,logistic_regression,word_char,0.1,0.25,emotion_aware,0.6853658536585366,0.6853658536585365,0.69,0.6731707317073171,0.6814814814814815,0.6853190539937528
liar2_finance,3,33,2,logistic_regression,word_char,0.1,0.5,emotion_aware,0.6780487804878049,0.6780487804878048,0.6834170854271356,0.6634146341463415,0.6732673267326733,0.6779798172124905
liar2_finance,3,33,2,logistic_regression,word_char,0.1,1.0,emotion_aware,0.6731707317073171,0.6731707317073171,0.6766169154228856,0.6634146341463415,0.6699507389162561,0.6731396206658575
liar2_finance,3,33,2,logistic_regression,word_char,1.0,0.0,text_only,0.6926829268292682,0.6926829268292682,0.6854460093896714,0.7121951219512195,0.6985645933014354,0.69256587874027
liar2_finance,3,33,2,logistic_regression,word_char,1.0,0.05,emotion_aware,0.7121951219512195,0.7121951219512195,0.7061611374407583,0.7268292682926829,0.7163461538461539,0.7121334729626809
liar2_finance,3,33,2,logistic_regression,word_char,1.0,0.1,emotion_aware,0.7097560975609756,0.7097560975609756,0.7067307692307693,0.7170731707317073,0.711864406779661,0.7097405571981843
liar2_finance,3,33,2,logistic_regression,word_char,1.0,0.25,emotion_aware,0.7219512195121951,0.7219512195121951,0.7219512195121951,0.7219512195121951,0.7219512195121951,0.7219512195121951
liar2_finance,3,33,2,logistic_regression,word_char,1.0,0.5,emotion_aware,0.7146341463414634,0.7146341463414634,0.7156862745098039,0.7121951219512195,0.7139364303178484,0.7146324487355665
liar2_finance,3,33,2,logistic_regression,word_char,1.0,1.0,emotion_aware,0.7146341463414634,0.7146341463414634,0.7156862745098039,0.7121951219512195,0.7139364303178484,0.7146324487355665
liar2_finance,3,33,2,logistic_regression,word_char,10.0,0.0,text_only,0.697560975609756,0.697560975609756,0.7076923076923077,0.6731707317073171,0.69,0.6973809523809524
liar2_finance,3,33,2,logistic_regression,word_char,10.0,0.05,emotion_aware,0.6829268292682927,0.6829268292682926,0.6903553299492385,0.6634146341463415,0.6766169154228856,0.6828060653669452
liar2_finance,3,33,2,logistic_regression,word_char,10.0,0.1,emotion_aware,0.6951219512195121,0.6951219512195121,0.7040816326530612,0.6731707317073171,0.6882793017456359,0.694974973068522
liar2_finance,3,33,2,logistic_regression,word_char,10.0,0.25,emotion_aware,0.6951219512195121,0.6951219512195121,0.702020202020202,0.6780487804878049,0.6898263027295285,0.6950330554415028
liar2_finance,3,33,2,logistic_regression,word_char,10.0,0.5,emotion_aware,0.6951219512195121,0.6951219512195121,0.7,0.6829268292682927,0.691358024691358,0.6950766027071248
liar2_finance,3,33,2,logistic_regression,word_char,10.0,1.0,emotion_aware,0.697560975609756,0.697560975609756,0.7014925373134329,0.6878048780487804,0.6945812807881774,0.6975321862878086
liar2_finance,3,33,2,linear_svm,word,0.1,0.0,text_only,0.6878048780487804,0.6878048780487804,0.6842105263157895,0.697560975609756,0.6908212560386473,0.687775160039028
liar2_finance,3,33,2,linear_svm,word,0.1,0.05,emotion_aware,0.7195121951219512,0.7195121951219512,0.7142857142857143,0.7317073170731707,0.7228915662650602,0.7194704744905548
liar2_finance,3,33,2,linear_svm,word,0.1,0.1,emotion_aware,0.7097560975609756,0.7097560975609756,0.7087378640776699,0.7121951219512195,0.7104622871046229,0.7097543709361746
liar2_finance,3,33,2,linear_svm,word,0.1,0.25,emotion_aware,0.7195121951219512,0.7195121951219512,0.7227722772277227,0.7121951219512195,0.7174447174447175,0.7194971771242957
liar2_finance,3,33,2,linear_svm,word,0.1,0.5,emotion_aware,0.7097560975609756,0.7097560975609756,0.715,0.697560975609756,0.7061728395061728,0.7097129257771828
liar2_finance,3,33,2,linear_svm,word,0.1,1.0,emotion_aware,0.7073170731707317,0.7073170731707317,0.7114427860696517,0.697560975609756,0.7044334975369458,0.7072892125365888
liar2_finance,3,33,2,linear_svm,word,1.0,0.0,text_only,0.6585365853658537,0.6585365853658537,0.6666666666666666,0.6341463414634146,0.65,0.6583333333333333
liar2_finance,3,33,2,linear_svm,word,1.0,0.05,emotion_aware,0.6609756097560976,0.6609756097560976,0.6683673469387755,0.6390243902439025,0.6533665835411472,0.6608121700521965
liar2_finance,3,33,2,linear_svm,word,1.0,0.1,emotion_aware,0.6658536585365854,0.6658536585365853,0.673469387755102,0.6439024390243903,0.6583541147132169,0.6656925704831
liar2_finance,3,33,2,linear_svm,word,1.0,0.25,emotion_aware,0.6682926829268293,0.6682926829268292,0.6751269035532995,0.6487804878048781,0.6616915422885572,0.668166345306958
liar2_finance,3,33,2,linear_svm,word,1.0,0.5,emotion_aware,0.6707317073170732,0.6707317073170731,0.6767676767676768,0.6536585365853659,0.6650124069478908,0.670635699876823
liar2_finance,3,33,2,linear_svm,word,1.0,1.0,emotion_aware,0.6707317073170732,0.6707317073170731,0.6767676767676768,0.6536585365853659,0.6650124069478908,0.670635699876823
liar2_finance,3,33,2,linear_svm,word,10.0,0.0,text_only,0.6487804878048781,0.6487804878048781,0.6580310880829016,0.6195121951219512,0.6381909547738693,0.6484793636428589
liar2_finance,3,33,2,linear_svm,word,10.0,0.05,emotion_aware,0.6463414634146342,0.6463414634146342,0.65625,0.6146341463414634,0.6347607052896725,0.6459855535904627
liar2_finance,3,33,2,linear_svm,word,10.0,0.1,emotion_aware,0.6463414634146342,0.6463414634146342,0.6530612244897959,0.624390243902439,0.6384039900249376,0.6461709687594855
liar2_finance,3,33,2,linear_svm,word,10.0,0.25,emotion_aware,0.6439024390243903,0.6439024390243903,0.6512820512820513,0.6195121951219512,0.635,0.6436904761904763
liar2_finance,3,33,2,linear_svm,word,10.0,0.5,emotion_aware,0.6439024390243903,0.6439024390243903,0.6512820512820513,0.6195121951219512,0.635,0.6436904761904763
liar2_finance,3,33,2,linear_svm,word,10.0,1.0,emotion_aware,0.6414634146341464,0.6414634146341464,0.6494845360824743,0.6146341463414634,0.631578947368421,0.6412051506438304
liar2_finance,3,33,2,linear_svm,word_char,0.1,0.0,text_only,0.6902439024390243,0.6902439024390243,0.6839622641509434,0.7073170731707317,0.6954436450839329,0.6901535843285669
liar2_finance,3,33,2,linear_svm,word_char,0.1,0.05,emotion_aware,0.7073170731707317,0.7073170731707317,0.7014218009478673,0.7219512195121951,0.7115384615384616,0.7072543792840822
liar2_finance,3,33,2,linear_svm,word_char,0.1,0.1,emotion_aware,0.7097560975609756,0.7097560975609756,0.7067307692307693,0.7170731707317073,0.711864406779661,0.7097405571981843
liar2_finance,3,33,2,linear_svm,word_char,0.1,0.25,emotion_aware,0.7219512195121951,0.7219512195121951,0.7219512195121951,0.7219512195121951,0.7219512195121951,0.7219512195121951
liar2_finance,3,33,2,linear_svm,word_char,0.1,0.5,emotion_aware,0.7195121951219512,0.7195121951219512,0.7205882352941176,0.7170731707317073,0.7188264058679706,0.7195105265349586
liar2_finance,3,33,2,linear_svm,word_char,0.1,1.0,emotion_aware,0.7170731707317073,0.7170731707317073,0.7192118226600985,0.7121951219512195,0.7156862745098039,0.7170664382257758
liar2_finance,3,33,2,linear_svm,word_char,1.0,0.0,text_only,0.6853658536585366,0.6853658536585365,0.6979166666666666,0.6536585365853659,0.6750629722921915,0.6850492166425497
liar2_finance,3,33,2,linear_svm,word_char,1.0,0.05,emotion_aware,0.6902439024390243,0.6902439024390243,0.7010309278350515,0.6634146341463415,0.681704260651629,0.6900207764065747
liar2_finance,3,33,2,linear_svm,word_char,1.0,0.1,emotion_aware,0.697560975609756,0.697560975609756,0.7055837563451777,0.6780487804878049,0.6915422885572139,0.6974457854269323
liar2_finance,3,33,2,linear_svm,word_char,1.0,0.25,emotion_aware,0.7,0.7,0.7091836734693877,0.6780487804878049,0.6932668329177057,0.6998553734994257
liar2_finance,3,33,2,linear_svm,word_char,1.0,0.5,emotion_aware,0.7,0.7,0.7070707070707071,0.6829268292682927,0.6947890818858561,0.6999125265544388
liar2_finance,3,33,2,linear_svm,word_char,1.0,1.0,emotion_aware,0.7,0.7,0.7070707070707071,0.6829268292682927,0.6947890818858561,0.6999125265544388
liar2_finance,3,33,2,linear_svm,word_char,10.0,0.0,text_only,0.651219512195122,0.651219512195122,0.6581632653061225,0.6292682926829268,0.6433915211970075,0.6510513691903892
liar2_finance,3,33,2,linear_svm,word_char,10.0,0.05,emotion_aware,0.6634146341463415,0.6634146341463415,0.6700507614213198,0.6439024390243903,0.6567164179104478,0.6632864386202957
liar2_finance,3,33,2,linear_svm,word_char,10.0,0.1,emotion_aware,0.6682926829268293,0.6682926829268293,0.6733668341708543,0.6536585365853659,0.6633663366336634,0.6682216298552932
liar2_finance,3,33,2,linear_svm,word_char,10.0,0.25,emotion_aware,0.6707317073170732,0.6707317073170732,0.675,0.6585365853658537,0.6666666666666666,0.6706827309236947
liar2_finance,3,33,2,linear_svm,word_char,10.0,0.5,emotion_aware,0.6707317073170732,0.6707317073170732,0.675,0.6585365853658537,0.6666666666666666,0.6706827309236947
liar2_finance,3,33,2,linear_svm,word_char,10.0,1.0,emotion_aware,0.6682926829268293,0.6682926829268293,0.6733668341708543,0.6536585365853659,0.6633663366336634,0.6682216298552932
liar2_finance,3,33,3,logistic_regression,word,0.1,0.0,text_only,0.6536585365853659,0.6536585365853659,0.6632124352331606,0.624390243902439,0.6432160804020101,0.6533615947033746
liar2_finance,3,33,3,logistic_regression,word,0.1,0.05,emotion_aware,0.6487804878048781,0.648780487804878,0.6648648648648648,0.6,0.6307692307692307,0.6479427549194992
liar2_finance,3,33,3,logistic_regression,word,0.1,0.1,emotion_aware,0.6341463414634146,0.6341463414634146,0.6470588235294118,0.5902439024390244,0.6173469387755102,0.633439824527942
liar2_finance,3,33,3,logistic_regression,word,0.1,0.25,emotion_aware,0.6365853658536585,0.6365853658536585,0.6458333333333334,0.6048780487804878,0.6246851385390428,0.6362196378274411
liar2_finance,3,33,3,logistic_regression,word,0.1,0.5,emotion_aware,0.6146341463414634,0.6146341463414635,0.6284153005464481,0.5609756097560976,0.5927835051546392,0.6135213822069492
liar2_finance,3,33,3,logistic_regression,word,0.1,1.0,emotion_aware,0.6024390243902439,0.602439024390244,0.6179775280898876,0.5365853658536586,0.5744125326370757,0.6007074104832976
liar2_finance,3,33,3,logistic_regression,word,1.0,0.0,text_only,0.6463414634146342,0.6463414634146342,0.65625,0.6146341463414634,0.6347607052896725,0.6459855535904627
liar2_finance,3,33,3,logistic_regression,word,1.0,0.05,emotion_aware,0.6682926829268293,0.6682926829268292,0.680628272251309,0.6341463414634146,0.6565656565656566,0.6679054697922622
liar2_finance,3,33,3,logistic_regression,word,1.0,0.1,emotion_aware,0.6560975609756098,0.6560975609756097,0.6720430107526881,0.6097560975609756,0.639386189258312,0.6553574302934917
liar2_finance,3,33,3,logistic_regression,word,1.0,0.25,emotion_aware,0.6439024390243903,0.6439024390243901,0.6685714285714286,0.5707317073170731,0.6157894736842106,0.6419856459330144
liar2_finance,3,33,3,logistic_regression,word,1.0,0.5,emotion_aware,0.6536585365853659,0.6536585365853658,0.6779661016949152,0.5853658536585366,0.6282722513089005,0.6520356690334457
liar2_finance,3,33,3,logistic_regression,word,1.0,1.0,emotion_aware,0.6536585365853659,0.6536585365853658,0.6779661016949152,0.5853658536585366,0.6282722513089005,0.6520356690334457
liar2_finance,3,33,3,logistic_regression,word,10.0,0.0,text_only,0.6682926829268293,0.6682926829268292,0.6751269035532995,0.6487804878048781,0.6616915422885572,0.668166345306958
liar2_finance,3,33,3,logistic_regression,word,10.0,0.05,emotion_aware,0.6634146341463415,0.6634146341463414,0.6810810810810811,0.6146341463414634,0.6461538461538462,0.6626118067978533
liar2_finance,3,33,3,logistic_regression,word,10.0,0.1,emotion_aware,0.6634146341463415,0.6634146341463414,0.679144385026738,0.6195121951219512,0.6479591836734694,0.6627646385657067
liar2_finance,3,33,3,logistic_regression,word,10.0,0.25,emotion_aware,0.6609756097560976,0.6609756097560975,0.675531914893617,0.6195121951219512,0.6463104325699746,0.6603917502428327
liar2_finance,3,33,3,logistic_regression,word,10.0,0.5,emotion_aware,0.6658536585365854,0.6658536585365853,0.6789473684210526,0.6292682926829268,0.6531645569620254,0.6654058078927774
liar2_finance,3,33,3,logistic_regression,word,10.0,1.0,emotion_aware,0.6658536585365854,0.6658536585365853,0.6789473684210526,0.6292682926829268,0.6531645569620254,0.6654058078927774
liar2_finance,3,33,3,logistic_regression,word_char,0.1,0.0,text_only,0.6560975609756098,0.6560975609756097,0.6666666666666666,0.624390243902439,0.6448362720403022,0.6557514693534845
liar2_finance,3,33,3,logistic_regression,word_char,0.1,0.05,emotion_aware,0.6609756097560976,0.6609756097560975,0.6813186813186813,0.6048780487804878,0.6408268733850129,0.6599053535516288
liar2_finance,3,33,3,logistic_regression,word_char,0.1,0.1,emotion_aware,0.6609756097560976,0.6609756097560975,0.6774193548387096,0.6146341463414634,0.6445012787723785,0.6602459773815272
liar2_finance,3,33,3,logistic_regression,word_char,0.1,0.25,emotion_aware,0.6536585365853659,0.6536585365853658,0.6684491978609626,0.6097560975609756,0.6377551020408163,0.6529897005531184
liar2_finance,3,33,3,logistic_regression,word_char,0.1,0.5,emotion_aware,0.6414634146341464,0.6414634146341462,0.6611111111111111,0.5804878048780487,0.6181818181818182,0.6401253918495298
liar2_finance,3,33,3,logistic_regression,word_char,0.1,1.0,emotion_aware,0.6390243902439025,0.6390243902439023,0.6610169491525424,0.5707317073170731,0.612565445026178,0.6373329508235913
liar2_finance,3,33,3,logistic_regression,word_char,1.0,0.0,text_only,0.651219512195122,0.651219512195122,0.6614583333333334,0.6195121951219512,0.6397984886649875,0.6508685114719737
liar2_finance,3,33,3,logistic_regression,word_char,1.0,0.05,emotion_aware,0.6634146341463415,0.6634146341463414,0.6850828729281768,0.6048780487804878,0.6424870466321243,0.6622573482008548
liar2_finance,3,33,3,logistic_regression,word_char,1.0,0.1,emotion_aware,0.6585365853658537,0.6585365853658536,0.6795580110497238,0.6,0.6373056994818653,0.6573625271602874
liar2_finance,3,33,3,logistic_regression,word_char,1.0,0.25,emotion_aware,0.6487804878048781,0.648780487804878,0.6703910614525139,0.5853658536585366,0.625,0.6473623853211009
liar2_finance,3,33,3,logistic_regression,word_char,1.0,0.5,emotion_aware,0.6463414634146342,0.646341463414634,0.6704545454545454,0.5756097560975609,0.6194225721784777,0.6445632223079176
liar2_finance,3,33,3,logistic_regression,word_char,1.0,1.0,emotion_aware,0.6463414634146342,0.646341463414634,0.6704545454545454,0.5756097560975609,0.6194225721784777,0.6445632223079176
liar2_finance,3,33,3,logistic_regression,word_char,10.0,0.0,text_only,0.6487804878048781,0.648780487804878,0.6631016042780749,0.6048780487804878,0.6326530612244898,0.6481022315468243
liar2_finance,3,33,3,logistic_regression,word_char,10.0,0.05,emotion_aware,0.6585365853658537,0.6585365853658536,0.6737967914438503,0.6146341463414634,0.6428571428571429,0.6578771695594126
liar2_finance,3,33,3,logistic_regression,word_char,10.0,0.1,emotion_aware,0.6609756097560976,0.6609756097560975,0.6736842105263158,0.624390243902439,0.6481012658227848,0.6605212211466865
liar2_finance,3,33,3,logistic_regression,word_char,10.0,0.25,emotion_aware,0.6536585365853659,0.6536585365853658,0.6684491978609626,0.6097560975609756,0.6377551020408163,0.6529897005531184
liar2_finance,3,33,3,logistic_regression,word_char,10.0,0.5,emotion_aware,0.6536585365853659,0.6536585365853658,0.6702702702702703,0.6048780487804878,0.6358974358974359,0.6528324388789505
liar2_finance,3,33,3,logistic_regression,word_char,10.0,1.0,emotion_aware,0.6560975609756098,0.6560975609756097,0.6739130434782609,0.6048780487804878,0.6375321336760925,0.6551929809911785
liar2_finance,3,33,3,linear_svm,word,0.1,0.0,text_only,0.651219512195122,0.651219512195122,0.6614583333333334,0.6195121951219512,0.6397984886649875,0.6508685114719737
liar2_finance,3,33,3,linear_svm,word,0.1,0.05,emotion_aware,0.6682926829268293,0.6682926829268292,0.6844919786096256,0.624390243902439,0.6530612244897959,0.6676521075720008
liar2_finance,3,33,3,linear_svm,word,0.1,0.1,emotion_aware,0.6585365853658537,0.6585365853658536,0.6756756756756757,0.6097560975609756,0.6410256410256411,0.6577221228384019
liar2_finance,3,33,3,linear_svm,word,0.1,0.25,emotion_aware,0.6463414634146342,0.646341463414634,0.6704545454545454,0.5756097560975609,0.6194225721784777,0.6445632223079176
liar2_finance,3,33,3,linear_svm,word,0.1,0.5,emotion_aware,0.6487804878048781,0.648780487804878,0.672316384180791,0.5804878048780487,0.6230366492146597,0.6471347629634943
liar2_finance,3,33,3,linear_svm,word,0.1,1.0,emotion_aware,0.651219512195122,0.6512195121951219,0.6741573033707865,0.5853658536585366,0.6266318537859008,0.6497003662522182
liar2_finance,3,33,3,linear_svm,word,1.0,0.0,text_only,0.6634146341463415,0.6634146341463414,0.675392670157068,0.6292682926829268,0.6515151515151515,0.6630217267009719
liar2_finance,3,33,3,linear_svm,word,1.0,0.05,emotion_aware,0.6585365853658537,0.6585365853658536,0.6737967914438503,0.6146341463414634,0.6428571428571429,0.6578771695594126
liar2_finance,3,33,3,linear_svm,word,1.0,0.1,emotion_aware,0.6609756097560976,0.6609756097560975,0.6774193548387096,0.6146341463414634,0.6445012787723785,0.6602459773815272
liar2_finance,3,33,3,linear_svm,word,1.0,0.25,emotion_aware,0.6682926829268293,0.6682926829268292,0.6885245901639344,0.6146341463414634,0.6494845360824743,0.6673348606338297
liar2_finance,3,33,3,linear_svm,word,1.0,0.5,emotion_aware,0.6707317073170732,0.6707317073170731,0.6923076923076923,0.6146341463414634,0.6511627906976745,0.6696922498523015
liar2_finance,3,33,3,linear_svm,word,1.0,1.0,emotion_aware,0.6707317073170732,0.6707317073170731,0.6923076923076923,0.6146341463414634,0.6511627906976745,0.6696922498523015
liar2_finance,3,33,3,linear_svm,word,10.0,0.0,text_only,0.6414634146341464,0.6414634146341464,0.6526315789473685,0.6048780487804878,0.6278481012658228,0.6409828741623231
liar2_finance,3,33,3,linear_svm,word,10.0,0.05,emotion_aware,0.6463414634146342,0.6463414634146342,0.6578947368421053,0.6097560975609756,0.6329113924050633,0.6458674609084141
liar2_finance,3,33,3,linear_svm,word,10.0,0.1,emotion_aware,0.6487804878048781,0.6487804878048781,0.6580310880829016,0.6195121951219512,0.6381909547738693,0.6484793636428589
liar2_finance,3,33,3,linear_svm,word,10.0,0.25,emotion_aware,0.651219512195122,0.651219512195122,0.6597938144329897,0.624390243902439,0.6416040100250626,0.6509682757963793
liar2_finance,3,33,3,linear_svm,word,10.0,0.5,emotion_aware,0.6487804878048781,0.6487804878048781,0.6580310880829016,0.6195121951219512,0.6381909547738693,0.6484793636428589
liar2_finance,3,33,3,linear_svm,word,10.0,1.0,emotion_aware,0.6463414634146342,0.6463414634146342,0.654639175257732,0.6195121951219512,0.6365914786967418,0.6460867132201049
liar2_finance,3,33,3,linear_svm,word_char,0.1,0.0,text_only,0.6487804878048781,0.6487804878048781,0.6580310880829016,0.6195121951219512,0.6381909547738693,0.6484793636428589
liar2_finance,3,33,3,linear_svm,word_char,0.1,0.05,emotion_aware,0.6658536585365854,0.6658536585365853,0.6868131868131868,0.6097560975609756,0.6459948320413437,0.6647988017019651
liar2_finance,3,33,3,linear_svm,word_char,0.1,0.1,emotion_aware,0.6585365853658537,0.6585365853658536,0.6795580110497238,0.6,0.6373056994818653,0.6573625271602874
liar2_finance,3,33,3,linear_svm,word_char,0.1,0.25,emotion_aware,0.6463414634146342,0.646341463414634,0.6685393258426966,0.5804878048780487,0.6214099216710183,0.644801070675326
liar2_finance,3,33,3,linear_svm,word_char,0.1,0.5,emotion_aware,0.6463414634146342,0.646341463414634,0.6744186046511628,0.5658536585365853,0.6153846153846154,0.6440354228164612
liar2_finance,3,33,3,linear_svm,word_char,0.1,1.0,emotion_aware,0.6487804878048781,0.648780487804878,0.6763005780346821,0.5707317073170731,0.6190476190476191,0.6466278819219996
liar2_finance,3,33,3,linear_svm,word_char,1.0,0.0,text_only,0.6414634146341464,0.6414634146341462,0.657608695652174,0.5902439024390244,0.622107969151671,0.6405203418844202
liar2_finance,3,33,3,linear_svm,word_char,1.0,0.05,emotion_aware,0.6317073170731707,0.6317073170731707,0.6421052631578947,0.5951219512195122,0.6177215189873417,0.6312137006701415
liar2_finance,3,33,3,linear_svm,word_char,1.0,0.1,emotion_aware,0.6219512195121951,0.6219512195121951,0.6329787234042553,0.5804878048780487,0.6055979643765903,0.6213001531484825
liar2_finance,3,33,3,linear_svm,word_char,1.0,0.25,emotion_aware,0.6439024390243903,0.6439024390243903,0.656084656084656,0.6048780487804878,0.6294416243654822,0.6433593098353233
liar2_finance,3,33,3,linear_svm,word_char,1.0,0.5,emotion_aware,0.6463414634146342,0.646341463414634,0.6595744680851063,0.6048780487804878,0.6310432569974554,0.6457324013324514
liar2_finance,3,33,3,linear_svm,word_char,1.0,1.0,emotion_aware,0.6439024390243903,0.6439024390243901,0.6577540106951871,0.6,0.6275510204081632,0.6432147625405302
liar2_finance,3,33,3,linear_svm,word_char,10.0,0.0,text_only,0.6121951219512195,0.6121951219512195,0.6197916666666666,0.5804878048780487,0.5994962216624685,0.6118048484198868
liar2_finance,3,33,3,linear_svm,word_char,10.0,0.05,emotion_aware,0.6170731707317073,0.6170731707317073,0.6290322580645161,0.5707317073170731,0.59846547314578,0.616249053589207
liar2_finance,3,33,3,linear_svm,word_char,10.0,0.1,emotion_aware,0.6195121951219512,0.6195121951219512,0.6296296296296297,0.5804878048780487,0.6040609137055838,0.6189318653034961
liar2_finance,3,33,3,linear_svm,word_char,10.0,0.25,emotion_aware,0.6170731707317073,0.6170731707317073,0.6263157894736842,0.5804878048780487,0.6025316455696202,0.6165599404318689
liar2_finance,3,33,3,linear_svm,word_char,10.0,0.5,emotion_aware,0.6219512195121951,0.6219512195121951,0.6329787234042553,0.5804878048780487,0.6055979643765903,0.6213001531484825
liar2_finance,3,33,3,linear_svm,word_char,10.0,1.0,emotion_aware,0.6219512195121951,0.6219512195121951,0.6329787234042553,0.5804878048780487,0.6055979643765903,0.6213001531484825
liar2_finance,3,33,4,logistic_regression,word,0.1,0.0,text_only,0.6121951219512195,0.6121951219512195,0.6173469387755102,0.5902439024390244,0.6034912718204489,0.61200816574316
liar2_finance,3,33,4,logistic_regression,word,0.1,0.05,emotion_aware,0.6414634146341464,0.6414634146341464,0.6510416666666666,0.6097560975609756,0.6297229219143576,0.6411025957089519
liar2_finance,3,33,4,logistic_regression,word,0.1,0.1,emotion_aware,0.6439024390243903,0.6439024390243903,0.645320197044335,0.6390243902439025,0.6421568627450981,0.6438939653531316
liar2_finance,3,33,4,logistic_regression,word,0.1,0.25,emotion_aware,0.6292682926829268,0.6292682926829268,0.6292682926829268,0.6292682926829268,0.6292682926829268,0.6292682926829268
liar2_finance,3,33,4,logistic_regression,word,0.1,0.5,emotion_aware,0.6048780487804878,0.6048780487804878,0.6059113300492611,0.6,0.6029411764705882,0.6048686464877213
liar2_finance,3,33,4,logistic_regression,word,0.1,1.0,emotion_aware,0.5902439024390244,0.5902439024390244,0.5948717948717949,0.5658536585365853,0.58,0.59
liar2_finance,3,33,4,logistic_regression,word,1.0,0.0,text_only,0.6121951219512195,0.6121951219512195,0.6138613861386139,0.6048780487804878,0.6093366093366094,0.6121743579370698
liar2_finance,3,33,4,logistic_regression,word,1.0,0.05,emotion_aware,0.624390243902439,0.624390243902439,0.624390243902439,0.624390243902439,0.624390243902439,0.624390243902439
liar2_finance,3,33,4,logistic_regression,word,1.0,0.1,emotion_aware,0.6292682926829268,0.6292682926829268,0.6305418719211823,0.624390243902439,0.6274509803921569,0.6292594707786028
liar2_finance,3,33,4,logistic_regression,word,1.0,0.25,emotion_aware,0.6317073170731707,0.6317073170731707,0.635,0.6195121951219512,0.6271604938271605,0.6316525360702068
liar2_finance,3,33,4,logistic_regression,word,1.0,0.5,emotion_aware,0.6268292682926829,0.6268292682926829,0.634020618556701,0.6,0.6165413533834586,0.6265604629150072
liar2_finance,3,33,4,logistic_regression,word,1.0,1.0,emotion_aware,0.6268292682926829,0.6268292682926829,0.634020618556701,0.6,0.6165413533834586,0.6265604629150072
liar2_finance,3,33,4,logistic_regression,word,10.0,0.0,text_only,0.6121951219512195,0.6121951219512195,0.6138613861386139,0.6048780487804878,0.6093366093366094,0.6121743579370698
liar2_finance,3,33,4,logistic_regression,word,10.0,0.05,emotion_aware,0.6170731707317073,0.6170731707317073,0.6176470588235294,0.6146341463414634,0.6161369193154034,0.617070892747726
liar2_finance,3,33,4,logistic_regression,word,10.0,0.1,emotion_aware,0.6146341463414634,0.6146341463414634,0.6135265700483091,0.6195121951219512,0.616504854368932,0.6146249762040739
liar2_finance,3,33,4,logistic_regression,word,10.0,0.25,emotion_aware,0.6219512195121951,0.6219512195121951,0.6213592233009708,0.624390243902439,0.6228710462287105,0.6219489705471181
liar2_finance,3,33,4,logistic_regression,word,10.0,0.5,emotion_aware,0.6195121951219512,0.6195121951219512,0.6183574879227053,0.624390243902439,0.6213592233009708,0.6195031410622501
liar2_finance,3,33,4,logistic_regression,word,10.0,1.0,emotion_aware,0.6195121951219512,0.6195121951219512,0.6183574879227053,0.624390243902439,0.6213592233009708,0.6195031410622501
liar2_finance,3,33,4,logistic_regression,word_char,0.1,0.0,text_only,0.6048780487804878,0.6048780487804878,0.6080402010050251,0.5902439024390244,0.599009900990099,0.604793412033511
liar2_finance,3,33,4,logistic_regression,word_char,0.1,0.05,emotion_aware,0.6317073170731707,0.6317073170731707,0.6363636363636364,0.6146341463414634,0.6253101736972705,0.6315999309733356
liar2_finance,3,33,4,logistic_regression,word_char,0.1,0.1,emotion_aware,0.6414634146341464,0.6414634146341464,0.6464646464646465,0.624390243902439,0.6352357320099256,0.6413588731992074
liar2_finance,3,33,4,logistic_regression,word_char,0.1,0.25,emotion_aware,0.6463414634146342,0.6463414634146342,0.6530612244897959,0.624390243902439,0.6384039900249376,0.6461709687594855
liar2_finance,3,33,4,logistic_regression,word_char,0.1,0.5,emotion_aware,0.6292682926829268,0.6292682926829268,0.6373056994818653,0.6,0.6180904522613065,0.6289504394007954
liar2_finance,3,33,4,logistic_regression,word_char,0.1,1.0,emotion_aware,0.6073170731707317,0.6073170731707317,0.6134020618556701,0.5804878048780487,0.5964912280701754,0.6070342126099095
liar2_finance,3,33,4,logistic_regression,word_char,1.0,0.0,text_only,0.6024390243902439,0.6024390243902439,0.605,0.5902439024390244,0.5975308641975309,0.6023798899300907
liar2_finance,3,33,4,logistic_regression,word_char,1.0,0.05,emotion_aware,0.6121951219512195,0.6121951219512195,0.6161616161616161,0.5951219512195122,0.6054590570719603,0.6120820465215917
liar2_finance,3,33,4,logistic_regression,word_char,1.0,0.1,emotion_aware,0.6121951219512195,0.6121951219512195,0.6173469387755102,0.5902439024390244,0.6034912718204489,0.61200816574316
liar2_finance,3,33,4,logistic_regression,word_char,1.0,0.25,emotion_aware,0.6439024390243903,0.6439024390243903,0.6482412060301508,0.6292682926829268,0.6386138613861386,0.6438261614623001
liar2_finance,3,33,4,logistic_regression,word_char,1.0,0.5,emotion_aware,0.6414634146341464,0.6414634146341464,0.645,0.6292682926829268,0.6370370370370371,0.6414100847835787
liar2_finance,3,33,4,logistic_regression,word_char,1.0,1.0,emotion_aware,0.6365853658536585,0.6365853658536585,0.6414141414141414,0.6195121951219512,0.630272952853598,0.6364794020862714
liar2_finance,3,33,4,logistic_regression,word_char,10.0,0.0,text_only,0.5975609756097561,0.5975609756097561,0.6030927835051546,0.5707317073170731,0.5864661654135338,0.5972710874573608
liar2_finance,3,33,4,logistic_regression,word_char,10.0,0.05,emotion_aware,0.6024390243902439,0.6024390243902439,0.605,0.5902439024390244,0.5975308641975309,0.6023798899300907
liar2_finance,3,33,4,logistic_regression,word_char,10.0,0.1,emotion_aware,0.6097560975609756,0.6097560975609756,0.6130653266331658,0.5951219512195122,0.6039603960396039,0.6096725057121097
liar2_finance,3,33,4,logistic_regression,word_char,10.0,0.25,emotion_aware,0.6146341463414634,0.6146341463414634,0.6169154228855721,0.6048780487804878,0.6108374384236454,0.6145974631731753
liar2_finance,3,33,4,logistic_regression,word_char,10.0,0.5,emotion_aware,0.6097560975609756,0.6097560975609756,0.6119402985074627,0.6,0.6059113300492611,0.6097189500487852
liar2_finance,3,33,4,logistic_regression,word_char,10.0,1.0,emotion_aware,0.6097560975609756,0.6097560975609756,0.6119402985074627,0.6,0.6059113300492611,0.6097189500487852
liar2_finance,3,33,4,linear_svm,word,0.1,0.0,text_only,0.6146341463414634,0.6146341463414634,0.6157635467980296,0.6097560975609756,0.6127450980392157,0.6146249762040739
liar2_finance,3,33,4,linear_svm,word,0.1,0.05,emotion_aware,0.6268292682926829,0.6268292682926829,0.6274509803921569,0.624390243902439,0.6259168704156479,0.6268270483465102
liar2_finance,3,33,4,linear_svm,word,0.1,0.1,emotion_aware,0.6341463414634146,0.6341463414634146,0.6341463414634146,0.6341463414634146,0.6341463414634146,0.6341463414634146
liar2_finance,3,33,4,linear_svm,word,0.1,0.25,emotion_aware,0.6341463414634146,0.6341463414634146,0.6381909547738693,0.6195121951219512,0.6287128712871287,0.6340679741051027
liar2_finance,3,33,4,linear_svm,word,0.1,0.5,emotion_aware,0.6268292682926829,0.6268292682926829,0.634020618556701,0.6,0.6165413533834586,0.6265604629150072
liar2_finance,3,33,4,linear_svm,word,0.1,1.0,emotion_aware,0.6268292682926829,0.6268292682926829,0.634020618556701,0.6,0.6165413533834586,0.6265604629150072
liar2_finance,3,33,4,linear_svm,word,1.0,0.0,text_only,0.6073170731707317,0.6073170731707317,0.6078431372549019,0.6048780487804878,0.6063569682151589,0.607314737148942
liar2_finance,3,33,4,linear_svm,word,1.0,0.05,emotion_aware,0.6097560975609756,0.6097560975609756,0.6086956521739131,0.6146341463414634,0.6116504854368932,0.6097468113458975
liar2_finance,3,33,4,linear_svm,word,1.0,0.1,emotion_aware,0.6219512195121951,0.6219512195121951,0.6201923076923077,0.6292682926829268,0.6246973365617433,0.6219309778631812
liar2_finance,3,33,4,linear_svm,word,1.0,0.25,emotion_aware,0.6195121951219512,0.6195121951219512,0.6183574879227053,0.624390243902439,0.6213592233009708,0.6195031410622501
liar2_finance,3,33,4,linear_svm,word,1.0,0.5,emotion_aware,0.6195121951219512,0.6195121951219512,0.6183574879227053,0.624390243902439,0.6213592233009708,0.6195031410622501
liar2_finance,3,33,4,linear_svm,word,1.0,1.0,emotion_aware,0.6195121951219512,0.6195121951219512,0.6183574879227053,0.624390243902439,0.6213592233009708,0.6195031410622501
liar2_finance,3,33,4,linear_svm,word,10.0,0.0,text_only,0.6048780487804878,0.6048780487804878,0.6028708133971292,0.6146341463414634,0.6086956521739131,0.6048404369243949
liar2_finance,3,33,4,linear_svm,word,10.0,0.05,emotion_aware,0.6097560975609756,0.6097560975609756,0.6066350710900474,0.624390243902439,0.6153846153846154,0.6096725057121097
liar2_finance,3,33,4,linear_svm,word,10.0,0.1,emotion_aware,0.6170731707317073,0.6170731707317073,0.6142857142857143,0.6292682926829268,0.6216867469879518,0.6170162130001487
liar2_finance,3,33,4,linear_svm,word,10.0,0.25,emotion_aware,0.6170731707317073,0.6170731707317073,0.6132075471698113,0.6341463414634146,0.6235011990407674,0.6169615176345276
liar2_finance,3,33,4,linear_svm,word,10.0,0.5,emotion_aware,0.6170731707317073,0.6170731707317073,0.6132075471698113,0.6341463414634146,0.6235011990407674,0.6169615176345276
liar2_finance,3,33,4,linear_svm,word,10.0,1.0,emotion_aware,0.6170731707317073,0.6170731707317073,0.6132075471698113,0.6341463414634146,0.6235011990407674,0.6169615176345276
liar2_finance,3,33,4,linear_svm,word_char,0.1,0.0,text_only,0.6073170731707317,0.6073170731707317,0.6089108910891089,0.6,0.6044226044226044,0.6072960479740142
liar2_finance,3,33,4,linear_svm,word_char,0.1,0.05,emotion_aware,0.6097560975609756,0.6097560975609756,0.6119402985074627,0.6,0.6059113300492611,0.6097189500487852
liar2_finance,3,33,4,linear_svm,word_char,0.1,0.1,emotion_aware,0.6219512195121951,0.6219512195121951,0.6275510204081632,0.6,0.6134663341645885,0.6217689666049673
liar2_finance,3,33,4,linear_svm,word_char,0.1,0.25,emotion_aware,0.6390243902439025,0.6390243902439025,0.6446700507614214,0.6195121951219512,0.6318407960199005,0.6388869051869838
liar2_finance,3,33,4,linear_svm,word_char,0.1,0.5,emotion_aware,0.6390243902439025,0.6390243902439025,0.6432160804020101,0.624390243902439,0.6336633663366337,0.6389470677837015
liar2_finance,3,33,4,linear_svm,word_char,0.1,1.0,emotion_aware,0.6414634146341464,0.6414634146341464,0.645,0.6292682926829268,0.6370370370370371,0.6414100847835787
liar2_finance,3,33,4,linear_svm,word_char,1.0,0.0,text_only,0.5902439024390244,0.5902439024390244,0.5920398009950248,0.5804878048780487,0.5862068965517241,0.5902048975512244
liar2_finance,3,33,4,linear_svm,word_char,1.0,0.05,emotion_aware,0.6024390243902439,0.6024390243902439,0.6029411764705882,0.6,0.6014669926650367,0.60243665934955
liar2_finance,3,33,4,linear_svm,word_char,1.0,0.1,emotion_aware,0.6121951219512195,0.6121951219512195,0.6138613861386139,0.6048780487804878,0.6093366093366094,0.6121743579370698
liar2_finance,3,33,4,linear_svm,word_char,1.0,0.25,emotion_aware,0.6024390243902439,0.6024390243902439,0.605,0.5902439024390244,0.5975308641975309,0.6023798899300907
liar2_finance,3,33,4,linear_svm,word_char,1.0,0.5,emotion_aware,0.6048780487804878,0.6048780487804878,0.6069651741293532,0.5951219512195122,0.6009852216748769,0.6048404369243949
liar2_finance,3,33,4,linear_svm,word_char,1.0,1.0,emotion_aware,0.6048780487804878,0.6048780487804878,0.6069651741293532,0.5951219512195122,0.6009852216748769,0.6048404369243949
liar2_finance,3,33,4,linear_svm,word_char,10.0,0.0,text_only,0.5707317073170731,0.5707317073170731,0.5700483091787439,0.5756097560975609,0.5728155339805825,0.5707214924804873
liar2_finance,3,33,4,linear_svm,word_char,10.0,0.05,emotion_aware,0.5756097560975609,0.5756097560975609,0.5748792270531401,0.5804878048780487,0.5776699029126213,0.5755996573386636
liar2_finance,3,33,4,linear_svm,word_char,10.0,0.1,emotion_aware,0.573170731707317,0.573170731707317,0.5728155339805825,0.5756097560975609,0.5742092457420924,0.5731681925531977
liar2_finance,3,33,4,linear_svm,word_char,10.0,0.25,emotion_aware,0.5756097560975609,0.5756097560975609,0.5756097560975609,0.5756097560975609,0.5756097560975609,0.5756097560975609
liar2_finance,3,33,4,linear_svm,word_char,10.0,0.5,emotion_aware,0.5756097560975609,0.5756097560975609,0.5756097560975609,0.5756097560975609,0.5756097560975609,0.5756097560975609
liar2_finance,3,33,4,linear_svm,word_char,10.0,1.0,emotion_aware,0.5756097560975609,0.5756097560975609,0.5756097560975609,0.5756097560975609,0.5756097560975609,0.5756097560975609
liar2_finance,3,33,5,logistic_regression,word,0.1,0.0,text_only,0.6446078431372549,0.6446078431372548,0.6398104265402843,0.6617647058823529,0.6506024096385542,0.6445031998317459
liar2_finance,3,33,5,logistic_regression,word,0.1,0.05,emotion_aware,0.6446078431372549,0.6446078431372548,0.6411483253588517,0.6568627450980392,0.648910411622276,0.6445544613942646
liar2_finance,3,33,5,logistic_regression,word,0.1,0.1,emotion_aware,0.625,0.625,0.625615763546798,0.6225490196078431,0.6240786240786241,0.624997747247136
liar2_finance,3,33,5,logistic_regression,word,0.1,0.25,emotion_aware,0.6151960784313726,0.6151960784313726,0.6180904522613065,0.6029411764705882,0.6104218362282878,0.6151382788889623
liar2_finance,3,33,5,logistic_regression,word,0.1,0.5,emotion_aware,0.6176470588235294,0.6176470588235294,0.625,0.5882352941176471,0.6060606060606061,0.6173160173160173
liar2_finance,3,33,5,logistic_regression,word,0.1,1.0,emotion_aware,0.6299019607843137,0.6299019607843137,0.6417112299465241,0.5882352941176471,0.6138107416879796,0.6292583120204603
liar2_finance,3,33,5,logistic_regression,word,1.0,0.0,text_only,0.6397058823529411,0.6397058823529411,0.6363636363636364,0.6519607843137255,0.6440677966101694,0.6396517643100474
liar2_finance,3,33,5,logistic_regression,word,1.0,0.05,emotion_aware,0.6348039215686274,0.6348039215686274,0.6303317535545023,0.6519607843137255,0.6409638554216868,0.6346963915512425
liar2_finance,3,33,5,logistic_regression,word,1.0,0.1,emotion_aware,0.6274509803921569,0.6274509803921569,0.625,0.6372549019607843,0.6310679611650486,0.6274151687013362
liar2_finance,3,33,5,logistic_regression,word,1.0,0.25,emotion_aware,0.6372549019607843,0.6372549019607843,0.6372549019607843,0.6372549019607843,0.6372549019607843,0.6372549019607843
liar2_finance,3,33,5,logistic_regression,word,1.0,0.5,emotion_aware,0.6372549019607843,0.6372549019607843,0.6386138613861386,0.6323529411764706,0.6354679802955665,0.6372461852697344
liar2_finance,3,33,5,logistic_regression,word,1.0,1.0,emotion_aware,0.6397058823529411,0.6397058823529411,0.6390243902439025,0.6421568627450981,0.6405867970660146,0.6397037179433267
liar2_finance,3,33,5,logistic_regression,word,10.0,0.0,text_only,0.625,0.625,0.625615763546798,0.6225490196078431,0.6240786240786241,0.624997747247136
liar2_finance,3,33,5,logistic_regression,word,10.0,0.05,emotion_aware,0.6372549019607843,0.6372549019607843,0.6386138613861386,0.6323529411764706,0.6354679802955665,0.6372461852697344
liar2_finance,3,33,5,logistic_regression,word,10.0,0.1,emotion_aware,0.6372549019607843,0.6372549019607843,0.6372549019607843,0.6372549019607843,0.6372549019607843,0.6372549019607843
liar2_finance,3,33,5,logistic_regression,word,10.0,0.25,emotion_aware,0.6446078431372549,0.6446078431372549,0.645320197044335,0.6421568627450981,0.6437346437346437,0.6446057081753903
liar2_finance,3,33,5,logistic_regression,word,10.0,0.5,emotion_aware,0.6470588235294118,0.6470588235294118,0.6470588235294118,0.6470588235294118,0.6470588235294118,0.6470588235294118
liar2_finance,3,33,5,logistic_regression,word,10.0,1.0,emotion_aware,0.6470588235294118,0.6470588235294118,0.6470588235294118,0.6470588235294118,0.6470588235294118,0.6470588235294118
liar2_finance,3,33,5,logistic_regression,word_char,0.1,0.0,text_only,0.6519607843137255,0.6519607843137255,0.6422018348623854,0.6862745098039216,0.6635071090047393,0.6515505088170905
liar2_finance,3,33,5,logistic_regression,word_char,0.1,0.05,emotion_aware,0.6446078431372549,0.6446078431372549,0.6359447004608295,0.6764705882352942,0.6555819477434679,0.6442466700742656
liar2_finance,3,33,5,logistic_regression,word_char,0.1,0.1,emotion_aware,0.6495098039215687,0.6495098039215685,0.6445497630331753,0.6666666666666666,0.655421686746988,0.6494066039719977
liar2_finance,3,33,5,logistic_regression,word_char,0.1,0.25,emotion_aware,0.6323529411764706,0.6323529411764706,0.6323529411764706,0.6323529411764706,0.6323529411764706,0.6323529411764706
liar2_finance,3,33,5,logistic_regression,word_char,0.1,0.5,emotion_aware,0.6323529411764706,0.6323529411764706,0.6363636363636364,0.6176470588235294,0.6268656716417911,0.6322734155310404
liar2_finance,3,33,5,logistic_regression,word_char,0.1,1.0,emotion_aware,0.6446078431372549,0.6446078431372548,0.649746192893401,0.6274509803921569,0.6384039900249376,0.6445031998317459
liar2_finance,3,33,5,logistic_regression,word_char,1.0,0.0,text_only,0.6323529411764706,0.6323529411764706,0.6261682242990654,0.6568627450980392,0.6411483253588517,0.6321319516241495
liar2_finance,3,33,5,logistic_regression,word_char,1.0,0.05,emotion_aware,0.6323529411764706,0.6323529411764706,0.6261682242990654,0.6568627450980392,0.6411483253588517,0.6321319516241495
liar2_finance,3,33,5,logistic_regression,word_char,1.0,0.1,emotion_aware,0.6323529411764706,0.6323529411764706,0.625,0.6617647058823529,0.6428571428571429,0.6320346320346321
liar2_finance,3,33,5,logistic_regression,word_char,1.0,0.25,emotion_aware,0.6446078431372549,0.6446078431372548,0.6384976525821596,0.6666666666666666,0.6522781774580336,0.6444348280773877
liar2_finance,3,33,5,logistic_regression,word_char,1.0,0.5,emotion_aware,0.6446078431372549,0.6446078431372548,0.6372093023255814,0.6715686274509803,0.6539379474940334,0.6443493263918529
liar2_finance,3,33,5,logistic_regression,word_char,1.0,1.0,emotion_aware,0.6544117647058824,0.6544117647058824,0.6465116279069767,0.6813725490196079,0.6634844868735084,0.6541603794569053
liar2_finance,3,33,5,logistic_regression,word_char,10.0,0.0,text_only,0.6176470588235294,0.6176470588235294,0.62,0.6078431372549019,0.6138613861386139,0.6176103047197923
liar2_finance,3,33,5,logistic_regression,word_char,10.0,0.05,emotion_aware,0.6053921568627451,0.6053921568627452,0.6080402010050251,0.5931372549019608,0.6004962779156328,0.6053328847205283
liar2_finance,3,33,5,logistic_regression,word_char,10.0,0.1,emotion_aware,0.6151960784313726,0.6151960784313726,0.6180904522613065,0.6029411764705882,0.6104218362282878,0.6151382788889623
liar2_finance,3,33,5,logistic_regression,word_char,10.0,0.25,emotion_aware,0.6102941176470589,0.6102941176470589,0.6130653266331658,0.5980392156862745,0.6054590570719603,0.6102355818047454
liar2_finance,3,33,5,logistic_regression,word_char,10.0,0.5,emotion_aware,0.6127450980392157,0.6127450980392157,0.6161616161616161,0.5980392156862745,0.6069651741293532,0.6126613310260293
liar2_finance,3,33,5,logistic_regression,word_char,10.0,1.0,emotion_aware,0.6151960784313726,0.6151960784313726,0.6180904522613065,0.6029411764705882,0.6104218362282878,0.6151382788889623
liar2_finance,3,33,5,linear_svm,word,0.1,0.0,text_only,0.6348039215686274,0.6348039215686274,0.6328502415458938,0.6421568627450981,0.6374695863746959,0.6347841759033973
liar2_finance,3,33,5,linear_svm,word,0.1,0.05,emotion_aware,0.6372549019607843,0.6372549019607843,0.6320754716981132,0.6568627450980392,0.6442307692307693,0.6371153846153846
liar2_finance,3,33,5,linear_svm,word,0.1,0.1,emotion_aware,0.6274509803921569,0.6274509803921569,0.6238095238095238,0.6421568627450981,0.6328502415458938,0.6273703944047877
liar2_finance,3,33,5,linear_svm,word,0.1,0.25,emotion_aware,0.6397058823529411,0.6397058823529411,0.6403940886699507,0.6372549019607843,0.6388206388206388,0.6397037179433267
liar2_finance,3,33,5,linear_svm,word,0.1,0.5,emotion_aware,0.6372549019607843,0.6372549019607843,0.6386138613861386,0.6323529411764706,0.6354679802955665,0.6372461852697344
liar2_finance,3,33,5,linear_svm,word,0.1,1.0,emotion_aware,0.6421568627450981,0.642156862745098,0.6435643564356436,0.6372549019607843,0.6403940886699507,0.6421482638471705
liar2_finance,3,33,5,linear_svm,word,1.0,0.0,text_only,0.6225490196078431,0.6225490196078431,0.6262626262626263,0.6078431372549019,0.6169154228855721,0.6224673732785349
liar2_finance,3,33,5,linear_svm,word,1.0,0.05,emotion_aware,0.6372549019607843,0.6372549019607843,0.6428571428571429,0.6176470588235294,0.63,0.6371153846153846
liar2_finance,3,33,5,linear_svm,word,1.0,0.1,emotion_aware,0.6446078431372549,0.6446078431372548,0.6482412060301508,0.6323529411764706,0.6401985111662531,0.6445544613942646
liar2_finance,3,33,5,linear_svm,word,1.0,0.25,emotion_aware,0.6421568627450981,0.6421568627450981,0.6421568627450981,0.6421568627450981,0.6421568627450981,0.6421568627450981
liar2_finance,3,33,5,linear_svm,word,1.0,0.5,emotion_aware,0.6421568627450981,0.6421568627450981,0.6421568627450981,0.6421568627450981,0.6421568627450981,0.6421568627450981
liar2_finance,3,33,5,linear_svm,word,1.0,1.0,emotion_aware,0.6421568627450981,0.6421568627450981,0.6421568627450981,0.6421568627450981,0.6421568627450981,0.6421568627450981
liar2_finance,3,33,5,linear_svm,word,10.0,0.0,text_only,0.6127450980392157,0.6127450980392157,0.615,0.6029411764705882,0.6089108910891089,0.6127078727290205
liar2_finance,3,33,5,linear_svm,word,10.0,0.05,emotion_aware,0.6225490196078431,0.6225490196078431,0.6288659793814433,0.5980392156862745,0.6130653266331658,0.6223221370007934
liar2_finance,3,33,5,linear_svm,word,10.0,0.1,emotion_aware,0.6225490196078431,0.6225490196078431,0.6288659793814433,0.5980392156862745,0.6130653266331658,0.6223221370007934
liar2_finance,3,33,5,linear_svm,word,10.0,0.25,emotion_aware,0.6200980392156863,0.6200980392156863,0.6256410256410256,0.5980392156862745,0.6115288220551378,0.6199130920827247
liar2_finance,3,33,5,linear_svm,word,10.0,0.5,emotion_aware,0.6225490196078431,0.6225490196078431,0.6275510204081632,0.6029411764705882,0.615,0.6224038461538461
liar2_finance,3,33,5,linear_svm,word,10.0,1.0,emotion_aware,0.6225490196078431,0.6225490196078431,0.6275510204081632,0.6029411764705882,0.615,0.6224038461538461
liar2_finance,3,33,5,linear_svm,word_char,0.1,0.0,text_only,0.6348039215686274,0.6348039215686274,0.6291079812206573,0.6568627450980392,0.6426858513189448,0.6346261336795225
liar2_finance,3,33,5,linear_svm,word_char,0.1,0.05,emotion_aware,0.6348039215686274,0.6348039215686274,0.627906976744186,0.6617647058823529,0.6443914081145584,0.6345382733268006
liar2_finance,3,33,5,linear_svm,word_char,0.1,0.1,emotion_aware,0.6299019607843137,0.6299019607843137,0.6244131455399061,0.6519607843137255,0.6378896882494005,0.62972178648059
liar2_finance,3,33,5,linear_svm,word_char,0.1,0.25,emotion_aware,0.6495098039215687,0.6495098039215687,0.641860465116279,0.6764705882352942,0.6587112171837709,0.6492548529243791
liar2_finance,3,33,5,linear_svm,word_char,0.1,0.5,emotion_aware,0.6446078431372549,0.6446078431372548,0.6372093023255814,0.6715686274509803,0.6539379474940334,0.6443493263918529
liar2_finance,3,33,5,linear_svm,word_char,0.1,1.0,emotion_aware,0.6470588235294118,0.6470588235294117,0.6401869158878505,0.6715686274509803,0.6555023923444976,0.6468466735591835
liar2_finance,3,33,5,linear_svm,word_char,1.0,0.0,text_only,0.5980392156862745,0.5980392156862745,0.6,0.5882352941176471,0.594059405940594,0.5980005767567047
liar2_finance,3,33,5,linear_svm,word_char,1.0,0.05,emotion_aware,0.5955882352941176,0.5955882352941176,0.6020942408376964,0.5637254901960784,0.5822784810126582,0.595177245256923
liar2_finance,3,33,5,linear_svm,word_char,1.0,0.1,emotion_aware,0.6029411764705882,0.6029411764705883,0.6117021276595744,0.5637254901960784,0.5867346938775511,0.6023296110897189
liar2_finance,3,33,5,linear_svm,word_char,1.0,0.25,emotion_aware,0.5931372549019608,0.5931372549019608,0.6,0.5588235294117647,0.5786802030456852,0.5926576370678663
liar2_finance,3,33,5,linear_svm,word_char,1.0,0.5,emotion_aware,0.5955882352941176,0.5955882352941176,0.6031746031746031,0.5588235294117647,0.5801526717557252,0.5950408748849547
liar2_finance,3,33,5,linear_svm,word_char,1.0,1.0,emotion_aware,0.5955882352941176,0.5955882352941176,0.6031746031746031,0.5588235294117647,0.5801526717557252,0.5950408748849547
liar2_finance,3,33,5,linear_svm,word_char,10.0,0.0,text_only,0.5955882352941176,0.5955882352941176,0.6,0.5735294117647058,0.5864661654135338,0.5953913560880619
liar2_finance,3,33,5,linear_svm,word_char,10.0,0.05,emotion_aware,0.6029411764705882,0.6029411764705883,0.6082474226804123,0.5784313725490197,0.592964824120603,0.6027025077540814
liar2_finance,3,33,5,linear_svm,word_char,10.0,0.1,emotion_aware,0.6004901960784313,0.6004901960784313,0.6073298429319371,0.5686274509803921,0.5873417721518988,0.6000841877386572
liar2_finance,3,33,5,linear_svm,word_char,10.0,0.25,emotion_aware,0.5980392156862745,0.5980392156862745,0.6041666666666666,0.5686274509803921,0.5858585858585859,0.5976911976911977
liar2_finance,3,33,5,linear_svm,word_char,10.0,0.5,emotion_aware,0.5980392156862745,0.5980392156862745,0.6041666666666666,0.5686274509803921,0.5858585858585859,0.5976911976911977
liar2_finance,3,33,5,linear_svm,word_char,10.0,1.0,emotion_aware,0.5980392156862745,0.5980392156862745,0.6041666666666666,0.5686274509803921,0.5858585858585859,0.5976911976911977
factors_finance,1,11,1,logistic_regression,word,0.1,0.0,text_only,0.5849056603773585,0.5849056603773585,0.6,0.5094339622641509,0.5510204081632653,0.5825277479412818
factors_finance,1,11,1,logistic_regression,word,0.1,0.05,emotion_aware,0.6226415094339622,0.6226415094339622,0.6382978723404256,0.5660377358490566,0.6,0.6214285714285714
factors_finance,1,11,1,logistic_regression,word,0.1,0.1,emotion_aware,0.5754716981132075,0.5754716981132075,0.5869565217391305,0.5094339622641509,0.5454545454545454,0.5736122284794851
factors_finance,1,11,1,logistic_regression,word,0.1,0.25,emotion_aware,0.5566037735849056,0.5566037735849056,0.5652173913043478,0.49056603773584906,0.5252525252525253,0.5546616608563512
factors_finance,1,11,1,logistic_regression,word,0.1,0.5,emotion_aware,0.6037735849056604,0.6037735849056604,0.627906976744186,0.5094339622641509,0.5625,0.6002155172413793
factors_finance,1,11,1,logistic_regression,word,0.1,1.0,emotion_aware,0.5566037735849056,0.5566037735849056,0.56,0.5283018867924528,0.5436893203883495,0.5562483299189454
factors_finance,1,11,1,logistic_regression,word,1.0,0.0,text_only,0.5849056603773585,0.5849056603773585,0.6,0.5094339622641509,0.5510204081632653,0.5825277479412818
factors_finance,1,11,1,logistic_regression,word,1.0,0.05,emotion_aware,0.6132075471698113,0.6132075471698113,0.625,0.5660377358490566,0.594059405940594,0.6123450182856123
factors_finance,1,11,1,logistic_regression,word,1.0,0.1,emotion_aware,0.6226415094339622,0.6226415094339622,0.6444444444444445,0.5471698113207547,0.5918367346938775,0.6204797708557107
factors_finance,1,11,1,logistic_regression,word,1.0,0.25,emotion_aware,0.6509433962264151,0.6509433962264151,0.6904761904761905,0.5471698113207547,0.6105263157894737,0.6471434997750787
factors_finance,1,11,1,logistic_regression,word,1.0,0.5,emotion_aware,0.6037735849056604,0.6037735849056604,0.6410256410256411,0.4716981132075472,0.5434782608695652,0.5967391304347827
factors_finance,1,11,1,logistic_regression,word,1.0,1.0,emotion_aware,0.5754716981132075,0.5754716981132075,0.5952380952380952,0.4716981132075472,0.5263157894736842,0.5708502024291497
factors_finance,1,11,1,logistic_regression,word,10.0,0.0,text_only,0.5943396226415094,0.5943396226415094,0.5961538461538461,0.5849056603773585,0.5904761904761905,0.5943035157988429
factors_finance,1,11,1,logistic_regression,word,10.0,0.05,emotion_aware,0.6415094339622641,0.6415094339622641,0.6470588235294118,0.6226415094339622,0.6346153846153846,0.6413817663817664
factors_finance,1,11,1,logistic_regression,word,10.0,0.1,emotion_aware,0.660377358490566,0.660377358490566,0.673469387755102,0.6226415094339622,0.6470588235294118,0.6598930481283423
factors_finance,1,11,1,logistic_regression,word,10.0,0.25,emotion_aware,0.6415094339622641,0.6415094339622641,0.6744186046511628,0.5471698113207547,0.6041666666666666,0.6382902298850575
factors_finance,1,11,1,logistic_regression,word,10.0,0.5,emotion_aware,0.6226415094339622,0.6226415094339622,0.6444444444444445,0.5471698113207547,0.5918367346938775,0.6204797708557107
factors_finance,1,11,1,logistic_regression,word,10.0,1.0,emotion_aware,0.6226415094339622,0.6226415094339622,0.6382978723404256,0.5660377358490566,0.6,0.6214285714285714
factors_finance,1,11,1,logistic_regression,word_char,0.1,0.0,text_only,0.6226415094339622,0.6226415094339622,0.6511627906976745,0.5283018867924528,0.5833333333333334,0.6192528735632183
factors_finance,1,11,1,logistic_regression,word_char,0.1,0.05,emotion_aware,0.6320754716981132,0.6320754716981132,0.6521739130434783,0.5660377358490566,0.6060606060606061,0.6304639313488871
factors_finance,1,11,1,logistic_regression,word_char,0.1,0.1,emotion_aware,0.6320754716981132,0.6320754716981132,0.6590909090909091,0.5471698113207547,0.5979381443298969,0.629403854773644
factors_finance,1,11,1,logistic_regression,word_char,0.1,0.25,emotion_aware,0.5849056603773585,0.5849056603773585,0.5957446808510638,0.5283018867924528,0.56,0.5835714285714286
factors_finance,1,11,1,logistic_regression,word_char,0.1,0.5,emotion_aware,0.6132075471698113,0.6132075471698113,0.6428571428571429,0.5094339622641509,0.5684210526315789,0.6089968511021142
factors_finance,1,11,1,logistic_regression,word_char,0.1,1.0,emotion_aware,0.5849056603773585,0.5849056603773585,0.5957446808510638,0.5283018867924528,0.56,0.5835714285714286
factors_finance,1,11,1,logistic_regression,word_char,1.0,0.0,text_only,0.6320754716981132,0.6320754716981132,0.6521739130434783,0.5660377358490566,0.6060606060606061,0.6304639313488871
factors_finance,1,11,1,logistic_regression,word_char,1.0,0.05,emotion_aware,0.6226415094339622,0.6226415094339622,0.6326530612244898,0.5849056603773585,0.6078431372549019,0.6221033868092691
factors_finance,1,11,1,logistic_regression,word_char,1.0,0.1,emotion_aware,0.6320754716981132,0.6320754716981132,0.6521739130434783,0.5660377358490566,0.6060606060606061,0.6304639313488871
factors_finance,1,11,1,logistic_regression,word_char,1.0,0.25,emotion_aware,0.6320754716981132,0.6320754716981132,0.6590909090909091,0.5471698113207547,0.5979381443298969,0.629403854773644
factors_finance,1,11,1,logistic_regression,word_char,1.0,0.5,emotion_aware,0.6320754716981132,0.6320754716981132,0.6666666666666666,0.5283018867924528,0.5894736842105263,0.6280701754385964
factors_finance,1,11,1,logistic_regression,word_char,1.0,1.0,emotion_aware,0.6226415094339622,0.6226415094339622,0.6585365853658537,0.5094339622641509,0.574468085106383,0.6177425171294627
factors_finance,1,11,1,logistic_regression,word_char,10.0,0.0,text_only,0.6037735849056604,0.6037735849056604,0.6122448979591837,0.5660377358490566,0.5882352941176471,0.6032085561497327
factors_finance,1,11,1,logistic_regression,word_char,10.0,0.05,emotion_aware,0.6132075471698113,0.6132075471698113,0.62,0.5849056603773585,0.6019417475728155,0.6128974792909949
factors_finance,1,11,1,logistic_regression,word_char,10.0,0.1,emotion_aware,0.5943396226415094,0.5943396226415094,0.6041666666666666,0.5471698113207547,0.5742574257425742,0.5934350191775934
factors_finance,1,11,1,logistic_regression,word_char,10.0,0.25,emotion_aware,0.6226415094339622,0.6226415094339622,0.6326530612244898,0.5849056603773585,0.6078431372549019,0.6221033868092691
factors_finance,1,11,1,logistic_regression,word_char,10.0,0.5,emotion_aware,0.6415094339622641,0.6415094339622641,0.6595744680851063,0.5849056603773585,0.62,0.6403571428571428
factors_finance,1,11,1,logistic_regression,word_char,10.0,1.0,emotion_aware,0.6320754716981132,0.6320754716981132,0.6458333333333334,0.5849056603773585,0.6138613861386139,0.6312550173936313
factors_finance,1,11,1,linear_svm,word,0.1,0.0,text_only,0.5849056603773585,0.5849056603773585,0.6,0.5094339622641509,0.5510204081632653,0.5825277479412818
factors_finance,1,11,1,linear_svm,word,0.1,0.05,emotion_aware,0.6226415094339622,0.6226415094339622,0.6382978723404256,0.5660377358490566,0.6,0.6214285714285714
factors_finance,1,11,1,linear_svm,word,0.1,0.1,emotion_aware,0.6226415094339622,0.6226415094339622,0.6444444444444445,0.5471698113207547,0.5918367346938775,0.6204797708557107
factors_finance,1,11,1,linear_svm,word,0.1,0.25,emotion_aware,0.6509433962264151,0.6509433962264151,0.7,0.5283018867924528,0.6021505376344086,0.6456130839432548
factors_finance,1,11,1,linear_svm,word,0.1,0.5,emotion_aware,0.6037735849056604,0.6037735849056604,0.6410256410256411,0.4716981132075472,0.5434782608695652,0.5967391304347827
factors_finance,1,11,1,linear_svm,word,0.1,1.0,emotion_aware,0.5754716981132075,0.5754716981132075,0.5952380952380952,0.4716981132075472,0.5263157894736842,0.5708502024291497
factors_finance,1,11,1,linear_svm,word,1.0,0.0,text_only,0.6037735849056604,0.6037735849056604,0.6037735849056604,0.6037735849056604,0.6037735849056604,0.6037735849056604
factors_finance,1,11,1,linear_svm,word,1.0,0.05,emotion_aware,0.6132075471698113,0.6132075471698113,0.6153846153846154,0.6037735849056604,0.6095238095238096,0.6131731197151757
factors_finance,1,11,1,linear_svm,word,1.0,0.1,emotion_aware,0.6415094339622641,0.6415094339622641,0.6530612244897959,0.6037735849056604,0.6274509803921569,0.6409982174688057
factors_finance,1,11,1,linear_svm,word,1.0,0.25,emotion_aware,0.6415094339622641,0.6415094339622641,0.6595744680851063,0.5849056603773585,0.62,0.6403571428571428
factors_finance,1,11,1,linear_svm,word,1.0,0.5,emotion_aware,0.6509433962264151,0.6509433962264151,0.6739130434782609,0.5849056603773585,0.6262626262626263,0.6494144989720212
factors_finance,1,11,1,linear_svm,word,1.0,1.0,emotion_aware,0.6509433962264151,0.6509433962264151,0.6739130434782609,0.5849056603773585,0.6262626262626263,0.6494144989720212
factors_finance,1,11,1,linear_svm,word,10.0,0.0,text_only,0.6132075471698113,0.6132075471698113,0.6153846153846154,0.6037735849056604,0.6095238095238096,0.6131731197151757
factors_finance,1,11,1,linear_svm,word,10.0,0.05,emotion_aware,0.6132075471698113,0.6132075471698113,0.625,0.5660377358490566,0.594059405940594,0.6123450182856123
factors_finance,1,11,1,linear_svm,word,10.0,0.1,emotion_aware,0.6226415094339622,0.6226415094339622,0.6274509803921569,0.6037735849056604,0.6153846153846154,0.6225071225071226
factors_finance,1,11,1,linear_svm,word,10.0,0.25,emotion_aware,0.6320754716981132,0.6320754716981132,0.64,0.6037735849056604,0.6213592233009708,0.631780529081678
factors_finance,1,11,1,linear_svm,word,10.0,0.5,emotion_aware,0.6226415094339622,0.6226415094339622,0.6382978723404256,0.5660377358490566,0.6,0.6214285714285714
factors_finance,1,11,1,linear_svm,word,10.0,1.0,emotion_aware,0.6226415094339622,0.6226415094339622,0.6382978723404256,0.5660377358490566,0.6,0.6214285714285714
factors_finance,1,11,1,linear_svm,word_char,0.1,0.0,text_only,0.6320754716981132,0.6320754716981132,0.6521739130434783,0.5660377358490566,0.6060606060606061,0.6304639313488871
factors_finance,1,11,1,linear_svm,word_char,0.1,0.05,emotion_aware,0.6226415094339622,0.6226415094339622,0.6326530612244898,0.5849056603773585,0.6078431372549019,0.6221033868092691
factors_finance,1,11,1,linear_svm,word_char,0.1,0.1,emotion_aware,0.6320754716981132,0.6320754716981132,0.6521739130434783,0.5660377358490566,0.6060606060606061,0.6304639313488871
factors_finance,1,11,1,linear_svm,word_char,0.1,0.25,emotion_aware,0.6320754716981132,0.6320754716981132,0.6590909090909091,0.5471698113207547,0.5979381443298969,0.629403854773644
factors_finance,1,11,1,linear_svm,word_char,0.1,0.5,emotion_aware,0.6320754716981132,0.6320754716981132,0.6666666666666666,0.5283018867924528,0.5894736842105263,0.6280701754385964
factors_finance,1,11,1,linear_svm,word_char,0.1,1.0,emotion_aware,0.6132075471698113,0.6132075471698113,0.65,0.49056603773584906,0.5591397849462365,0.607300984910093
factors_finance,1,11,1,linear_svm,word_char,1.0,0.0,text_only,0.6226415094339622,0.6226415094339622,0.6326530612244898,0.5849056603773585,0.6078431372549019,0.6221033868092691
factors_finance,1,11,1,linear_svm,word_char,1.0,0.05,emotion_aware,0.5849056603773585,0.5849056603773585,0.5918367346938775,0.5471698113207547,0.5686274509803921,0.584313725490196
factors_finance,1,11,1,linear_svm,word_char,1.0,0.1,emotion_aware,0.6037735849056604,0.6037735849056604,0.6222222222222222,0.5283018867924528,0.5714285714285714,0.6015037593984962
factors_finance,1,11,1,linear_svm,word_char,1.0,0.25,emotion_aware,0.6037735849056604,0.6037735849056604,0.6170212765957447,0.5471698113207547,0.58,0.6025
factors_finance,1,11,1,linear_svm,word_char,1.0,0.5,emotion_aware,0.6226415094339622,0.6226415094339622,0.6326530612244898,0.5849056603773585,0.6078431372549019,0.6221033868092691
factors_finance,1,11,1,linear_svm,word_char,1.0,1.0,emotion_aware,0.6132075471698113,0.6132075471698113,0.62,0.5849056603773585,0.6019417475728155,0.6128974792909949
factors_finance,1,11,1,linear_svm,word_char,10.0,0.0,text_only,0.5849056603773585,0.5849056603773585,0.5918367346938775,0.5471698113207547,0.5686274509803921,0.584313725490196
factors_finance,1,11,1,linear_svm,word_char,10.0,0.05,emotion_aware,0.6037735849056604,0.6037735849056604,0.6078431372549019,0.5849056603773585,0.5961538461538461,0.6036324786324787
factors_finance,1,11,1,linear_svm,word_char,10.0,0.1,emotion_aware,0.6132075471698113,0.6132075471698113,0.625,0.5660377358490566,0.594059405940594,0.6123450182856123
factors_finance,1,11,1,linear_svm,word_char,10.0,0.25,emotion_aware,0.5943396226415094,0.5943396226415094,0.5925925925925926,0.6037735849056604,0.5981308411214953,0.5943035157988429
factors_finance,1,11,1,linear_svm,word_char,10.0,0.5,emotion_aware,0.6037735849056604,0.6037735849056604,0.6078431372549019,0.5849056603773585,0.5961538461538461,0.6036324786324787
factors_finance,1,11,1,linear_svm,word_char,10.0,1.0,emotion_aware,0.6037735849056604,0.6037735849056604,0.6078431372549019,0.5849056603773585,0.5961538461538461,0.6036324786324787
factors_finance,1,11,2,logistic_regression,word,0.1,0.0,text_only,0.6634615384615384,0.6634615384615385,0.6808510638297872,0.6153846153846154,0.6464646464646465,0.662681864516727
factors_finance,1,11,2,logistic_regression,word,0.1,0.05,emotion_aware,0.6826923076923077,0.6826923076923077,0.6938775510204082,0.6538461538461539,0.6732673267326733,0.6824280558897011
factors_finance,1,11,2,logistic_regression,word,0.1,0.1,emotion_aware,0.6346153846153846,0.6346153846153846,0.6458333333333334,0.5961538461538461,0.62,0.634074074074074
factors_finance,1,11,2,logistic_regression,word,0.1,0.25,emotion_aware,0.5865384615384616,0.5865384615384615,0.5957446808510638,0.5384615384615384,0.5656565656565656,0.5855805764062645
factors_finance,1,11,2,logistic_regression,word,0.1,0.5,emotion_aware,0.6057692307692307,0.6057692307692308,0.6222222222222222,0.5384615384615384,0.5773195876288659,0.6039751091297483
factors_finance,1,11,2,logistic_regression,word,0.1,1.0,emotion_aware,0.6153846153846154,0.6153846153846154,0.6363636363636364,0.5384615384615384,0.5833333333333334,0.6130952380952381
factors_finance,1,11,2,logistic_regression,word,1.0,0.0,text_only,0.6923076923076923,0.6923076923076923,0.7083333333333334,0.6538461538461539,0.68,0.6918518518518519
factors_finance,1,11,2,logistic_regression,word,1.0,0.05,emotion_aware,0.6634615384615384,0.6634615384615385,0.6666666666666666,0.6538461538461539,0.6601941747572816,0.6634304207119741
factors_finance,1,11,2,logistic_regression,word,1.0,0.1,emotion_aware,0.6634615384615384,0.6634615384615385,0.6666666666666666,0.6538461538461539,0.6601941747572816,0.6634304207119741
factors_finance,1,11,2,logistic_regression,word,1.0,0.25,emotion_aware,0.6923076923076923,0.6923076923076923,0.717391304347826,0.6346153846153846,0.673469387755102,0.6912801484230056
factors_finance,1,11,2,logistic_regression,word,1.0,0.5,emotion_aware,0.6634615384615384,0.6634615384615384,0.6888888888888889,0.5961538461538461,0.6391752577319587,0.6619299712083218
factors_finance,1,11,2,logistic_regression,word,1.0,1.0,emotion_aware,0.6730769230769231,0.6730769230769231,0.6956521739130435,0.6153846153846154,0.6530612244897959,0.6719851576994433
factors_finance,1,11,2,logistic_regression,word,10.0,0.0,text_only,0.6153846153846154,0.6153846153846154,0.6153846153846154,0.6153846153846154,0.6153846153846154,0.6153846153846154
factors_finance,1,11,2,logistic_regression,word,10.0,0.05,emotion_aware,0.6346153846153846,0.6346153846153846,0.6296296296296297,0.6538461538461539,0.6415094339622641,0.6344802071772104
factors_finance,1,11,2,logistic_regression,word,10.0,0.1,emotion_aware,0.6346153846153846,0.6346153846153846,0.6346153846153846,0.6346153846153846,0.6346153846153846,0.6346153846153846
factors_finance,1,11,2,logistic_regression,word,10.0,0.25,emotion_aware,0.6730769230769231,0.6730769230769231,0.68,0.6538461538461539,0.6666666666666666,0.6729559748427673
factors_finance,1,11,2,logistic_regression,word,10.0,0.5,emotion_aware,0.6730769230769231,0.6730769230769231,0.68,0.6538461538461539,0.6666666666666666,0.6729559748427673
factors_finance,1,11,2,logistic_regression,word,10.0,1.0,emotion_aware,0.6730769230769231,0.6730769230769231,0.68,0.6538461538461539,0.6666666666666666,0.6729559748427673
factors_finance,1,11,2,logistic_regression,word_char,0.1,0.0,text_only,0.6538461538461539,0.6538461538461539,0.6666666666666666,0.6153846153846154,0.64,0.6533333333333333
factors_finance,1,11,2,logistic_regression,word_char,0.1,0.05,emotion_aware,0.6923076923076923,0.6923076923076923,0.7,0.6730769230769231,0.6862745098039216,0.6921938586755456
factors_finance,1,11,2,logistic_regression,word_char,0.1,0.1,emotion_aware,0.6730769230769231,0.6730769230769231,0.6875,0.6346153846153846,0.66,0.6725925925925926
factors_finance,1,11,2,logistic_regression,word_char,0.1,0.25,emotion_aware,0.625,0.625,0.6444444444444445,0.5576923076923077,0.5979381443298969,0.6232933964892728
factors_finance,1,11,2,logistic_regression,word_char,0.1,0.5,emotion_aware,0.625,0.625,0.6382978723404256,0.5769230769230769,0.6060606060606061,0.6241312204614957
factors_finance,1,11,2,logistic_regression,word_char,0.1,1.0,emotion_aware,0.625,0.625,0.6382978723404256,0.5769230769230769,0.6060606060606061,0.6241312204614957
factors_finance,1,11,2,logistic_regression,word_char,1.0,0.0,text_only,0.7019230769230769,0.7019230769230769,0.7058823529411765,0.6923076923076923,0.6990291262135923,0.7018955154877485
factors_finance,1,11,2,logistic_regression,word_char,1.0,0.05,emotion_aware,0.7019230769230769,0.7019230769230769,0.7142857142857143,0.6730769230769231,0.693069306930693,0.7016748403812343
factors_finance,1,11,2,logistic_regression,word_char,1.0,0.1,emotion_aware,0.6923076923076923,0.6923076923076923,0.7083333333333334,0.6538461538461539,0.68,0.6918518518518519
factors_finance,1,11,2,logistic_regression,word_char,1.0,0.25,emotion_aware,0.6826923076923077,0.6826923076923077,0.7021276595744681,0.6346153846153846,0.6666666666666666,0.6819571865443426
factors_finance,1,11,2,logistic_regression,word_char,1.0,0.5,emotion_aware,0.6730769230769231,0.6730769230769231,0.6956521739130435,0.6153846153846154,0.6530612244897959,0.6719851576994433
factors_finance,1,11,2,logistic_regression,word_char,1.0,1.0,emotion_aware,0.6730769230769231,0.6730769230769231,0.6956521739130435,0.6153846153846154,0.6530612244897959,0.6719851576994433
factors_finance,1,11,2,logistic_regression,word_char,10.0,0.0,text_only,0.7019230769230769,0.7019230769230769,0.6981132075471698,0.7115384615384616,0.7047619047619048,0.7018955154877485
factors_finance,1,11,2,logistic_regression,word_char,10.0,0.05,emotion_aware,0.7019230769230769,0.7019230769230769,0.7058823529411765,0.6923076923076923,0.6990291262135923,0.7018955154877485
factors_finance,1,11,2,logistic_regression,word_char,10.0,0.1,emotion_aware,0.6826923076923077,0.6826923076923077,0.6938775510204082,0.6538461538461539,0.6732673267326733,0.6824280558897011
factors_finance,1,11,2,logistic_regression,word_char,10.0,0.25,emotion_aware,0.7019230769230769,0.7019230769230769,0.7142857142857143,0.6730769230769231,0.693069306930693,0.7016748403812343
factors_finance,1,11,2,logistic_regression,word_char,10.0,0.5,emotion_aware,0.7019230769230769,0.7019230769230769,0.7142857142857143,0.6730769230769231,0.693069306930693,0.7016748403812343
factors_finance,1,11,2,logistic_regression,word_char,10.0,1.0,emotion_aware,0.6923076923076923,0.6923076923076923,0.7,0.6730769230769231,0.6862745098039216,0.6921938586755456
factors_finance,1,11,2,linear_svm,word,0.1,0.0,text_only,0.6923076923076923,0.6923076923076923,0.7083333333333334,0.6538461538461539,0.68,0.6918518518518519
factors_finance,1,11,2,linear_svm,word,0.1,0.05,emotion_aware,0.6634615384615384,0.6634615384615385,0.6666666666666666,0.6538461538461539,0.6601941747572816,0.6634304207119741
factors_finance,1,11,2,linear_svm,word,0.1,0.1,emotion_aware,0.6634615384615384,0.6634615384615385,0.6666666666666666,0.6538461538461539,0.6601941747572816,0.6634304207119741
factors_finance,1,11,2,linear_svm,word,0.1,0.25,emotion_aware,0.6923076923076923,0.6923076923076923,0.717391304347826,0.6346153846153846,0.673469387755102,0.6912801484230056
factors_finance,1,11,2,linear_svm,word,0.1,0.5,emotion_aware,0.6826923076923077,0.6826923076923077,0.7111111111111111,0.6153846153846154,0.6597938144329897,0.6812482585678462
factors_finance,1,11,2,linear_svm,word,0.1,1.0,emotion_aware,0.6538461538461539,0.6538461538461537,0.6818181818181818,0.5769230769230769,0.625,0.6517857142857143
factors_finance,1,11,2,linear_svm,word,1.0,0.0,text_only,0.6057692307692307,0.6057692307692308,0.6037735849056604,0.6153846153846154,0.6095238095238096,0.6057327785483125
factors_finance,1,11,2,linear_svm,word,1.0,0.05,emotion_aware,0.625,0.625,0.6226415094339622,0.6346153846153846,0.6285714285714286,0.6249653259361997
factors_finance,1,11,2,linear_svm,word,1.0,0.1,emotion_aware,0.6346153846153846,0.6346153846153846,0.6296296296296297,0.6538461538461539,0.6415094339622641,0.6344802071772104
factors_finance,1,11,2,linear_svm,word,1.0,0.25,emotion_aware,0.6442307692307693,0.6442307692307693,0.6530612244897959,0.6153846153846154,0.6336633663366337,0.6439344869066346
factors_finance,1,11,2,linear_svm,word,1.0,0.5,emotion_aware,0.6538461538461539,0.6538461538461539,0.66,0.6346153846153846,0.6470588235294118,0.6537180910099889
factors_finance,1,11,2,linear_svm,word,1.0,1.0,emotion_aware,0.6538461538461539,0.6538461538461539,0.66,0.6346153846153846,0.6470588235294118,0.6537180910099889
factors_finance,1,11,2,linear_svm,word,10.0,0.0,text_only,0.6442307692307693,0.6442307692307692,0.6415094339622641,0.6538461538461539,0.6476190476190476,0.644197873324087
factors_finance,1,11,2,linear_svm,word,10.0,0.05,emotion_aware,0.6346153846153846,0.6346153846153846,0.6346153846153846,0.6346153846153846,0.6346153846153846,0.6346153846153846
factors_finance,1,11,2,linear_svm,word,10.0,0.1,emotion_aware,0.6538461538461539,0.6538461538461539,0.6481481481481481,0.6730769230769231,0.660377358490566,0.6537180910099889
factors_finance,1,11,2,linear_svm,word,10.0,0.25,emotion_aware,0.6442307692307693,0.6442307692307693,0.6363636363636364,0.6730769230769231,0.6542056074766355,0.6439344869066346
factors_finance,1,11,2,linear_svm,word,10.0,0.5,emotion_aware,0.6346153846153846,0.6346153846153846,0.625,0.6730769230769231,0.6481481481481481,0.634074074074074
factors_finance,1,11,2,linear_svm,word,10.0,1.0,emotion_aware,0.6346153846153846,0.6346153846153846,0.625,0.6730769230769231,0.6481481481481481,0.634074074074074
factors_finance,1,11,2,linear_svm,word_char,0.1,0.0,text_only,0.7019230769230769,0.7019230769230769,0.7058823529411765,0.6923076923076923,0.6990291262135923,0.7018955154877485
factors_finance,1,11,2,linear_svm,word_char,0.1,0.05,emotion_aware,0.6923076923076923,0.6923076923076923,0.7,0.6730769230769231,0.6862745098039216,0.6921938586755456
factors_finance,1,11,2,linear_svm,word_char,0.1,0.1,emotion_aware,0.6826923076923077,0.6826923076923077,0.7021276595744681,0.6346153846153846,0.6666666666666666,0.6819571865443426
factors_finance,1,11,2,linear_svm,word_char,0.1,0.25,emotion_aware,0.6826923076923077,0.6826923076923077,0.7021276595744681,0.6346153846153846,0.6666666666666666,0.6819571865443426
factors_finance,1,11,2,linear_svm,word_char,0.1,0.5,emotion_aware,0.6634615384615384,0.6634615384615384,0.6888888888888889,0.5961538461538461,0.6391752577319587,0.6619299712083218
factors_finance,1,11,2,linear_svm,word_char,0.1,1.0,emotion_aware,0.6730769230769231,0.6730769230769231,0.6956521739130435,0.6153846153846154,0.6530612244897959,0.6719851576994433
factors_finance,1,11,2,linear_svm,word_char,1.0,0.0,text_only,0.6730769230769231,0.6730769230769231,0.6730769230769231,0.6730769230769231,0.6730769230769231,0.6730769230769231
factors_finance,1,11,2,linear_svm,word_char,1.0,0.05,emotion_aware,0.6923076923076923,0.6923076923076923,0.7,0.6730769230769231,0.6862745098039216,0.6921938586755456
factors_finance,1,11,2,linear_svm,word_char,1.0,0.1,emotion_aware,0.6923076923076923,0.6923076923076923,0.7,0.6730769230769231,0.6862745098039216,0.6921938586755456
factors_finance,1,11,2,linear_svm,word_char,1.0,0.25,emotion_aware,0.6730769230769231,0.6730769230769231,0.6730769230769231,0.6730769230769231,0.6730769230769231,0.6730769230769231
factors_finance,1,11,2,linear_svm,word_char,1.0,0.5,emotion_aware,0.6826923076923077,0.6826923076923077,0.6938775510204082,0.6538461538461539,0.6732673267326733,0.6824280558897011
factors_finance,1,11,2,linear_svm,word_char,1.0,1.0,emotion_aware,0.6923076923076923,0.6923076923076923,0.7083333333333334,0.6538461538461539,0.68,0.6918518518518519
factors_finance,1,11,2,linear_svm,word_char,10.0,0.0,text_only,0.625,0.625,0.6226415094339622,0.6346153846153846,0.6285714285714286,0.6249653259361997
factors_finance,1,11,2,linear_svm,word_char,10.0,0.05,emotion_aware,0.6634615384615384,0.6634615384615385,0.660377358490566,0.6730769230769231,0.6666666666666666,0.6634304207119741
factors_finance,1,11,2,linear_svm,word_char,10.0,0.1,emotion_aware,0.6538461538461539,0.6538461538461539,0.6538461538461539,0.6538461538461539,0.6538461538461539,0.6538461538461539
factors_finance,1,11,2,linear_svm,word_char,10.0,0.25,emotion_aware,0.6634615384615384,0.6634615384615385,0.6666666666666666,0.6538461538461539,0.6601941747572816,0.6634304207119741
factors_finance,1,11,2,linear_svm,word_char,10.0,0.5,emotion_aware,0.6923076923076923,0.6923076923076923,0.6923076923076923,0.6923076923076923,0.6923076923076923,0.6923076923076923
factors_finance,1,11,2,linear_svm,word_char,10.0,1.0,emotion_aware,0.6923076923076923,0.6923076923076923,0.6923076923076923,0.6923076923076923,0.6923076923076923,0.6923076923076923
factors_finance,1,11,3,logistic_regression,word,0.1,0.0,text_only,0.7019230769230769,0.7019230769230769,0.7058823529411765,0.6923076923076923,0.6990291262135923,0.7018955154877485
factors_finance,1,11,3,logistic_regression,word,0.1,0.05,emotion_aware,0.7115384615384616,0.7115384615384616,0.7115384615384616,0.7115384615384616,0.7115384615384616,0.7115384615384616
factors_finance,1,11,3,logistic_regression,word,0.1,0.1,emotion_aware,0.6442307692307693,0.6442307692307692,0.6595744680851063,0.5961538461538461,0.6262626262626263,0.6434065424891113
factors_finance,1,11,3,logistic_regression,word,0.1,0.25,emotion_aware,0.5576923076923077,0.5576923076923077,0.5625,0.5192307692307693,0.54,0.557037037037037
factors_finance,1,11,3,logistic_regression,word,0.1,0.5,emotion_aware,0.5865384615384616,0.5865384615384616,0.6,0.5192307692307693,0.5567010309278351,0.5846568217702238
factors_finance,1,11,3,logistic_regression,word,0.1,1.0,emotion_aware,0.5961538461538461,0.5961538461538461,0.5961538461538461,0.5961538461538461,0.5961538461538461,0.5961538461538461
factors_finance,1,11,3,logistic_regression,word,1.0,0.0,text_only,0.7307692307692307,0.7307692307692308,0.7142857142857143,0.7692307692307693,0.7407407407407407,0.7303703703703703
factors_finance,1,11,3,logistic_regression,word,1.0,0.05,emotion_aware,0.6923076923076923,0.6923076923076923,0.6785714285714286,0.7307692307692307,0.7037037037037037,0.6918518518518519
factors_finance,1,11,3,logistic_regression,word,1.0,0.1,emotion_aware,0.6923076923076923,0.6923076923076923,0.6785714285714286,0.7307692307692307,0.7037037037037037,0.6918518518518519
factors_finance,1,11,3,logistic_regression,word,1.0,0.25,emotion_aware,0.7019230769230769,0.7019230769230769,0.6909090909090909,0.7307692307692307,0.7102803738317757,0.7016748403812343
factors_finance,1,11,3,logistic_regression,word,1.0,0.5,emotion_aware,0.7019230769230769,0.7019230769230769,0.6909090909090909,0.7307692307692307,0.7102803738317757,0.7016748403812343
factors_finance,1,11,3,logistic_regression,word,1.0,1.0,emotion_aware,0.6730769230769231,0.6730769230769231,0.6607142857142857,0.7115384615384616,0.6851851851851852,0.6725925925925926
factors_finance,1,11,3,logistic_regression,word,10.0,0.0,text_only,0.7019230769230769,0.7019230769230769,0.6981132075471698,0.7115384615384616,0.7047619047619048,0.7018955154877485
factors_finance,1,11,3,logistic_regression,word,10.0,0.05,emotion_aware,0.6826923076923077,0.6826923076923077,0.6862745098039216,0.6730769230769231,0.6796116504854369,0.6826629680998613
factors_finance,1,11,3,logistic_regression,word,10.0,0.1,emotion_aware,0.6730769230769231,0.6730769230769231,0.6666666666666666,0.6923076923076923,0.6792452830188679,0.6729559748427673
factors_finance,1,11,3,logistic_regression,word,10.0,0.25,emotion_aware,0.6826923076923077,0.6826923076923077,0.6792452830188679,0.6923076923076923,0.6857142857142857,0.6826629680998613
factors_finance,1,11,3,logistic_regression,word,10.0,0.5,emotion_aware,0.6634615384615384,0.6634615384615385,0.660377358490566,0.6730769230769231,0.6666666666666666,0.6634304207119741
factors_finance,1,11,3,logistic_regression,word,10.0,1.0,emotion_aware,0.6730769230769231,0.6730769230769231,0.6666666666666666,0.6923076923076923,0.6792452830188679,0.6729559748427673
factors_finance,1,11,3,logistic_regression,word_char,0.1,0.0,text_only,0.6923076923076923,0.6923076923076923,0.6923076923076923,0.6923076923076923,0.6923076923076923,0.6923076923076923
factors_finance,1,11,3,logistic_regression,word_char,0.1,0.05,emotion_aware,0.6923076923076923,0.6923076923076923,0.6851851851851852,0.7115384615384616,0.6981132075471698,0.6921938586755456
factors_finance,1,11,3,logistic_regression,word_char,0.1,0.1,emotion_aware,0.6730769230769231,0.6730769230769231,0.68,0.6538461538461539,0.6666666666666666,0.6729559748427673
factors_finance,1,11,3,logistic_regression,word_char,0.1,0.25,emotion_aware,0.6057692307692307,0.6057692307692307,0.6122448979591837,0.5769230769230769,0.594059405940594,0.605440917923568
factors_finance,1,11,3,logistic_regression,word_char,0.1,0.5,emotion_aware,0.6057692307692307,0.6057692307692307,0.6122448979591837,0.5769230769230769,0.594059405940594,0.605440917923568
factors_finance,1,11,3,logistic_regression,word_char,0.1,1.0,emotion_aware,0.5961538461538461,0.5961538461538461,0.6,0.5769230769230769,0.5882352941176471,0.5960044395116537
factors_finance,1,11,3,logistic_regression,word_char,1.0,0.0,text_only,0.7115384615384616,0.7115384615384615,0.7037037037037037,0.7307692307692307,0.7169811320754716,0.7114317425083241
factors_finance,1,11,3,logistic_regression,word_char,1.0,0.05,emotion_aware,0.7019230769230769,0.7019230769230769,0.7058823529411765,0.6923076923076923,0.6990291262135923,0.7018955154877485
factors_finance,1,11,3,logistic_regression,word_char,1.0,0.1,emotion_aware,0.6923076923076923,0.6923076923076923,0.6923076923076923,0.6923076923076923,0.6923076923076923,0.6923076923076923
factors_finance,1,11,3,logistic_regression,word_char,1.0,0.25,emotion_aware,0.6923076923076923,0.6923076923076923,0.6851851851851852,0.7115384615384616,0.6981132075471698,0.6921938586755456
factors_finance,1,11,3,logistic_regression,word_char,1.0,0.5,emotion_aware,0.6730769230769231,0.6730769230769231,0.6666666666666666,0.6923076923076923,0.6792452830188679,0.6729559748427673
factors_finance,1,11,3,logistic_regression,word_char,1.0,1.0,emotion_aware,0.6730769230769231,0.6730769230769231,0.6607142857142857,0.7115384615384616,0.6851851851851852,0.6725925925925926
factors_finance,1,11,3,logistic_regression,word_char,10.0,0.0,text_only,0.6538461538461539,0.6538461538461539,0.66,0.6346153846153846,0.6470588235294118,0.6537180910099889
factors_finance,1,11,3,logistic_regression,word_char,10.0,0.05,emotion_aware,0.6442307692307693,0.6442307692307692,0.6470588235294118,0.6346153846153846,0.6407766990291263,0.644197873324087
factors_finance,1,11,3,logistic_regression,word_char,10.0,0.1,emotion_aware,0.6538461538461539,0.6538461538461539,0.66,0.6346153846153846,0.6470588235294118,0.6537180910099889
factors_finance,1,11,3,logistic_regression,word_char,10.0,0.25,emotion_aware,0.6442307692307693,0.6442307692307693,0.6530612244897959,0.6153846153846154,0.6336633663366337,0.6439344869066346
factors_finance,1,11,3,logistic_regression,word_char,10.0,0.5,emotion_aware,0.6634615384615384,0.6634615384615385,0.6666666666666666,0.6538461538461539,0.6601941747572816,0.6634304207119741
factors_finance,1,11,3,logistic_regression,word_char,10.0,1.0,emotion_aware,0.6826923076923077,0.6826923076923077,0.6792452830188679,0.6923076923076923,0.6857142857142857,0.6826629680998613
factors_finance,1,11,3,linear_svm,word,0.1,0.0,text_only,0.7211538461538461,0.7211538461538461,0.7090909090909091,0.75,0.7289719626168224,0.7209216248727677
factors_finance,1,11,3,linear_svm,word,0.1,0.05,emotion_aware,0.6826923076923077,0.6826923076923077,0.6666666666666666,0.7307692307692307,0.6972477064220184,0.6819571865443426
factors_finance,1,11,3,linear_svm,word,0.1,0.1,emotion_aware,0.6923076923076923,0.6923076923076923,0.6785714285714286,0.7307692307692307,0.7037037037037037,0.6918518518518519
factors_finance,1,11,3,linear_svm,word,0.1,0.25,emotion_aware,0.7019230769230769,0.7019230769230769,0.6909090909090909,0.7307692307692307,0.7102803738317757,0.7016748403812343
factors_finance,1,11,3,linear_svm,word,0.1,0.5,emotion_aware,0.7019230769230769,0.7019230769230769,0.6909090909090909,0.7307692307692307,0.7102803738317757,0.7016748403812343
factors_finance,1,11,3,linear_svm,word,0.1,1.0,emotion_aware,0.6730769230769231,0.6730769230769231,0.6607142857142857,0.7115384615384616,0.6851851851851852,0.6725925925925926
factors_finance,1,11,3,linear_svm,word,1.0,0.0,text_only,0.7019230769230769,0.7019230769230769,0.6981132075471698,0.7115384615384616,0.7047619047619048,0.7018955154877485
factors_finance,1,11,3,linear_svm,word,1.0,0.05,emotion_aware,0.6634615384615384,0.6634615384615384,0.673469387755102,0.6346153846153846,0.6534653465346535,0.6631812713981678
factors_finance,1,11,3,linear_svm,word,1.0,0.1,emotion_aware,0.6923076923076923,0.6923076923076923,0.6923076923076923,0.6923076923076923,0.6923076923076923,0.6923076923076923
factors_finance,1,11,3,linear_svm,word,1.0,0.25,emotion_aware,0.6730769230769231,0.6730769230769231,0.6666666666666666,0.6923076923076923,0.6792452830188679,0.6729559748427673
factors_finance,1,11,3,linear_svm,word,1.0,0.5,emotion_aware,0.6634615384615384,0.6634615384615385,0.660377358490566,0.6730769230769231,0.6666666666666666,0.6634304207119741
factors_finance,1,11,3,linear_svm,word,1.0,1.0,emotion_aware,0.6634615384615384,0.6634615384615385,0.660377358490566,0.6730769230769231,0.6666666666666666,0.6634304207119741
factors_finance,1,11,3,linear_svm,word,10.0,0.0,text_only,0.6634615384615384,0.6634615384615384,0.673469387755102,0.6346153846153846,0.6534653465346535,0.6631812713981678
factors_finance,1,11,3,linear_svm,word,10.0,0.05,emotion_aware,0.6730769230769231,0.6730769230769231,0.68,0.6538461538461539,0.6666666666666666,0.6729559748427673
factors_finance,1,11,3,linear_svm,word,10.0,0.1,emotion_aware,0.6538461538461539,0.6538461538461539,0.66,0.6346153846153846,0.6470588235294118,0.6537180910099889
factors_finance,1,11,3,linear_svm,word,10.0,0.25,emotion_aware,0.6538461538461539,0.6538461538461539,0.66,0.6346153846153846,0.6470588235294118,0.6537180910099889
factors_finance,1,11,3,linear_svm,word,10.0,0.5,emotion_aware,0.6538461538461539,0.6538461538461539,0.6538461538461539,0.6538461538461539,0.6538461538461539,0.6538461538461539
factors_finance,1,11,3,linear_svm,word,10.0,1.0,emotion_aware,0.6538461538461539,0.6538461538461539,0.6538461538461539,0.6538461538461539,0.6538461538461539,0.6538461538461539
factors_finance,1,11,3,linear_svm,word_char,0.1,0.0,text_only,0.7115384615384616,0.7115384615384615,0.7037037037037037,0.7307692307692307,0.7169811320754716,0.7114317425083241
factors_finance,1,11,3,linear_svm,word_char,0.1,0.05,emotion_aware,0.6923076923076923,0.6923076923076923,0.7,0.6730769230769231,0.6862745098039216,0.6921938586755456
factors_finance,1,11,3,linear_svm,word_char,0.1,0.1,emotion_aware,0.6923076923076923,0.6923076923076923,0.6923076923076923,0.6923076923076923,0.6923076923076923,0.6923076923076923
factors_finance,1,11,3,linear_svm,word_char,0.1,0.25,emotion_aware,0.7019230769230769,0.7019230769230769,0.6981132075471698,0.7115384615384616,0.7047619047619048,0.7018955154877485
factors_finance,1,11,3,linear_svm,word_char,0.1,0.5,emotion_aware,0.6730769230769231,0.6730769230769231,0.6666666666666666,0.6923076923076923,0.6792452830188679,0.6729559748427673
factors_finance,1,11,3,linear_svm,word_char,0.1,1.0,emotion_aware,0.6730769230769231,0.6730769230769231,0.6607142857142857,0.7115384615384616,0.6851851851851852,0.6725925925925926
factors_finance,1,11,3,linear_svm,word_char,1.0,0.0,text_only,0.6923076923076923,0.6923076923076923,0.6851851851851852,0.7115384615384616,0.6981132075471698,0.6921938586755456
factors_finance,1,11,3,linear_svm,word_char,1.0,0.05,emotion_aware,0.6346153846153846,0.6346153846153846,0.6458333333333334,0.5961538461538461,0.62,0.634074074074074
factors_finance,1,11,3,linear_svm,word_char,1.0,0.1,emotion_aware,0.6538461538461539,0.6538461538461539,0.6666666666666666,0.6153846153846154,0.64,0.6533333333333333
factors_finance,1,11,3,linear_svm,word_char,1.0,0.25,emotion_aware,0.6538461538461539,0.6538461538461539,0.66,0.6346153846153846,0.6470588235294118,0.6537180910099889
factors_finance,1,11,3,linear_svm,word_char,1.0,0.5,emotion_aware,0.6538461538461539,0.6538461538461539,0.66,0.6346153846153846,0.6470588235294118,0.6537180910099889
factors_finance,1,11,3,linear_svm,word_char,1.0,1.0,emotion_aware,0.6634615384615384,0.6634615384615385,0.6666666666666666,0.6538461538461539,0.6601941747572816,0.6634304207119741
factors_finance,1,11,3,linear_svm,word_char,10.0,0.0,text_only,0.6634615384615384,0.6634615384615385,0.6666666666666666,0.6538461538461539,0.6601941747572816,0.6634304207119741
factors_finance,1,11,3,linear_svm,word_char,10.0,0.05,emotion_aware,0.6634615384615384,0.6634615384615385,0.6808510638297872,0.6153846153846154,0.6464646464646465,0.662681864516727
factors_finance,1,11,3,linear_svm,word_char,10.0,0.1,emotion_aware,0.6442307692307693,0.6442307692307692,0.6595744680851063,0.5961538461538461,0.6262626262626263,0.6434065424891113
factors_finance,1,11,3,linear_svm,word_char,10.0,0.25,emotion_aware,0.6442307692307693,0.6442307692307693,0.6530612244897959,0.6153846153846154,0.6336633663366337,0.6439344869066346
factors_finance,1,11,3,linear_svm,word_char,10.0,0.5,emotion_aware,0.6346153846153846,0.6346153846153846,0.64,0.6153846153846154,0.6274509803921569,0.6344802071772104
factors_finance,1,11,3,linear_svm,word_char,10.0,1.0,emotion_aware,0.6442307692307693,0.6442307692307693,0.6530612244897959,0.6153846153846154,0.6336633663366337,0.6439344869066346
factors_finance,1,11,4,logistic_regression,word,0.1,0.0,text_only,0.5576923076923077,0.5576923076923077,0.5652173913043478,0.5,0.5306122448979592,0.5562152133580704
factors_finance,1,11,4,logistic_regression,word,0.1,0.05,emotion_aware,0.5961538461538461,0.5961538461538461,0.6,0.5769230769230769,0.5882352941176471,0.5960044395116537
factors_finance,1,11,4,logistic_regression,word,0.1,0.1,emotion_aware,0.5769230769230769,0.5769230769230769,0.5909090909090909,0.5,0.5416666666666666,0.5744047619047619
factors_finance,1,11,4,logistic_regression,word,0.1,0.25,emotion_aware,0.5384615384615384,0.5384615384615385,0.5526315789473685,0.40384615384615385,0.4666666666666667,0.5299435028248587
factors_finance,1,11,4,logistic_regression,word,0.1,0.5,emotion_aware,0.5288461538461539,0.5288461538461539,0.5306122448979592,0.5,0.5148514851485149,0.5284537799574349
factors_finance,1,11,4,logistic_regression,word,0.1,1.0,emotion_aware,0.5384615384615384,0.5384615384615384,0.5416666666666666,0.5,0.52,0.5377777777777778
factors_finance,1,11,4,logistic_regression,word,1.0,0.0,text_only,0.5576923076923077,0.5576923076923077,0.5625,0.5192307692307693,0.54,0.557037037037037
factors_finance,1,11,4,logistic_regression,word,1.0,0.05,emotion_aware,0.5865384615384616,0.5865384615384616,0.5918367346938775,0.5576923076923077,0.5742574257425742,0.5861941334320347
factors_finance,1,11,4,logistic_regression,word,1.0,0.1,emotion_aware,0.5961538461538461,0.5961538461538461,0.6086956521739131,0.5384615384615384,0.5714285714285714,0.5948051948051948
factors_finance,1,11,4,logistic_regression,word,1.0,0.25,emotion_aware,0.5576923076923077,0.5576923076923077,0.5681818181818182,0.4807692307692308,0.5208333333333334,0.5550595238095238
factors_finance,1,11,4,logistic_regression,word,1.0,0.5,emotion_aware,0.5576923076923077,0.5576923076923077,0.5625,0.5192307692307693,0.54,0.557037037037037
factors_finance,1,11,4,logistic_regression,word,1.0,1.0,emotion_aware,0.5576923076923077,0.5576923076923077,0.5625,0.5192307692307693,0.54,0.557037037037037
factors_finance,1,11,4,logistic_regression,word,10.0,0.0,text_only,0.5673076923076923,0.5673076923076923,0.574468085106383,0.5192307692307693,0.5454545454545454,0.5663052543786489
factors_finance,1,11,4,logistic_regression,word,10.0,0.05,emotion_aware,0.5865384615384616,0.5865384615384616,0.5918367346938775,0.5576923076923077,0.5742574257425742,0.5861941334320347
factors_finance,1,11,4,logistic_regression,word,10.0,0.1,emotion_aware,0.5865384615384616,0.5865384615384615,0.5957446808510638,0.5384615384615384,0.5656565656565656,0.5855805764062645
factors_finance,1,11,4,logistic_regression,word,10.0,0.25,emotion_aware,0.6153846153846154,0.6153846153846154,0.6304347826086957,0.5576923076923077,0.5918367346938775,0.6141001855287569
factors_finance,1,11,4,logistic_regression,word,10.0,0.5,emotion_aware,0.6153846153846154,0.6153846153846154,0.6304347826086957,0.5576923076923077,0.5918367346938775,0.6141001855287569
factors_finance,1,11,4,logistic_regression,word,10.0,1.0,emotion_aware,0.6153846153846154,0.6153846153846154,0.6304347826086957,0.5576923076923077,0.5918367346938775,0.6141001855287569
factors_finance,1,11,4,logistic_regression,word_char,0.1,0.0,text_only,0.5961538461538461,0.5961538461538461,0.6041666666666666,0.5576923076923077,0.58,0.5955555555555556
factors_finance,1,11,4,logistic_regression,word_char,0.1,0.05,emotion_aware,0.6057692307692307,0.6057692307692307,0.6122448979591837,0.5769230769230769,0.594059405940594,0.605440917923568
factors_finance,1,11,4,logistic_regression,word_char,0.1,0.1,emotion_aware,0.5961538461538461,0.5961538461538463,0.6136363636363636,0.5192307692307693,0.5625,0.59375
factors_finance,1,11,4,logistic_regression,word_char,0.1,0.25,emotion_aware,0.5576923076923077,0.5576923076923077,0.5714285714285714,0.46153846153846156,0.5106382978723404,0.5535647629712579
factors_finance,1,11,4,logistic_regression,word_char,0.1,0.5,emotion_aware,0.5288461538461539,0.5288461538461539,0.5306122448979592,0.5,0.5148514851485149,0.5284537799574349
factors_finance,1,11,4,logistic_regression,word_char,0.1,1.0,emotion_aware,0.5480769230769231,0.5480769230769231,0.5531914893617021,0.5,0.5252525252525253,0.5470299323510333
factors_finance,1,11,4,logistic_regression,word_char,1.0,0.0,text_only,0.5865384615384616,0.5865384615384616,0.6,0.5192307692307693,0.5567010309278351,0.5846568217702238
factors_finance,1,11,4,logistic_regression,word_char,1.0,0.05,emotion_aware,0.6057692307692307,0.6057692307692308,0.6170212765957447,0.5576923076923077,0.5858585858585859,0.6048558984338801
factors_finance,1,11,4,logistic_regression,word_char,1.0,0.1,emotion_aware,0.5961538461538461,0.5961538461538461,0.6086956521739131,0.5384615384615384,0.5714285714285714,0.5948051948051948
factors_finance,1,11,4,logistic_regression,word_char,1.0,0.25,emotion_aware,0.5673076923076923,0.5673076923076923,0.5777777777777777,0.5,0.5360824742268041,0.5653385344106994
factors_finance,1,11,4,logistic_regression,word_char,1.0,0.5,emotion_aware,0.5673076923076923,0.5673076923076923,0.5777777777777777,0.5,0.5360824742268041,0.5653385344106994
factors_finance,1,11,4,logistic_regression,word_char,1.0,1.0,emotion_aware,0.5384615384615384,0.5384615384615384,0.5416666666666666,0.5,0.52,0.5377777777777778
factors_finance,1,11,4,logistic_regression,word_char,10.0,0.0,text_only,0.6153846153846154,0.6153846153846154,0.62,0.5961538461538461,0.6078431372549019,0.6152423233444321
factors_finance,1,11,4,logistic_regression,word_char,10.0,0.05,emotion_aware,0.6057692307692307,0.6057692307692307,0.6122448979591837,0.5769230769230769,0.594059405940594,0.605440917923568
factors_finance,1,11,4,logistic_regression,word_char,10.0,0.1,emotion_aware,0.5769230769230769,0.5769230769230769,0.5833333333333334,0.5384615384615384,0.56,0.5762962962962963
factors_finance,1,11,4,logistic_regression,word_char,10.0,0.25,emotion_aware,0.5576923076923077,0.5576923076923077,0.5625,0.5192307692307693,0.54,0.557037037037037
factors_finance,1,11,4,logistic_regression,word_char,10.0,0.5,emotion_aware,0.5769230769230769,0.5769230769230769,0.5833333333333334,0.5384615384615384,0.56,0.5762962962962963
factors_finance,1,11,4,logistic_regression,word_char,10.0,1.0,emotion_aware,0.5769230769230769,0.5769230769230769,0.5833333333333334,0.5384615384615384,0.56,0.5762962962962963
factors_finance,1,11,4,linear_svm,word,0.1,0.0,text_only,0.5576923076923077,0.5576923076923077,0.5625,0.5192307692307693,0.54,0.557037037037037
factors_finance,1,11,4,linear_svm,word,0.1,0.05,emotion_aware,0.5961538461538461,0.5961538461538461,0.6041666666666666,0.5576923076923077,0.58,0.5955555555555556
factors_finance,1,11,4,linear_svm,word,0.1,0.1,emotion_aware,0.5865384615384616,0.5865384615384616,0.6,0.5192307692307693,0.5567010309278351,0.5846568217702238
factors_finance,1,11,4,linear_svm,word,0.1,0.25,emotion_aware,0.5576923076923077,0.5576923076923077,0.5681818181818182,0.4807692307692308,0.5208333333333334,0.5550595238095238
factors_finance,1,11,4,linear_svm,word,0.1,0.5,emotion_aware,0.5576923076923077,0.5576923076923077,0.5625,0.5192307692307693,0.54,0.557037037037037
factors_finance,1,11,4,linear_svm,word,0.1,1.0,emotion_aware,0.5576923076923077,0.5576923076923077,0.5625,0.5192307692307693,0.54,0.557037037037037
factors_finance,1,11,4,linear_svm,word,1.0,0.0,text_only,0.5865384615384616,0.5865384615384616,0.5918367346938775,0.5576923076923077,0.5742574257425742,0.5861941334320347
factors_finance,1,11,4,linear_svm,word,1.0,0.05,emotion_aware,0.5865384615384616,0.5865384615384616,0.5918367346938775,0.5576923076923077,0.5742574257425742,0.5861941334320347
factors_finance,1,11,4,linear_svm,word,1.0,0.1,emotion_aware,0.6057692307692307,0.6057692307692308,0.6170212765957447,0.5576923076923077,0.5858585858585859,0.6048558984338801
factors_finance,1,11,4,linear_svm,word,1.0,0.25,emotion_aware,0.6153846153846154,0.6153846153846154,0.6363636363636364,0.5384615384615384,0.5833333333333334,0.6130952380952381
factors_finance,1,11,4,linear_svm,word,1.0,0.5,emotion_aware,0.6057692307692307,0.6057692307692308,0.6222222222222222,0.5384615384615384,0.5773195876288659,0.6039751091297483
factors_finance,1,11,4,linear_svm,word,1.0,1.0,emotion_aware,0.6057692307692307,0.6057692307692308,0.6222222222222222,0.5384615384615384,0.5773195876288659,0.6039751091297483
factors_finance,1,11,4,linear_svm,word,10.0,0.0,text_only,0.5673076923076923,0.5673076923076923,0.5660377358490566,0.5769230769230769,0.5714285714285714,0.5672676837725381
factors_finance,1,11,4,linear_svm,word,10.0,0.05,emotion_aware,0.5769230769230769,0.5769230769230769,0.5769230769230769,0.5769230769230769,0.5769230769230769,0.5769230769230769
factors_finance,1,11,4,linear_svm,word,10.0,0.1,emotion_aware,0.5769230769230769,0.5769230769230769,0.58,0.5576923076923077,0.5686274509803921,0.5767665556788752
factors_finance,1,11,4,linear_svm,word,10.0,0.25,emotion_aware,0.5865384615384616,0.5865384615384616,0.5918367346938775,0.5576923076923077,0.5742574257425742,0.5861941334320347
factors_finance,1,11,4,linear_svm,word,10.0,0.5,emotion_aware,0.5961538461538461,0.5961538461538461,0.6,0.5769230769230769,0.5882352941176471,0.5960044395116537
factors_finance,1,11,4,linear_svm,word,10.0,1.0,emotion_aware,0.6057692307692307,0.6057692307692307,0.6122448979591837,0.5769230769230769,0.594059405940594,0.605440917923568
factors_finance,1,11,4,linear_svm,word_char,0.1,0.0,text_only,0.5865384615384616,0.5865384615384616,0.6,0.5192307692307693,0.5567010309278351,0.5846568217702238
factors_finance,1,11,4,linear_svm,word_char,0.1,0.05,emotion_aware,0.6057692307692307,0.6057692307692308,0.6170212765957447,0.5576923076923077,0.5858585858585859,0.6048558984338801
factors_finance,1,11,4,linear_svm,word_char,0.1,0.1,emotion_aware,0.6057692307692307,0.6057692307692308,0.6222222222222222,0.5384615384615384,0.5773195876288659,0.6039751091297483
factors_finance,1,11,4,linear_svm,word_char,0.1,0.25,emotion_aware,0.5673076923076923,0.5673076923076923,0.5777777777777777,0.5,0.5360824742268041,0.5653385344106994
factors_finance,1,11,4,linear_svm,word_char,0.1,0.5,emotion_aware,0.5480769230769231,0.5480769230769231,0.5531914893617021,0.5,0.5252525252525253,0.5470299323510333
factors_finance,1,11,4,linear_svm,word_char,0.1,1.0,emotion_aware,0.5288461538461539,0.5288461538461539,0.5319148936170213,0.4807692307692308,0.5050505050505051,0.5277546103234176
factors_finance,1,11,4,linear_svm,word_char,1.0,0.0,text_only,0.5961538461538461,0.5961538461538461,0.5961538461538461,0.5961538461538461,0.5961538461538461,0.5961538461538461
factors_finance,1,11,4,linear_svm,word_char,1.0,0.05,emotion_aware,0.5865384615384616,0.5865384615384616,0.5918367346938775,0.5576923076923077,0.5742574257425742,0.5861941334320347
factors_finance,1,11,4,linear_svm,word_char,1.0,0.1,emotion_aware,0.5769230769230769,0.5769230769230769,0.5833333333333334,0.5384615384615384,0.56,0.5762962962962963
factors_finance,1,11,4,linear_svm,word_char,1.0,0.25,emotion_aware,0.5673076923076923,0.5673076923076923,0.574468085106383,0.5192307692307693,0.5454545454545454,0.5663052543786489
factors_finance,1,11,4,linear_svm,word_char,1.0,0.5,emotion_aware,0.5576923076923077,0.5576923076923077,0.5652173913043478,0.5,0.5306122448979592,0.5562152133580704
factors_finance,1,11,4,linear_svm,word_char,1.0,1.0,emotion_aware,0.5576923076923077,0.5576923076923077,0.5652173913043478,0.5,0.5306122448979592,0.5562152133580704
factors_finance,1,11,4,linear_svm,word_char,10.0,0.0,text_only,0.5673076923076923,0.5673076923076923,0.574468085106383,0.5192307692307693,0.5454545454545454,0.5663052543786489
factors_finance,1,11,4,linear_svm,word_char,10.0,0.05,emotion_aware,0.5769230769230769,0.5769230769230769,0.58,0.5576923076923077,0.5686274509803921,0.5767665556788752
factors_finance,1,11,4,linear_svm,word_char,10.0,0.1,emotion_aware,0.5961538461538461,0.5961538461538461,0.6,0.5769230769230769,0.5882352941176471,0.5960044395116537
factors_finance,1,11,4,linear_svm,word_char,10.0,0.25,emotion_aware,0.5865384615384616,0.5865384615384616,0.5918367346938775,0.5576923076923077,0.5742574257425742,0.5861941334320347
factors_finance,1,11,4,linear_svm,word_char,10.0,0.5,emotion_aware,0.5865384615384616,0.5865384615384616,0.5918367346938775,0.5576923076923077,0.5742574257425742,0.5861941334320347
factors_finance,1,11,4,linear_svm,word_char,10.0,1.0,emotion_aware,0.5865384615384616,0.5865384615384616,0.5918367346938775,0.5576923076923077,0.5742574257425742,0.5861941334320347
factors_finance,1,11,5,logistic_regression,word,0.1,0.0,text_only,0.6153846153846154,0.6153846153846154,0.6153846153846154,0.6153846153846154,0.6153846153846154,0.6153846153846154
factors_finance,1,11,5,logistic_regression,word,0.1,0.05,emotion_aware,0.625,0.625,0.6226415094339622,0.6346153846153846,0.6285714285714286,0.6249653259361997
factors_finance,1,11,5,logistic_regression,word,0.1,0.1,emotion_aware,0.6538461538461539,0.6538461538461539,0.6538461538461539,0.6538461538461539,0.6538461538461539,0.6538461538461539
factors_finance,1,11,5,logistic_regression,word,0.1,0.25,emotion_aware,0.5961538461538461,0.5961538461538461,0.5862068965517241,0.6538461538461539,0.6181818181818182,0.5948051948051948
factors_finance,1,11,5,logistic_regression,word,0.1,0.5,emotion_aware,0.5673076923076923,0.5673076923076923,0.559322033898305,0.6346153846153846,0.5945945945945946,0.5653385344106994
factors_finance,1,11,5,logistic_regression,word,0.1,1.0,emotion_aware,0.5288461538461539,0.5288461538461539,0.5254237288135594,0.5961538461538461,0.5585585585585585,0.5267019596916505
factors_finance,1,11,5,logistic_regression,word,1.0,0.0,text_only,0.625,0.625,0.6226415094339622,0.6346153846153846,0.6285714285714286,0.6249653259361997
factors_finance,1,11,5,logistic_regression,word,1.0,0.05,emotion_aware,0.6346153846153846,0.6346153846153846,0.6346153846153846,0.6346153846153846,0.6346153846153846,0.6346153846153846
factors_finance,1,11,5,logistic_regression,word,1.0,0.1,emotion_aware,0.6346153846153846,0.6346153846153846,0.6296296296296297,0.6538461538461539,0.6415094339622641,0.6344802071772104
factors_finance,1,11,5,logistic_regression,word,1.0,0.25,emotion_aware,0.6153846153846154,0.6153846153846154,0.6111111111111112,0.6346153846153846,0.6226415094339622,0.6152423233444321
factors_finance,1,11,5,logistic_regression,word,1.0,0.5,emotion_aware,0.625,0.625,0.6181818181818182,0.6538461538461539,0.6355140186915887,0.6246877024151013
factors_finance,1,11,5,logistic_regression,word,1.0,1.0,emotion_aware,0.6057692307692307,0.6057692307692308,0.5964912280701754,0.6538461538461539,0.6238532110091743,0.6048558984338801
factors_finance,1,11,5,logistic_regression,word,10.0,0.0,text_only,0.6153846153846154,0.6153846153846154,0.6111111111111112,0.6346153846153846,0.6226415094339622,0.6152423233444321
factors_finance,1,11,5,logistic_regression,word,10.0,0.05,emotion_aware,0.625,0.625,0.6181818181818182,0.6538461538461539,0.6355140186915887,0.6246877024151013
factors_finance,1,11,5,logistic_regression,word,10.0,0.1,emotion_aware,0.625,0.625,0.6181818181818182,0.6538461538461539,0.6355140186915887,0.6246877024151013
factors_finance,1,11,5,logistic_regression,word,10.0,0.25,emotion_aware,0.6153846153846154,0.6153846153846154,0.6111111111111112,0.6346153846153846,0.6226415094339622,0.6152423233444321
factors_finance,1,11,5,logistic_regression,word,10.0,0.5,emotion_aware,0.6057692307692307,0.6057692307692307,0.6,0.6346153846153846,0.616822429906542,0.605440917923568
factors_finance,1,11,5,logistic_regression,word,10.0,1.0,emotion_aware,0.6153846153846154,0.6153846153846154,0.6071428571428571,0.6538461538461539,0.6296296296296297,0.6148148148148148
factors_finance,1,11,5,logistic_regression,word_char,0.1,0.0,text_only,0.6057692307692307,0.6057692307692308,0.5964912280701754,0.6538461538461539,0.6238532110091743,0.6048558984338801
factors_finance,1,11,5,logistic_regression,word_char,0.1,0.05,emotion_aware,0.5769230769230769,0.5769230769230769,0.5689655172413793,0.6346153846153846,0.6,0.5755102040816327
factors_finance,1,11,5,logistic_regression,word_char,0.1,0.1,emotion_aware,0.6153846153846154,0.6153846153846154,0.6071428571428571,0.6538461538461539,0.6296296296296297,0.6148148148148148
factors_finance,1,11,5,logistic_regression,word_char,0.1,0.25,emotion_aware,0.6538461538461539,0.6538461538461539,0.6379310344827587,0.7115384615384616,0.6727272727272727,0.6526901669758813
factors_finance,1,11,5,logistic_regression,word_char,0.1,0.5,emotion_aware,0.5961538461538461,0.5961538461538463,0.5833333333333334,0.6730769230769231,0.625,0.59375
factors_finance,1,11,5,logistic_regression,word_char,0.1,1.0,emotion_aware,0.5480769230769231,0.5480769230769231,0.5409836065573771,0.6346153846153846,0.584070796460177,0.5446669771774569
factors_finance,1,11,5,logistic_regression,word_char,1.0,0.0,text_only,0.5769230769230769,0.5769230769230769,0.5689655172413793,0.6346153846153846,0.6,0.5755102040816327
factors_finance,1,11,5,logistic_regression,word_char,1.0,0.05,emotion_aware,0.6153846153846154,0.6153846153846154,0.6071428571428571,0.6538461538461539,0.6296296296296297,0.6148148148148148
factors_finance,1,11,5,logistic_regression,word_char,1.0,0.1,emotion_aware,0.6057692307692307,0.6057692307692308,0.5932203389830508,0.6730769230769231,0.6306306306306306,0.6039751091297483
factors_finance,1,11,5,logistic_regression,word_char,1.0,0.25,emotion_aware,0.6057692307692307,0.6057692307692308,0.5932203389830508,0.6730769230769231,0.6306306306306306,0.6039751091297483
factors_finance,1,11,5,logistic_regression,word_char,1.0,0.5,emotion_aware,0.5865384615384616,0.5865384615384615,0.5789473684210527,0.6346153846153846,0.6055045871559633,0.5855805764062645
factors_finance,1,11,5,logistic_regression,word_char,1.0,1.0,emotion_aware,0.5961538461538461,0.5961538461538461,0.5892857142857143,0.6346153846153846,0.6111111111111112,0.5955555555555556
factors_finance,1,11,5,logistic_regression,word_char,10.0,0.0,text_only,0.6057692307692307,0.6057692307692308,0.5964912280701754,0.6538461538461539,0.6238532110091743,0.6048558984338801
factors_finance,1,11,5,logistic_regression,word_char,10.0,0.05,emotion_aware,0.6153846153846154,0.6153846153846154,0.6071428571428571,0.6538461538461539,0.6296296296296297,0.6148148148148148
factors_finance,1,11,5,logistic_regression,word_char,10.0,0.1,emotion_aware,0.6153846153846154,0.6153846153846154,0.603448275862069,0.6730769230769231,0.6363636363636364,0.6141001855287569
factors_finance,1,11,5,logistic_regression,word_char,10.0,0.25,emotion_aware,0.5961538461538461,0.5961538461538461,0.5806451612903226,0.6923076923076923,0.631578947368421,0.5923852183650615
factors_finance,1,11,5,logistic_regression,word_char,10.0,0.5,emotion_aware,0.5961538461538461,0.5961538461538463,0.5833333333333334,0.6730769230769231,0.625,0.59375
factors_finance,1,11,5,logistic_regression,word_char,10.0,1.0,emotion_aware,0.6057692307692307,0.6057692307692308,0.5932203389830508,0.6730769230769231,0.6306306306306306,0.6039751091297483
factors_finance,1,11,5,linear_svm,word,0.1,0.0,text_only,0.6346153846153846,0.6346153846153846,0.6346153846153846,0.6346153846153846,0.6346153846153846,0.6346153846153846
factors_finance,1,11,5,linear_svm,word,0.1,0.05,emotion_aware,0.6538461538461539,0.6538461538461539,0.6481481481481481,0.6730769230769231,0.660377358490566,0.6537180910099889
factors_finance,1,11,5,linear_svm,word,0.1,0.1,emotion_aware,0.625,0.625,0.6226415094339622,0.6346153846153846,0.6285714285714286,0.6249653259361997
factors_finance,1,11,5,linear_svm,word,0.1,0.25,emotion_aware,0.625,0.625,0.6181818181818182,0.6538461538461539,0.6355140186915887,0.6246877024151013
factors_finance,1,11,5,linear_svm,word,0.1,0.5,emotion_aware,0.6153846153846154,0.6153846153846154,0.6111111111111112,0.6346153846153846,0.6226415094339622,0.6152423233444321
factors_finance,1,11,5,linear_svm,word,0.1,1.0,emotion_aware,0.5961538461538461,0.5961538461538461,0.5862068965517241,0.6538461538461539,0.6181818181818182,0.5948051948051948
factors_finance,1,11,5,linear_svm,word,1.0,0.0,text_only,0.6057692307692307,0.6057692307692308,0.6037735849056604,0.6153846153846154,0.6095238095238096,0.6057327785483125
factors_finance,1,11,5,linear_svm,word,1.0,0.05,emotion_aware,0.6153846153846154,0.6153846153846154,0.6111111111111112,0.6346153846153846,0.6226415094339622,0.6152423233444321
factors_finance,1,11,5,linear_svm,word,1.0,0.1,emotion_aware,0.5961538461538461,0.5961538461538461,0.5925925925925926,0.6153846153846154,0.6037735849056604,0.5960044395116537
factors_finance,1,11,5,linear_svm,word,1.0,0.25,emotion_aware,0.5961538461538461,0.5961538461538461,0.5961538461538461,0.5961538461538461,0.5961538461538461,0.5961538461538461
factors_finance,1,11,5,linear_svm,word,1.0,0.5,emotion_aware,0.5673076923076923,0.5673076923076923,0.5660377358490566,0.5769230769230769,0.5714285714285714,0.5672676837725381
factors_finance,1,11,5,linear_svm,word,1.0,1.0,emotion_aware,0.5673076923076923,0.5673076923076923,0.5660377358490566,0.5769230769230769,0.5714285714285714,0.5672676837725381
factors_finance,1,11,5,linear_svm,word,10.0,0.0,text_only,0.5865384615384616,0.5865384615384616,0.5818181818181818,0.6153846153846154,0.5981308411214953,0.5861941334320347
factors_finance,1,11,5,linear_svm,word,10.0,0.05,emotion_aware,0.6057692307692307,0.6057692307692308,0.6037735849056604,0.6153846153846154,0.6095238095238096,0.6057327785483125
factors_finance,1,11,5,linear_svm,word,10.0,0.1,emotion_aware,0.625,0.625,0.6226415094339622,0.6346153846153846,0.6285714285714286,0.6249653259361997
factors_finance,1,11,5,linear_svm,word,10.0,0.25,emotion_aware,0.6057692307692307,0.6057692307692307,0.6,0.6346153846153846,0.616822429906542,0.605440917923568
factors_finance,1,11,5,linear_svm,word,10.0,0.5,emotion_aware,0.6057692307692307,0.6057692307692307,0.6,0.6346153846153846,0.616822429906542,0.605440917923568
factors_finance,1,11,5,linear_svm,word,10.0,1.0,emotion_aware,0.6057692307692307,0.6057692307692307,0.6,0.6346153846153846,0.616822429906542,0.605440917923568
factors_finance,1,11,5,linear_svm,word_char,0.1,0.0,text_only,0.5769230769230769,0.5769230769230769,0.5689655172413793,0.6346153846153846,0.6,0.5755102040816327
factors_finance,1,11,5,linear_svm,word_char,0.1,0.05,emotion_aware,0.6153846153846154,0.6153846153846154,0.6071428571428571,0.6538461538461539,0.6296296296296297,0.6148148148148148
factors_finance,1,11,5,linear_svm,word_char,0.1,0.1,emotion_aware,0.5961538461538461,0.5961538461538461,0.5862068965517241,0.6538461538461539,0.6181818181818182,0.5948051948051948
factors_finance,1,11,5,linear_svm,word_char,0.1,0.25,emotion_aware,0.5865384615384616,0.5865384615384615,0.5789473684210527,0.6346153846153846,0.6055045871559633,0.5855805764062645
factors_finance,1,11,5,linear_svm,word_char,0.1,0.5,emotion_aware,0.5961538461538461,0.5961538461538461,0.5892857142857143,0.6346153846153846,0.6111111111111112,0.5955555555555556
factors_finance,1,11,5,linear_svm,word_char,0.1,1.0,emotion_aware,0.5961538461538461,0.5961538461538461,0.5892857142857143,0.6346153846153846,0.6111111111111112,0.5955555555555556
factors_finance,1,11,5,linear_svm,word_char,1.0,0.0,text_only,0.6153846153846154,0.6153846153846154,0.603448275862069,0.6730769230769231,0.6363636363636364,0.6141001855287569
factors_finance,1,11,5,linear_svm,word_char,1.0,0.05,emotion_aware,0.6057692307692307,0.6057692307692308,0.5932203389830508,0.6730769230769231,0.6306306306306306,0.6039751091297483
factors_finance,1,11,5,linear_svm,word_char,1.0,0.1,emotion_aware,0.6153846153846154,0.6153846153846154,0.5967741935483871,0.7115384615384616,0.6491228070175439,0.6117954460619635
factors_finance,1,11,5,linear_svm,word_char,1.0,0.25,emotion_aware,0.625,0.625,0.6065573770491803,0.7115384615384616,0.6548672566371682,0.6221704704238472
factors_finance,1,11,5,linear_svm,word_char,1.0,0.5,emotion_aware,0.6057692307692307,0.6057692307692308,0.5873015873015873,0.7115384615384616,0.6434782608695652,0.6013090229079008
factors_finance,1,11,5,linear_svm,word_char,1.0,1.0,emotion_aware,0.6057692307692307,0.6057692307692308,0.5873015873015873,0.7115384615384616,0.6434782608695652,0.6013090229079008
factors_finance,1,11,5,linear_svm,word_char,10.0,0.0,text_only,0.6057692307692307,0.6057692307692308,0.5932203389830508,0.6730769230769231,0.6306306306306306,0.6039751091297483
factors_finance,1,11,5,linear_svm,word_char,10.0,0.05,emotion_aware,0.625,0.625,0.6140350877192983,0.6730769230769231,0.6422018348623854,0.6241312204614957
factors_finance,1,11,5,linear_svm,word_char,10.0,0.1,emotion_aware,0.6538461538461539,0.6538461538461539,0.6379310344827587,0.7115384615384616,0.6727272727272727,0.6526901669758813
factors_finance,1,11,5,linear_svm,word_char,10.0,0.25,emotion_aware,0.6538461538461539,0.6538461538461537,0.6333333333333333,0.7307692307692307,0.6785714285714286,0.6517857142857143
factors_finance,1,11,5,linear_svm,word_char,10.0,0.5,emotion_aware,0.6346153846153846,0.6346153846153846,0.6129032258064516,0.7307692307692307,0.6666666666666666,0.6312056737588652
factors_finance,1,11,5,linear_svm,word_char,10.0,1.0,emotion_aware,0.6346153846153846,0.6346153846153846,0.6129032258064516,0.7307692307692307,0.6666666666666666,0.6312056737588652
factors_finance,2,22,1,logistic_regression,word,0.1,0.0,text_only,0.7075471698113207,0.7075471698113207,0.7391304347826086,0.6415094339622641,0.6868686868686869,0.7062662018414231
factors_finance,2,22,1,logistic_regression,word,0.1,0.05,emotion_aware,0.6509433962264151,0.6509433962264151,0.6739130434782609,0.5849056603773585,0.6262626262626263,0.6494144989720212
factors_finance,2,22,1,logistic_regression,word,0.1,0.1,emotion_aware,0.6320754716981132,0.6320754716981132,0.6521739130434783,0.5660377358490566,0.6060606060606061,0.6304639313488871
factors_finance,2,22,1,logistic_regression,word,0.1,0.25,emotion_aware,0.6415094339622641,0.6415094339622641,0.6744186046511628,0.5471698113207547,0.6041666666666666,0.6382902298850575
factors_finance,2,22,1,logistic_regression,word,0.1,0.5,emotion_aware,0.6320754716981132,0.6320754716981132,0.675,0.5094339622641509,0.5806451612903226,0.626457034426674
factors_finance,2,22,1,logistic_regression,word,0.1,1.0,emotion_aware,0.5943396226415094,0.5943396226415094,0.6190476190476191,0.49056603773584906,0.5473684210526316,0.589923526765632
factors_finance,2,22,1,logistic_regression,word,1.0,0.0,text_only,0.6698113207547169,0.6698113207547169,0.6956521739130435,0.6037735849056604,0.6464646464646465,0.668365066595155
factors_finance,2,22,1,logistic_regression,word,1.0,0.05,emotion_aware,0.6698113207547169,0.6698113207547169,0.6956521739130435,0.6037735849056604,0.6464646464646465,0.668365066595155
factors_finance,2,22,1,logistic_regression,word,1.0,0.1,emotion_aware,0.6886792452830188,0.6886792452830188,0.7272727272727273,0.6037735849056604,0.6597938144329897,0.6864186463469296
factors_finance,2,22,1,logistic_regression,word,1.0,0.25,emotion_aware,0.660377358490566,0.6603773584905661,0.717948717948718,0.5283018867924528,0.6086956521739131,0.6543478260869565
factors_finance,2,22,1,logistic_regression,word,1.0,0.5,emotion_aware,0.6698113207547169,0.6698113207547169,0.75,0.5094339622641509,0.6067415730337079,0.6610943637526263
factors_finance,2,22,1,logistic_regression,word,1.0,1.0,emotion_aware,0.6698113207547169,0.6698113207547169,0.75,0.5094339622641509,0.6067415730337079,0.6610943637526263
factors_finance,2,22,1,logistic_regression,word,10.0,0.0,text_only,0.6509433962264151,0.6509433962264151,0.6739130434782609,0.5849056603773585,0.6262626262626263,0.6494144989720212
factors_finance,2,22,1,logistic_regression,word,10.0,0.05,emotion_aware,0.6415094339622641,0.6415094339622641,0.6744186046511628,0.5471698113207547,0.6041666666666666,0.6382902298850575
factors_finance,2,22,1,logistic_regression,word,10.0,0.1,emotion_aware,0.6415094339622641,0.6415094339622642,0.6829268292682927,0.5283018867924528,0.5957446808510638,0.6368553912729895
factors_finance,2,22,1,logistic_regression,word,10.0,0.25,emotion_aware,0.6320754716981132,0.6320754716981132,0.6590909090909091,0.5471698113207547,0.5979381443298969,0.629403854773644
factors_finance,2,22,1,logistic_regression,word,10.0,0.5,emotion_aware,0.6320754716981132,0.6320754716981132,0.6590909090909091,0.5471698113207547,0.5979381443298969,0.629403854773644
factors_finance,2,22,1,logistic_regression,word,10.0,1.0,emotion_aware,0.6320754716981132,0.6320754716981132,0.6590909090909091,0.5471698113207547,0.5979381443298969,0.629403854773644
factors_finance,2,22,1,logistic_regression,word_char,0.1,0.0,text_only,0.6792452830188679,0.679245283018868,0.7111111111111111,0.6037735849056604,0.6530612244897959,0.677407805227354
factors_finance,2,22,1,logistic_regression,word_char,0.1,0.05,emotion_aware,0.660377358490566,0.6603773584905661,0.6976744186046512,0.5660377358490566,0.625,0.6573275862068966
factors_finance,2,22,1,logistic_regression,word_char,0.1,0.1,emotion_aware,0.660377358490566,0.6603773584905661,0.6976744186046512,0.5660377358490566,0.625,0.6573275862068966
factors_finance,2,22,1,logistic_regression,word_char,0.1,0.25,emotion_aware,0.6415094339622641,0.6415094339622641,0.6744186046511628,0.5471698113207547,0.6041666666666666,0.6382902298850575
factors_finance,2,22,1,logistic_regression,word_char,0.1,0.5,emotion_aware,0.6320754716981132,0.6320754716981132,0.6842105263157895,0.49056603773584906,0.5714285714285714,0.6245572609208973
factors_finance,2,22,1,logistic_regression,word_char,0.1,1.0,emotion_aware,0.6226415094339622,0.6226415094339623,0.6666666666666666,0.49056603773584906,0.5652173913043478,0.6159420289855072
factors_finance,2,22,1,logistic_regression,word_char,1.0,0.0,text_only,0.6698113207547169,0.6698113207547169,0.7142857142857143,0.5660377358490566,0.631578947368421,0.6662168241115609
factors_finance,2,22,1,logistic_regression,word_char,1.0,0.05,emotion_aware,0.660377358490566,0.6603773584905661,0.7073170731707317,0.5471698113207547,0.6170212765957447,0.6559682654165164
factors_finance,2,22,1,logistic_regression,word_char,1.0,0.1,emotion_aware,0.6509433962264151,0.6509433962264151,0.6904761904761905,0.5471698113207547,0.6105263157894737,0.6471434997750787
factors_finance,2,22,1,logistic_regression,word_char,1.0,0.25,emotion_aware,0.6792452830188679,0.679245283018868,0.7435897435897436,0.5471698113207547,0.6304347826086957,0.6735507246376812
factors_finance,2,22,1,logistic_regression,word_char,1.0,0.5,emotion_aware,0.6698113207547169,0.6698113207547169,0.7368421052631579,0.5283018867924528,0.6153846153846154,0.6630642085187539
factors_finance,2,22,1,logistic_regression,word_char,1.0,1.0,emotion_aware,0.6698113207547169,0.6698113207547169,0.7368421052631579,0.5283018867924528,0.6153846153846154,0.6630642085187539
factors_finance,2,22,1,logistic_regression,word_char,10.0,0.0,text_only,0.6037735849056604,0.6037735849056604,0.6341463414634146,0.49056603773584906,0.5531914893617021,0.5986296429859358
factors_finance,2,22,1,logistic_regression,word_char,10.0,0.05,emotion_aware,0.6320754716981132,0.6320754716981132,0.6666666666666666,0.5283018867924528,0.5894736842105263,0.6280701754385964
factors_finance,2,22,1,logistic_regression,word_char,10.0,0.1,emotion_aware,0.6226415094339622,0.6226415094339622,0.6511627906976745,0.5283018867924528,0.5833333333333334,0.6192528735632183
factors_finance,2,22,1,logistic_regression,word_char,10.0,0.25,emotion_aware,0.6415094339622641,0.6415094339622641,0.6744186046511628,0.5471698113207547,0.6041666666666666,0.6382902298850575
factors_finance,2,22,1,logistic_regression,word_char,10.0,0.5,emotion_aware,0.6415094339622641,0.6415094339622641,0.6744186046511628,0.5471698113207547,0.6041666666666666,0.6382902298850575
factors_finance,2,22,1,logistic_regression,word_char,10.0,1.0,emotion_aware,0.6320754716981132,0.6320754716981132,0.6666666666666666,0.5283018867924528,0.5894736842105263,0.6280701754385964
factors_finance,2,22,1,linear_svm,word,0.1,0.0,text_only,0.6698113207547169,0.6698113207547169,0.6956521739130435,0.6037735849056604,0.6464646464646465,0.668365066595155
factors_finance,2,22,1,linear_svm,word,0.1,0.05,emotion_aware,0.6698113207547169,0.6698113207547169,0.6956521739130435,0.6037735849056604,0.6464646464646465,0.668365066595155
factors_finance,2,22,1,linear_svm,word,0.1,0.1,emotion_aware,0.6792452830188679,0.679245283018868,0.7111111111111111,0.6037735849056604,0.6530612244897959,0.677407805227354
factors_finance,2,22,1,linear_svm,word,0.1,0.25,emotion_aware,0.6698113207547169,0.6698113207547169,0.7368421052631579,0.5283018867924528,0.6153846153846154,0.6630642085187539
factors_finance,2,22,1,linear_svm,word,0.1,0.5,emotion_aware,0.6792452830188679,0.679245283018868,0.7714285714285715,0.5094339622641509,0.6136363636363636,0.6697214076246334
factors_finance,2,22,1,linear_svm,word,0.1,1.0,emotion_aware,0.6886792452830188,0.6886792452830188,0.7941176470588235,0.5094339622641509,0.6206896551724138,0.678344827586207
factors_finance,2,22,1,linear_svm,word,1.0,0.0,text_only,0.660377358490566,0.660377358490566,0.6888888888888889,0.5849056603773585,0.6326530612244898,0.6584317937701396
factors_finance,2,22,1,linear_svm,word,1.0,0.05,emotion_aware,0.6509433962264151,0.6509433962264151,0.6904761904761905,0.5471698113207547,0.6105263157894737,0.6471434997750787
factors_finance,2,22,1,linear_svm,word,1.0,0.1,emotion_aware,0.6792452830188679,0.679245283018868,0.7209302325581395,0.5849056603773585,0.6458333333333334,0.6763649425287357
factors_finance,2,22,1,linear_svm,word,1.0,0.25,emotion_aware,0.6698113207547169,0.6698113207547169,0.7045454545454546,0.5849056603773585,0.6391752577319587,0.6674137158225011
factors_finance,2,22,1,linear_svm,word,1.0,0.5,emotion_aware,0.660377358490566,0.6603773584905661,0.6976744186046512,0.5660377358490566,0.625,0.6573275862068966
factors_finance,2,22,1,linear_svm,word,1.0,1.0,emotion_aware,0.6415094339622641,0.6415094339622641,0.6744186046511628,0.5471698113207547,0.6041666666666666,0.6382902298850575
factors_finance,2,22,1,linear_svm,word,10.0,0.0,text_only,0.660377358490566,0.660377358490566,0.660377358490566,0.660377358490566,0.660377358490566,0.660377358490566
factors_finance,2,22,1,linear_svm,word,10.0,0.05,emotion_aware,0.660377358490566,0.660377358490566,0.6808510638297872,0.6037735849056604,0.64,0.6592857142857143
factors_finance,2,22,1,linear_svm,word,10.0,0.1,emotion_aware,0.6698113207547169,0.6698113207547169,0.6956521739130435,0.6037735849056604,0.6464646464646465,0.668365066595155
factors_finance,2,22,1,linear_svm,word,10.0,0.25,emotion_aware,0.6698113207547169,0.6698113207547169,0.6956521739130435,0.6037735849056604,0.6464646464646465,0.668365066595155
factors_finance,2,22,1,linear_svm,word,10.0,0.5,emotion_aware,0.6509433962264151,0.6509433962264151,0.6739130434782609,0.5849056603773585,0.6262626262626263,0.6494144989720212
factors_finance,2,22,1,linear_svm,word,10.0,1.0,emotion_aware,0.6509433962264151,0.6509433962264151,0.6739130434782609,0.5849056603773585,0.6262626262626263,0.6494144989720212
factors_finance,2,22,1,linear_svm,word_char,0.1,0.0,text_only,0.660377358490566,0.6603773584905661,0.6976744186046512,0.5660377358490566,0.625,0.6573275862068966
factors_finance,2,22,1,linear_svm,word_char,0.1,0.05,emotion_aware,0.6509433962264151,0.6509433962264151,0.6904761904761905,0.5471698113207547,0.6105263157894737,0.6471434997750787
factors_finance,2,22,1,linear_svm,word_char,0.1,0.1,emotion_aware,0.6509433962264151,0.6509433962264151,0.6904761904761905,0.5471698113207547,0.6105263157894737,0.6471434997750787
factors_finance,2,22,1,linear_svm,word_char,0.1,0.25,emotion_aware,0.6792452830188679,0.679245283018868,0.7435897435897436,0.5471698113207547,0.6304347826086957,0.6735507246376812
factors_finance,2,22,1,linear_svm,word_char,0.1,0.5,emotion_aware,0.6698113207547169,0.6698113207547169,0.7368421052631579,0.5283018867924528,0.6153846153846154,0.6630642085187539
factors_finance,2,22,1,linear_svm,word_char,0.1,1.0,emotion_aware,0.6698113207547169,0.6698113207547169,0.7368421052631579,0.5283018867924528,0.6153846153846154,0.6630642085187539
factors_finance,2,22,1,linear_svm,word_char,1.0,0.0,text_only,0.6226415094339622,0.6226415094339622,0.6511627906976745,0.5283018867924528,0.5833333333333334,0.6192528735632183
factors_finance,2,22,1,linear_svm,word_char,1.0,0.05,emotion_aware,0.6320754716981132,0.6320754716981132,0.6590909090909091,0.5471698113207547,0.5979381443298969,0.629403854773644
factors_finance,2,22,1,linear_svm,word_char,1.0,0.1,emotion_aware,0.6226415094339622,0.6226415094339622,0.6444444444444445,0.5471698113207547,0.5918367346938775,0.6204797708557107
factors_finance,2,22,1,linear_svm,word_char,1.0,0.25,emotion_aware,0.6226415094339622,0.6226415094339622,0.6511627906976745,0.5283018867924528,0.5833333333333334,0.6192528735632183
factors_finance,2,22,1,linear_svm,word_char,1.0,0.5,emotion_aware,0.6226415094339622,0.6226415094339622,0.6511627906976745,0.5283018867924528,0.5833333333333334,0.6192528735632183
factors_finance,2,22,1,linear_svm,word_char,1.0,1.0,emotion_aware,0.6132075471698113,0.6132075471698113,0.6428571428571429,0.5094339622641509,0.5684210526315789,0.6089968511021142
factors_finance,2,22,1,linear_svm,word_char,10.0,0.0,text_only,0.5754716981132075,0.5754716981132075,0.5909090909090909,0.49056603773584906,0.5360824742268041,0.5723890632003585
factors_finance,2,22,1,linear_svm,word_char,10.0,0.05,emotion_aware,0.5943396226415094,0.5943396226415094,0.6136363636363636,0.5094339622641509,0.5567010309278351,0.5913939937247872
factors_finance,2,22,1,linear_svm,word_char,10.0,0.1,emotion_aware,0.6037735849056604,0.6037735849056604,0.6222222222222222,0.5283018867924528,0.5714285714285714,0.6015037593984962
factors_finance,2,22,1,linear_svm,word_char,10.0,0.25,emotion_aware,0.5943396226415094,0.5943396226415094,0.6086956521739131,0.5283018867924528,0.5656565656565656,0.5925627961026191
factors_finance,2,22,1,linear_svm,word_char,10.0,0.5,emotion_aware,0.6132075471698113,0.6132075471698113,0.6363636363636364,0.5283018867924528,0.5773195876288659,0.6103989242492156
factors_finance,2,22,1,linear_svm,word_char,10.0,1.0,emotion_aware,0.6037735849056604,0.6037735849056604,0.627906976744186,0.5094339622641509,0.5625,0.6002155172413793
factors_finance,2,22,2,logistic_regression,word,0.1,0.0,text_only,0.6346153846153846,0.6346153846153846,0.64,0.6153846153846154,0.6274509803921569,0.6344802071772104
factors_finance,2,22,2,logistic_regression,word,0.1,0.05,emotion_aware,0.6538461538461539,0.6538461538461539,0.6538461538461539,0.6538461538461539,0.6538461538461539,0.6538461538461539
factors_finance,2,22,2,logistic_regression,word,0.1,0.1,emotion_aware,0.5961538461538461,0.5961538461538461,0.6041666666666666,0.5576923076923077,0.58,0.5955555555555556
factors_finance,2,22,2,logistic_regression,word,0.1,0.25,emotion_aware,0.5480769230769231,0.5480769230769231,0.5531914893617021,0.5,0.5252525252525253,0.5470299323510333
factors_finance,2,22,2,logistic_regression,word,0.1,0.5,emotion_aware,0.5576923076923077,0.5576923076923077,0.5681818181818182,0.4807692307692308,0.5208333333333334,0.5550595238095238
factors_finance,2,22,2,logistic_regression,word,0.1,1.0,emotion_aware,0.5673076923076923,0.5673076923076923,0.5686274509803921,0.5576923076923077,0.5631067961165048,0.5672676837725381
factors_finance,2,22,2,logistic_regression,word,1.0,0.0,text_only,0.6346153846153846,0.6346153846153846,0.6346153846153846,0.6346153846153846,0.6346153846153846,0.6346153846153846
factors_finance,2,22,2,logistic_regression,word,1.0,0.05,emotion_aware,0.6538461538461539,0.6538461538461539,0.6481481481481481,0.6730769230769231,0.660377358490566,0.6537180910099889
factors_finance,2,22,2,logistic_regression,word,1.0,0.1,emotion_aware,0.6153846153846154,0.6153846153846154,0.6071428571428571,0.6538461538461539,0.6296296296296297,0.6148148148148148
factors_finance,2,22,2,logistic_regression,word,1.0,0.25,emotion_aware,0.6442307692307693,0.6442307692307692,0.6415094339622641,0.6538461538461539,0.6476190476190476,0.644197873324087
factors_finance,2,22,2,logistic_regression,word,1.0,0.5,emotion_aware,0.6346153846153846,0.6346153846153846,0.6346153846153846,0.6346153846153846,0.6346153846153846,0.6346153846153846
factors_finance,2,22,2,logistic_regression,word,1.0,1.0,emotion_aware,0.6442307692307693,0.6442307692307692,0.6470588235294118,0.6346153846153846,0.6407766990291263,0.644197873324087
factors_finance,2,22,2,logistic_regression,word,10.0,0.0,text_only,0.6346153846153846,0.6346153846153846,0.6296296296296297,0.6538461538461539,0.6415094339622641,0.6344802071772104
factors_finance,2,22,2,logistic_regression,word,10.0,0.05,emotion_aware,0.6634615384615384,0.6634615384615384,0.6545454545454545,0.6923076923076923,0.6728971962616822,0.6631812713981678
factors_finance,2,22,2,logistic_regression,word,10.0,0.1,emotion_aware,0.6634615384615384,0.6634615384615385,0.660377358490566,0.6730769230769231,0.6666666666666666,0.6634304207119741
factors_finance,2,22,2,logistic_regression,word,10.0,0.25,emotion_aware,0.6346153846153846,0.6346153846153846,0.625,0.6730769230769231,0.6481481481481481,0.634074074074074
factors_finance,2,22,2,logistic_regression,word,10.0,0.5,emotion_aware,0.625,0.625,0.6140350877192983,0.6730769230769231,0.6422018348623854,0.6241312204614957
factors_finance,2,22,2,logistic_regression,word,10.0,1.0,emotion_aware,0.625,0.625,0.6181818181818182,0.6538461538461539,0.6355140186915887,0.6246877024151013
factors_finance,2,22,2,logistic_regression,word_char,0.1,0.0,text_only,0.6346153846153846,0.6346153846153846,0.625,0.6730769230769231,0.6481481481481481,0.634074074074074
factors_finance,2,22,2,logistic_regression,word_char,0.1,0.05,emotion_aware,0.6538461538461539,0.6538461538461539,0.6379310344827587,0.7115384615384616,0.6727272727272727,0.6526901669758813
factors_finance,2,22,2,logistic_regression,word_char,0.1,0.1,emotion_aware,0.5961538461538461,0.5961538461538461,0.5925925925925926,0.6153846153846154,0.6037735849056604,0.5960044395116537
factors_finance,2,22,2,logistic_regression,word_char,0.1,0.25,emotion_aware,0.5769230769230769,0.5769230769230769,0.5833333333333334,0.5384615384615384,0.56,0.5762962962962963
factors_finance,2,22,2,logistic_regression,word_char,0.1,0.5,emotion_aware,0.5961538461538461,0.5961538461538461,0.6086956521739131,0.5384615384615384,0.5714285714285714,0.5948051948051948
factors_finance,2,22,2,logistic_regression,word_char,0.1,1.0,emotion_aware,0.5769230769230769,0.5769230769230769,0.58,0.5576923076923077,0.5686274509803921,0.5767665556788752
factors_finance,2,22,2,logistic_regression,word_char,1.0,0.0,text_only,0.6346153846153846,0.6346153846153846,0.625,0.6730769230769231,0.6481481481481481,0.634074074074074
factors_finance,2,22,2,logistic_regression,word_char,1.0,0.05,emotion_aware,0.6442307692307693,0.6442307692307692,0.6271186440677966,0.7115384615384616,0.6666666666666666,0.6426116838487972
factors_finance,2,22,2,logistic_regression,word_char,1.0,0.1,emotion_aware,0.6538461538461539,0.6538461538461537,0.6333333333333333,0.7307692307692307,0.6785714285714286,0.6517857142857143
factors_finance,2,22,2,logistic_regression,word_char,1.0,0.25,emotion_aware,0.625,0.625,0.6140350877192983,0.6730769230769231,0.6422018348623854,0.6241312204614957
factors_finance,2,22,2,logistic_regression,word_char,1.0,0.5,emotion_aware,0.6057692307692307,0.6057692307692307,0.6,0.6346153846153846,0.616822429906542,0.605440917923568
factors_finance,2,22,2,logistic_regression,word_char,1.0,1.0,emotion_aware,0.6346153846153846,0.6346153846153846,0.6346153846153846,0.6346153846153846,0.6346153846153846,0.6346153846153846
factors_finance,2,22,2,logistic_regression,word_char,10.0,0.0,text_only,0.6153846153846154,0.6153846153846154,0.603448275862069,0.6730769230769231,0.6363636363636364,0.6141001855287569
factors_finance,2,22,2,logistic_regression,word_char,10.0,0.05,emotion_aware,0.6346153846153846,0.6346153846153846,0.6206896551724138,0.6923076923076923,0.6545454545454545,0.6333951762523191
factors_finance,2,22,2,logistic_regression,word_char,10.0,0.1,emotion_aware,0.6538461538461539,0.6538461538461539,0.6428571428571429,0.6923076923076923,0.6666666666666666,0.6533333333333333
factors_finance,2,22,2,logistic_regression,word_char,10.0,0.25,emotion_aware,0.6442307692307693,0.6442307692307692,0.631578947368421,0.6923076923076923,0.6605504587155964,0.6434065424891113
factors_finance,2,22,2,logistic_regression,word_char,10.0,0.5,emotion_aware,0.6346153846153846,0.6346153846153846,0.6206896551724138,0.6923076923076923,0.6545454545454545,0.6333951762523191
factors_finance,2,22,2,logistic_regression,word_char,10.0,1.0,emotion_aware,0.6346153846153846,0.6346153846153846,0.6206896551724138,0.6923076923076923,0.6545454545454545,0.6333951762523191
factors_finance,2,22,2,linear_svm,word,0.1,0.0,text_only,0.6346153846153846,0.6346153846153846,0.6346153846153846,0.6346153846153846,0.6346153846153846,0.6346153846153846
factors_finance,2,22,2,linear_svm,word,0.1,0.05,emotion_aware,0.6442307692307693,0.6442307692307692,0.6415094339622641,0.6538461538461539,0.6476190476190476,0.644197873324087
factors_finance,2,22,2,linear_svm,word,0.1,0.1,emotion_aware,0.6057692307692307,0.6057692307692307,0.6,0.6346153846153846,0.616822429906542,0.605440917923568
factors_finance,2,22,2,linear_svm,word,0.1,0.25,emotion_aware,0.6442307692307693,0.6442307692307692,0.6415094339622641,0.6538461538461539,0.6476190476190476,0.644197873324087
factors_finance,2,22,2,linear_svm,word,0.1,0.5,emotion_aware,0.6442307692307693,0.6442307692307692,0.6470588235294118,0.6346153846153846,0.6407766990291263,0.644197873324087
factors_finance,2,22,2,linear_svm,word,0.1,1.0,emotion_aware,0.6442307692307693,0.6442307692307692,0.6470588235294118,0.6346153846153846,0.6407766990291263,0.644197873324087
factors_finance,2,22,2,linear_svm,word,1.0,0.0,text_only,0.6442307692307693,0.6442307692307692,0.6415094339622641,0.6538461538461539,0.6476190476190476,0.644197873324087
factors_finance,2,22,2,linear_svm,word,1.0,0.05,emotion_aware,0.6634615384615384,0.6634615384615385,0.6491228070175439,0.7115384615384616,0.6788990825688074,0.662681864516727
factors_finance,2,22,2,linear_svm,word,1.0,0.1,emotion_aware,0.6730769230769231,0.6730769230769231,0.6607142857142857,0.7115384615384616,0.6851851851851852,0.6725925925925926
factors_finance,2,22,2,linear_svm,word,1.0,0.25,emotion_aware,0.6442307692307693,0.6442307692307692,0.631578947368421,0.6923076923076923,0.6605504587155964,0.6434065424891113
factors_finance,2,22,2,linear_svm,word,1.0,0.5,emotion_aware,0.6346153846153846,0.6346153846153846,0.6206896551724138,0.6923076923076923,0.6545454545454545,0.6333951762523191
factors_finance,2,22,2,linear_svm,word,1.0,1.0,emotion_aware,0.625,0.625,0.6101694915254238,0.6923076923076923,0.6486486486486487,0.6232933964892728
factors_finance,2,22,2,linear_svm,word,10.0,0.0,text_only,0.6346153846153846,0.6346153846153846,0.625,0.6730769230769231,0.6481481481481481,0.634074074074074
factors_finance,2,22,2,linear_svm,word,10.0,0.05,emotion_aware,0.6442307692307693,0.6442307692307693,0.6363636363636364,0.6730769230769231,0.6542056074766355,0.6439344869066346
factors_finance,2,22,2,linear_svm,word,10.0,0.1,emotion_aware,0.6442307692307693,0.6442307692307692,0.631578947368421,0.6923076923076923,0.6605504587155964,0.6434065424891113
factors_finance,2,22,2,linear_svm,word,10.0,0.25,emotion_aware,0.5961538461538461,0.5961538461538463,0.5833333333333334,0.6730769230769231,0.625,0.59375
factors_finance,2,22,2,linear_svm,word,10.0,0.5,emotion_aware,0.5961538461538461,0.5961538461538463,0.5833333333333334,0.6730769230769231,0.625,0.59375
factors_finance,2,22,2,linear_svm,word,10.0,1.0,emotion_aware,0.5961538461538461,0.5961538461538463,0.5833333333333334,0.6730769230769231,0.625,0.59375
factors_finance,2,22,2,linear_svm,word_char,0.1,0.0,text_only,0.6346153846153846,0.6346153846153846,0.625,0.6730769230769231,0.6481481481481481,0.634074074074074
factors_finance,2,22,2,linear_svm,word_char,0.1,0.05,emotion_aware,0.6442307692307693,0.6442307692307692,0.6271186440677966,0.7115384615384616,0.6666666666666666,0.6426116838487972
factors_finance,2,22,2,linear_svm,word_char,0.1,0.1,emotion_aware,0.6346153846153846,0.6346153846153846,0.6166666666666667,0.7115384615384616,0.6607142857142857,0.6324404761904762
factors_finance,2,22,2,linear_svm,word_char,0.1,0.25,emotion_aware,0.6346153846153846,0.6346153846153846,0.625,0.6730769230769231,0.6481481481481481,0.634074074074074
factors_finance,2,22,2,linear_svm,word_char,0.1,0.5,emotion_aware,0.6057692307692307,0.6057692307692307,0.6,0.6346153846153846,0.616822429906542,0.605440917923568
factors_finance,2,22,2,linear_svm,word_char,0.1,1.0,emotion_aware,0.6442307692307693,0.6442307692307692,0.6470588235294118,0.6346153846153846,0.6407766990291263,0.644197873324087
factors_finance,2,22,2,linear_svm,word_char,1.0,0.0,text_only,0.6153846153846154,0.6153846153846154,0.6,0.6923076923076923,0.6428571428571429,0.6130952380952381
factors_finance,2,22,2,linear_svm,word_char,1.0,0.05,emotion_aware,0.6346153846153846,0.6346153846153846,0.6206896551724138,0.6923076923076923,0.6545454545454545,0.6333951762523191
factors_finance,2,22,2,linear_svm,word_char,1.0,0.1,emotion_aware,0.6538461538461539,0.6538461538461539,0.6379310344827587,0.7115384615384616,0.6727272727272727,0.6526901669758813
factors_finance,2,22,2,linear_svm,word_char,1.0,0.25,emotion_aware,0.6442307692307693,0.6442307692307692,0.631578947368421,0.6923076923076923,0.6605504587155964,0.6434065424891113
factors_finance,2,22,2,linear_svm,word_char,1.0,0.5,emotion_aware,0.625,0.625,0.6140350877192983,0.6730769230769231,0.6422018348623854,0.6241312204614957
factors_finance,2,22,2,linear_svm,word_char,1.0,1.0,emotion_aware,0.625,0.625,0.6140350877192983,0.6730769230769231,0.6422018348623854,0.6241312204614957
factors_finance,2,22,2,linear_svm,word_char,10.0,0.0,text_only,0.625,0.625,0.6065573770491803,0.7115384615384616,0.6548672566371682,0.6221704704238472
factors_finance,2,22,2,linear_svm,word_char,10.0,0.05,emotion_aware,0.6346153846153846,0.6346153846153846,0.6129032258064516,0.7307692307692307,0.6666666666666666,0.6312056737588652
factors_finance,2,22,2,linear_svm,word_char,10.0,0.1,emotion_aware,0.625,0.625,0.6065573770491803,0.7115384615384616,0.6548672566371682,0.6221704704238472
factors_finance,2,22,2,linear_svm,word_char,10.0,0.25,emotion_aware,0.6538461538461539,0.6538461538461539,0.6379310344827587,0.7115384615384616,0.6727272727272727,0.6526901669758813
factors_finance,2,22,2,linear_svm,word_char,10.0,0.5,emotion_aware,0.6538461538461539,0.6538461538461539,0.6379310344827587,0.7115384615384616,0.6727272727272727,0.6526901669758813
factors_finance,2,22,2,linear_svm,word_char,10.0,1.0,emotion_aware,0.6538461538461539,0.6538461538461539,0.6379310344827587,0.7115384615384616,0.6727272727272727,0.6526901669758813
factors_finance,2,22,3,logistic_regression,word,0.1,0.0,text_only,0.6153846153846154,0.6153846153846154,0.625,0.5769230769230769,0.6,0.6148148148148148
factors_finance,2,22,3,logistic_regression,word,0.1,0.05,emotion_aware,0.625,0.625,0.6382978723404256,0.5769230769230769,0.6060606060606061,0.6241312204614957
factors_finance,2,22,3,logistic_regression,word,0.1,0.1,emotion_aware,0.6057692307692307,0.6057692307692308,0.6078431372549019,0.5961538461538461,0.6019417475728155,0.6057327785483125
factors_finance,2,22,3,logistic_regression,word,0.1,0.25,emotion_aware,0.5288461538461539,0.5288461538461539,0.5283018867924528,0.5384615384615384,0.5333333333333333,0.5288025889967638
factors_finance,2,22,3,logistic_regression,word,0.1,0.5,emotion_aware,0.5288461538461539,0.5288461538461539,0.5283018867924528,0.5384615384615384,0.5333333333333333,0.5288025889967638
factors_finance,2,22,3,logistic_regression,word,0.1,1.0,emotion_aware,0.5865384615384616,0.5865384615384616,0.5737704918032787,0.6730769230769231,0.6194690265486725,0.5834187238006521
factors_finance,2,22,3,logistic_regression,word,1.0,0.0,text_only,0.6346153846153846,0.6346153846153846,0.6346153846153846,0.6346153846153846,0.6346153846153846,0.6346153846153846
factors_finance,2,22,3,logistic_regression,word,1.0,0.05,emotion_aware,0.625,0.625,0.6274509803921569,0.6153846153846154,0.6213592233009708,0.6249653259361997
factors_finance,2,22,3,logistic_regression,word,1.0,0.1,emotion_aware,0.625,0.625,0.6326530612244898,0.5961538461538461,0.6138613861386139,0.6246877024151013
factors_finance,2,22,3,logistic_regression,word,1.0,0.25,emotion_aware,0.6538461538461539,0.6538461538461539,0.6481481481481481,0.6730769230769231,0.660377358490566,0.6537180910099889
factors_finance,2,22,3,logistic_regression,word,1.0,0.5,emotion_aware,0.6634615384615384,0.6634615384615384,0.6545454545454545,0.6923076923076923,0.6728971962616822,0.6631812713981678
factors_finance,2,22,3,logistic_regression,word,1.0,1.0,emotion_aware,0.6730769230769231,0.6730769230769231,0.6607142857142857,0.7115384615384616,0.6851851851851852,0.6725925925925926
factors_finance,2,22,3,logistic_regression,word,10.0,0.0,text_only,0.7019230769230769,0.7019230769230769,0.6909090909090909,0.7307692307692307,0.7102803738317757,0.7016748403812343
factors_finance,2,22,3,logistic_regression,word,10.0,0.05,emotion_aware,0.6634615384615384,0.6634615384615385,0.6491228070175439,0.7115384615384616,0.6788990825688074,0.662681864516727
factors_finance,2,22,3,logistic_regression,word,10.0,0.1,emotion_aware,0.6634615384615384,0.6634615384615385,0.6491228070175439,0.7115384615384616,0.6788990825688074,0.662681864516727
factors_finance,2,22,3,logistic_regression,word,10.0,0.25,emotion_aware,0.6442307692307693,0.6442307692307693,0.6363636363636364,0.6730769230769231,0.6542056074766355,0.6439344869066346
factors_finance,2,22,3,logistic_regression,word,10.0,0.5,emotion_aware,0.6442307692307693,0.6442307692307693,0.6363636363636364,0.6730769230769231,0.6542056074766355,0.6439344869066346
factors_finance,2,22,3,logistic_regression,word,10.0,1.0,emotion_aware,0.6538461538461539,0.6538461538461539,0.6428571428571429,0.6923076923076923,0.6666666666666666,0.6533333333333333
factors_finance,2,22,3,logistic_regression,word_char,0.1,0.0,text_only,0.6634615384615384,0.6634615384615385,0.6808510638297872,0.6153846153846154,0.6464646464646465,0.662681864516727
factors_finance,2,22,3,logistic_regression,word_char,0.1,0.05,emotion_aware,0.6346153846153846,0.6346153846153846,0.6458333333333334,0.5961538461538461,0.62,0.634074074074074
factors_finance,2,22,3,logistic_regression,word_char,0.1,0.1,emotion_aware,0.6346153846153846,0.6346153846153846,0.6458333333333334,0.5961538461538461,0.62,0.634074074074074
factors_finance,2,22,3,logistic_regression,word_char,0.1,0.25,emotion_aware,0.5769230769230769,0.5769230769230769,0.5740740740740741,0.5961538461538461,0.5849056603773585,0.5767665556788752
factors_finance,2,22,3,logistic_regression,word_char,0.1,0.5,emotion_aware,0.5576923076923077,0.5576923076923077,0.5535714285714286,0.5961538461538461,0.5740740740740741,0.557037037037037
factors_finance,2,22,3,logistic_regression,word_char,0.1,1.0,emotion_aware,0.5769230769230769,0.5769230769230769,0.5689655172413793,0.6346153846153846,0.6,0.5755102040816327
factors_finance,2,22,3,logistic_regression,word_char,1.0,0.0,text_only,0.6634615384615384,0.6634615384615385,0.6666666666666666,0.6538461538461539,0.6601941747572816,0.6634304207119741
factors_finance,2,22,3,logistic_regression,word_char,1.0,0.05,emotion_aware,0.6442307692307693,0.6442307692307692,0.6415094339622641,0.6538461538461539,0.6476190476190476,0.644197873324087
factors_finance,2,22,3,logistic_regression,word_char,1.0,0.1,emotion_aware,0.6538461538461539,0.6538461538461539,0.6538461538461539,0.6538461538461539,0.6538461538461539,0.6538461538461539
factors_finance,2,22,3,logistic_regression,word_char,1.0,0.25,emotion_aware,0.6538461538461539,0.6538461538461539,0.6428571428571429,0.6923076923076923,0.6666666666666666,0.6533333333333333
factors_finance,2,22,3,logistic_regression,word_char,1.0,0.5,emotion_aware,0.6538461538461539,0.6538461538461539,0.6379310344827587,0.7115384615384616,0.6727272727272727,0.6526901669758813
factors_finance,2,22,3,logistic_regression,word_char,1.0,1.0,emotion_aware,0.6634615384615384,0.6634615384615385,0.6491228070175439,0.7115384615384616,0.6788990825688074,0.662681864516727
factors_finance,2,22,3,logistic_regression,word_char,10.0,0.0,text_only,0.6826923076923077,0.6826923076923077,0.6792452830188679,0.6923076923076923,0.6857142857142857,0.6826629680998613
factors_finance,2,22,3,logistic_regression,word_char,10.0,0.05,emotion_aware,0.6730769230769231,0.6730769230769231,0.6730769230769231,0.6730769230769231,0.6730769230769231,0.6730769230769231
factors_finance,2,22,3,logistic_regression,word_char,10.0,0.1,emotion_aware,0.625,0.625,0.6140350877192983,0.6730769230769231,0.6422018348623854,0.6241312204614957
factors_finance,2,22,3,logistic_regression,word_char,10.0,0.25,emotion_aware,0.625,0.625,0.6181818181818182,0.6538461538461539,0.6355140186915887,0.6246877024151013
factors_finance,2,22,3,logistic_regression,word_char,10.0,0.5,emotion_aware,0.6346153846153846,0.6346153846153846,0.625,0.6730769230769231,0.6481481481481481,0.634074074074074
factors_finance,2,22,3,logistic_regression,word_char,10.0,1.0,emotion_aware,0.625,0.625,0.6140350877192983,0.6730769230769231,0.6422018348623854,0.6241312204614957
factors_finance,2,22,3,linear_svm,word,0.1,0.0,text_only,0.6346153846153846,0.6346153846153846,0.6346153846153846,0.6346153846153846,0.6346153846153846,0.6346153846153846
factors_finance,2,22,3,linear_svm,word,0.1,0.05,emotion_aware,0.6346153846153846,0.6346153846153846,0.64,0.6153846153846154,0.6274509803921569,0.6344802071772104
factors_finance,2,22,3,linear_svm,word,0.1,0.1,emotion_aware,0.6153846153846154,0.6153846153846154,0.62,0.5961538461538461,0.6078431372549019,0.6152423233444321
factors_finance,2,22,3,linear_svm,word,0.1,0.25,emotion_aware,0.6442307692307693,0.6442307692307692,0.6415094339622641,0.6538461538461539,0.6476190476190476,0.644197873324087
factors_finance,2,22,3,linear_svm,word,0.1,0.5,emotion_aware,0.6538461538461539,0.6538461538461539,0.6481481481481481,0.6730769230769231,0.660377358490566,0.6537180910099889
factors_finance,2,22,3,linear_svm,word,0.1,1.0,emotion_aware,0.6730769230769231,0.6730769230769231,0.6551724137931034,0.7307692307692307,0.6909090909090909,0.6719851576994433
factors_finance,2,22,3,linear_svm,word,1.0,0.0,text_only,0.6730769230769231,0.6730769230769231,0.6607142857142857,0.7115384615384616,0.6851851851851852,0.6725925925925926
factors_finance,2,22,3,linear_svm,word,1.0,0.05,emotion_aware,0.6634615384615384,0.6634615384615384,0.6545454545454545,0.6923076923076923,0.6728971962616822,0.6631812713981678
factors_finance,2,22,3,linear_svm,word,1.0,0.1,emotion_aware,0.6730769230769231,0.6730769230769231,0.6607142857142857,0.7115384615384616,0.6851851851851852,0.6725925925925926
factors_finance,2,22,3,linear_svm,word,1.0,0.25,emotion_aware,0.6538461538461539,0.6538461538461539,0.6428571428571429,0.6923076923076923,0.6666666666666666,0.6533333333333333
factors_finance,2,22,3,linear_svm,word,1.0,0.5,emotion_aware,0.6538461538461539,0.6538461538461539,0.6481481481481481,0.6730769230769231,0.660377358490566,0.6537180910099889
factors_finance,2,22,3,linear_svm,word,1.0,1.0,emotion_aware,0.6442307692307693,0.6442307692307693,0.6363636363636364,0.6730769230769231,0.6542056074766355,0.6439344869066346
factors_finance,2,22,3,linear_svm,word,10.0,0.0,text_only,0.6826923076923077,0.6826923076923077,0.6666666666666666,0.7307692307692307,0.6972477064220184,0.6819571865443426
factors_finance,2,22,3,linear_svm,word,10.0,0.05,emotion_aware,0.6826923076923077,0.6826923076923077,0.6666666666666666,0.7307692307692307,0.6972477064220184,0.6819571865443426
factors_finance,2,22,3,linear_svm,word,10.0,0.1,emotion_aware,0.6634615384615384,0.6634615384615384,0.639344262295082,0.75,0.6902654867256637,0.6609222170470423
factors_finance,2,22,3,linear_svm,word,10.0,0.25,emotion_aware,0.6826923076923077,0.6826923076923077,0.6557377049180327,0.7692307692307693,0.7079646017699115,0.68029809035864
factors_finance,2,22,3,linear_svm,word,10.0,0.5,emotion_aware,0.6826923076923077,0.6826923076923077,0.6557377049180327,0.7692307692307693,0.7079646017699115,0.68029809035864
factors_finance,2,22,3,linear_svm,word,10.0,1.0,emotion_aware,0.6826923076923077,0.6826923076923077,0.6557377049180327,0.7692307692307693,0.7079646017699115,0.68029809035864
factors_finance,2,22,3,linear_svm,word_char,0.1,0.0,text_only,0.6634615384615384,0.6634615384615385,0.6666666666666666,0.6538461538461539,0.6601941747572816,0.6634304207119741
factors_finance,2,22,3,linear_svm,word_char,0.1,0.05,emotion_aware,0.6346153846153846,0.6346153846153846,0.6346153846153846,0.6346153846153846,0.6346153846153846,0.6346153846153846
factors_finance,2,22,3,linear_svm,word_char,0.1,0.1,emotion_aware,0.6442307692307693,0.6442307692307692,0.6470588235294118,0.6346153846153846,0.6407766990291263,0.644197873324087
factors_finance,2,22,3,linear_svm,word_char,0.1,0.25,emotion_aware,0.6538461538461539,0.6538461538461539,0.6428571428571429,0.6923076923076923,0.6666666666666666,0.6533333333333333
factors_finance,2,22,3,linear_svm,word_char,0.1,0.5,emotion_aware,0.6538461538461539,0.6538461538461539,0.6379310344827587,0.7115384615384616,0.6727272727272727,0.6526901669758813
factors_finance,2,22,3,linear_svm,word_char,0.1,1.0,emotion_aware,0.6634615384615384,0.6634615384615384,0.6545454545454545,0.6923076923076923,0.6728971962616822,0.6631812713981678
factors_finance,2,22,3,linear_svm,word_char,1.0,0.0,text_only,0.6826923076923077,0.6826923076923077,0.6792452830188679,0.6923076923076923,0.6857142857142857,0.6826629680998613
factors_finance,2,22,3,linear_svm,word_char,1.0,0.05,emotion_aware,0.6634615384615384,0.6634615384615385,0.660377358490566,0.6730769230769231,0.6666666666666666,0.6634304207119741
factors_finance,2,22,3,linear_svm,word_char,1.0,0.1,emotion_aware,0.6634615384615384,0.6634615384615385,0.6491228070175439,0.7115384615384616,0.6788990825688074,0.662681864516727
factors_finance,2,22,3,linear_svm,word_char,1.0,0.25,emotion_aware,0.6442307692307693,0.6442307692307693,0.6363636363636364,0.6730769230769231,0.6542056074766355,0.6439344869066346
factors_finance,2,22,3,linear_svm,word_char,1.0,0.5,emotion_aware,0.6442307692307693,0.6442307692307693,0.6363636363636364,0.6730769230769231,0.6542056074766355,0.6439344869066346
factors_finance,2,22,3,linear_svm,word_char,1.0,1.0,emotion_aware,0.6442307692307693,0.6442307692307693,0.6363636363636364,0.6730769230769231,0.6542056074766355,0.6439344869066346
factors_finance,2,22,3,linear_svm,word_char,10.0,0.0,text_only,0.6538461538461539,0.6538461538461539,0.6538461538461539,0.6538461538461539,0.6538461538461539,0.6538461538461539
factors_finance,2,22,3,linear_svm,word_char,10.0,0.05,emotion_aware,0.6923076923076923,0.6923076923076923,0.6923076923076923,0.6923076923076923,0.6923076923076923,0.6923076923076923
factors_finance,2,22,3,linear_svm,word_char,10.0,0.1,emotion_aware,0.6730769230769231,0.6730769230769231,0.6607142857142857,0.7115384615384616,0.6851851851851852,0.6725925925925926
factors_finance,2,22,3,linear_svm,word_char,10.0,0.25,emotion_aware,0.6730769230769231,0.6730769230769231,0.6551724137931034,0.7307692307692307,0.6909090909090909,0.6719851576994433
factors_finance,2,22,3,linear_svm,word_char,10.0,0.5,emotion_aware,0.6634615384615384,0.6634615384615384,0.6440677966101694,0.7307692307692307,0.6846846846846847,0.6619299712083218
factors_finance,2,22,3,linear_svm,word_char,10.0,1.0,emotion_aware,0.6634615384615384,0.6634615384615384,0.6440677966101694,0.7307692307692307,0.6846846846846847,0.6619299712083218
factors_finance,2,22,4,logistic_regression,word,0.1,0.0,text_only,0.5673076923076923,0.5673076923076923,0.5777777777777777,0.5,0.5360824742268041,0.5653385344106994
factors_finance,2,22,4,logistic_regression,word,0.1,0.05,emotion_aware,0.5865384615384616,0.5865384615384616,0.6,0.5192307692307693,0.5567010309278351,0.5846568217702238
factors_finance,2,22,4,logistic_regression,word,0.1,0.1,emotion_aware,0.5384615384615384,0.5384615384615384,0.5434782608695652,0.4807692307692308,0.5102040816326531,0.5369202226345083
factors_finance,2,22,4,logistic_regression,word,0.1,0.25,emotion_aware,0.5288461538461539,0.5288461538461539,0.5306122448979592,0.5,0.5148514851485149,0.5284537799574349
factors_finance,2,22,4,logistic_regression,word,0.1,0.5,emotion_aware,0.5769230769230769,0.5769230769230769,0.5769230769230769,0.5769230769230769,0.5769230769230769,0.5769230769230769
factors_finance,2,22,4,logistic_regression,word,0.1,1.0,emotion_aware,0.5769230769230769,0.5769230769230769,0.5769230769230769,0.5769230769230769,0.5769230769230769,0.5769230769230769
factors_finance,2,22,4,logistic_regression,word,1.0,0.0,text_only,0.6057692307692307,0.6057692307692308,0.6170212765957447,0.5576923076923077,0.5858585858585859,0.6048558984338801
factors_finance,2,22,4,logistic_regression,word,1.0,0.05,emotion_aware,0.6057692307692307,0.6057692307692308,0.6222222222222222,0.5384615384615384,0.5773195876288659,0.6039751091297483
factors_finance,2,22,4,logistic_regression,word,1.0,0.1,emotion_aware,0.6153846153846154,0.6153846153846154,0.6428571428571429,0.5192307692307693,0.574468085106383,0.6117954460619635
factors_finance,2,22,4,logistic_regression,word,1.0,0.25,emotion_aware,0.5961538461538461,0.5961538461538463,0.6136363636363636,0.5192307692307693,0.5625,0.59375
factors_finance,2,22,4,logistic_regression,word,1.0,0.5,emotion_aware,0.5865384615384616,0.5865384615384616,0.6,0.5192307692307693,0.5567010309278351,0.5846568217702238
factors_finance,2,22,4,logistic_regression,word,1.0,1.0,emotion_aware,0.5673076923076923,0.5673076923076923,0.574468085106383,0.5192307692307693,0.5454545454545454,0.5663052543786489
factors_finance,2,22,4,logistic_regression,word,10.0,0.0,text_only,0.625,0.625,0.6382978723404256,0.5769230769230769,0.6060606060606061,0.6241312204614957
factors_finance,2,22,4,logistic_regression,word,10.0,0.05,emotion_aware,0.6346153846153846,0.6346153846153846,0.6666666666666666,0.5384615384615384,0.5957446808510638,0.6312056737588652
factors_finance,2,22,4,logistic_regression,word,10.0,0.1,emotion_aware,0.6442307692307693,0.6442307692307692,0.6744186046511628,0.5576923076923077,0.6105263157894737,0.6415463437354448
factors_finance,2,22,4,logistic_regression,word,10.0,0.25,emotion_aware,0.625,0.625,0.6444444444444445,0.5576923076923077,0.5979381443298969,0.6232933964892728
factors_finance,2,22,4,logistic_regression,word,10.0,0.5,emotion_aware,0.625,0.625,0.6444444444444445,0.5576923076923077,0.5979381443298969,0.6232933964892728
factors_finance,2,22,4,logistic_regression,word,10.0,1.0,emotion_aware,0.625,0.625,0.6444444444444445,0.5576923076923077,0.5979381443298969,0.6232933964892728
factors_finance,2,22,4,logistic_regression,word_char,0.1,0.0,text_only,0.5961538461538461,0.5961538461538461,0.6190476190476191,0.5,0.5531914893617021,0.5923852183650615
factors_finance,2,22,4,logistic_regression,word_char,0.1,0.05,emotion_aware,0.5769230769230769,0.5769230769230769,0.5869565217391305,0.5192307692307693,0.5510204081632653,0.5755102040816327
factors_finance,2,22,4,logistic_regression,word_char,0.1,0.1,emotion_aware,0.5961538461538461,0.5961538461538463,0.6136363636363636,0.5192307692307693,0.5625,0.59375
factors_finance,2,22,4,logistic_regression,word_char,0.1,0.25,emotion_aware,0.5480769230769231,0.5480769230769231,0.5510204081632653,0.5192307692307693,0.5346534653465347,0.5477005644489683
factors_finance,2,22,4,logistic_regression,word_char,0.1,0.5,emotion_aware,0.5673076923076923,0.5673076923076923,0.5686274509803921,0.5576923076923077,0.5631067961165048,0.5672676837725381
factors_finance,2,22,4,logistic_regression,word_char,0.1,1.0,emotion_aware,0.5673076923076923,0.5673076923076923,0.5686274509803921,0.5576923076923077,0.5631067961165048,0.5672676837725381
factors_finance,2,22,4,logistic_regression,word_char,1.0,0.0,text_only,0.6153846153846154,0.6153846153846154,0.6363636363636364,0.5384615384615384,0.5833333333333334,0.6130952380952381
factors_finance,2,22,4,logistic_regression,word_char,1.0,0.05,emotion_aware,0.6153846153846154,0.6153846153846154,0.6428571428571429,0.5192307692307693,0.574468085106383,0.6117954460619635
factors_finance,2,22,4,logistic_regression,word_char,1.0,0.1,emotion_aware,0.5961538461538461,0.5961538461538461,0.6190476190476191,0.5,0.5531914893617021,0.5923852183650615
factors_finance,2,22,4,logistic_regression,word_char,1.0,0.25,emotion_aware,0.6057692307692307,0.6057692307692308,0.6222222222222222,0.5384615384615384,0.5773195876288659,0.6039751091297483
factors_finance,2,22,4,logistic_regression,word_char,1.0,0.5,emotion_aware,0.5961538461538461,0.5961538461538461,0.6041666666666666,0.5576923076923077,0.58,0.5955555555555556
factors_finance,2,22,4,logistic_regression,word_char,1.0,1.0,emotion_aware,0.5865384615384616,0.5865384615384615,0.5957446808510638,0.5384615384615384,0.5656565656565656,0.5855805764062645
factors_finance,2,22,4,logistic_regression,word_char,10.0,0.0,text_only,0.6346153846153846,0.6346153846153846,0.6590909090909091,0.5576923076923077,0.6041666666666666,0.6324404761904762
factors_finance,2,22,4,logistic_regression,word_char,10.0,0.05,emotion_aware,0.6442307692307693,0.6442307692307692,0.6666666666666666,0.5769230769230769,0.6185567010309279,0.6426116838487972
factors_finance,2,22,4,logistic_regression,word_char,10.0,0.1,emotion_aware,0.6442307692307693,0.6442307692307692,0.6744186046511628,0.5576923076923077,0.6105263157894737,0.6415463437354448
factors_finance,2,22,4,logistic_regression,word_char,10.0,0.25,emotion_aware,0.6442307692307693,0.6442307692307692,0.6666666666666666,0.5769230769230769,0.6185567010309279,0.6426116838487972
factors_finance,2,22,4,logistic_regression,word_char,10.0,0.5,emotion_aware,0.6153846153846154,0.6153846153846154,0.6304347826086957,0.5576923076923077,0.5918367346938775,0.6141001855287569
factors_finance,2,22,4,logistic_regression,word_char,10.0,1.0,emotion_aware,0.6153846153846154,0.6153846153846154,0.6304347826086957,0.5576923076923077,0.5918367346938775,0.6141001855287569
factors_finance,2,22,4,linear_svm,word,0.1,0.0,text_only,0.5865384615384616,0.5865384615384615,0.5957446808510638,0.5384615384615384,0.5656565656565656,0.5855805764062645
factors_finance,2,22,4,linear_svm,word,0.1,0.05,emotion_aware,0.5865384615384616,0.5865384615384616,0.6,0.5192307692307693,0.5567010309278351,0.5846568217702238
factors_finance,2,22,4,linear_svm,word,0.1,0.1,emotion_aware,0.6153846153846154,0.6153846153846154,0.6363636363636364,0.5384615384615384,0.5833333333333334,0.6130952380952381
factors_finance,2,22,4,linear_svm,word,0.1,0.25,emotion_aware,0.5961538461538461,0.5961538461538463,0.6136363636363636,0.5192307692307693,0.5625,0.59375
factors_finance,2,22,4,linear_svm,word,0.1,0.5,emotion_aware,0.5673076923076923,0.5673076923076923,0.574468085106383,0.5192307692307693,0.5454545454545454,0.5663052543786489
factors_finance,2,22,4,linear_svm,word,0.1,1.0,emotion_aware,0.5673076923076923,0.5673076923076923,0.574468085106383,0.5192307692307693,0.5454545454545454,0.5663052543786489
factors_finance,2,22,4,linear_svm,word,1.0,0.0,text_only,0.5961538461538461,0.5961538461538461,0.6041666666666666,0.5576923076923077,0.58,0.5955555555555556
factors_finance,2,22,4,linear_svm,word,1.0,0.05,emotion_aware,0.625,0.625,0.6511627906976745,0.5384615384615384,0.5894736842105263,0.6221704704238472
factors_finance,2,22,4,linear_svm,word,1.0,0.1,emotion_aware,0.6442307692307693,0.6442307692307692,0.6744186046511628,0.5576923076923077,0.6105263157894737,0.6415463437354448
factors_finance,2,22,4,linear_svm,word,1.0,0.25,emotion_aware,0.6346153846153846,0.6346153846153846,0.6590909090909091,0.5576923076923077,0.6041666666666666,0.6324404761904762
factors_finance,2,22,4,linear_svm,word,1.0,0.5,emotion_aware,0.6346153846153846,0.6346153846153846,0.6590909090909091,0.5576923076923077,0.6041666666666666,0.6324404761904762
factors_finance,2,22,4,linear_svm,word,1.0,1.0,emotion_aware,0.625,0.625,0.6444444444444445,0.5576923076923077,0.5979381443298969,0.6232933964892728
factors_finance,2,22,4,linear_svm,word,10.0,0.0,text_only,0.6634615384615384,0.6634615384615384,0.673469387755102,0.6346153846153846,0.6534653465346535,0.6631812713981678
factors_finance,2,22,4,linear_svm,word,10.0,0.05,emotion_aware,0.6634615384615384,0.6634615384615385,0.6808510638297872,0.6153846153846154,0.6464646464646465,0.662681864516727
factors_finance,2,22,4,linear_svm,word,10.0,0.1,emotion_aware,0.6826923076923077,0.6826923076923077,0.7111111111111111,0.6153846153846154,0.6597938144329897,0.6812482585678462
factors_finance,2,22,4,linear_svm,word,10.0,0.25,emotion_aware,0.6730769230769231,0.6730769230769231,0.6956521739130435,0.6153846153846154,0.6530612244897959,0.6719851576994433
factors_finance,2,22,4,linear_svm,word,10.0,0.5,emotion_aware,0.6634615384615384,0.6634615384615384,0.6888888888888889,0.5961538461538461,0.6391752577319587,0.6619299712083218
factors_finance,2,22,4,linear_svm,word,10.0,1.0,emotion_aware,0.6634615384615384,0.6634615384615384,0.6888888888888889,0.5961538461538461,0.6391752577319587,0.6619299712083218
factors_finance,2,22,4,linear_svm,word_char,0.1,0.0,text_only,0.625,0.625,0.6511627906976745,0.5384615384615384,0.5894736842105263,0.6221704704238472
factors_finance,2,22,4,linear_svm,word_char,0.1,0.05,emotion_aware,0.6153846153846154,0.6153846153846154,0.6428571428571429,0.5192307692307693,0.574468085106383,0.6117954460619635
factors_finance,2,22,4,linear_svm,word_char,0.1,0.1,emotion_aware,0.5961538461538461,0.5961538461538461,0.625,0.4807692307692308,0.5434782608695652,0.5907046476761619
factors_finance,2,22,4,linear_svm,word_char,0.1,0.25,emotion_aware,0.5961538461538461,0.5961538461538463,0.6136363636363636,0.5192307692307693,0.5625,0.59375
factors_finance,2,22,4,linear_svm,word_char,0.1,0.5,emotion_aware,0.6153846153846154,0.6153846153846154,0.6304347826086957,0.5576923076923077,0.5918367346938775,0.6141001855287569
factors_finance,2,22,4,linear_svm,word_char,0.1,1.0,emotion_aware,0.5865384615384616,0.5865384615384616,0.6,0.5192307692307693,0.5567010309278351,0.5846568217702238
factors_finance,2,22,4,linear_svm,word_char,1.0,0.0,text_only,0.6442307692307693,0.6442307692307692,0.6744186046511628,0.5576923076923077,0.6105263157894737,0.6415463437354448
factors_finance,2,22,4,linear_svm,word_char,1.0,0.05,emotion_aware,0.6634615384615384,0.6634615384615385,0.7073170731707317,0.5576923076923077,0.6236559139784946,0.659654043945769
factors_finance,2,22,4,linear_svm,word_char,1.0,0.1,emotion_aware,0.6634615384615384,0.6634615384615384,0.6888888888888889,0.5961538461538461,0.6391752577319587,0.6619299712083218
factors_finance,2,22,4,linear_svm,word_char,1.0,0.25,emotion_aware,0.6538461538461539,0.6538461538461537,0.6818181818181818,0.5769230769230769,0.625,0.6517857142857143
factors_finance,2,22,4,linear_svm,word_char,1.0,0.5,emotion_aware,0.6346153846153846,0.6346153846153846,0.6590909090909091,0.5576923076923077,0.6041666666666666,0.6324404761904762
factors_finance,2,22,4,linear_svm,word_char,1.0,1.0,emotion_aware,0.6346153846153846,0.6346153846153846,0.6590909090909091,0.5576923076923077,0.6041666666666666,0.6324404761904762
factors_finance,2,22,4,linear_svm,word_char,10.0,0.0,text_only,0.6634615384615384,0.6634615384615384,0.6976744186046512,0.5769230769230769,0.631578947368421,0.6609222170470423
factors_finance,2,22,4,linear_svm,word_char,10.0,0.05,emotion_aware,0.6730769230769231,0.6730769230769231,0.7142857142857143,0.5769230769230769,0.6382978723404256,0.6700261291526689
factors_finance,2,22,4,linear_svm,word_char,10.0,0.1,emotion_aware,0.6538461538461539,0.6538461538461537,0.6818181818181818,0.5769230769230769,0.625,0.6517857142857143
factors_finance,2,22,4,linear_svm,word_char,10.0,0.25,emotion_aware,0.6442307692307693,0.6442307692307692,0.6744186046511628,0.5576923076923077,0.6105263157894737,0.6415463437354448
factors_finance,2,22,4,linear_svm,word_char,10.0,0.5,emotion_aware,0.6346153846153846,0.6346153846153846,0.6590909090909091,0.5576923076923077,0.6041666666666666,0.6324404761904762
factors_finance,2,22,4,linear_svm,word_char,10.0,1.0,emotion_aware,0.6442307692307693,0.6442307692307692,0.6666666666666666,0.5769230769230769,0.6185567010309279,0.6426116838487972
factors_finance,2,22,5,logistic_regression,word,0.1,0.0,text_only,0.5865384615384616,0.5865384615384616,0.5737704918032787,0.6730769230769231,0.6194690265486725,0.5834187238006521
factors_finance,2,22,5,logistic_regression,word,0.1,0.05,emotion_aware,0.5865384615384616,0.5865384615384616,0.576271186440678,0.6538461538461539,0.6126126126126126,0.5846568217702238
factors_finance,2,22,5,logistic_regression,word,0.1,0.1,emotion_aware,0.5769230769230769,0.5769230769230769,0.5714285714285714,0.6153846153846154,0.5925925925925926,0.5762962962962963
factors_finance,2,22,5,logistic_regression,word,0.1,0.25,emotion_aware,0.6057692307692307,0.6057692307692308,0.6170212765957447,0.5576923076923077,0.5858585858585859,0.6048558984338801
factors_finance,2,22,5,logistic_regression,word,0.1,0.5,emotion_aware,0.6057692307692307,0.6057692307692308,0.6341463414634146,0.5,0.5591397849462365,0.6013090229079008
factors_finance,2,22,5,logistic_regression,word,0.1,1.0,emotion_aware,0.5961538461538461,0.5961538461538461,0.6190476190476191,0.5,0.5531914893617021,0.5923852183650615
factors_finance,2,22,5,logistic_regression,word,1.0,0.0,text_only,0.5673076923076923,0.5673076923076923,0.559322033898305,0.6346153846153846,0.5945945945945946,0.5653385344106994
factors_finance,2,22,5,logistic_regression,word,1.0,0.05,emotion_aware,0.5769230769230769,0.5769230769230769,0.5689655172413793,0.6346153846153846,0.6,0.5755102040816327
factors_finance,2,22,5,logistic_regression,word,1.0,0.1,emotion_aware,0.6153846153846154,0.6153846153846154,0.6071428571428571,0.6538461538461539,0.6296296296296297,0.6148148148148148
factors_finance,2,22,5,logistic_regression,word,1.0,0.25,emotion_aware,0.6153846153846154,0.6153846153846154,0.62,0.5961538461538461,0.6078431372549019,0.6152423233444321
factors_finance,2,22,5,logistic_regression,word,1.0,0.5,emotion_aware,0.625,0.625,0.6444444444444445,0.5576923076923077,0.5979381443298969,0.6232933964892728
factors_finance,2,22,5,logistic_regression,word,1.0,1.0,emotion_aware,0.6346153846153846,0.6346153846153846,0.6590909090909091,0.5576923076923077,0.6041666666666666,0.6324404761904762
factors_finance,2,22,5,logistic_regression,word,10.0,0.0,text_only,0.5865384615384616,0.5865384615384615,0.5789473684210527,0.6346153846153846,0.6055045871559633,0.5855805764062645
factors_finance,2,22,5,logistic_regression,word,10.0,0.05,emotion_aware,0.5961538461538461,0.5961538461538461,0.5862068965517241,0.6538461538461539,0.6181818181818182,0.5948051948051948
factors_finance,2,22,5,logistic_regression,word,10.0,0.1,emotion_aware,0.5769230769230769,0.5769230769230769,0.5769230769230769,0.5769230769230769,0.5769230769230769,0.5769230769230769
factors_finance,2,22,5,logistic_regression,word,10.0,0.25,emotion_aware,0.5673076923076923,0.5673076923076923,0.5714285714285714,0.5384615384615384,0.5544554455445545,0.5669473489405015
factors_finance,2,22,5,logistic_regression,word,10.0,0.5,emotion_aware,0.5576923076923077,0.5576923076923077,0.5625,0.5192307692307693,0.54,0.557037037037037
factors_finance,2,22,5,logistic_regression,word,10.0,1.0,emotion_aware,0.5673076923076923,0.5673076923076923,0.574468085106383,0.5192307692307693,0.5454545454545454,0.5663052543786489
factors_finance,2,22,5,logistic_regression,word_char,0.1,0.0,text_only,0.5865384615384616,0.5865384615384616,0.5714285714285714,0.6923076923076923,0.6260869565217392,0.5818606825619448
factors_finance,2,22,5,logistic_regression,word_char,0.1,0.05,emotion_aware,0.5865384615384616,0.5865384615384616,0.5692307692307692,0.7115384615384616,0.6324786324786325,0.5799755799755799
factors_finance,2,22,5,logistic_regression,word_char,0.1,0.1,emotion_aware,0.6057692307692307,0.6057692307692308,0.5964912280701754,0.6538461538461539,0.6238532110091743,0.6048558984338801
factors_finance,2,22,5,logistic_regression,word_char,0.1,0.25,emotion_aware,0.625,0.625,0.6181818181818182,0.6538461538461539,0.6355140186915887,0.6246877024151013
factors_finance,2,22,5,logistic_regression,word_char,0.1,0.5,emotion_aware,0.6346153846153846,0.6346153846153846,0.6458333333333334,0.5961538461538461,0.62,0.634074074074074
factors_finance,2,22,5,logistic_regression,word_char,0.1,1.0,emotion_aware,0.625,0.625,0.6444444444444445,0.5576923076923077,0.5979381443298969,0.6232933964892728
factors_finance,2,22,5,logistic_regression,word_char,1.0,0.0,text_only,0.5961538461538461,0.5961538461538461,0.5806451612903226,0.6923076923076923,0.631578947368421,0.5923852183650615
factors_finance,2,22,5,logistic_regression,word_char,1.0,0.05,emotion_aware,0.625,0.625,0.6065573770491803,0.7115384615384616,0.6548672566371682,0.6221704704238472
factors_finance,2,22,5,logistic_regression,word_char,1.0,0.1,emotion_aware,0.6346153846153846,0.6346153846153846,0.6206896551724138,0.6923076923076923,0.6545454545454545,0.6333951762523191
factors_finance,2,22,5,logistic_regression,word_char,1.0,0.25,emotion_aware,0.6634615384615384,0.6634615384615384,0.639344262295082,0.75,0.6902654867256637,0.6609222170470423
factors_finance,2,22,5,logistic_regression,word_char,1.0,0.5,emotion_aware,0.6730769230769231,0.6730769230769231,0.6666666666666666,0.6923076923076923,0.6792452830188679,0.6729559748427673
factors_finance,2,22,5,logistic_regression,word_char,1.0,1.0,emotion_aware,0.6442307692307693,0.6442307692307693,0.6530612244897959,0.6153846153846154,0.6336633663366337,0.6439344869066346
factors_finance,2,22,5,logistic_regression,word_char,10.0,0.0,text_only,0.6346153846153846,0.6346153846153846,0.6166666666666667,0.7115384615384616,0.6607142857142857,0.6324404761904762
factors_finance,2,22,5,logistic_regression,word_char,10.0,0.05,emotion_aware,0.6538461538461539,0.6538461538461539,0.6428571428571429,0.6923076923076923,0.6666666666666666,0.6533333333333333
factors_finance,2,22,5,logistic_regression,word_char,10.0,0.1,emotion_aware,0.6442307692307693,0.6442307692307692,0.631578947368421,0.6923076923076923,0.6605504587155964,0.6434065424891113
factors_finance,2,22,5,logistic_regression,word_char,10.0,0.25,emotion_aware,0.6442307692307693,0.6442307692307692,0.631578947368421,0.6923076923076923,0.6605504587155964,0.6434065424891113
factors_finance,2,22,5,logistic_regression,word_char,10.0,0.5,emotion_aware,0.6634615384615384,0.6634615384615385,0.660377358490566,0.6730769230769231,0.6666666666666666,0.6634304207119741
factors_finance,2,22,5,logistic_regression,word_char,10.0,1.0,emotion_aware,0.6442307692307693,0.6442307692307692,0.6415094339622641,0.6538461538461539,0.6476190476190476,0.644197873324087
factors_finance,2,22,5,linear_svm,word,0.1,0.0,text_only,0.5769230769230769,0.5769230769230769,0.5666666666666667,0.6538461538461539,0.6071428571428571,0.5744047619047619
factors_finance,2,22,5,linear_svm,word,0.1,0.05,emotion_aware,0.5865384615384616,0.5865384615384615,0.5789473684210527,0.6346153846153846,0.6055045871559633,0.5855805764062645
factors_finance,2,22,5,linear_svm,word,0.1,0.1,emotion_aware,0.6057692307692307,0.6057692307692308,0.5964912280701754,0.6538461538461539,0.6238532110091743,0.6048558984338801
factors_finance,2,22,5,linear_svm,word,0.1,0.25,emotion_aware,0.5961538461538461,0.5961538461538461,0.6,0.5769230769230769,0.5882352941176471,0.5960044395116537
factors_finance,2,22,5,linear_svm,word,0.1,0.5,emotion_aware,0.6346153846153846,0.6346153846153846,0.6590909090909091,0.5576923076923077,0.6041666666666666,0.6324404761904762
factors_finance,2,22,5,linear_svm,word,0.1,1.0,emotion_aware,0.6346153846153846,0.6346153846153846,0.6590909090909091,0.5576923076923077,0.6041666666666666,0.6324404761904762
factors_finance,2,22,5,linear_svm,word,1.0,0.0,text_only,0.5865384615384616,0.5865384615384615,0.5789473684210527,0.6346153846153846,0.6055045871559633,0.5855805764062645
factors_finance,2,22,5,linear_svm,word,1.0,0.05,emotion_aware,0.6153846153846154,0.6153846153846154,0.6071428571428571,0.6538461538461539,0.6296296296296297,0.6148148148148148
factors_finance,2,22,5,linear_svm,word,1.0,0.1,emotion_aware,0.5769230769230769,0.5769230769230769,0.5769230769230769,0.5769230769230769,0.5769230769230769,0.5769230769230769
factors_finance,2,22,5,linear_svm,word,1.0,0.25,emotion_aware,0.5576923076923077,0.5576923076923077,0.56,0.5384615384615384,0.5490196078431373,0.557528671846097
factors_finance,2,22,5,linear_svm,word,1.0,0.5,emotion_aware,0.5769230769230769,0.5769230769230769,0.5833333333333334,0.5384615384615384,0.56,0.5762962962962963
factors_finance,2,22,5,linear_svm,word,1.0,1.0,emotion_aware,0.5769230769230769,0.5769230769230769,0.5833333333333334,0.5384615384615384,0.56,0.5762962962962963
factors_finance,2,22,5,linear_svm,word,10.0,0.0,text_only,0.6153846153846154,0.6153846153846154,0.62,0.5961538461538461,0.6078431372549019,0.6152423233444321
factors_finance,2,22,5,linear_svm,word,10.0,0.05,emotion_aware,0.6057692307692307,0.6057692307692308,0.6170212765957447,0.5576923076923077,0.5858585858585859,0.6048558984338801
factors_finance,2,22,5,linear_svm,word,10.0,0.1,emotion_aware,0.6346153846153846,0.6346153846153846,0.6521739130434783,0.5769230769230769,0.6122448979591837,0.6333951762523191
factors_finance,2,22,5,linear_svm,word,10.0,0.25,emotion_aware,0.625,0.625,0.6444444444444445,0.5576923076923077,0.5979381443298969,0.6232933964892728
factors_finance,2,22,5,linear_svm,word,10.0,0.5,emotion_aware,0.6153846153846154,0.6153846153846154,0.6363636363636364,0.5384615384615384,0.5833333333333334,0.6130952380952381
factors_finance,2,22,5,linear_svm,word,10.0,1.0,emotion_aware,0.6153846153846154,0.6153846153846154,0.6363636363636364,0.5384615384615384,0.5833333333333334,0.6130952380952381
factors_finance,2,22,5,linear_svm,word_char,0.1,0.0,text_only,0.5961538461538461,0.5961538461538461,0.5806451612903226,0.6923076923076923,0.631578947368421,0.5923852183650615
factors_finance,2,22,5,linear_svm,word_char,0.1,0.05,emotion_aware,0.625,0.625,0.6065573770491803,0.7115384615384616,0.6548672566371682,0.6221704704238472
factors_finance,2,22,5,linear_svm,word_char,0.1,0.1,emotion_aware,0.625,0.625,0.6101694915254238,0.6923076923076923,0.6486486486486487,0.6232933964892728
factors_finance,2,22,5,linear_svm,word_char,0.1,0.25,emotion_aware,0.6538461538461539,0.6538461538461537,0.6333333333333333,0.7307692307692307,0.6785714285714286,0.6517857142857143
factors_finance,2,22,5,linear_svm,word_char,0.1,0.5,emotion_aware,0.6634615384615384,0.6634615384615385,0.660377358490566,0.6730769230769231,0.6666666666666666,0.6634304207119741
factors_finance,2,22,5,linear_svm,word_char,0.1,1.0,emotion_aware,0.6442307692307693,0.6442307692307693,0.6530612244897959,0.6153846153846154,0.6336633663366337,0.6439344869066346
factors_finance,2,22,5,linear_svm,word_char,1.0,0.0,text_only,0.625,0.625,0.6101694915254238,0.6923076923076923,0.6486486486486487,0.6232933964892728
factors_finance,2,22,5,linear_svm,word_char,1.0,0.05,emotion_aware,0.6442307692307693,0.6442307692307692,0.631578947368421,0.6923076923076923,0.6605504587155964,0.6434065424891113
factors_finance,2,22,5,linear_svm,word_char,1.0,0.1,emotion_aware,0.6057692307692307,0.6057692307692307,0.6,0.6346153846153846,0.616822429906542,0.605440917923568
factors_finance,2,22,5,linear_svm,word_char,1.0,0.25,emotion_aware,0.6057692307692307,0.6057692307692308,0.5964912280701754,0.6538461538461539,0.6238532110091743,0.6048558984338801
factors_finance,2,22,5,linear_svm,word_char,1.0,0.5,emotion_aware,0.625,0.625,0.6181818181818182,0.6538461538461539,0.6355140186915887,0.6246877024151013
factors_finance,2,22,5,linear_svm,word_char,1.0,1.0,emotion_aware,0.6153846153846154,0.6153846153846154,0.6153846153846154,0.6153846153846154,0.6153846153846154,0.6153846153846154
factors_finance,2,22,5,linear_svm,word_char,10.0,0.0,text_only,0.6057692307692307,0.6057692307692308,0.5901639344262295,0.6923076923076923,0.6371681415929203,0.6027945971122497
factors_finance,2,22,5,linear_svm,word_char,10.0,0.05,emotion_aware,0.5961538461538461,0.5961538461538461,0.5862068965517241,0.6538461538461539,0.6181818181818182,0.5948051948051948
factors_finance,2,22,5,linear_svm,word_char,10.0,0.1,emotion_aware,0.5961538461538461,0.5961538461538461,0.5925925925925926,0.6153846153846154,0.6037735849056604,0.5960044395116537
factors_finance,2,22,5,linear_svm,word_char,10.0,0.25,emotion_aware,0.5961538461538461,0.5961538461538461,0.6,0.5769230769230769,0.5882352941176471,0.5960044395116537
factors_finance,2,22,5,linear_svm,word_char,10.0,0.5,emotion_aware,0.6057692307692307,0.6057692307692308,0.6078431372549019,0.5961538461538461,0.6019417475728155,0.6057327785483125
factors_finance,2,22,5,linear_svm,word_char,10.0,1.0,emotion_aware,0.6153846153846154,0.6153846153846154,0.62,0.5961538461538461,0.6078431372549019,0.6152423233444321
factors_finance,3,33,1,logistic_regression,word,0.1,0.0,text_only,0.6226415094339622,0.6226415094339622,0.6382978723404256,0.5660377358490566,0.6,0.6214285714285714
factors_finance,3,33,1,logistic_regression,word,0.1,0.05,emotion_aware,0.6037735849056604,0.6037735849056604,0.6222222222222222,0.5283018867924528,0.5714285714285714,0.6015037593984962
factors_finance,3,33,1,logistic_regression,word,0.1,0.1,emotion_aware,0.5566037735849056,0.5566037735849056,0.5681818181818182,0.4716981132075472,0.5154639175257731,0.5533841326759301
factors_finance,3,33,1,logistic_regression,word,0.1,0.25,emotion_aware,0.5,0.5,0.5,0.4528301886792453,0.4752475247524752,0.49888502363749887
factors_finance,3,33,1,logistic_regression,word,0.1,0.5,emotion_aware,0.4811320754716981,0.4811320754716981,0.4782608695652174,0.41509433962264153,0.4444444444444444,0.47885939036381514
factors_finance,3,33,1,logistic_regression,word,0.1,1.0,emotion_aware,0.5,0.5,0.5,0.49056603773584906,0.49523809523809526,0.49995549621717844
factors_finance,3,33,1,logistic_regression,word,1.0,0.0,text_only,0.6132075471698113,0.6132075471698113,0.62,0.5849056603773585,0.6019417475728155,0.6128974792909949
factors_finance,3,33,1,logistic_regression,word,1.0,0.05,emotion_aware,0.6037735849056604,0.6037735849056604,0.6170212765957447,0.5471698113207547,0.58,0.6025
factors_finance,3,33,1,logistic_regression,word,1.0,0.1,emotion_aware,0.5943396226415094,0.5943396226415094,0.6086956521739131,0.5283018867924528,0.5656565656565656,0.5925627961026191
factors_finance,3,33,1,logistic_regression,word,1.0,0.25,emotion_aware,0.5849056603773585,0.5849056603773585,0.5918367346938775,0.5471698113207547,0.5686274509803921,0.584313725490196
factors_finance,3,33,1,logistic_regression,word,1.0,0.5,emotion_aware,0.5754716981132075,0.5754716981132075,0.58,0.5471698113207547,0.5631067961165048,0.5751313797096286
factors_finance,3,33,1,logistic_regression,word,1.0,1.0,emotion_aware,0.5660377358490566,0.5660377358490566,0.5686274509803921,0.5471698113207547,0.5576923076923077,0.565883190883191
factors_finance,3,33,1,logistic_regression,word,10.0,0.0,text_only,0.6415094339622641,0.6415094339622641,0.6470588235294118,0.6226415094339622,0.6346153846153846,0.6413817663817664
factors_finance,3,33,1,logistic_regression,word,10.0,0.05,emotion_aware,0.6415094339622641,0.6415094339622641,0.6470588235294118,0.6226415094339622,0.6346153846153846,0.6413817663817664
factors_finance,3,33,1,logistic_regression,word,10.0,0.1,emotion_aware,0.6320754716981132,0.6320754716981132,0.64,0.6037735849056604,0.6213592233009708,0.631780529081678
factors_finance,3,33,1,logistic_regression,word,10.0,0.25,emotion_aware,0.5849056603773585,0.5849056603773585,0.5849056603773585,0.5849056603773585,0.5849056603773585,0.5849056603773585
factors_finance,3,33,1,logistic_regression,word,10.0,0.5,emotion_aware,0.5754716981132075,0.5754716981132075,0.5740740740740741,0.5849056603773585,0.5794392523364486,0.57543391188251
factors_finance,3,33,1,logistic_regression,word,10.0,1.0,emotion_aware,0.5849056603773585,0.5849056603773585,0.5849056603773585,0.5849056603773585,0.5849056603773585,0.5849056603773585
factors_finance,3,33,1,logistic_regression,word_char,0.1,0.0,text_only,0.6320754716981132,0.6320754716981132,0.64,0.6037735849056604,0.6213592233009708,0.631780529081678
factors_finance,3,33,1,logistic_regression,word_char,0.1,0.05,emotion_aware,0.6226415094339622,0.6226415094339622,0.6274509803921569,0.6037735849056604,0.6153846153846154,0.6225071225071226
factors_finance,3,33,1,logistic_regression,word_char,0.1,0.1,emotion_aware,0.5754716981132075,0.5754716981132075,0.5952380952380952,0.4716981132075472,0.5263157894736842,0.5708502024291497
factors_finance,3,33,1,logistic_regression,word_char,0.1,0.25,emotion_aware,0.5283018867924528,0.5283018867924528,0.5333333333333333,0.4528301886792453,0.4897959183673469,0.5255997135696384
factors_finance,3,33,1,logistic_regression,word_char,0.1,0.5,emotion_aware,0.5188679245283019,0.5188679245283019,0.5208333333333334,0.4716981132075472,0.49504950495049505,0.5177950227455178
factors_finance,3,33,1,logistic_regression,word_char,0.1,1.0,emotion_aware,0.5283018867924528,0.5283018867924528,0.5294117647058824,0.5094339622641509,0.5192307692307693,0.5281339031339032
factors_finance,3,33,1,logistic_regression,word_char,1.0,0.0,text_only,0.6415094339622641,0.6415094339622641,0.6470588235294118,0.6226415094339622,0.6346153846153846,0.6413817663817664
factors_finance,3,33,1,logistic_regression,word_char,1.0,0.05,emotion_aware,0.6415094339622641,0.6415094339622641,0.6530612244897959,0.6037735849056604,0.6274509803921569,0.6409982174688057
factors_finance,3,33,1,logistic_regression,word_char,1.0,0.1,emotion_aware,0.6132075471698113,0.6132075471698113,0.62,0.5849056603773585,0.6019417475728155,0.6128974792909949
factors_finance,3,33,1,logistic_regression,word_char,1.0,0.25,emotion_aware,0.6226415094339622,0.6226415094339622,0.6382978723404256,0.5660377358490566,0.6,0.6214285714285714
factors_finance,3,33,1,logistic_regression,word_char,1.0,0.5,emotion_aware,0.6226415094339622,0.6226415094339622,0.6326530612244898,0.5849056603773585,0.6078431372549019,0.6221033868092691
factors_finance,3,33,1,logistic_regression,word_char,1.0,1.0,emotion_aware,0.6037735849056604,0.6037735849056604,0.6078431372549019,0.5849056603773585,0.5961538461538461,0.6036324786324787
factors_finance,3,33,1,logistic_regression,word_char,10.0,0.0,text_only,0.6792452830188679,0.6792452830188679,0.6792452830188679,0.6792452830188679,0.6792452830188679,0.6792452830188679
factors_finance,3,33,1,logistic_regression,word_char,10.0,0.05,emotion_aware,0.6509433962264151,0.6509433962264151,0.6538461538461539,0.6415094339622641,0.6476190476190476,0.6509123275478416
factors_finance,3,33,1,logistic_regression,word_char,10.0,0.1,emotion_aware,0.660377358490566,0.660377358490566,0.673469387755102,0.6226415094339622,0.6470588235294118,0.6598930481283423
factors_finance,3,33,1,logistic_regression,word_char,10.0,0.25,emotion_aware,0.660377358490566,0.660377358490566,0.673469387755102,0.6226415094339622,0.6470588235294118,0.6598930481283423
factors_finance,3,33,1,logistic_regression,word_char,10.0,0.5,emotion_aware,0.6415094339622641,0.6415094339622641,0.6530612244897959,0.6037735849056604,0.6274509803921569,0.6409982174688057
factors_finance,3,33,1,logistic_regression,word_char,10.0,1.0,emotion_aware,0.6132075471698113,0.6132075471698113,0.62,0.5849056603773585,0.6019417475728155,0.6128974792909949
factors_finance,3,33,1,linear_svm,word,0.1,0.0,text_only,0.6132075471698113,0.6132075471698113,0.62,0.5849056603773585,0.6019417475728155,0.6128974792909949
factors_finance,3,33,1,linear_svm,word,0.1,0.05,emotion_aware,0.5943396226415094,0.5943396226415094,0.6086956521739131,0.5283018867924528,0.5656565656565656,0.5925627961026191
factors_finance,3,33,1,linear_svm,word,0.1,0.1,emotion_aware,0.5943396226415094,0.5943396226415094,0.6086956521739131,0.5283018867924528,0.5656565656565656,0.5925627961026191
factors_finance,3,33,1,linear_svm,word,0.1,0.25,emotion_aware,0.5566037735849056,0.5566037735849056,0.5625,0.5094339622641509,0.5346534653465347,0.5556150209615556
factors_finance,3,33,1,linear_svm,word,0.1,0.5,emotion_aware,0.5754716981132075,0.5754716981132075,0.58,0.5471698113207547,0.5631067961165048,0.5751313797096286
factors_finance,3,33,1,linear_svm,word,0.1,1.0,emotion_aware,0.5754716981132075,0.5754716981132075,0.58,0.5471698113207547,0.5631067961165048,0.5751313797096286
factors_finance,3,33,1,linear_svm,word,1.0,0.0,text_only,0.6509433962264151,0.6509433962264151,0.6538461538461539,0.6415094339622641,0.6476190476190476,0.6509123275478416
factors_finance,3,33,1,linear_svm,word,1.0,0.05,emotion_aware,0.6320754716981132,0.6320754716981132,0.64,0.6037735849056604,0.6213592233009708,0.631780529081678
factors_finance,3,33,1,linear_svm,word,1.0,0.1,emotion_aware,0.6320754716981132,0.6320754716981132,0.64,0.6037735849056604,0.6213592233009708,0.631780529081678
factors_finance,3,33,1,linear_svm,word,1.0,0.25,emotion_aware,0.5943396226415094,0.5943396226415094,0.5925925925925926,0.6037735849056604,0.5981308411214953,0.5943035157988429
factors_finance,3,33,1,linear_svm,word,1.0,0.5,emotion_aware,0.5849056603773585,0.5849056603773585,0.5818181818181818,0.6037735849056604,0.5925925925925926,0.5847578347578347
factors_finance,3,33,1,linear_svm,word,1.0,1.0,emotion_aware,0.5849056603773585,0.5849056603773585,0.5789473684210527,0.6226415094339622,0.6,0.584313725490196
factors_finance,3,33,1,linear_svm,word,10.0,0.0,text_only,0.6320754716981132,0.6320754716981132,0.6346153846153846,0.6226415094339622,0.6285714285714286,0.6320427236315087
factors_finance,3,33,1,linear_svm,word,10.0,0.05,emotion_aware,0.5849056603773585,0.5849056603773585,0.5818181818181818,0.6037735849056604,0.5925925925925926,0.5847578347578347
factors_finance,3,33,1,linear_svm,word,10.0,0.1,emotion_aware,0.5660377358490566,0.5660377358490566,0.5614035087719298,0.6037735849056604,0.5818181818181818,0.5654188948306595
factors_finance,3,33,1,linear_svm,word,10.0,0.25,emotion_aware,0.5754716981132075,0.5754716981132075,0.5740740740740741,0.5849056603773585,0.5794392523364486,0.57543391188251
factors_finance,3,33,1,linear_svm,word,10.0,0.5,emotion_aware,0.5943396226415094,0.5943396226415094,0.5925925925925926,0.6037735849056604,0.5981308411214953,0.5943035157988429
factors_finance,3,33,1,linear_svm,word,10.0,1.0,emotion_aware,0.5943396226415094,0.5943396226415094,0.5925925925925926,0.6037735849056604,0.5981308411214953,0.5943035157988429
factors_finance,3,33,1,linear_svm,word_char,0.1,0.0,text_only,0.6415094339622641,0.6415094339622641,0.6470588235294118,0.6226415094339622,0.6346153846153846,0.6413817663817664
factors_finance,3,33,1,linear_svm,word_char,0.1,0.05,emotion_aware,0.6415094339622641,0.6415094339622641,0.6530612244897959,0.6037735849056604,0.6274509803921569,0.6409982174688057
factors_finance,3,33,1,linear_svm,word_char,0.1,0.1,emotion_aware,0.6226415094339622,0.6226415094339622,0.6326530612244898,0.5849056603773585,0.6078431372549019,0.6221033868092691
factors_finance,3,33,1,linear_svm,word_char,0.1,0.25,emotion_aware,0.6226415094339622,0.6226415094339622,0.6382978723404256,0.5660377358490566,0.6,0.6214285714285714
factors_finance,3,33,1,linear_svm,word_char,0.1,0.5,emotion_aware,0.6320754716981132,0.6320754716981132,0.6458333333333334,0.5849056603773585,0.6138613861386139,0.6312550173936313
factors_finance,3,33,1,linear_svm,word_char,0.1,1.0,emotion_aware,0.6037735849056604,0.6037735849056604,0.6078431372549019,0.5849056603773585,0.5961538461538461,0.6036324786324787
factors_finance,3,33,1,linear_svm,word_char,1.0,0.0,text_only,0.6698113207547169,0.6698113207547169,0.6666666666666666,0.6792452830188679,0.6728971962616822,0.6697819314641744
factors_finance,3,33,1,linear_svm,word_char,1.0,0.05,emotion_aware,0.6792452830188679,0.6792452830188679,0.6862745098039216,0.660377358490566,0.6730769230769231,0.6791310541310542
factors_finance,3,33,1,linear_svm,word_char,1.0,0.1,emotion_aware,0.660377358490566,0.660377358490566,0.673469387755102,0.6226415094339622,0.6470588235294118,0.6598930481283423
factors_finance,3,33,1,linear_svm,word_char,1.0,0.25,emotion_aware,0.660377358490566,0.660377358490566,0.673469387755102,0.6226415094339622,0.6470588235294118,0.6598930481283423
factors_finance,3,33,1,linear_svm,word_char,1.0,0.5,emotion_aware,0.6509433962264151,0.6509433962264151,0.66,0.6226415094339622,0.6407766990291263,0.6506635788723614
factors_finance,3,33,1,linear_svm,word_char,1.0,1.0,emotion_aware,0.6415094339622641,0.6415094339622641,0.6530612244897959,0.6037735849056604,0.6274509803921569,0.6409982174688057
factors_finance,3,33,1,linear_svm,word_char,10.0,0.0,text_only,0.6509433962264151,0.6509433962264151,0.6481481481481481,0.660377358490566,0.6542056074766355,0.6509123275478416
factors_finance,3,33,1,linear_svm,word_char,10.0,0.05,emotion_aware,0.6415094339622641,0.6415094339622641,0.6415094339622641,0.6415094339622641,0.6415094339622641,0.6415094339622641
factors_finance,3,33,1,linear_svm,word_char,10.0,0.1,emotion_aware,0.6415094339622641,0.6415094339622641,0.6415094339622641,0.6415094339622641,0.6415094339622641,0.6415094339622641
factors_finance,3,33,1,linear_svm,word_char,10.0,0.25,emotion_aware,0.6226415094339622,0.6226415094339622,0.6274509803921569,0.6037735849056604,0.6153846153846154,0.6225071225071226
factors_finance,3,33,1,linear_svm,word_char,10.0,0.5,emotion_aware,0.6132075471698113,0.6132075471698113,0.62,0.5849056603773585,0.6019417475728155,0.6128974792909949
factors_finance,3,33,1,linear_svm,word_char,10.0,1.0,emotion_aware,0.6132075471698113,0.6132075471698113,0.62,0.5849056603773585,0.6019417475728155,0.6128974792909949
factors_finance,3,33,2,logistic_regression,word,0.1,0.0,text_only,0.625,0.625,0.6274509803921569,0.6153846153846154,0.6213592233009708,0.6249653259361997
factors_finance,3,33,2,logistic_regression,word,0.1,0.05,emotion_aware,0.5961538461538461,0.5961538461538461,0.5892857142857143,0.6346153846153846,0.6111111111111112,0.5955555555555556
factors_finance,3,33,2,logistic_regression,word,0.1,0.1,emotion_aware,0.5480769230769231,0.5480769230769231,0.5423728813559322,0.6153846153846154,0.5765765765765766,0.5460202470511748
factors_finance,3,33,2,logistic_regression,word,0.1,0.25,emotion_aware,0.5288461538461539,0.5288461538461539,0.5272727272727272,0.5576923076923077,0.5420560747663551,0.5284537799574349
factors_finance,3,33,2,logistic_regression,word,0.1,0.5,emotion_aware,0.5673076923076923,0.5673076923076923,0.5660377358490566,0.5769230769230769,0.5714285714285714,0.5672676837725381
factors_finance,3,33,2,logistic_regression,word,0.1,1.0,emotion_aware,0.5769230769230769,0.5769230769230769,0.5714285714285714,0.6153846153846154,0.5925925925925926,0.5762962962962963
factors_finance,3,33,2,logistic_regression,word,1.0,0.0,text_only,0.6153846153846154,0.6153846153846154,0.6153846153846154,0.6153846153846154,0.6153846153846154,0.6153846153846154
factors_finance,3,33,2,logistic_regression,word,1.0,0.05,emotion_aware,0.5961538461538461,0.5961538461538461,0.5925925925925926,0.6153846153846154,0.6037735849056604,0.5960044395116537
factors_finance,3,33,2,logistic_regression,word,1.0,0.1,emotion_aware,0.5865384615384616,0.5865384615384616,0.5818181818181818,0.6153846153846154,0.5981308411214953,0.5861941334320347
factors_finance,3,33,2,logistic_regression,word,1.0,0.25,emotion_aware,0.5865384615384616,0.5865384615384616,0.5818181818181818,0.6153846153846154,0.5981308411214953,0.5861941334320347
factors_finance,3,33,2,logistic_regression,word,1.0,0.5,emotion_aware,0.5961538461538461,0.5961538461538461,0.5925925925925926,0.6153846153846154,0.6037735849056604,0.5960044395116537
factors_finance,3,33,2,logistic_regression,word,1.0,1.0,emotion_aware,0.5769230769230769,0.5769230769230769,0.5689655172413793,0.6346153846153846,0.6,0.5755102040816327
factors_finance,3,33,2,logistic_regression,word,10.0,0.0,text_only,0.6346153846153846,0.6346153846153846,0.6296296296296297,0.6538461538461539,0.6415094339622641,0.6344802071772104
factors_finance,3,33,2,logistic_regression,word,10.0,0.05,emotion_aware,0.6153846153846154,0.6153846153846154,0.6111111111111112,0.6346153846153846,0.6226415094339622,0.6152423233444321
factors_finance,3,33,2,logistic_regression,word,10.0,0.1,emotion_aware,0.6346153846153846,0.6346153846153846,0.6346153846153846,0.6346153846153846,0.6346153846153846,0.6346153846153846
factors_finance,3,33,2,logistic_regression,word,10.0,0.25,emotion_aware,0.6153846153846154,0.6153846153846154,0.6111111111111112,0.6346153846153846,0.6226415094339622,0.6152423233444321
factors_finance,3,33,2,logistic_regression,word,10.0,0.5,emotion_aware,0.6057692307692307,0.6057692307692307,0.6,0.6346153846153846,0.616822429906542,0.605440917923568
factors_finance,3,33,2,logistic_regression,word,10.0,1.0,emotion_aware,0.5865384615384616,0.5865384615384615,0.5789473684210527,0.6346153846153846,0.6055045871559633,0.5855805764062645
factors_finance,3,33,2,logistic_regression,word_char,0.1,0.0,text_only,0.6346153846153846,0.6346153846153846,0.64,0.6153846153846154,0.6274509803921569,0.6344802071772104
factors_finance,3,33,2,logistic_regression,word_char,0.1,0.05,emotion_aware,0.5961538461538461,0.5961538461538461,0.5961538461538461,0.5961538461538461,0.5961538461538461,0.5961538461538461
factors_finance,3,33,2,logistic_regression,word_char,0.1,0.1,emotion_aware,0.5480769230769231,0.5480769230769231,0.543859649122807,0.5961538461538461,0.5688073394495413,0.5470299323510333
factors_finance,3,33,2,logistic_regression,word_char,0.1,0.25,emotion_aware,0.5480769230769231,0.5480769230769231,0.5454545454545454,0.5769230769230769,0.5607476635514018,0.5477005644489683
factors_finance,3,33,2,logistic_regression,word_char,0.1,0.5,emotion_aware,0.6153846153846154,0.6153846153846154,0.6153846153846154,0.6153846153846154,0.6153846153846154,0.6153846153846154
factors_finance,3,33,2,logistic_regression,word_char,0.1,1.0,emotion_aware,0.6057692307692307,0.6057692307692308,0.5932203389830508,0.6730769230769231,0.6306306306306306,0.6039751091297483
factors_finance,3,33,2,logistic_regression,word_char,1.0,0.0,text_only,0.6442307692307693,0.6442307692307693,0.6363636363636364,0.6730769230769231,0.6542056074766355,0.6439344869066346
factors_finance,3,33,2,logistic_regression,word_char,1.0,0.05,emotion_aware,0.6153846153846154,0.6153846153846154,0.6071428571428571,0.6538461538461539,0.6296296296296297,0.6148148148148148
factors_finance,3,33,2,logistic_regression,word_char,1.0,0.1,emotion_aware,0.5865384615384616,0.5865384615384616,0.5818181818181818,0.6153846153846154,0.5981308411214953,0.5861941334320347
factors_finance,3,33,2,logistic_regression,word_char,1.0,0.25,emotion_aware,0.5769230769230769,0.5769230769230769,0.5714285714285714,0.6153846153846154,0.5925925925925926,0.5762962962962963
factors_finance,3,33,2,logistic_regression,word_char,1.0,0.5,emotion_aware,0.5865384615384616,0.5865384615384615,0.5789473684210527,0.6346153846153846,0.6055045871559633,0.5855805764062645
factors_finance,3,33,2,logistic_regression,word_char,1.0,1.0,emotion_aware,0.5961538461538461,0.5961538461538461,0.5892857142857143,0.6346153846153846,0.6111111111111112,0.5955555555555556
factors_finance,3,33,2,logistic_regression,word_char,10.0,0.0,text_only,0.6634615384615384,0.6634615384615385,0.660377358490566,0.6730769230769231,0.6666666666666666,0.6634304207119741
factors_finance,3,33,2,logistic_regression,word_char,10.0,0.05,emotion_aware,0.6538461538461539,0.6538461538461539,0.6428571428571429,0.6923076923076923,0.6666666666666666,0.6533333333333333
factors_finance,3,33,2,logistic_regression,word_char,10.0,0.1,emotion_aware,0.6153846153846154,0.6153846153846154,0.6071428571428571,0.6538461538461539,0.6296296296296297,0.6148148148148148
factors_finance,3,33,2,logistic_regression,word_char,10.0,0.25,emotion_aware,0.6346153846153846,0.6346153846153846,0.625,0.6730769230769231,0.6481481481481481,0.634074074074074
factors_finance,3,33,2,logistic_regression,word_char,10.0,0.5,emotion_aware,0.625,0.625,0.6140350877192983,0.6730769230769231,0.6422018348623854,0.6241312204614957
factors_finance,3,33,2,logistic_regression,word_char,10.0,1.0,emotion_aware,0.625,0.625,0.6140350877192983,0.6730769230769231,0.6422018348623854,0.6241312204614957
factors_finance,3,33,2,linear_svm,word,0.1,0.0,text_only,0.6153846153846154,0.6153846153846154,0.6153846153846154,0.6153846153846154,0.6153846153846154,0.6153846153846154
factors_finance,3,33,2,linear_svm,word,0.1,0.05,emotion_aware,0.5865384615384616,0.5865384615384615,0.5849056603773585,0.5961538461538461,0.5904761904761905,0.5865002311604253
factors_finance,3,33,2,linear_svm,word,0.1,0.1,emotion_aware,0.5865384615384616,0.5865384615384616,0.5818181818181818,0.6153846153846154,0.5981308411214953,0.5861941334320347
factors_finance,3,33,2,linear_svm,word,0.1,0.25,emotion_aware,0.5961538461538461,0.5961538461538461,0.5892857142857143,0.6346153846153846,0.6111111111111112,0.5955555555555556
factors_finance,3,33,2,linear_svm,word,0.1,0.5,emotion_aware,0.5961538461538461,0.5961538461538461,0.5925925925925926,0.6153846153846154,0.6037735849056604,0.5960044395116537
factors_finance,3,33,2,linear_svm,word,0.1,1.0,emotion_aware,0.5769230769230769,0.5769230769230769,0.5689655172413793,0.6346153846153846,0.6,0.5755102040816327
factors_finance,3,33,2,linear_svm,word,1.0,0.0,text_only,0.6346153846153846,0.6346153846153846,0.6346153846153846,0.6346153846153846,0.6346153846153846,0.6346153846153846
factors_finance,3,33,2,linear_svm,word,1.0,0.05,emotion_aware,0.625,0.625,0.6226415094339622,0.6346153846153846,0.6285714285714286,0.6249653259361997
factors_finance,3,33,2,linear_svm,word,1.0,0.1,emotion_aware,0.6346153846153846,0.6346153846153846,0.6296296296296297,0.6538461538461539,0.6415094339622641,0.6344802071772104
factors_finance,3,33,2,linear_svm,word,1.0,0.25,emotion_aware,0.6153846153846154,0.6153846153846154,0.6111111111111112,0.6346153846153846,0.6226415094339622,0.6152423233444321
factors_finance,3,33,2,linear_svm,word,1.0,0.5,emotion_aware,0.6153846153846154,0.6153846153846154,0.6111111111111112,0.6346153846153846,0.6226415094339622,0.6152423233444321
factors_finance,3,33,2,linear_svm,word,1.0,1.0,emotion_aware,0.6153846153846154,0.6153846153846154,0.6111111111111112,0.6346153846153846,0.6226415094339622,0.6152423233444321
factors_finance,3,33,2,linear_svm,word,10.0,0.0,text_only,0.625,0.625,0.6181818181818182,0.6538461538461539,0.6355140186915887,0.6246877024151013
factors_finance,3,33,2,linear_svm,word,10.0,0.05,emotion_aware,0.6153846153846154,0.6153846153846154,0.6111111111111112,0.6346153846153846,0.6226415094339622,0.6152423233444321
factors_finance,3,33,2,linear_svm,word,10.0,0.1,emotion_aware,0.625,0.625,0.6226415094339622,0.6346153846153846,0.6285714285714286,0.6249653259361997
factors_finance,3,33,2,linear_svm,word,10.0,0.25,emotion_aware,0.625,0.625,0.6181818181818182,0.6538461538461539,0.6355140186915887,0.6246877024151013
factors_finance,3,33,2,linear_svm,word,10.0,0.5,emotion_aware,0.625,0.625,0.6181818181818182,0.6538461538461539,0.6355140186915887,0.6246877024151013
factors_finance,3,33,2,linear_svm,word,10.0,1.0,emotion_aware,0.625,0.625,0.6181818181818182,0.6538461538461539,0.6355140186915887,0.6246877024151013
factors_finance,3,33,2,linear_svm,word_char,0.1,0.0,text_only,0.6442307692307693,0.6442307692307692,0.6415094339622641,0.6538461538461539,0.6476190476190476,0.644197873324087
factors_finance,3,33,2,linear_svm,word_char,0.1,0.05,emotion_aware,0.6153846153846154,0.6153846153846154,0.6071428571428571,0.6538461538461539,0.6296296296296297,0.6148148148148148
factors_finance,3,33,2,linear_svm,word_char,0.1,0.1,emotion_aware,0.5865384615384616,0.5865384615384616,0.5818181818181818,0.6153846153846154,0.5981308411214953,0.5861941334320347
factors_finance,3,33,2,linear_svm,word_char,0.1,0.25,emotion_aware,0.5769230769230769,0.5769230769230769,0.5714285714285714,0.6153846153846154,0.5925925925925926,0.5762962962962963
factors_finance,3,33,2,linear_svm,word_char,0.1,0.5,emotion_aware,0.5865384615384616,0.5865384615384615,0.5789473684210527,0.6346153846153846,0.6055045871559633,0.5855805764062645
factors_finance,3,33,2,linear_svm,word_char,0.1,1.0,emotion_aware,0.5961538461538461,0.5961538461538461,0.5892857142857143,0.6346153846153846,0.6111111111111112,0.5955555555555556
factors_finance,3,33,2,linear_svm,word_char,1.0,0.0,text_only,0.6538461538461539,0.6538461538461539,0.6481481481481481,0.6730769230769231,0.660377358490566,0.6537180910099889
factors_finance,3,33,2,linear_svm,word_char,1.0,0.05,emotion_aware,0.6634615384615384,0.6634615384615384,0.6545454545454545,0.6923076923076923,0.6728971962616822,0.6631812713981678
factors_finance,3,33,2,linear_svm,word_char,1.0,0.1,emotion_aware,0.6346153846153846,0.6346153846153846,0.625,0.6730769230769231,0.6481481481481481,0.634074074074074
factors_finance,3,33,2,linear_svm,word_char,1.0,0.25,emotion_aware,0.6346153846153846,0.6346153846153846,0.625,0.6730769230769231,0.6481481481481481,0.634074074074074
factors_finance,3,33,2,linear_svm,word_char,1.0,0.5,emotion_aware,0.6346153846153846,0.6346153846153846,0.625,0.6730769230769231,0.6481481481481481,0.634074074074074
factors_finance,3,33,2,linear_svm,word_char,1.0,1.0,emotion_aware,0.6346153846153846,0.6346153846153846,0.625,0.6730769230769231,0.6481481481481481,0.634074074074074
factors_finance,3,33,2,linear_svm,word_char,10.0,0.0,text_only,0.6538461538461539,0.6538461538461539,0.6428571428571429,0.6923076923076923,0.6666666666666666,0.6533333333333333
factors_finance,3,33,2,linear_svm,word_char,10.0,0.05,emotion_aware,0.625,0.625,0.6140350877192983,0.6730769230769231,0.6422018348623854,0.6241312204614957
factors_finance,3,33,2,linear_svm,word_char,10.0,0.1,emotion_aware,0.6442307692307693,0.6442307692307692,0.631578947368421,0.6923076923076923,0.6605504587155964,0.6434065424891113
factors_finance,3,33,2,linear_svm,word_char,10.0,0.25,emotion_aware,0.6346153846153846,0.6346153846153846,0.6206896551724138,0.6923076923076923,0.6545454545454545,0.6333951762523191
factors_finance,3,33,2,linear_svm,word_char,10.0,0.5,emotion_aware,0.6442307692307693,0.6442307692307692,0.631578947368421,0.6923076923076923,0.6605504587155964,0.6434065424891113
factors_finance,3,33,2,linear_svm,word_char,10.0,1.0,emotion_aware,0.6346153846153846,0.6346153846153846,0.625,0.6730769230769231,0.6481481481481481,0.634074074074074
factors_finance,3,33,3,logistic_regression,word,0.1,0.0,text_only,0.5576923076923077,0.5576923076923077,0.5555555555555556,0.5769230769230769,0.5660377358490566,0.557528671846097
factors_finance,3,33,3,logistic_regression,word,0.1,0.05,emotion_aware,0.5673076923076923,0.5673076923076923,0.5660377358490566,0.5769230769230769,0.5714285714285714,0.5672676837725381
factors_finance,3,33,3,logistic_regression,word,0.1,0.1,emotion_aware,0.625,0.625,0.6226415094339622,0.6346153846153846,0.6285714285714286,0.6249653259361997
factors_finance,3,33,3,logistic_regression,word,0.1,0.25,emotion_aware,0.625,0.625,0.6382978723404256,0.5769230769230769,0.6060606060606061,0.6241312204614957
factors_finance,3,33,3,logistic_regression,word,0.1,0.5,emotion_aware,0.6346153846153846,0.6346153846153846,0.6346153846153846,0.6346153846153846,0.6346153846153846,0.6346153846153846
factors_finance,3,33,3,logistic_regression,word,0.1,1.0,emotion_aware,0.6057692307692307,0.6057692307692308,0.5964912280701754,0.6538461538461539,0.6238532110091743,0.6048558984338801
factors_finance,3,33,3,logistic_regression,word,1.0,0.0,text_only,0.5288461538461539,0.5288461538461539,0.5263157894736842,0.5769230769230769,0.5504587155963303,0.5277546103234176
factors_finance,3,33,3,logistic_regression,word,1.0,0.05,emotion_aware,0.5865384615384616,0.5865384615384616,0.5818181818181818,0.6153846153846154,0.5981308411214953,0.5861941334320347
factors_finance,3,33,3,logistic_regression,word,1.0,0.1,emotion_aware,0.6057692307692307,0.6057692307692307,0.6,0.6346153846153846,0.616822429906542,0.605440917923568
factors_finance,3,33,3,logistic_regression,word,1.0,0.25,emotion_aware,0.6346153846153846,0.6346153846153846,0.6346153846153846,0.6346153846153846,0.6346153846153846,0.6346153846153846
factors_finance,3,33,3,logistic_regression,word,1.0,0.5,emotion_aware,0.5961538461538461,0.5961538461538461,0.6,0.5769230769230769,0.5882352941176471,0.5960044395116537
factors_finance,3,33,3,logistic_regression,word,1.0,1.0,emotion_aware,0.5673076923076923,0.5673076923076923,0.5686274509803921,0.5576923076923077,0.5631067961165048,0.5672676837725381
factors_finance,3,33,3,logistic_regression,word,10.0,0.0,text_only,0.6057692307692307,0.6057692307692308,0.6037735849056604,0.6153846153846154,0.6095238095238096,0.6057327785483125
factors_finance,3,33,3,logistic_regression,word,10.0,0.05,emotion_aware,0.5961538461538461,0.5961538461538461,0.5925925925925926,0.6153846153846154,0.6037735849056604,0.5960044395116537
factors_finance,3,33,3,logistic_regression,word,10.0,0.1,emotion_aware,0.6153846153846154,0.6153846153846154,0.6111111111111112,0.6346153846153846,0.6226415094339622,0.6152423233444321
factors_finance,3,33,3,logistic_regression,word,10.0,0.25,emotion_aware,0.6346153846153846,0.6346153846153846,0.64,0.6153846153846154,0.6274509803921569,0.6344802071772104
factors_finance,3,33,3,logistic_regression,word,10.0,0.5,emotion_aware,0.6346153846153846,0.6346153846153846,0.64,0.6153846153846154,0.6274509803921569,0.6344802071772104
factors_finance,3,33,3,logistic_regression,word,10.0,1.0,emotion_aware,0.6346153846153846,0.6346153846153846,0.64,0.6153846153846154,0.6274509803921569,0.6344802071772104
factors_finance,3,33,3,logistic_regression,word_char,0.1,0.0,text_only,0.5769230769230769,0.5769230769230769,0.5740740740740741,0.5961538461538461,0.5849056603773585,0.5767665556788752
factors_finance,3,33,3,logistic_regression,word_char,0.1,0.05,emotion_aware,0.5865384615384616,0.5865384615384616,0.5818181818181818,0.6153846153846154,0.5981308411214953,0.5861941334320347
factors_finance,3,33,3,logistic_regression,word_char,0.1,0.1,emotion_aware,0.6346153846153846,0.6346153846153846,0.625,0.6730769230769231,0.6481481481481481,0.634074074074074
factors_finance,3,33,3,logistic_regression,word_char,0.1,0.25,emotion_aware,0.6057692307692307,0.6057692307692307,0.6122448979591837,0.5769230769230769,0.594059405940594,0.605440917923568
factors_finance,3,33,3,logistic_regression,word_char,0.1,0.5,emotion_aware,0.625,0.625,0.6274509803921569,0.6153846153846154,0.6213592233009708,0.6249653259361997
factors_finance,3,33,3,logistic_regression,word_char,0.1,1.0,emotion_aware,0.6153846153846154,0.6153846153846154,0.6111111111111112,0.6346153846153846,0.6226415094339622,0.6152423233444321
factors_finance,3,33,3,logistic_regression,word_char,1.0,0.0,text_only,0.5865384615384616,0.5865384615384615,0.5849056603773585,0.5961538461538461,0.5904761904761905,0.5865002311604253
factors_finance,3,33,3,logistic_regression,word_char,1.0,0.05,emotion_aware,0.6057692307692307,0.6057692307692308,0.6037735849056604,0.6153846153846154,0.6095238095238096,0.6057327785483125
factors_finance,3,33,3,logistic_regression,word_char,1.0,0.1,emotion_aware,0.625,0.625,0.6226415094339622,0.6346153846153846,0.6285714285714286,0.6249653259361997
factors_finance,3,33,3,logistic_regression,word_char,1.0,0.25,emotion_aware,0.6346153846153846,0.6346153846153846,0.6346153846153846,0.6346153846153846,0.6346153846153846,0.6346153846153846
factors_finance,3,33,3,logistic_regression,word_char,1.0,0.5,emotion_aware,0.6057692307692307,0.6057692307692308,0.6037735849056604,0.6153846153846154,0.6095238095238096,0.6057327785483125
factors_finance,3,33,3,logistic_regression,word_char,1.0,1.0,emotion_aware,0.5961538461538461,0.5961538461538461,0.5892857142857143,0.6346153846153846,0.6111111111111112,0.5955555555555556
factors_finance,3,33,3,logistic_regression,word_char,10.0,0.0,text_only,0.5961538461538461,0.5961538461538461,0.5961538461538461,0.5961538461538461,0.5961538461538461,0.5961538461538461
factors_finance,3,33,3,logistic_regression,word_char,10.0,0.05,emotion_aware,0.6057692307692307,0.6057692307692308,0.6037735849056604,0.6153846153846154,0.6095238095238096,0.6057327785483125
factors_finance,3,33,3,logistic_regression,word_char,10.0,0.1,emotion_aware,0.6057692307692307,0.6057692307692308,0.6037735849056604,0.6153846153846154,0.6095238095238096,0.6057327785483125
factors_finance,3,33,3,logistic_regression,word_char,10.0,0.25,emotion_aware,0.6346153846153846,0.6346153846153846,0.6346153846153846,0.6346153846153846,0.6346153846153846,0.6346153846153846
factors_finance,3,33,3,logistic_regression,word_char,10.0,0.5,emotion_aware,0.625,0.625,0.6226415094339622,0.6346153846153846,0.6285714285714286,0.6249653259361997
factors_finance,3,33,3,logistic_regression,word_char,10.0,1.0,emotion_aware,0.6153846153846154,0.6153846153846154,0.6071428571428571,0.6538461538461539,0.6296296296296297,0.6148148148148148
factors_finance,3,33,3,linear_svm,word,0.1,0.0,text_only,0.5288461538461539,0.5288461538461539,0.5263157894736842,0.5769230769230769,0.5504587155963303,0.5277546103234176
factors_finance,3,33,3,linear_svm,word,0.1,0.05,emotion_aware,0.5961538461538461,0.5961538461538461,0.5925925925925926,0.6153846153846154,0.6037735849056604,0.5960044395116537
factors_finance,3,33,3,linear_svm,word,0.1,0.1,emotion_aware,0.6057692307692307,0.6057692307692307,0.6,0.6346153846153846,0.616822429906542,0.605440917923568
factors_finance,3,33,3,linear_svm,word,0.1,0.25,emotion_aware,0.625,0.625,0.6274509803921569,0.6153846153846154,0.6213592233009708,0.6249653259361997
factors_finance,3,33,3,linear_svm,word,0.1,0.5,emotion_aware,0.5961538461538461,0.5961538461538461,0.6,0.5769230769230769,0.5882352941176471,0.5960044395116537
factors_finance,3,33,3,linear_svm,word,0.1,1.0,emotion_aware,0.5769230769230769,0.5769230769230769,0.58,0.5576923076923077,0.5686274509803921,0.5767665556788752
factors_finance,3,33,3,linear_svm,word,1.0,0.0,text_only,0.5961538461538461,0.5961538461538461,0.5892857142857143,0.6346153846153846,0.6111111111111112,0.5955555555555556
factors_finance,3,33,3,linear_svm,word,1.0,0.05,emotion_aware,0.6153846153846154,0.6153846153846154,0.6111111111111112,0.6346153846153846,0.6226415094339622,0.6152423233444321
factors_finance,3,33,3,linear_svm,word,1.0,0.1,emotion_aware,0.6346153846153846,0.6346153846153846,0.6296296296296297,0.6538461538461539,0.6415094339622641,0.6344802071772104
factors_finance,3,33,3,linear_svm,word,1.0,0.25,emotion_aware,0.6538461538461539,0.6538461538461539,0.66,0.6346153846153846,0.6470588235294118,0.6537180910099889
factors_finance,3,33,3,linear_svm,word,1.0,0.5,emotion_aware,0.6538461538461539,0.6538461538461539,0.66,0.6346153846153846,0.6470588235294118,0.6537180910099889
factors_finance,3,33,3,linear_svm,word,1.0,1.0,emotion_aware,0.6538461538461539,0.6538461538461539,0.66,0.6346153846153846,0.6470588235294118,0.6537180910099889
factors_finance,3,33,3,linear_svm,word,10.0,0.0,text_only,0.5961538461538461,0.5961538461538461,0.5961538461538461,0.5961538461538461,0.5961538461538461,0.5961538461538461
factors_finance,3,33,3,linear_svm,word,10.0,0.05,emotion_aware,0.5961538461538461,0.5961538461538461,0.5925925925925926,0.6153846153846154,0.6037735849056604,0.5960044395116537
factors_finance,3,33,3,linear_svm,word,10.0,0.1,emotion_aware,0.625,0.625,0.6226415094339622,0.6346153846153846,0.6285714285714286,0.6249653259361997
factors_finance,3,33,3,linear_svm,word,10.0,0.25,emotion_aware,0.6346153846153846,0.6346153846153846,0.6296296296296297,0.6538461538461539,0.6415094339622641,0.6344802071772104
factors_finance,3,33,3,linear_svm,word,10.0,0.5,emotion_aware,0.6346153846153846,0.6346153846153846,0.6296296296296297,0.6538461538461539,0.6415094339622641,0.6344802071772104
factors_finance,3,33,3,linear_svm,word,10.0,1.0,emotion_aware,0.6346153846153846,0.6346153846153846,0.6296296296296297,0.6538461538461539,0.6415094339622641,0.6344802071772104
factors_finance,3,33,3,linear_svm,word_char,0.1,0.0,text_only,0.5865384615384616,0.5865384615384615,0.5849056603773585,0.5961538461538461,0.5904761904761905,0.5865002311604253
factors_finance,3,33,3,linear_svm,word_char,0.1,0.05,emotion_aware,0.6057692307692307,0.6057692307692308,0.6037735849056604,0.6153846153846154,0.6095238095238096,0.6057327785483125
factors_finance,3,33,3,linear_svm,word_char,0.1,0.1,emotion_aware,0.625,0.625,0.6226415094339622,0.6346153846153846,0.6285714285714286,0.6249653259361997
factors_finance,3,33,3,linear_svm,word_char,0.1,0.25,emotion_aware,0.6346153846153846,0.6346153846153846,0.6346153846153846,0.6346153846153846,0.6346153846153846,0.6346153846153846
factors_finance,3,33,3,linear_svm,word_char,0.1,0.5,emotion_aware,0.6153846153846154,0.6153846153846154,0.6153846153846154,0.6153846153846154,0.6153846153846154,0.6153846153846154
factors_finance,3,33,3,linear_svm,word_char,0.1,1.0,emotion_aware,0.5865384615384616,0.5865384615384615,0.5849056603773585,0.5961538461538461,0.5904761904761905,0.5865002311604253
factors_finance,3,33,3,linear_svm,word_char,1.0,0.0,text_only,0.5961538461538461,0.5961538461538461,0.5961538461538461,0.5961538461538461,0.5961538461538461,0.5961538461538461
factors_finance,3,33,3,linear_svm,word_char,1.0,0.05,emotion_aware,0.5961538461538461,0.5961538461538461,0.5961538461538461,0.5961538461538461,0.5961538461538461,0.5961538461538461
factors_finance,3,33,3,linear_svm,word_char,1.0,0.1,emotion_aware,0.6057692307692307,0.6057692307692308,0.6037735849056604,0.6153846153846154,0.6095238095238096,0.6057327785483125
factors_finance,3,33,3,linear_svm,word_char,1.0,0.25,emotion_aware,0.6346153846153846,0.6346153846153846,0.6296296296296297,0.6538461538461539,0.6415094339622641,0.6344802071772104
factors_finance,3,33,3,linear_svm,word_char,1.0,0.5,emotion_aware,0.625,0.625,0.6181818181818182,0.6538461538461539,0.6355140186915887,0.6246877024151013
factors_finance,3,33,3,linear_svm,word_char,1.0,1.0,emotion_aware,0.625,0.625,0.6181818181818182,0.6538461538461539,0.6355140186915887,0.6246877024151013
factors_finance,3,33,3,linear_svm,word_char,10.0,0.0,text_only,0.6153846153846154,0.6153846153846154,0.6153846153846154,0.6153846153846154,0.6153846153846154,0.6153846153846154
factors_finance,3,33,3,linear_svm,word_char,10.0,0.05,emotion_aware,0.6153846153846154,0.6153846153846154,0.62,0.5961538461538461,0.6078431372549019,0.6152423233444321
factors_finance,3,33,3,linear_svm,word_char,10.0,0.1,emotion_aware,0.6153846153846154,0.6153846153846154,0.6153846153846154,0.6153846153846154,0.6153846153846154,0.6153846153846154
factors_finance,3,33,3,linear_svm,word_char,10.0,0.25,emotion_aware,0.5865384615384616,0.5865384615384615,0.5849056603773585,0.5961538461538461,0.5904761904761905,0.5865002311604253
factors_finance,3,33,3,linear_svm,word_char,10.0,0.5,emotion_aware,0.5865384615384616,0.5865384615384616,0.5818181818181818,0.6153846153846154,0.5981308411214953,0.5861941334320347
factors_finance,3,33,3,linear_svm,word_char,10.0,1.0,emotion_aware,0.5865384615384616,0.5865384615384616,0.5818181818181818,0.6153846153846154,0.5981308411214953,0.5861941334320347
factors_finance,3,33,4,logistic_regression,word,0.1,0.0,text_only,0.6153846153846154,0.6153846153846154,0.6304347826086957,0.5576923076923077,0.5918367346938775,0.6141001855287569
factors_finance,3,33,4,logistic_regression,word,0.1,0.05,emotion_aware,0.5961538461538461,0.5961538461538461,0.6041666666666666,0.5576923076923077,0.58,0.5955555555555556
factors_finance,3,33,4,logistic_regression,word,0.1,0.1,emotion_aware,0.5769230769230769,0.5769230769230769,0.5909090909090909,0.5,0.5416666666666666,0.5744047619047619
factors_finance,3,33,4,logistic_regression,word,0.1,0.25,emotion_aware,0.5192307692307693,0.5192307692307692,0.5227272727272727,0.4423076923076923,0.4791666666666667,0.5163690476190477
factors_finance,3,33,4,logistic_regression,word,0.1,0.5,emotion_aware,0.5480769230769231,0.5480769230769231,0.5555555555555556,0.4807692307692308,0.5154639175257731,0.5460202470511748
factors_finance,3,33,4,logistic_regression,word,0.1,1.0,emotion_aware,0.5192307692307693,0.5192307692307692,0.5217391304347826,0.46153846153846156,0.4897959183673469,0.5176252319109462
factors_finance,3,33,4,logistic_regression,word,1.0,0.0,text_only,0.5961538461538461,0.5961538461538461,0.6,0.5769230769230769,0.5882352941176471,0.5960044395116537
factors_finance,3,33,4,logistic_regression,word,1.0,0.05,emotion_aware,0.625,0.625,0.6326530612244898,0.5961538461538461,0.6138613861386139,0.6246877024151013
factors_finance,3,33,4,logistic_regression,word,1.0,0.1,emotion_aware,0.625,0.625,0.6382978723404256,0.5769230769230769,0.6060606060606061,0.6241312204614957
factors_finance,3,33,4,logistic_regression,word,1.0,0.25,emotion_aware,0.6153846153846154,0.6153846153846154,0.6428571428571429,0.5192307692307693,0.574468085106383,0.6117954460619635
factors_finance,3,33,4,logistic_regression,word,1.0,0.5,emotion_aware,0.5961538461538461,0.5961538461538461,0.6086956521739131,0.5384615384615384,0.5714285714285714,0.5948051948051948
factors_finance,3,33,4,logistic_regression,word,1.0,1.0,emotion_aware,0.5961538461538461,0.5961538461538461,0.6086956521739131,0.5384615384615384,0.5714285714285714,0.5948051948051948
factors_finance,3,33,4,logistic_regression,word,10.0,0.0,text_only,0.5865384615384616,0.5865384615384615,0.5957446808510638,0.5384615384615384,0.5656565656565656,0.5855805764062645
factors_finance,3,33,4,logistic_regression,word,10.0,0.05,emotion_aware,0.5865384615384616,0.5865384615384615,0.5957446808510638,0.5384615384615384,0.5656565656565656,0.5855805764062645
factors_finance,3,33,4,logistic_regression,word,10.0,0.1,emotion_aware,0.6057692307692307,0.6057692307692308,0.6078431372549019,0.5961538461538461,0.6019417475728155,0.6057327785483125
factors_finance,3,33,4,logistic_regression,word,10.0,0.25,emotion_aware,0.6153846153846154,0.6153846153846154,0.625,0.5769230769230769,0.6,0.6148148148148148
factors_finance,3,33,4,logistic_regression,word,10.0,0.5,emotion_aware,0.6057692307692307,0.6057692307692308,0.6170212765957447,0.5576923076923077,0.5858585858585859,0.6048558984338801
factors_finance,3,33,4,logistic_regression,word,10.0,1.0,emotion_aware,0.6057692307692307,0.6057692307692308,0.6170212765957447,0.5576923076923077,0.5858585858585859,0.6048558984338801
factors_finance,3,33,4,logistic_regression,word_char,0.1,0.0,text_only,0.5576923076923077,0.5576923076923077,0.5652173913043478,0.5,0.5306122448979592,0.5562152133580704
factors_finance,3,33,4,logistic_regression,word_char,0.1,0.05,emotion_aware,0.5865384615384616,0.5865384615384616,0.6,0.5192307692307693,0.5567010309278351,0.5846568217702238
factors_finance,3,33,4,logistic_regression,word_char,0.1,0.1,emotion_aware,0.5769230769230769,0.576923076923077,0.5952380952380952,0.4807692307692308,0.5319148936170213,0.5729749906681598
factors_finance,3,33,4,logistic_regression,word_char,0.1,0.25,emotion_aware,0.5192307692307693,0.5192307692307692,0.5217391304347826,0.46153846153846156,0.4897959183673469,0.5176252319109462
factors_finance,3,33,4,logistic_regression,word_char,0.1,0.5,emotion_aware,0.5096153846153846,0.5096153846153846,0.5111111111111111,0.4423076923076923,0.4742268041237113,0.5073836723321259
factors_finance,3,33,4,logistic_regression,word_char,0.1,1.0,emotion_aware,0.5288461538461539,0.5288461538461539,0.5333333333333333,0.46153846153846156,0.4948453608247423,0.5267019596916505
factors_finance,3,33,4,logistic_regression,word_char,1.0,0.0,text_only,0.5961538461538461,0.5961538461538461,0.6086956521739131,0.5384615384615384,0.5714285714285714,0.5948051948051948
factors_finance,3,33,4,logistic_regression,word_char,1.0,0.05,emotion_aware,0.6153846153846154,0.6153846153846154,0.625,0.5769230769230769,0.6,0.6148148148148148
factors_finance,3,33,4,logistic_regression,word_char,1.0,0.1,emotion_aware,0.6442307692307693,0.6442307692307692,0.6666666666666666,0.5769230769230769,0.6185567010309279,0.6426116838487972
factors_finance,3,33,4,logistic_regression,word_char,1.0,0.25,emotion_aware,0.6057692307692307,0.6057692307692308,0.627906976744186,0.5192307692307693,0.5684210526315789,0.6027945971122497
factors_finance,3,33,4,logistic_regression,word_char,1.0,0.5,emotion_aware,0.6153846153846154,0.6153846153846154,0.6428571428571429,0.5192307692307693,0.574468085106383,0.6117954460619635
factors_finance,3,33,4,logistic_regression,word_char,1.0,1.0,emotion_aware,0.6153846153846154,0.6153846153846154,0.6428571428571429,0.5192307692307693,0.574468085106383,0.6117954460619635
factors_finance,3,33,4,logistic_regression,word_char,10.0,0.0,text_only,0.5865384615384616,0.5865384615384616,0.6,0.5192307692307693,0.5567010309278351,0.5846568217702238
factors_finance,3,33,4,logistic_regression,word_char,10.0,0.05,emotion_aware,0.6346153846153846,0.6346153846153846,0.6458333333333334,0.5961538461538461,0.62,0.634074074074074
factors_finance,3,33,4,logistic_regression,word_char,10.0,0.1,emotion_aware,0.6442307692307693,0.6442307692307692,0.6595744680851063,0.5961538461538461,0.6262626262626263,0.6434065424891113
factors_finance,3,33,4,logistic_regression,word_char,10.0,0.25,emotion_aware,0.6346153846153846,0.6346153846153846,0.6458333333333334,0.5961538461538461,0.62,0.634074074074074
factors_finance,3,33,4,logistic_regression,word_char,10.0,0.5,emotion_aware,0.6346153846153846,0.6346153846153846,0.6458333333333334,0.5961538461538461,0.62,0.634074074074074
factors_finance,3,33,4,logistic_regression,word_char,10.0,1.0,emotion_aware,0.6346153846153846,0.6346153846153846,0.6458333333333334,0.5961538461538461,0.62,0.634074074074074
factors_finance,3,33,4,linear_svm,word,0.1,0.0,text_only,0.5961538461538461,0.5961538461538461,0.6041666666666666,0.5576923076923077,0.58,0.5955555555555556
factors_finance,3,33,4,linear_svm,word,0.1,0.05,emotion_aware,0.625,0.625,0.6326530612244898,0.5961538461538461,0.6138613861386139,0.6246877024151013
factors_finance,3,33,4,linear_svm,word,0.1,0.1,emotion_aware,0.625,0.625,0.6444444444444445,0.5576923076923077,0.5979381443298969,0.6232933964892728
factors_finance,3,33,4,linear_svm,word,0.1,0.25,emotion_aware,0.5961538461538461,0.5961538461538461,0.6190476190476191,0.5,0.5531914893617021,0.5923852183650615
factors_finance,3,33,4,linear_svm,word,0.1,0.5,emotion_aware,0.5961538461538461,0.5961538461538461,0.6086956521739131,0.5384615384615384,0.5714285714285714,0.5948051948051948
factors_finance,3,33,4,linear_svm,word,0.1,1.0,emotion_aware,0.5673076923076923,0.5673076923076923,0.574468085106383,0.5192307692307693,0.5454545454545454,0.5663052543786489
factors_finance,3,33,4,linear_svm,word,1.0,0.0,text_only,0.5961538461538461,0.5961538461538461,0.6086956521739131,0.5384615384615384,0.5714285714285714,0.5948051948051948
factors_finance,3,33,4,linear_svm,word,1.0,0.05,emotion_aware,0.5865384615384616,0.5865384615384615,0.5957446808510638,0.5384615384615384,0.5656565656565656,0.5855805764062645
factors_finance,3,33,4,linear_svm,word,1.0,0.1,emotion_aware,0.5961538461538461,0.5961538461538461,0.6041666666666666,0.5576923076923077,0.58,0.5955555555555556
factors_finance,3,33,4,linear_svm,word,1.0,0.25,emotion_aware,0.6153846153846154,0.6153846153846154,0.62,0.5961538461538461,0.6078431372549019,0.6152423233444321
factors_finance,3,33,4,linear_svm,word,1.0,0.5,emotion_aware,0.6057692307692307,0.6057692307692307,0.6122448979591837,0.5769230769230769,0.594059405940594,0.605440917923568
factors_finance,3,33,4,linear_svm,word,1.0,1.0,emotion_aware,0.6057692307692307,0.6057692307692307,0.6122448979591837,0.5769230769230769,0.594059405940594,0.605440917923568
factors_finance,3,33,4,linear_svm,word,10.0,0.0,text_only,0.5961538461538461,0.5961538461538461,0.6041666666666666,0.5576923076923077,0.58,0.5955555555555556
factors_finance,3,33,4,linear_svm,word,10.0,0.05,emotion_aware,0.6057692307692307,0.6057692307692307,0.6122448979591837,0.5769230769230769,0.594059405940594,0.605440917923568
factors_finance,3,33,4,linear_svm,word,10.0,0.1,emotion_aware,0.5961538461538461,0.5961538461538461,0.6,0.5769230769230769,0.5882352941176471,0.5960044395116537
factors_finance,3,33,4,linear_svm,word,10.0,0.25,emotion_aware,0.5865384615384616,0.5865384615384616,0.5918367346938775,0.5576923076923077,0.5742574257425742,0.5861941334320347
factors_finance,3,33,4,linear_svm,word,10.0,0.5,emotion_aware,0.5865384615384616,0.5865384615384616,0.5918367346938775,0.5576923076923077,0.5742574257425742,0.5861941334320347
factors_finance,3,33,4,linear_svm,word,10.0,1.0,emotion_aware,0.5865384615384616,0.5865384615384616,0.5918367346938775,0.5576923076923077,0.5742574257425742,0.5861941334320347
factors_finance,3,33,4,linear_svm,word_char,0.1,0.0,text_only,0.5865384615384616,0.5865384615384616,0.6,0.5192307692307693,0.5567010309278351,0.5846568217702238
factors_finance,3,33,4,linear_svm,word_char,0.1,0.05,emotion_aware,0.6153846153846154,0.6153846153846154,0.625,0.5769230769230769,0.6,0.6148148148148148
factors_finance,3,33,4,linear_svm,word_char,0.1,0.1,emotion_aware,0.6442307692307693,0.6442307692307692,0.6666666666666666,0.5769230769230769,0.6185567010309279,0.6426116838487972
factors_finance,3,33,4,linear_svm,word_char,0.1,0.25,emotion_aware,0.6057692307692307,0.6057692307692308,0.627906976744186,0.5192307692307693,0.5684210526315789,0.6027945971122497
factors_finance,3,33,4,linear_svm,word_char,0.1,0.5,emotion_aware,0.6057692307692307,0.6057692307692308,0.6341463414634146,0.5,0.5591397849462365,0.6013090229079008
factors_finance,3,33,4,linear_svm,word_char,0.1,1.0,emotion_aware,0.6057692307692307,0.6057692307692308,0.6341463414634146,0.5,0.5591397849462365,0.6013090229079008
factors_finance,3,33,4,linear_svm,word_char,1.0,0.0,text_only,0.5961538461538461,0.5961538461538461,0.6041666666666666,0.5576923076923077,0.58,0.5955555555555556
factors_finance,3,33,4,linear_svm,word_char,1.0,0.05,emotion_aware,0.6442307692307693,0.6442307692307693,0.6530612244897959,0.6153846153846154,0.6336633663366337,0.6439344869066346
factors_finance,3,33,4,linear_svm,word_char,1.0,0.1,emotion_aware,0.625,0.625,0.6382978723404256,0.5769230769230769,0.6060606060606061,0.6241312204614957
factors_finance,3,33,4,linear_svm,word_char,1.0,0.25,emotion_aware,0.6346153846153846,0.6346153846153846,0.6521739130434783,0.5769230769230769,0.6122448979591837,0.6333951762523191
factors_finance,3,33,4,linear_svm,word_char,1.0,0.5,emotion_aware,0.625,0.625,0.6382978723404256,0.5769230769230769,0.6060606060606061,0.6241312204614957
factors_finance,3,33,4,linear_svm,word_char,1.0,1.0,emotion_aware,0.6346153846153846,0.6346153846153846,0.6521739130434783,0.5769230769230769,0.6122448979591837,0.6333951762523191
factors_finance,3,33,4,linear_svm,word_char,10.0,0.0,text_only,0.6057692307692307,0.6057692307692308,0.6170212765957447,0.5576923076923077,0.5858585858585859,0.6048558984338801
factors_finance,3,33,4,linear_svm,word_char,10.0,0.05,emotion_aware,0.6346153846153846,0.6346153846153846,0.64,0.6153846153846154,0.6274509803921569,0.6344802071772104
factors_finance,3,33,4,linear_svm,word_char,10.0,0.1,emotion_aware,0.6442307692307693,0.6442307692307693,0.6530612244897959,0.6153846153846154,0.6336633663366337,0.6439344869066346
factors_finance,3,33,4,linear_svm,word_char,10.0,0.25,emotion_aware,0.625,0.625,0.6326530612244898,0.5961538461538461,0.6138613861386139,0.6246877024151013
factors_finance,3,33,4,linear_svm,word_char,10.0,0.5,emotion_aware,0.625,0.625,0.6326530612244898,0.5961538461538461,0.6138613861386139,0.6246877024151013
factors_finance,3,33,4,linear_svm,word_char,10.0,1.0,emotion_aware,0.6153846153846154,0.6153846153846154,0.625,0.5769230769230769,0.6,0.6148148148148148
factors_finance,3,33,5,logistic_regression,word,0.1,0.0,text_only,0.6346153846153846,0.6346153846153846,0.64,0.6153846153846154,0.6274509803921569,0.6344802071772104
factors_finance,3,33,5,logistic_regression,word,0.1,0.05,emotion_aware,0.6923076923076923,0.6923076923076923,0.7083333333333334,0.6538461538461539,0.68,0.6918518518518519
factors_finance,3,33,5,logistic_regression,word,0.1,0.1,emotion_aware,0.7403846153846154,0.7403846153846154,0.7450980392156863,0.7307692307692307,0.7378640776699029,0.740360610263523
factors_finance,3,33,5,logistic_regression,word,0.1,0.25,emotion_aware,0.6730769230769231,0.6730769230769231,0.6956521739130435,0.6153846153846154,0.6530612244897959,0.6719851576994433
factors_finance,3,33,5,logistic_regression,word,0.1,0.5,emotion_aware,0.6538461538461539,0.6538461538461537,0.6818181818181818,0.5769230769230769,0.625,0.6517857142857143
factors_finance,3,33,5,logistic_regression,word,0.1,1.0,emotion_aware,0.6153846153846154,0.6153846153846154,0.625,0.5769230769230769,0.6,0.6148148148148148
factors_finance,3,33,5,logistic_regression,word,1.0,0.0,text_only,0.6634615384615384,0.6634615384615384,0.673469387755102,0.6346153846153846,0.6534653465346535,0.6631812713981678
factors_finance,3,33,5,logistic_regression,word,1.0,0.05,emotion_aware,0.6634615384615384,0.6634615384615384,0.673469387755102,0.6346153846153846,0.6534653465346535,0.6631812713981678
factors_finance,3,33,5,logistic_regression,word,1.0,0.1,emotion_aware,0.7019230769230769,0.7019230769230769,0.723404255319149,0.6538461538461539,0.6868686868686869,0.7012325085719582
factors_finance,3,33,5,logistic_regression,word,1.0,0.25,emotion_aware,0.7403846153846154,0.7403846153846154,0.7906976744186046,0.6538461538461539,0.7157894736842105,0.7384257102934326
factors_finance,3,33,5,logistic_regression,word,1.0,0.5,emotion_aware,0.7115384615384616,0.7115384615384615,0.75,0.6346153846153846,0.6875,0.7098214285714286
factors_finance,3,33,5,logistic_regression,word,1.0,1.0,emotion_aware,0.7019230769230769,0.7019230769230769,0.7441860465116279,0.6153846153846154,0.6736842105263158,0.6996739636702376
factors_finance,3,33,5,logistic_regression,word,10.0,0.0,text_only,0.6057692307692307,0.6057692307692307,0.6122448979591837,0.5769230769230769,0.594059405940594,0.605440917923568
factors_finance,3,33,5,logistic_regression,word,10.0,0.05,emotion_aware,0.6442307692307693,0.6442307692307692,0.6470588235294118,0.6346153846153846,0.6407766990291263,0.644197873324087
factors_finance,3,33,5,logistic_regression,word,10.0,0.1,emotion_aware,0.6442307692307693,0.6442307692307692,0.6470588235294118,0.6346153846153846,0.6407766990291263,0.644197873324087
factors_finance,3,33,5,logistic_regression,word,10.0,0.25,emotion_aware,0.6442307692307693,0.6442307692307693,0.6530612244897959,0.6153846153846154,0.6336633663366337,0.6439344869066346
factors_finance,3,33,5,logistic_regression,word,10.0,0.5,emotion_aware,0.6442307692307693,0.6442307692307692,0.6595744680851063,0.5961538461538461,0.6262626262626263,0.6434065424891113
factors_finance,3,33,5,logistic_regression,word,10.0,1.0,emotion_aware,0.6442307692307693,0.6442307692307692,0.6595744680851063,0.5961538461538461,0.6262626262626263,0.6434065424891113
factors_finance,3,33,5,logistic_regression,word_char,0.1,0.0,text_only,0.6730769230769231,0.6730769230769231,0.6730769230769231,0.6730769230769231,0.6730769230769231,0.6730769230769231
factors_finance,3,33,5,logistic_regression,word_char,0.1,0.05,emotion_aware,0.6346153846153846,0.6346153846153846,0.6296296296296297,0.6538461538461539,0.6415094339622641,0.6344802071772104
factors_finance,3,33,5,logistic_regression,word_char,0.1,0.1,emotion_aware,0.6538461538461539,0.6538461538461539,0.6428571428571429,0.6923076923076923,0.6666666666666666,0.6533333333333333
factors_finance,3,33,5,logistic_regression,word_char,0.1,0.25,emotion_aware,0.6826923076923077,0.6826923076923077,0.7111111111111111,0.6153846153846154,0.6597938144329897,0.6812482585678462
factors_finance,3,33,5,logistic_regression,word_char,0.1,0.5,emotion_aware,0.6538461538461539,0.6538461538461539,0.6666666666666666,0.6153846153846154,0.64,0.6533333333333333
factors_finance,3,33,5,logistic_regression,word_char,0.1,1.0,emotion_aware,0.6153846153846154,0.6153846153846154,0.6304347826086957,0.5576923076923077,0.5918367346938775,0.6141001855287569
factors_finance,3,33,5,logistic_regression,word_char,1.0,0.0,text_only,0.6153846153846154,0.6153846153846154,0.625,0.5769230769230769,0.6,0.6148148148148148
factors_finance,3,33,5,logistic_regression,word_char,1.0,0.05,emotion_aware,0.625,0.625,0.6274509803921569,0.6153846153846154,0.6213592233009708,0.6249653259361997
factors_finance,3,33,5,logistic_regression,word_char,1.0,0.1,emotion_aware,0.6346153846153846,0.6346153846153846,0.64,0.6153846153846154,0.6274509803921569,0.6344802071772104
factors_finance,3,33,5,logistic_regression,word_char,1.0,0.25,emotion_aware,0.6442307692307693,0.6442307692307692,0.6744186046511628,0.5576923076923077,0.6105263157894737,0.6415463437354448
factors_finance,3,33,5,logistic_regression,word_char,1.0,0.5,emotion_aware,0.6538461538461539,0.6538461538461539,0.6739130434782609,0.5961538461538461,0.6326530612244898,0.6526901669758813
factors_finance,3,33,5,logistic_regression,word_char,1.0,1.0,emotion_aware,0.625,0.625,0.6382978723404256,0.5769230769230769,0.6060606060606061,0.6241312204614957
factors_finance,3,33,5,logistic_regression,word_char,10.0,0.0,text_only,0.5769230769230769,0.5769230769230769,0.5869565217391305,0.5192307692307693,0.5510204081632653,0.5755102040816327
factors_finance,3,33,5,logistic_regression,word_char,10.0,0.05,emotion_aware,0.5769230769230769,0.5769230769230769,0.5869565217391305,0.5192307692307693,0.5510204081632653,0.5755102040816327
factors_finance,3,33,5,logistic_regression,word_char,10.0,0.1,emotion_aware,0.5769230769230769,0.5769230769230769,0.5869565217391305,0.5192307692307693,0.5510204081632653,0.5755102040816327
factors_finance,3,33,5,logistic_regression,word_char,10.0,0.25,emotion_aware,0.6057692307692307,0.6057692307692308,0.6170212765957447,0.5576923076923077,0.5858585858585859,0.6048558984338801
factors_finance,3,33,5,logistic_regression,word_char,10.0,0.5,emotion_aware,0.6538461538461539,0.6538461538461539,0.6739130434782609,0.5961538461538461,0.6326530612244898,0.6526901669758813
factors_finance,3,33,5,logistic_regression,word_char,10.0,1.0,emotion_aware,0.6442307692307693,0.6442307692307692,0.6595744680851063,0.5961538461538461,0.6262626262626263,0.6434065424891113
factors_finance,3,33,5,linear_svm,word,0.1,0.0,text_only,0.6634615384615384,0.6634615384615384,0.673469387755102,0.6346153846153846,0.6534653465346535,0.6631812713981678
factors_finance,3,33,5,linear_svm,word,0.1,0.05,emotion_aware,0.6923076923076923,0.6923076923076923,0.7083333333333334,0.6538461538461539,0.68,0.6918518518518519
factors_finance,3,33,5,linear_svm,word,0.1,0.1,emotion_aware,0.6923076923076923,0.6923076923076923,0.717391304347826,0.6346153846153846,0.673469387755102,0.6912801484230056
factors_finance,3,33,5,linear_svm,word,0.1,0.25,emotion_aware,0.75,0.75,0.7954545454545454,0.6730769230769231,0.7291666666666666,0.7485119047619048
factors_finance,3,33,5,linear_svm,word,0.1,0.5,emotion_aware,0.7211538461538461,0.7211538461538461,0.7555555555555555,0.6538461538461539,0.7010309278350515,0.7198848332868951
factors_finance,3,33,5,linear_svm,word,0.1,1.0,emotion_aware,0.7019230769230769,0.7019230769230769,0.7441860465116279,0.6153846153846154,0.6736842105263158,0.6996739636702376
factors_finance,3,33,5,linear_svm,word,1.0,0.0,text_only,0.5673076923076923,0.5673076923076923,0.5660377358490566,0.5769230769230769,0.5714285714285714,0.5672676837725381
factors_finance,3,33,5,linear_svm,word,1.0,0.05,emotion_aware,0.6442307692307693,0.6442307692307692,0.6470588235294118,0.6346153846153846,0.6407766990291263,0.644197873324087
factors_finance,3,33,5,linear_svm,word,1.0,0.1,emotion_aware,0.6153846153846154,0.6153846153846154,0.62,0.5961538461538461,0.6078431372549019,0.6152423233444321
factors_finance,3,33,5,linear_svm,word,1.0,0.25,emotion_aware,0.625,0.625,0.6274509803921569,0.6153846153846154,0.6213592233009708,0.6249653259361997
factors_finance,3,33,5,linear_svm,word,1.0,0.5,emotion_aware,0.6442307692307693,0.6442307692307693,0.6530612244897959,0.6153846153846154,0.6336633663366337,0.6439344869066346
factors_finance,3,33,5,linear_svm,word,1.0,1.0,emotion_aware,0.6442307692307693,0.6442307692307693,0.6530612244897959,0.6153846153846154,0.6336633663366337,0.6439344869066346
factors_finance,3,33,5,linear_svm,word,10.0,0.0,text_only,0.5288461538461539,0.5288461538461539,0.5294117647058824,0.5192307692307693,0.5242718446601942,0.5288025889967638
factors_finance,3,33,5,linear_svm,word,10.0,0.05,emotion_aware,0.5673076923076923,0.5673076923076923,0.5714285714285714,0.5384615384615384,0.5544554455445545,0.5669473489405015
factors_finance,3,33,5,linear_svm,word,10.0,0.1,emotion_aware,0.5865384615384616,0.5865384615384615,0.5882352941176471,0.5769230769230769,0.5825242718446602,0.5865002311604253
factors_finance,3,33,5,linear_svm,word,10.0,0.25,emotion_aware,0.5961538461538461,0.5961538461538461,0.6,0.5769230769230769,0.5882352941176471,0.5960044395116537
factors_finance,3,33,5,linear_svm,word,10.0,0.5,emotion_aware,0.6057692307692307,0.6057692307692307,0.6122448979591837,0.5769230769230769,0.594059405940594,0.605440917923568
factors_finance,3,33,5,linear_svm,word,10.0,1.0,emotion_aware,0.6153846153846154,0.6153846153846154,0.625,0.5769230769230769,0.6,0.6148148148148148
factors_finance,3,33,5,linear_svm,word_char,0.1,0.0,text_only,0.6057692307692307,0.6057692307692307,0.6122448979591837,0.5769230769230769,0.594059405940594,0.605440917923568
factors_finance,3,33,5,linear_svm,word_char,0.1,0.05,emotion_aware,0.625,0.625,0.6274509803921569,0.6153846153846154,0.6213592233009708,0.6249653259361997
factors_finance,3,33,5,linear_svm,word_char,0.1,0.1,emotion_aware,0.6442307692307693,0.6442307692307692,0.6470588235294118,0.6346153846153846,0.6407766990291263,0.644197873324087
factors_finance,3,33,5,linear_svm,word_char,0.1,0.25,emotion_aware,0.6442307692307693,0.6442307692307692,0.6744186046511628,0.5576923076923077,0.6105263157894737,0.6415463437354448
factors_finance,3,33,5,linear_svm,word_char,0.1,0.5,emotion_aware,0.6346153846153846,0.6346153846153846,0.6590909090909091,0.5576923076923077,0.6041666666666666,0.6324404761904762
factors_finance,3,33,5,linear_svm,word_char,0.1,1.0,emotion_aware,0.625,0.625,0.6382978723404256,0.5769230769230769,0.6060606060606061,0.6241312204614957
factors_finance,3,33,5,linear_svm,word_char,1.0,0.0,text_only,0.5673076923076923,0.5673076923076923,0.574468085106383,0.5192307692307693,0.5454545454545454,0.5663052543786489
factors_finance,3,33,5,linear_svm,word_char,1.0,0.05,emotion_aware,0.5865384615384616,0.5865384615384616,0.6,0.5192307692307693,0.5567010309278351,0.5846568217702238
factors_finance,3,33,5,linear_svm,word_char,1.0,0.1,emotion_aware,0.5865384615384616,0.5865384615384615,0.5957446808510638,0.5384615384615384,0.5656565656565656,0.5855805764062645
factors_finance,3,33,5,linear_svm,word_char,1.0,0.25,emotion_aware,0.5961538461538461,0.5961538461538461,0.6041666666666666,0.5576923076923077,0.58,0.5955555555555556
factors_finance,3,33,5,linear_svm,word_char,1.0,0.5,emotion_aware,0.5961538461538461,0.5961538461538461,0.6086956521739131,0.5384615384615384,0.5714285714285714,0.5948051948051948
factors_finance,3,33,5,linear_svm,word_char,1.0,1.0,emotion_aware,0.5961538461538461,0.5961538461538461,0.6086956521739131,0.5384615384615384,0.5714285714285714,0.5948051948051948
factors_finance,3,33,5,linear_svm,word_char,10.0,0.0,text_only,0.5384615384615384,0.5384615384615384,0.5476190476190477,0.4423076923076923,0.48936170212765956,0.5341545352743561
factors_finance,3,33,5,linear_svm,word_char,10.0,0.05,emotion_aware,0.5769230769230769,0.5769230769230769,0.5909090909090909,0.5,0.5416666666666666,0.5744047619047619
factors_finance,3,33,5,linear_svm,word_char,10.0,0.1,emotion_aware,0.6057692307692307,0.6057692307692308,0.6222222222222222,0.5384615384615384,0.5773195876288659,0.6039751091297483
factors_finance,3,33,5,linear_svm,word_char,10.0,0.25,emotion_aware,0.5961538461538461,0.5961538461538461,0.6086956521739131,0.5384615384615384,0.5714285714285714,0.5948051948051948
factors_finance,3,33,5,linear_svm,word_char,10.0,0.5,emotion_aware,0.5961538461538461,0.5961538461538461,0.6086956521739131,0.5384615384615384,0.5714285714285714,0.5948051948051948
factors_finance,3,33,5,linear_svm,word_char,10.0,1.0,emotion_aware,0.5865384615384616,0.5865384615384615,0.5957446808510638,0.5384615384615384,0.5656565656565656,0.5855805764062645
