dataset,repetition,seed,model,row_id,pair_id,y_true,y_pred,probability_misleading
liar2_finance,1,11,text_only,5341,test_pair_0092,0,0,0.2849729657173157
liar2_finance,1,11,text_only,1346,test_pair_0034,0,1,0.5286661982536316
liar2_finance,1,11,text_only,8624,test_pair_0055,1,0,0.31214839220046997
liar2_finance,1,11,text_only,3899,test_pair_0034,1,0,0.4428955614566803
liar2_finance,1,11,text_only,4003,test_pair_0035,0,0,0.4580703675746918
liar2_finance,1,11,text_only,9180,test_pair_0084,1,1,0.5289493799209595
liar2_finance,1,11,text_only,7931,test_pair_0047,0,0,0.0514066256582737
liar2_finance,1,11,text_only,2929,test_pair_0035,1,1,0.6659459471702576
liar2_finance,1,11,text_only,6863,test_pair_0007,1,1,0.8373530507087708
liar2_finance,1,11,text_only,4652,test_pair_0055,0,1,0.5332853198051453
liar2_finance,1,11,text_only,10950,test_pair_0041,0,0,0.10277233272790909
liar2_finance,1,11,text_only,5756,test_pair_0092,1,1,0.5245054960250854
liar2_finance,1,11,text_only,2786,test_pair_0084,0,0,0.34165042638778687
liar2_finance,1,11,text_only,3936,test_pair_0037,0,0,0.15183000266551971
liar2_finance,1,11,text_only,3735,test_pair_0041,1,0,0.1548207551240921
liar2_finance,1,11,text_only,2036,test_pair_0007,0,0,0.16757941246032715
liar2_finance,1,11,text_only,10681,test_pair_0066,0,0,0.48665526509284973
liar2_finance,1,11,text_only,13884,test_pair_0037,1,0,0.22412070631980896
liar2_finance,1,11,text_only,18486,test_pair_0066,1,1,0.9249682426452637
liar2_finance,1,11,text_only,14834,test_pair_0047,1,1,0.9158616662025452
liar2_finance,1,11,text_only,16772,train_pair_0266,1,0,0.4451741576194763
liar2_finance,1,11,text_only,8010,train_pair_0527,0,0,0.07981909066438675
liar2_finance,1,11,text_only,6719,train_pair_0509,0,0,0.459844708442688
liar2_finance,1,11,text_only,14023,train_pair_0794,1,0,0.17802700400352478
liar2_finance,1,11,text_only,2594,train_pair_0506,1,1,0.7212925553321838
liar2_finance,1,11,text_only,9391,train_pair_0410,0,0,0.4760037660598755
liar2_finance,1,11,text_only,2775,train_pair_0099,1,0,0.15004710853099823
liar2_finance,1,11,text_only,6879,train_pair_0217,0,0,0.07972020655870438
liar2_finance,1,11,text_only,6994,train_pair_0242,0,0,0.07197077572345734
liar2_finance,1,11,text_only,6579,train_pair_0293,0,0,0.194186732172966
liar2_finance,1,11,text_only,6585,train_pair_0271,1,0,0.40277978777885437
liar2_finance,1,11,text_only,3912,train_pair_0116,0,1,0.8376413583755493
liar2_finance,1,11,text_only,9697,train_pair_0217,1,0,0.4837084114551544
liar2_finance,1,11,text_only,10045,train_pair_0340,1,1,0.9511400461196899
liar2_finance,1,11,text_only,6094,train_pair_0455,0,0,0.4640597999095917
liar2_finance,1,11,text_only,6501,train_pair_0188,1,0,0.2516788840293884
liar2_finance,1,11,text_only,12508,train_pair_0620,0,0,0.15888674557209015
liar2_finance,1,11,text_only,18692,train_pair_0619,1,0,0.06435851752758026
liar2_finance,1,11,text_only,17495,train_pair_0306,1,1,0.6509377360343933
liar2_finance,1,11,text_only,2275,train_pair_0512,1,1,0.7094828486442566
liar2_finance,1,11,text_only,13834,train_pair_0573,1,1,0.8065570592880249
liar2_finance,1,11,text_only,4909,train_pair_0347,1,1,0.6688976287841797
liar2_finance,1,11,text_only,10365,train_pair_0417,1,1,0.7183894515037537
liar2_finance,1,11,text_only,3052,train_pair_0591,1,0,0.3541606068611145
liar2_finance,1,11,text_only,5167,train_pair_0293,1,0,0.3474339544773102
liar2_finance,1,11,text_only,5442,train_pair_0454,0,0,0.264734148979187
liar2_finance,1,11,text_only,5805,train_pair_0454,1,0,0.4903249442577362
liar2_finance,1,11,text_only,7314,train_pair_0812,0,0,0.3844640552997589
liar2_finance,1,11,text_only,14089,train_pair_0660,1,0,0.420835942029953
liar2_finance,1,11,text_only,6376,train_pair_0444,0,0,0.12987646460533142
liar2_finance,1,11,text_only,7436,train_pair_0784,0,0,0.05640020594000816
liar2_finance,1,11,text_only,10069,train_pair_0071,0,0,0.07165218889713287
liar2_finance,1,11,text_only,3589,train_pair_0254,1,0,0.13964831829071045
liar2_finance,1,11,text_only,11998,train_pair_0631,0,0,0.10237675905227661
liar2_finance,1,11,text_only,4495,train_pair_0306,0,0,0.4506358802318573
liar2_finance,1,11,text_only,15213,train_pair_0147,1,1,0.762744665145874
liar2_finance,1,11,text_only,2369,train_pair_0561,1,1,0.5823068618774414
liar2_finance,1,11,text_only,18076,train_pair_0242,1,1,0.6729705333709717
liar2_finance,1,11,text_only,13285,train_pair_0621,0,1,0.597712516784668
liar2_finance,1,11,text_only,8165,train_pair_0319,0,0,0.16734269261360168
liar2_finance,1,11,text_only,10199,train_pair_0647,0,0,0.18590062856674194
liar2_finance,1,11,text_only,22578,train_pair_0392,1,0,0.44119787216186523
liar2_finance,1,11,text_only,2647,train_pair_0798,0,0,0.3014305531978607
liar2_finance,1,11,text_only,2558,train_pair_0647,1,1,0.5034264326095581
liar2_finance,1,11,text_only,13928,train_pair_0717,1,1,0.5360896587371826
liar2_finance,1,11,text_only,5316,train_pair_0444,1,0,0.39804205298423767
liar2_finance,1,11,text_only,3568,train_pair_0360,0,1,0.7577568888664246
liar2_finance,1,11,text_only,4951,train_pair_0544,0,1,0.7541122436523438
liar2_finance,1,11,text_only,3069,train_pair_0484,1,1,0.7189475893974304
liar2_finance,1,11,text_only,20677,train_pair_0621,1,0,0.4621795415878296
liar2_finance,1,11,text_only,10331,train_pair_0257,0,0,0.05657540634274483
liar2_finance,1,11,text_only,1508,train_pair_0446,0,1,0.7861629128456116
liar2_finance,1,11,text_only,4669,train_pair_0340,0,0,0.26883959770202637
liar2_finance,1,11,text_only,5204,train_pair_0347,0,0,0.29843807220458984
liar2_finance,1,11,text_only,7633,train_pair_0656,1,1,0.7571936845779419
liar2_finance,1,11,text_only,1000,train_pair_0010,1,1,0.6008008718490601
liar2_finance,1,11,text_only,2719,train_pair_0108,1,1,0.5231016278266907
liar2_finance,1,11,text_only,3564,train_pair_0660,0,0,0.4009357690811157
liar2_finance,1,11,text_only,18230,train_pair_0642,1,0,0.36454907059669495
liar2_finance,1,11,text_only,8862,train_pair_0174,1,0,0.21719354391098022
liar2_finance,1,11,text_only,9767,train_pair_0688,0,1,0.5259670615196228
liar2_finance,1,11,text_only,14911,train_pair_0410,1,1,0.5822227597236633
liar2_finance,1,11,text_only,17280,train_pair_0812,1,1,0.781420886516571
liar2_finance,1,11,text_only,6600,train_pair_0516,1,1,0.7923758625984192
liar2_finance,1,11,text_only,6763,train_pair_0071,1,0,0.03958722576498985
liar2_finance,1,11,text_only,1315,train_pair_0512,0,0,0.06989254802465439
liar2_finance,1,11,text_only,5504,train_pair_0591,0,0,0.041253745555877686
liar2_finance,1,11,text_only,2853,train_pair_0561,0,0,0.078508660197258
liar2_finance,1,11,text_only,9935,train_pair_0551,1,1,0.5659616589546204
liar2_finance,1,11,text_only,5290,train_pair_0259,1,0,0.14249105751514435
liar2_finance,1,11,text_only,10658,train_pair_0717,0,0,0.11432970315217972
liar2_finance,1,11,text_only,18018,train_pair_0467,1,1,0.6449313163757324
liar2_finance,1,11,text_only,4293,train_pair_0688,1,1,0.624125063419342
liar2_finance,1,11,text_only,2460,train_pair_0319,1,0,0.13364048302173615
liar2_finance,1,11,text_only,6312,train_pair_0794,0,1,0.5426607728004456
liar2_finance,1,11,text_only,5828,train_pair_0544,1,1,0.7904313802719116
liar2_finance,1,11,text_only,6848,train_pair_0188,0,0,0.0713391974568367
liar2_finance,1,11,text_only,8569,train_pair_0527,1,1,0.8554947972297668
liar2_finance,1,11,text_only,6627,train_pair_0568,1,1,0.8157945275306702
liar2_finance,1,11,text_only,4927,train_pair_0266,0,0,0.21734338998794556
liar2_finance,1,11,text_only,13331,train_pair_0002,0,0,0.13943934440612793
liar2_finance,1,11,text_only,11497,train_pair_0112,1,1,0.5983728170394897
liar2_finance,1,11,text_only,12411,train_pair_0619,0,1,0.528480052947998
liar2_finance,1,11,text_only,4571,train_pair_0116,1,0,0.22662384808063507
liar2_finance,1,11,text_only,1993,train_pair_0254,0,0,0.2528074383735657
liar2_finance,1,11,text_only,17032,train_pair_0002,1,1,0.8138785362243652
liar2_finance,1,11,text_only,844,train_pair_0495,1,1,0.5633254051208496
liar2_finance,1,11,text_only,5216,train_pair_0108,0,0,0.14415031671524048
liar2_finance,1,11,text_only,3955,train_pair_0360,1,1,0.8767696619033813
liar2_finance,1,11,text_only,5885,train_pair_0634,1,0,0.49080201983451843
liar2_finance,1,11,text_only,10858,train_pair_0473,1,1,0.7307740449905396
liar2_finance,1,11,text_only,2411,train_pair_0590,1,0,0.17375479638576508
liar2_finance,1,11,text_only,2320,train_pair_0047,1,1,0.9275564551353455
liar2_finance,1,11,text_only,19688,train_pair_0620,1,0,0.22859369218349457
liar2_finance,1,11,text_only,4327,train_pair_0271,0,1,0.7898162007331848
liar2_finance,1,11,text_only,5584,train_pair_0495,0,1,0.6606883406639099
liar2_finance,1,11,text_only,5253,train_pair_0225,1,1,0.8685422539710999
liar2_finance,1,11,text_only,5208,train_pair_0590,0,0,0.06867197901010513
liar2_finance,1,11,text_only,9566,train_pair_0551,0,1,0.57007896900177
liar2_finance,1,11,text_only,5959,train_pair_0427,1,0,0.2006760984659195
liar2_finance,1,11,text_only,13958,train_pair_0112,0,0,0.42423129081726074
liar2_finance,1,11,text_only,13678,train_pair_0784,1,0,0.20161522924900055
liar2_finance,1,11,text_only,4433,train_pair_0225,0,0,0.27545246481895447
liar2_finance,1,11,text_only,6096,train_pair_0455,1,1,0.6859288811683655
liar2_finance,1,11,text_only,815,train_pair_0797,0,0,0.3772929012775421
liar2_finance,1,11,text_only,7403,train_pair_0573,0,0,0.2885855734348297
liar2_finance,1,11,text_only,5141,train_pair_0516,0,0,0.2368687093257904
liar2_finance,1,11,text_only,3893,train_pair_0713,0,1,0.5121686458587646
liar2_finance,1,11,text_only,8451,train_pair_0179,0,0,0.09211859107017517
liar2_finance,1,11,text_only,1345,train_pair_0484,0,1,0.5133893489837646
liar2_finance,1,11,text_only,7535,train_pair_0392,0,0,0.13879598677158356
liar2_finance,1,11,text_only,9804,train_pair_0713,1,1,0.6783615350723267
liar2_finance,1,11,text_only,3911,train_pair_0467,0,1,0.5598418116569519
liar2_finance,1,11,text_only,3789,train_pair_0174,0,0,0.1936926692724228
liar2_finance,1,11,text_only,1818,train_pair_0448,1,0,0.3836364150047302
liar2_finance,1,11,text_only,16396,train_pair_0634,0,0,0.10897522419691086
liar2_finance,1,11,text_only,8742,train_pair_0250,0,0,0.05573252961039543
liar2_finance,1,11,text_only,5400,train_pair_0473,0,0,0.23347662389278412
liar2_finance,1,11,text_only,6434,train_pair_0285,1,1,0.588114321231842
liar2_finance,1,11,text_only,840,train_pair_0446,1,1,0.7000218033790588
liar2_finance,1,11,text_only,6558,train_pair_0642,0,0,0.09058971703052521
liar2_finance,1,11,text_only,5322,train_pair_0140,1,1,0.9359510540962219
liar2_finance,1,11,text_only,20254,train_pair_0511,1,0,0.11578261107206345
liar2_finance,1,11,text_only,11652,train_pair_0511,0,0,0.4496428370475769
liar2_finance,1,11,text_only,10378,train_pair_0250,1,0,0.4500276446342468
liar2_finance,1,11,text_only,2622,train_pair_0448,0,0,0.2975136637687683
liar2_finance,1,11,text_only,19439,train_pair_0179,1,1,0.6068388819694519
liar2_finance,1,11,text_only,2722,train_pair_0787,0,0,0.22141128778457642
liar2_finance,1,11,text_only,3578,train_pair_0506,0,0,0.19042621552944183
liar2_finance,1,11,text_only,882,train_pair_0047,0,0,0.20467567443847656
liar2_finance,1,11,text_only,734,train_pair_0077,0,0,0.47987592220306396
liar2_finance,1,11,text_only,5960,train_pair_0607,1,1,0.7425764799118042
liar2_finance,1,11,text_only,5033,train_pair_0631,1,1,0.5812644362449646
liar2_finance,1,11,text_only,12236,train_pair_0257,1,1,0.9375388026237488
liar2_finance,1,11,text_only,3243,train_pair_0607,0,0,0.029400505125522614
liar2_finance,1,11,text_only,6329,train_pair_0417,0,0,0.12532339990139008
liar2_finance,1,11,text_only,64,train_pair_0010,0,0,0.2804066240787506
liar2_finance,1,11,text_only,8005,train_pair_0427,0,0,0.22713913023471832
liar2_finance,1,11,text_only,23165,train_pair_0656,0,0,0.1198766827583313
liar2_finance,1,11,text_only,3965,train_pair_0285,0,0,0.19379252195358276
liar2_finance,1,11,text_only,1498,train_pair_0778,1,1,0.5194451212882996
liar2_finance,1,11,text_only,5029,train_pair_0259,0,0,0.25516557693481445
liar2_finance,1,11,text_only,11241,train_pair_0330,1,0,0.3191089630126953
liar2_finance,1,11,text_only,142,train_pair_0778,0,0,0.4875023365020752
liar2_finance,1,11,text_only,8762,train_pair_0787,1,0,0.30151960253715515
liar2_finance,1,11,text_only,6649,train_pair_0077,1,1,0.9295352697372437
liar2_finance,1,11,text_only,5847,train_pair_0568,0,0,0.3667850196361542
liar2_finance,1,11,text_only,8633,train_pair_0509,1,0,0.4846380054950714
liar2_finance,1,11,text_only,5900,train_pair_0797,1,0,0.4998939037322998
liar2_finance,1,11,text_only,5997,train_pair_0798,1,1,0.6924169659614563
liar2_finance,1,11,text_only,1131,train_pair_0330,0,0,0.1896905153989792
liar2_finance,1,11,text_only,6731,train_pair_0099,0,0,0.1327442228794098
liar2_finance,1,11,text_only,4805,train_pair_0140,0,0,0.09267932921648026
liar2_finance,1,11,text_only,8038,train_pair_0147,0,0,0.43120503425598145
liar2_finance,1,11,text_only,2158,validation_pair_0016,0,0,0.24809275567531586
liar2_finance,1,11,text_only,2876,validation_pair_0103,1,0,0.4400525391101837
liar2_finance,1,11,text_only,14600,validation_pair_0103,0,0,0.37966296076774597
liar2_finance,1,11,text_only,10065,validation_pair_0067,0,1,0.5419201850891113
liar2_finance,1,11,text_only,5940,validation_pair_0034,0,1,0.8157646059989929
liar2_finance,1,11,text_only,6238,validation_pair_0072,0,0,0.061619654297828674
liar2_finance,1,11,text_only,15962,validation_pair_0013,1,1,0.6356502771377563
liar2_finance,1,11,text_only,14692,validation_pair_0034,1,0,0.12138959765434265
liar2_finance,1,11,text_only,2660,validation_pair_0060,0,0,0.0792175680398941
liar2_finance,1,11,text_only,4411,validation_pair_0057,0,0,0.46404746174812317
liar2_finance,1,11,text_only,5068,validation_pair_0065,1,1,0.8368383049964905
liar2_finance,1,11,text_only,15937,validation_pair_0108,0,0,0.18947415053844452
liar2_finance,1,11,text_only,5943,validation_pair_0022,1,1,0.8178863525390625
liar2_finance,1,11,text_only,6630,validation_pair_0076,1,1,0.9585919976234436
liar2_finance,1,11,text_only,1458,validation_pair_0083,1,1,0.6529175639152527
liar2_finance,1,11,text_only,11620,validation_pair_0083,0,0,0.3821009695529938
liar2_finance,1,11,text_only,11165,validation_pair_0022,0,0,0.022514140233397484
liar2_finance,1,11,text_only,12423,validation_pair_0057,1,1,0.6961289644241333
liar2_finance,1,11,text_only,3402,validation_pair_0067,1,1,0.6013041734695435
liar2_finance,1,11,text_only,22094,validation_pair_0016,1,1,0.7130762338638306
liar2_finance,1,11,text_only,6384,validation_pair_0035,0,0,0.05955269932746887
liar2_finance,1,11,text_only,3064,validation_pair_0065,0,0,0.12387159466743469
liar2_finance,1,11,text_only,14219,validation_pair_0035,1,0,0.13868942856788635
liar2_finance,1,11,text_only,3560,validation_pair_0060,1,0,0.22117367386817932
liar2_finance,1,11,text_only,5185,validation_pair_0050,0,0,0.05992298200726509
liar2_finance,1,11,text_only,1418,validation_pair_0013,0,0,0.0314168855547905
liar2_finance,1,11,text_only,5855,validation_pair_0050,1,1,0.7606589794158936
liar2_finance,1,11,text_only,9148,validation_pair_0072,1,0,0.3622782528400421
liar2_finance,1,11,text_only,15783,validation_pair_0108,1,0,0.19571688771247864
liar2_finance,1,11,text_only,15868,validation_pair_0076,0,0,0.06989305466413498
liar2_finance,1,11,emotion_aware,5341,test_pair_0092,0,0,0.12069965153932571
liar2_finance,1,11,emotion_aware,1346,test_pair_0034,0,0,0.4979349374771118
liar2_finance,1,11,emotion_aware,8624,test_pair_0055,1,1,0.9308868050575256
liar2_finance,1,11,emotion_aware,3899,test_pair_0034,1,0,0.4414241909980774
liar2_finance,1,11,emotion_aware,4003,test_pair_0035,0,0,0.3711693286895752
liar2_finance,1,11,emotion_aware,9180,test_pair_0084,1,1,0.6551578044891357
liar2_finance,1,11,emotion_aware,7931,test_pair_0047,0,0,0.06294988840818405
liar2_finance,1,11,emotion_aware,2929,test_pair_0035,1,1,0.5695633888244629
liar2_finance,1,11,emotion_aware,6863,test_pair_0007,1,1,0.9631136059761047
liar2_finance,1,11,emotion_aware,4652,test_pair_0055,0,0,0.3189147412776947
liar2_finance,1,11,emotion_aware,10950,test_pair_0041,0,0,0.06415947526693344
liar2_finance,1,11,emotion_aware,5756,test_pair_0092,1,1,0.835315465927124
liar2_finance,1,11,emotion_aware,2786,test_pair_0084,0,0,0.20477238297462463
liar2_finance,1,11,emotion_aware,3936,test_pair_0037,0,0,0.22059273719787598
liar2_finance,1,11,emotion_aware,3735,test_pair_0041,1,0,0.287090927362442
liar2_finance,1,11,emotion_aware,2036,test_pair_0007,0,0,0.3341776430606842
liar2_finance,1,11,emotion_aware,10681,test_pair_0066,0,1,0.7609905004501343
liar2_finance,1,11,emotion_aware,13884,test_pair_0037,1,0,0.3652304708957672
liar2_finance,1,11,emotion_aware,18486,test_pair_0066,1,1,0.9613423347473145
liar2_finance,1,11,emotion_aware,14834,test_pair_0047,1,1,0.988906741142273
liar2_finance,1,11,emotion_aware,16772,train_pair_0266,1,1,0.7919395565986633
liar2_finance,1,11,emotion_aware,8010,train_pair_0527,0,0,0.0947219729423523
liar2_finance,1,11,emotion_aware,6719,train_pair_0509,0,1,0.6155922412872314
liar2_finance,1,11,emotion_aware,14023,train_pair_0794,1,0,0.47656574845314026
liar2_finance,1,11,emotion_aware,2594,train_pair_0506,1,1,0.9055857062339783
liar2_finance,1,11,emotion_aware,9391,train_pair_0410,0,0,0.32869771122932434
liar2_finance,1,11,emotion_aware,2775,train_pair_0099,1,0,0.34056204557418823
liar2_finance,1,11,emotion_aware,6879,train_pair_0217,0,0,0.06595400720834732
liar2_finance,1,11,emotion_aware,6994,train_pair_0242,0,0,0.1390421837568283
liar2_finance,1,11,emotion_aware,6579,train_pair_0293,0,0,0.1131661906838417
liar2_finance,1,11,emotion_aware,6585,train_pair_0271,1,1,0.6650384664535522
liar2_finance,1,11,emotion_aware,3912,train_pair_0116,0,1,0.913226306438446
liar2_finance,1,11,emotion_aware,9697,train_pair_0217,1,0,0.4754575490951538
liar2_finance,1,11,emotion_aware,10045,train_pair_0340,1,1,0.9943228960037231
liar2_finance,1,11,emotion_aware,6094,train_pair_0455,0,1,0.5882749557495117
liar2_finance,1,11,emotion_aware,6501,train_pair_0188,1,1,0.5874752402305603
liar2_finance,1,11,emotion_aware,12508,train_pair_0620,0,0,0.25269097089767456
liar2_finance,1,11,emotion_aware,18692,train_pair_0619,1,0,0.029590317979454994
liar2_finance,1,11,emotion_aware,17495,train_pair_0306,1,0,0.4231455326080322
liar2_finance,1,11,emotion_aware,2275,train_pair_0512,1,1,0.9820249080657959
liar2_finance,1,11,emotion_aware,13834,train_pair_0573,1,1,0.9501140117645264
liar2_finance,1,11,emotion_aware,4909,train_pair_0347,1,1,0.7782255411148071
liar2_finance,1,11,emotion_aware,10365,train_pair_0417,1,1,0.8545228242874146
liar2_finance,1,11,emotion_aware,3052,train_pair_0591,1,0,0.3907328248023987
liar2_finance,1,11,emotion_aware,5167,train_pair_0293,1,0,0.32657867670059204
liar2_finance,1,11,emotion_aware,5442,train_pair_0454,0,1,0.5476241707801819
liar2_finance,1,11,emotion_aware,5805,train_pair_0454,1,1,0.7242924571037292
liar2_finance,1,11,emotion_aware,7314,train_pair_0812,0,1,0.8337724804878235
liar2_finance,1,11,emotion_aware,14089,train_pair_0660,1,1,0.6522232890129089
liar2_finance,1,11,emotion_aware,6376,train_pair_0444,0,0,0.09888352453708649
liar2_finance,1,11,emotion_aware,7436,train_pair_0784,0,0,0.050017714500427246
liar2_finance,1,11,emotion_aware,10069,train_pair_0071,0,0,0.09156164526939392
liar2_finance,1,11,emotion_aware,3589,train_pair_0254,1,0,0.12257319688796997
liar2_finance,1,11,emotion_aware,11998,train_pair_0631,0,0,0.3242192566394806
liar2_finance,1,11,emotion_aware,4495,train_pair_0306,0,1,0.5295535922050476
liar2_finance,1,11,emotion_aware,15213,train_pair_0147,1,1,0.9653735756874084
liar2_finance,1,11,emotion_aware,2369,train_pair_0561,1,1,0.9355766177177429
liar2_finance,1,11,emotion_aware,18076,train_pair_0242,1,1,0.8233681917190552
liar2_finance,1,11,emotion_aware,13285,train_pair_0621,0,1,0.7934882640838623
liar2_finance,1,11,emotion_aware,8165,train_pair_0319,0,0,0.36804530024528503
liar2_finance,1,11,emotion_aware,10199,train_pair_0647,0,0,0.3068625330924988
liar2_finance,1,11,emotion_aware,22578,train_pair_0392,1,1,0.5865548849105835
liar2_finance,1,11,emotion_aware,2647,train_pair_0798,0,1,0.7044953107833862
liar2_finance,1,11,emotion_aware,2558,train_pair_0647,1,1,0.6262478232383728
liar2_finance,1,11,emotion_aware,13928,train_pair_0717,1,1,0.6257177591323853
liar2_finance,1,11,emotion_aware,5316,train_pair_0444,1,0,0.4199790954589844
liar2_finance,1,11,emotion_aware,3568,train_pair_0360,0,1,0.9299127459526062
liar2_finance,1,11,emotion_aware,4951,train_pair_0544,0,1,0.8162466883659363
liar2_finance,1,11,emotion_aware,3069,train_pair_0484,1,1,0.8334205746650696
liar2_finance,1,11,emotion_aware,20677,train_pair_0621,1,1,0.5679254531860352
liar2_finance,1,11,emotion_aware,10331,train_pair_0257,0,0,0.068327896296978
liar2_finance,1,11,emotion_aware,1508,train_pair_0446,0,1,0.8610200881958008
liar2_finance,1,11,emotion_aware,4669,train_pair_0340,0,1,0.9038509130477905
liar2_finance,1,11,emotion_aware,5204,train_pair_0347,0,1,0.5781258940696716
liar2_finance,1,11,emotion_aware,7633,train_pair_0656,1,1,0.9019627571105957
liar2_finance,1,11,emotion_aware,1000,train_pair_0010,1,1,0.6641050577163696
liar2_finance,1,11,emotion_aware,2719,train_pair_0108,1,0,0.47559428215026855
liar2_finance,1,11,emotion_aware,3564,train_pair_0660,0,1,0.7190084457397461
liar2_finance,1,11,emotion_aware,18230,train_pair_0642,1,1,0.5520521998405457
liar2_finance,1,11,emotion_aware,8862,train_pair_0174,1,0,0.241379514336586
liar2_finance,1,11,emotion_aware,9767,train_pair_0688,0,1,0.8732057213783264
liar2_finance,1,11,emotion_aware,14911,train_pair_0410,1,1,0.689616858959198
liar2_finance,1,11,emotion_aware,17280,train_pair_0812,1,1,0.8960376977920532
liar2_finance,1,11,emotion_aware,6600,train_pair_0516,1,1,0.9790079593658447
liar2_finance,1,11,emotion_aware,6763,train_pair_0071,1,0,0.04005195572972298
liar2_finance,1,11,emotion_aware,1315,train_pair_0512,0,0,0.03496440500020981
liar2_finance,1,11,emotion_aware,5504,train_pair_0591,0,0,0.02501964382827282
liar2_finance,1,11,emotion_aware,2853,train_pair_0561,0,0,0.1930142492055893
liar2_finance,1,11,emotion_aware,9935,train_pair_0551,1,1,0.8227370977401733
liar2_finance,1,11,emotion_aware,5290,train_pair_0259,1,0,0.34171169996261597
liar2_finance,1,11,emotion_aware,10658,train_pair_0717,0,0,0.1712525486946106
liar2_finance,1,11,emotion_aware,18018,train_pair_0467,1,1,0.8873607516288757
liar2_finance,1,11,emotion_aware,4293,train_pair_0688,1,1,0.9696388840675354
liar2_finance,1,11,emotion_aware,2460,train_pair_0319,1,0,0.04508344829082489
liar2_finance,1,11,emotion_aware,6312,train_pair_0794,0,1,0.7559516429901123
liar2_finance,1,11,emotion_aware,5828,train_pair_0544,1,1,0.9490084052085876
liar2_finance,1,11,emotion_aware,6848,train_pair_0188,0,0,0.042814090847969055
liar2_finance,1,11,emotion_aware,8569,train_pair_0527,1,1,0.9552325010299683
liar2_finance,1,11,emotion_aware,6627,train_pair_0568,1,1,0.9715942740440369
liar2_finance,1,11,emotion_aware,4927,train_pair_0266,0,0,0.143397256731987
liar2_finance,1,11,emotion_aware,13331,train_pair_0002,0,0,0.21148502826690674
liar2_finance,1,11,emotion_aware,11497,train_pair_0112,1,1,0.9606033563613892
liar2_finance,1,11,emotion_aware,12411,train_pair_0619,0,1,0.6938856244087219
liar2_finance,1,11,emotion_aware,4571,train_pair_0116,1,0,0.17171543836593628
liar2_finance,1,11,emotion_aware,1993,train_pair_0254,0,1,0.5682960748672485
liar2_finance,1,11,emotion_aware,17032,train_pair_0002,1,1,0.9388759732246399
liar2_finance,1,11,emotion_aware,844,train_pair_0495,1,1,0.6931523084640503
liar2_finance,1,11,emotion_aware,5216,train_pair_0108,0,0,0.10036047548055649
liar2_finance,1,11,emotion_aware,3955,train_pair_0360,1,1,0.9804856777191162
liar2_finance,1,11,emotion_aware,5885,train_pair_0634,1,1,0.7103092074394226
liar2_finance,1,11,emotion_aware,10858,train_pair_0473,1,1,0.8044974207878113
liar2_finance,1,11,emotion_aware,2411,train_pair_0590,1,0,0.1256607621908188
liar2_finance,1,11,emotion_aware,2320,train_pair_0047,1,1,0.9898169040679932
liar2_finance,1,11,emotion_aware,19688,train_pair_0620,1,1,0.6263459324836731
liar2_finance,1,11,emotion_aware,4327,train_pair_0271,0,1,0.936985194683075
liar2_finance,1,11,emotion_aware,5584,train_pair_0495,0,1,0.900120198726654
liar2_finance,1,11,emotion_aware,5253,train_pair_0225,1,1,0.9534291625022888
liar2_finance,1,11,emotion_aware,5208,train_pair_0590,0,0,0.06044149026274681
liar2_finance,1,11,emotion_aware,9566,train_pair_0551,0,1,0.6892759203910828
liar2_finance,1,11,emotion_aware,5959,train_pair_0427,1,1,0.545348584651947
liar2_finance,1,11,emotion_aware,13958,train_pair_0112,0,1,0.7498798966407776
liar2_finance,1,11,emotion_aware,13678,train_pair_0784,1,1,0.5352005362510681
liar2_finance,1,11,emotion_aware,4433,train_pair_0225,0,1,0.5584673881530762
liar2_finance,1,11,emotion_aware,6096,train_pair_0455,1,1,0.9254071116447449
liar2_finance,1,11,emotion_aware,815,train_pair_0797,0,0,0.2898755967617035
liar2_finance,1,11,emotion_aware,7403,train_pair_0573,0,1,0.6774279475212097
liar2_finance,1,11,emotion_aware,5141,train_pair_0516,0,0,0.15613700449466705
liar2_finance,1,11,emotion_aware,3893,train_pair_0713,0,1,0.8511006236076355
liar2_finance,1,11,emotion_aware,8451,train_pair_0179,0,0,0.1072009727358818
liar2_finance,1,11,emotion_aware,1345,train_pair_0484,0,1,0.7140873670578003
liar2_finance,1,11,emotion_aware,7535,train_pair_0392,0,0,0.15875118970870972
liar2_finance,1,11,emotion_aware,9804,train_pair_0713,1,1,0.9001439213752747
liar2_finance,1,11,emotion_aware,3911,train_pair_0467,0,1,0.7320752143859863
liar2_finance,1,11,emotion_aware,3789,train_pair_0174,0,0,0.3298477232456207
liar2_finance,1,11,emotion_aware,1818,train_pair_0448,1,0,0.4192127585411072
liar2_finance,1,11,emotion_aware,16396,train_pair_0634,0,0,0.12188846617937088
liar2_finance,1,11,emotion_aware,8742,train_pair_0250,0,0,0.056565433740615845
liar2_finance,1,11,emotion_aware,5400,train_pair_0473,0,0,0.11648865044116974
liar2_finance,1,11,emotion_aware,6434,train_pair_0285,1,1,0.9566039443016052
liar2_finance,1,11,emotion_aware,840,train_pair_0446,1,1,0.5312902927398682
liar2_finance,1,11,emotion_aware,6558,train_pair_0642,0,0,0.12203354388475418
liar2_finance,1,11,emotion_aware,5322,train_pair_0140,1,1,0.9921323657035828
liar2_finance,1,11,emotion_aware,20254,train_pair_0511,1,0,0.07377775013446808
liar2_finance,1,11,emotion_aware,11652,train_pair_0511,0,1,0.6214412450790405
liar2_finance,1,11,emotion_aware,10378,train_pair_0250,1,1,0.6436371803283691
liar2_finance,1,11,emotion_aware,2622,train_pair_0448,0,0,0.4444253444671631
liar2_finance,1,11,emotion_aware,19439,train_pair_0179,1,1,0.8646441698074341
liar2_finance,1,11,emotion_aware,2722,train_pair_0787,0,0,0.4329725205898285
liar2_finance,1,11,emotion_aware,3578,train_pair_0506,0,0,0.10247639566659927
liar2_finance,1,11,emotion_aware,882,train_pair_0047,0,0,0.1782919317483902
liar2_finance,1,11,emotion_aware,734,train_pair_0077,0,0,0.4628601372241974
liar2_finance,1,11,emotion_aware,5960,train_pair_0607,1,1,0.8796706795692444
liar2_finance,1,11,emotion_aware,5033,train_pair_0631,1,0,0.49865487217903137
liar2_finance,1,11,emotion_aware,12236,train_pair_0257,1,1,0.9933688044548035
liar2_finance,1,11,emotion_aware,3243,train_pair_0607,0,0,0.020171649754047394
liar2_finance,1,11,emotion_aware,6329,train_pair_0417,0,0,0.11202612519264221
liar2_finance,1,11,emotion_aware,64,train_pair_0010,0,0,0.295307993888855
liar2_finance,1,11,emotion_aware,8005,train_pair_0427,0,0,0.18934594094753265
liar2_finance,1,11,emotion_aware,23165,train_pair_0656,0,0,0.11527132987976074
liar2_finance,1,11,emotion_aware,3965,train_pair_0285,0,0,0.37263113260269165
liar2_finance,1,11,emotion_aware,1498,train_pair_0778,1,1,0.7894624471664429
liar2_finance,1,11,emotion_aware,5029,train_pair_0259,0,0,0.43242841958999634
liar2_finance,1,11,emotion_aware,11241,train_pair_0330,1,1,0.5650830864906311
liar2_finance,1,11,emotion_aware,142,train_pair_0778,0,1,0.5405812859535217
liar2_finance,1,11,emotion_aware,8762,train_pair_0787,1,0,0.36931633949279785
liar2_finance,1,11,emotion_aware,6649,train_pair_0077,1,1,0.9725693464279175
liar2_finance,1,11,emotion_aware,5847,train_pair_0568,0,1,0.6189823150634766
liar2_finance,1,11,emotion_aware,8633,train_pair_0509,1,1,0.8359584212303162
liar2_finance,1,11,emotion_aware,5900,train_pair_0797,1,1,0.6540044546127319
liar2_finance,1,11,emotion_aware,5997,train_pair_0798,1,1,0.936697781085968
liar2_finance,1,11,emotion_aware,1131,train_pair_0330,0,0,0.11318232119083405
liar2_finance,1,11,emotion_aware,6731,train_pair_0099,0,0,0.2904687225818634
liar2_finance,1,11,emotion_aware,4805,train_pair_0140,0,0,0.37426677346229553
liar2_finance,1,11,emotion_aware,8038,train_pair_0147,0,0,0.36650702357292175
liar2_finance,1,11,emotion_aware,2158,validation_pair_0016,0,0,0.3111985921859741
liar2_finance,1,11,emotion_aware,2876,validation_pair_0103,1,1,0.881341278553009
liar2_finance,1,11,emotion_aware,14600,validation_pair_0103,0,1,0.528581976890564
liar2_finance,1,11,emotion_aware,10065,validation_pair_0067,0,1,0.8869158625602722
liar2_finance,1,11,emotion_aware,5940,validation_pair_0034,0,1,0.9097463488578796
liar2_finance,1,11,emotion_aware,6238,validation_pair_0072,0,0,0.029557840898633003
liar2_finance,1,11,emotion_aware,15962,validation_pair_0013,1,1,0.6233934760093689
liar2_finance,1,11,emotion_aware,14692,validation_pair_0034,1,0,0.4267093539237976
liar2_finance,1,11,emotion_aware,2660,validation_pair_0060,0,0,0.07807517051696777
liar2_finance,1,11,emotion_aware,4411,validation_pair_0057,0,0,0.4088815152645111
liar2_finance,1,11,emotion_aware,5068,validation_pair_0065,1,1,0.9852662682533264
liar2_finance,1,11,emotion_aware,15937,validation_pair_0108,0,0,0.11309545487165451
liar2_finance,1,11,emotion_aware,5943,validation_pair_0022,1,1,0.8597293496131897
liar2_finance,1,11,emotion_aware,6630,validation_pair_0076,1,1,0.9911829233169556
liar2_finance,1,11,emotion_aware,1458,validation_pair_0083,1,1,0.7335710525512695
liar2_finance,1,11,emotion_aware,11620,validation_pair_0083,0,1,0.5618732571601868
liar2_finance,1,11,emotion_aware,11165,validation_pair_0022,0,0,0.013845887966454029
liar2_finance,1,11,emotion_aware,12423,validation_pair_0057,1,1,0.8596572875976562
liar2_finance,1,11,emotion_aware,3402,validation_pair_0067,1,1,0.9217700362205505
liar2_finance,1,11,emotion_aware,22094,validation_pair_0016,1,1,0.8023968935012817
liar2_finance,1,11,emotion_aware,6384,validation_pair_0035,0,0,0.02719496563076973
liar2_finance,1,11,emotion_aware,3064,validation_pair_0065,0,0,0.2870481014251709
liar2_finance,1,11,emotion_aware,14219,validation_pair_0035,1,0,0.3234489858150482
liar2_finance,1,11,emotion_aware,3560,validation_pair_0060,1,0,0.051886871457099915
liar2_finance,1,11,emotion_aware,5185,validation_pair_0050,0,0,0.034906066954135895
liar2_finance,1,11,emotion_aware,1418,validation_pair_0013,0,0,0.013897030614316463
liar2_finance,1,11,emotion_aware,5855,validation_pair_0050,1,1,0.9125871658325195
liar2_finance,1,11,emotion_aware,9148,validation_pair_0072,1,1,0.8362742066383362
liar2_finance,1,11,emotion_aware,15783,validation_pair_0108,1,0,0.1369582712650299
liar2_finance,1,11,emotion_aware,15868,validation_pair_0076,0,0,0.08319329470396042
liar2_finance,2,22,text_only,10619,test_pair_0031,1,0,0.18747194111347198
liar2_finance,2,22,text_only,10300,test_pair_0018,0,0,0.38239437341690063
liar2_finance,2,22,text_only,4839,test_pair_0015,0,0,0.0563989095389843
liar2_finance,2,22,text_only,6863,test_pair_0007,1,1,0.8497406244277954
liar2_finance,2,22,text_only,5583,test_pair_0048,0,0,0.13876020908355713
liar2_finance,2,22,text_only,10851,test_pair_0070,1,1,0.9918724894523621
liar2_finance,2,22,text_only,7792,test_pair_0072,1,0,0.1593170315027237
liar2_finance,2,22,text_only,10512,test_pair_0015,1,1,0.9688985347747803
liar2_finance,2,22,text_only,4084,test_pair_0048,1,1,0.866176962852478
liar2_finance,2,22,text_only,6526,test_pair_0072,0,1,0.870840847492218
liar2_finance,2,22,text_only,4670,test_pair_0031,0,1,0.514207661151886
liar2_finance,2,22,text_only,14754,test_pair_0070,0,0,0.10190374404191971
liar2_finance,2,22,text_only,3341,test_pair_0018,1,1,0.942533552646637
liar2_finance,2,22,text_only,7016,test_pair_0083,0,0,0.449710488319397
liar2_finance,2,22,text_only,2036,test_pair_0007,0,0,0.11241763085126877
liar2_finance,2,22,text_only,10038,test_pair_0083,1,1,0.8259409070014954
liar2_finance,2,22,text_only,2642,test_pair_0079,1,1,0.9464470148086548
liar2_finance,2,22,text_only,10021,test_pair_0079,0,0,0.11206011474132538
liar2_finance,2,22,text_only,3159,train_pair_0166,0,0,0.15328845381736755
liar2_finance,2,22,text_only,3930,train_pair_0650,1,0,0.12211617082357407
liar2_finance,2,22,text_only,14253,train_pair_0574,1,1,0.8423063158988953
liar2_finance,2,22,text_only,14864,train_pair_0194,0,1,0.8485006093978882
liar2_finance,2,22,text_only,3652,train_pair_0152,0,1,0.8596644997596741
liar2_finance,2,22,text_only,2697,train_pair_0379,0,0,0.3717425763607025
liar2_finance,2,22,text_only,10045,train_pair_0340,1,1,0.9758498072624207
liar2_finance,2,22,text_only,12268,train_pair_0659,1,0,0.09678547829389572
liar2_finance,2,22,text_only,10473,train_pair_0264,1,1,0.6295660138130188
liar2_finance,2,22,text_only,6501,train_pair_0188,1,0,0.43744751811027527
liar2_finance,2,22,text_only,1313,train_pair_0498,0,0,0.17201368510723114
liar2_finance,2,22,text_only,9365,train_pair_0519,1,1,0.9180956482887268
liar2_finance,2,22,text_only,3024,train_pair_0583,0,1,0.7474375367164612
liar2_finance,2,22,text_only,8447,train_pair_0466,1,1,0.8320876359939575
liar2_finance,2,22,text_only,2437,train_pair_0395,1,1,0.8809099793434143
liar2_finance,2,22,text_only,10694,train_pair_0729,1,1,0.9017992615699768
liar2_finance,2,22,text_only,5933,train_pair_0635,1,1,0.8180276155471802
liar2_finance,2,22,text_only,3517,train_pair_0264,0,1,0.8785147666931152
liar2_finance,2,22,text_only,289,train_pair_0708,1,1,0.8805156350135803
liar2_finance,2,22,text_only,17028,train_pair_0200,1,1,0.814979612827301
liar2_finance,2,22,text_only,14364,train_pair_0275,1,0,0.33821365237236023
liar2_finance,2,22,text_only,13568,train_pair_0727,0,0,0.14018718898296356
liar2_finance,2,22,text_only,578,train_pair_0644,1,1,0.7297941446304321
liar2_finance,2,22,text_only,2871,train_pair_0780,0,1,0.5088666081428528
liar2_finance,2,22,text_only,10365,train_pair_0417,1,1,0.851679801940918
liar2_finance,2,22,text_only,6834,train_pair_0644,0,0,0.10288585722446442
liar2_finance,2,22,text_only,10888,train_pair_0166,1,0,0.08864380419254303
liar2_finance,2,22,text_only,4765,train_pair_0507,0,1,0.7651944756507874
liar2_finance,2,22,text_only,3473,train_pair_0659,0,1,0.5217079520225525
liar2_finance,2,22,text_only,10,train_pair_0046,0,0,0.38259047269821167
liar2_finance,2,22,text_only,7953,train_pair_0162,1,1,0.9146451950073242
liar2_finance,2,22,text_only,4294,train_pair_0563,0,0,0.10956928133964539
liar2_finance,2,22,text_only,17724,train_pair_0635,0,1,0.7877945303916931
liar2_finance,2,22,text_only,8042,train_pair_0791,0,0,0.04811146855354309
liar2_finance,2,22,text_only,3705,train_pair_0451,0,0,0.34864720702171326
liar2_finance,2,22,text_only,3122,train_pair_0451,1,0,0.050715647637844086
liar2_finance,2,22,text_only,3882,train_pair_0131,0,0,0.06784889101982117
liar2_finance,2,22,text_only,7954,train_pair_0438,1,0,0.02833138220012188
liar2_finance,2,22,text_only,6522,train_pair_0286,1,1,0.9529968500137329
liar2_finance,2,22,text_only,10772,train_pair_0123,1,1,0.6068354845046997
liar2_finance,2,22,text_only,15042,train_pair_0577,1,1,0.9745417833328247
liar2_finance,2,22,text_only,6390,train_pair_0546,1,1,0.7528368830680847
liar2_finance,2,22,text_only,11998,train_pair_0631,0,1,0.5064980983734131
liar2_finance,2,22,text_only,21536,train_pair_0086,1,1,0.806386411190033
liar2_finance,2,22,text_only,11132,train_pair_0088,0,0,0.07583452761173248
liar2_finance,2,22,text_only,3792,train_pair_0466,0,0,0.21910221874713898
liar2_finance,2,22,text_only,3138,train_pair_0606,0,0,0.16315677762031555
liar2_finance,2,22,text_only,13285,train_pair_0621,0,1,0.8098339438438416
liar2_finance,2,22,text_only,6356,train_pair_0702,1,1,0.541714072227478
liar2_finance,2,22,text_only,1918,train_pair_0066,1,1,0.5358045101165771
liar2_finance,2,22,text_only,6239,train_pair_0517,0,1,0.9337626695632935
liar2_finance,2,22,text_only,8278,train_pair_0727,1,0,0.4555160403251648
liar2_finance,2,22,text_only,2671,train_pair_0114,1,1,0.7709336876869202
liar2_finance,2,22,text_only,13240,train_pair_0715,1,1,0.7646293044090271
liar2_finance,2,22,text_only,591,train_pair_0583,1,1,0.5811522006988525
liar2_finance,2,22,text_only,7568,train_pair_0519,0,0,0.3154979348182678
liar2_finance,2,22,text_only,3069,train_pair_0484,1,1,0.8457106947898865
liar2_finance,2,22,text_only,750,train_pair_0623,1,0,0.16805177927017212
liar2_finance,2,22,text_only,20677,train_pair_0621,1,1,0.8632482290267944
liar2_finance,2,22,text_only,5945,train_pair_0546,0,0,0.05969445779919624
liar2_finance,2,22,text_only,4669,train_pair_0340,0,0,0.15378858149051666
liar2_finance,2,22,text_only,4284,train_pair_0325,1,1,0.8442409634590149
liar2_finance,2,22,text_only,6732,train_pair_0229,0,0,0.12247683852910995
liar2_finance,2,22,text_only,21626,train_pair_0088,1,0,0.3865928649902344
liar2_finance,2,22,text_only,14234,train_pair_0729,0,1,0.550937831401825
liar2_finance,2,22,text_only,2807,train_pair_0563,1,1,0.7750581502914429
liar2_finance,2,22,text_only,4384,train_pair_0386,0,0,0.06828717887401581
liar2_finance,2,22,text_only,4166,train_pair_0587,0,1,0.6277198195457458
liar2_finance,2,22,text_only,14243,train_pair_0331,1,1,0.6708260774612427
liar2_finance,2,22,text_only,8863,train_pair_0712,1,1,0.95121830701828
liar2_finance,2,22,text_only,673,train_pair_0623,0,1,0.5368456244468689
liar2_finance,2,22,text_only,5089,train_pair_0314,1,0,0.3148689866065979
liar2_finance,2,22,text_only,1327,train_pair_0379,1,1,0.6814358830451965
liar2_finance,2,22,text_only,2377,train_pair_0162,0,0,0.18578757345676422
liar2_finance,2,22,text_only,5290,train_pair_0259,1,1,0.53342604637146
liar2_finance,2,22,text_only,5634,train_pair_0606,1,1,0.9447213411331177
liar2_finance,2,22,text_only,3745,train_pair_0290,1,0,0.41636690497398376
liar2_finance,2,22,text_only,13869,train_pair_0675,1,1,0.9647975564002991
liar2_finance,2,22,text_only,22,train_pair_0066,0,0,0.14062662422657013
liar2_finance,2,22,text_only,9865,train_pair_0286,0,0,0.0624183751642704
liar2_finance,2,22,text_only,6848,train_pair_0188,0,0,0.05166288837790489
liar2_finance,2,22,text_only,5529,train_pair_0715,0,1,0.5311859250068665
liar2_finance,2,22,text_only,8131,train_pair_0086,0,0,0.26375168561935425
liar2_finance,2,22,text_only,15476,train_pair_0325,0,0,0.12906824052333832
liar2_finance,2,22,text_only,6750,train_pair_0131,1,1,0.852745532989502
liar2_finance,2,22,text_only,3693,train_pair_0275,0,0,0.02639627456665039
liar2_finance,2,22,text_only,1178,train_pair_0804,1,0,0.15981851518154144
liar2_finance,2,22,text_only,1242,train_pair_0221,1,1,0.5729787349700928
liar2_finance,2,22,text_only,638,train_pair_0287,0,0,0.19555167853832245
liar2_finance,2,22,text_only,3000,train_pair_0541,1,0,0.12665967643260956
liar2_finance,2,22,text_only,2068,train_pair_0331,0,0,0.14388920366764069
liar2_finance,2,22,text_only,4825,train_pair_0566,0,1,0.7173270583152771
liar2_finance,2,22,text_only,2312,train_pair_0498,1,1,0.7401096820831299
liar2_finance,2,22,text_only,8873,train_pair_0702,0,1,0.5302968621253967
liar2_finance,2,22,text_only,5139,train_pair_0185,1,1,0.649273157119751
liar2_finance,2,22,text_only,3857,train_pair_0114,0,0,0.20491337776184082
liar2_finance,2,22,text_only,3629,train_pair_0290,0,1,0.9759358763694763
liar2_finance,2,22,text_only,13799,train_pair_0013,1,1,0.6307796835899353
liar2_finance,2,22,text_only,2686,train_pair_0073,1,1,0.6117137670516968
liar2_finance,2,22,text_only,16521,train_pair_0601,1,1,0.9523071646690369
liar2_finance,2,22,text_only,7936,train_pair_0152,1,1,0.8680688738822937
liar2_finance,2,22,text_only,4244,train_pair_0313,1,1,0.7896381616592407
liar2_finance,2,22,text_only,920,train_pair_0013,0,0,0.37934598326683044
liar2_finance,2,22,text_only,1375,train_pair_0169,1,0,0.35534292459487915
liar2_finance,2,22,text_only,834,train_pair_0287,1,1,0.8800564408302307
liar2_finance,2,22,text_only,4752,train_pair_0566,1,1,0.9581352472305298
liar2_finance,2,22,text_only,16186,train_pair_0731,1,1,0.6048738956451416
liar2_finance,2,22,text_only,10205,train_pair_0601,0,1,0.8188928961753845
liar2_finance,2,22,text_only,4920,train_pair_0386,1,1,0.9455785155296326
liar2_finance,2,22,text_only,13770,train_pair_0598,1,1,0.7675762176513672
liar2_finance,2,22,text_only,2274,train_pair_0414,1,1,0.5477392673492432
liar2_finance,2,22,text_only,2764,train_pair_0073,0,0,0.11183450371026993
liar2_finance,2,22,text_only,875,train_pair_0731,0,0,0.4034802317619324
liar2_finance,2,22,text_only,8451,train_pair_0179,0,0,0.14900875091552734
liar2_finance,2,22,text_only,1345,train_pair_0484,0,1,0.5023617744445801
liar2_finance,2,22,text_only,3556,train_pair_0712,0,1,0.7466779351234436
liar2_finance,2,22,text_only,863,train_pair_0792,0,1,0.7868195176124573
liar2_finance,2,22,text_only,2078,train_pair_0587,1,1,0.8010464310646057
liar2_finance,2,22,text_only,17302,train_pair_0194,1,1,0.9158279895782471
liar2_finance,2,22,text_only,11937,train_pair_0650,0,1,0.800621509552002
liar2_finance,2,22,text_only,8474,train_pair_0575,0,0,0.06400012969970703
liar2_finance,2,22,text_only,15360,train_pair_0046,1,1,0.9917557239532471
liar2_finance,2,22,text_only,3783,train_pair_0438,0,0,0.490529865026474
liar2_finance,2,22,text_only,7937,train_pair_0517,1,1,0.8034520149230957
liar2_finance,2,22,text_only,10712,train_pair_0294,0,1,0.9443310499191284
liar2_finance,2,22,text_only,9475,train_pair_0109,1,1,0.9406530261039734
liar2_finance,2,22,text_only,11511,train_pair_0229,1,1,0.8440831303596497
liar2_finance,2,22,text_only,3533,train_pair_0562,0,1,0.5240830183029175
liar2_finance,2,22,text_only,19439,train_pair_0179,1,1,0.550369918346405
liar2_finance,2,22,text_only,1263,train_pair_0109,0,0,0.21044132113456726
liar2_finance,2,22,text_only,5861,train_pair_0804,0,0,0.10424096882343292
liar2_finance,2,22,text_only,3399,train_pair_0395,0,0,0.40279293060302734
liar2_finance,2,22,text_only,3940,train_pair_0780,1,1,0.9201964139938354
liar2_finance,2,22,text_only,5033,train_pair_0631,1,1,0.9173445105552673
liar2_finance,2,22,text_only,3831,train_pair_0507,1,0,0.16278044879436493
liar2_finance,2,22,text_only,17497,train_pair_0791,1,1,0.9541504383087158
liar2_finance,2,22,text_only,4034,train_pair_0541,0,1,0.8715983629226685
liar2_finance,2,22,text_only,5474,train_pair_0185,0,1,0.7208004593849182
liar2_finance,2,22,text_only,14328,train_pair_0575,1,0,0.21929912269115448
liar2_finance,2,22,text_only,6329,train_pair_0417,0,0,0.05466938763856888
liar2_finance,2,22,text_only,8971,train_pair_0200,0,1,0.5453385710716248
liar2_finance,2,22,text_only,4682,train_pair_0414,0,0,0.0349070243537426
liar2_finance,2,22,text_only,8338,train_pair_0123,0,0,0.2358914315700531
liar2_finance,2,22,text_only,3119,train_pair_0313,0,1,0.5169767141342163
liar2_finance,2,22,text_only,1088,train_pair_0491,1,1,0.5631208419799805
liar2_finance,2,22,text_only,5029,train_pair_0259,0,0,0.3911251425743103
liar2_finance,2,22,text_only,8549,train_pair_0598,0,1,0.6864466667175293
liar2_finance,2,22,text_only,3262,train_pair_0792,1,1,0.92457115650177
liar2_finance,2,22,text_only,751,train_pair_0708,0,0,0.20041821897029877
liar2_finance,2,22,text_only,7631,train_pair_0294,1,1,0.5777875781059265
liar2_finance,2,22,text_only,3411,train_pair_0314,0,0,0.05187779664993286
liar2_finance,2,22,text_only,2378,train_pair_0562,1,1,0.9165850877761841
liar2_finance,2,22,text_only,411,train_pair_0169,0,0,0.17904987931251526
liar2_finance,2,22,text_only,14016,train_pair_0675,0,0,0.14438855648040771
liar2_finance,2,22,text_only,7942,train_pair_0574,0,0,0.19195769727230072
liar2_finance,2,22,text_only,17574,train_pair_0491,0,0,0.2055988311767578
liar2_finance,2,22,text_only,10178,train_pair_0577,0,0,0.18410317599773407
liar2_finance,2,22,text_only,1982,train_pair_0221,0,0,0.36366233229637146
liar2_finance,2,22,text_only,2625,validation_pair_0097,1,0,0.05141249671578407
liar2_finance,2,22,text_only,8144,validation_pair_0100,0,0,0.09384351223707199
liar2_finance,2,22,text_only,12473,validation_pair_0029,0,0,0.4527493417263031
liar2_finance,2,22,text_only,2158,validation_pair_0016,0,0,0.3214845359325409
liar2_finance,2,22,text_only,4872,validation_pair_0045,0,0,0.28345662355422974
liar2_finance,2,22,text_only,5328,validation_pair_0102,0,0,0.3837338089942932
liar2_finance,2,22,text_only,2506,validation_pair_0038,1,1,0.9703987240791321
liar2_finance,2,22,text_only,7026,validation_pair_0037,0,0,0.2932412624359131
liar2_finance,2,22,text_only,5940,validation_pair_0034,0,1,0.9341446757316589
liar2_finance,2,22,text_only,14692,validation_pair_0034,1,1,0.5111361742019653
liar2_finance,2,22,text_only,3486,validation_pair_0098,1,1,0.7849339246749878
liar2_finance,2,22,text_only,12421,validation_pair_0098,0,1,0.5919628739356995
liar2_finance,2,22,text_only,2820,validation_pair_0097,0,1,0.9241609573364258
liar2_finance,2,22,text_only,12161,validation_pair_0037,1,1,0.9508981108665466
liar2_finance,2,22,text_only,1458,validation_pair_0083,1,1,0.9222577810287476
liar2_finance,2,22,text_only,11620,validation_pair_0083,0,0,0.4587101936340332
liar2_finance,2,22,text_only,5500,validation_pair_0054,1,1,0.8101619482040405
liar2_finance,2,22,text_only,4982,validation_pair_0071,1,0,0.4874548316001892
liar2_finance,2,22,text_only,6428,validation_pair_0029,1,1,0.9324409365653992
liar2_finance,2,22,text_only,1541,validation_pair_0100,1,1,0.9459525346755981
liar2_finance,2,22,text_only,4963,validation_pair_0071,0,0,0.10334256291389465
liar2_finance,2,22,text_only,22094,validation_pair_0016,1,1,0.8531286716461182
liar2_finance,2,22,text_only,5478,validation_pair_0045,1,1,0.6939855217933655
liar2_finance,2,22,text_only,9204,validation_pair_0102,1,0,0.0587158277630806
liar2_finance,2,22,text_only,18084,validation_pair_0063,1,1,0.9305470585823059
liar2_finance,2,22,text_only,15,validation_pair_0063,0,1,0.8737555146217346
liar2_finance,2,22,text_only,8311,validation_pair_0054,0,0,0.19162245094776154
liar2_finance,2,22,text_only,5028,validation_pair_0038,0,0,0.48600462079048157
liar2_finance,2,22,emotion_aware,10619,test_pair_0031,1,0,0.20536518096923828
liar2_finance,2,22,emotion_aware,10300,test_pair_0018,0,1,0.7938132286071777
liar2_finance,2,22,emotion_aware,4839,test_pair_0015,0,0,0.0267486535012722
liar2_finance,2,22,emotion_aware,6863,test_pair_0007,1,1,0.9154205322265625
liar2_finance,2,22,emotion_aware,5583,test_pair_0048,0,0,0.14020560681819916
liar2_finance,2,22,emotion_aware,10851,test_pair_0070,1,1,0.9899070262908936
liar2_finance,2,22,emotion_aware,7792,test_pair_0072,1,0,0.22737623751163483
liar2_finance,2,22,emotion_aware,10512,test_pair_0015,1,1,0.9885718822479248
liar2_finance,2,22,emotion_aware,4084,test_pair_0048,1,1,0.7527480721473694
liar2_finance,2,22,emotion_aware,6526,test_pair_0072,0,1,0.6191011667251587
liar2_finance,2,22,emotion_aware,4670,test_pair_0031,0,1,0.6503476500511169
liar2_finance,2,22,emotion_aware,14754,test_pair_0070,0,0,0.06874775141477585
liar2_finance,2,22,emotion_aware,3341,test_pair_0018,1,1,0.9600729942321777
liar2_finance,2,22,emotion_aware,7016,test_pair_0083,0,0,0.42600277066230774
liar2_finance,2,22,emotion_aware,2036,test_pair_0007,0,0,0.4683397710323334
liar2_finance,2,22,emotion_aware,10038,test_pair_0083,1,1,0.7615979313850403
liar2_finance,2,22,emotion_aware,2642,test_pair_0079,1,1,0.9693337082862854
liar2_finance,2,22,emotion_aware,10021,test_pair_0079,0,0,0.10932911187410355
liar2_finance,2,22,emotion_aware,3159,train_pair_0166,0,0,0.17474253475666046
liar2_finance,2,22,emotion_aware,3930,train_pair_0650,1,0,0.09802588075399399
liar2_finance,2,22,emotion_aware,14253,train_pair_0574,1,1,0.9600245356559753
liar2_finance,2,22,emotion_aware,14864,train_pair_0194,0,1,0.9028671979904175
liar2_finance,2,22,emotion_aware,3652,train_pair_0152,0,1,0.95538729429245
liar2_finance,2,22,emotion_aware,2697,train_pair_0379,0,1,0.573753833770752
liar2_finance,2,22,emotion_aware,10045,train_pair_0340,1,1,0.9813089966773987
liar2_finance,2,22,emotion_aware,12268,train_pair_0659,1,1,0.8757823705673218
liar2_finance,2,22,emotion_aware,10473,train_pair_0264,1,1,0.8905948996543884
liar2_finance,2,22,emotion_aware,6501,train_pair_0188,1,0,0.44833457469940186
liar2_finance,2,22,emotion_aware,1313,train_pair_0498,0,0,0.24595880508422852
liar2_finance,2,22,emotion_aware,9365,train_pair_0519,1,1,0.9433965086936951
liar2_finance,2,22,emotion_aware,3024,train_pair_0583,0,1,0.602169394493103
liar2_finance,2,22,emotion_aware,8447,train_pair_0466,1,1,0.8985874056816101
liar2_finance,2,22,emotion_aware,2437,train_pair_0395,1,1,0.9224254488945007
liar2_finance,2,22,emotion_aware,10694,train_pair_0729,1,1,0.8622809648513794
liar2_finance,2,22,emotion_aware,5933,train_pair_0635,1,1,0.9273242950439453
liar2_finance,2,22,emotion_aware,3517,train_pair_0264,0,1,0.9687285423278809
liar2_finance,2,22,emotion_aware,289,train_pair_0708,1,1,0.8273882865905762
liar2_finance,2,22,emotion_aware,17028,train_pair_0200,1,1,0.70383220911026
liar2_finance,2,22,emotion_aware,14364,train_pair_0275,1,0,0.2874186933040619
liar2_finance,2,22,emotion_aware,13568,train_pair_0727,0,0,0.1855906993150711
liar2_finance,2,22,emotion_aware,578,train_pair_0644,1,1,0.6827929019927979
liar2_finance,2,22,emotion_aware,2871,train_pair_0780,0,0,0.25674837827682495
liar2_finance,2,22,emotion_aware,10365,train_pair_0417,1,1,0.7569110989570618
liar2_finance,2,22,emotion_aware,6834,train_pair_0644,0,0,0.05013494938611984
liar2_finance,2,22,emotion_aware,10888,train_pair_0166,1,0,0.2182883620262146
liar2_finance,2,22,emotion_aware,4765,train_pair_0507,0,1,0.8618073463439941
liar2_finance,2,22,emotion_aware,3473,train_pair_0659,0,0,0.4257153272628784
liar2_finance,2,22,emotion_aware,10,train_pair_0046,0,0,0.16988755762577057
liar2_finance,2,22,emotion_aware,7953,train_pair_0162,1,1,0.9028728604316711
liar2_finance,2,22,emotion_aware,4294,train_pair_0563,0,0,0.3708391487598419
liar2_finance,2,22,emotion_aware,17724,train_pair_0635,0,1,0.8791400194168091
liar2_finance,2,22,emotion_aware,8042,train_pair_0791,0,0,0.05862998217344284
liar2_finance,2,22,emotion_aware,3705,train_pair_0451,0,0,0.23625949025154114
liar2_finance,2,22,emotion_aware,3122,train_pair_0451,1,0,0.11589058488607407
liar2_finance,2,22,emotion_aware,3882,train_pair_0131,0,0,0.07692719995975494
liar2_finance,2,22,emotion_aware,7954,train_pair_0438,1,0,0.031284064054489136
liar2_finance,2,22,emotion_aware,6522,train_pair_0286,1,1,0.9839730262756348
liar2_finance,2,22,emotion_aware,10772,train_pair_0123,1,1,0.8441798686981201
liar2_finance,2,22,emotion_aware,15042,train_pair_0577,1,1,0.9844673871994019
liar2_finance,2,22,emotion_aware,6390,train_pair_0546,1,1,0.8410382270812988
liar2_finance,2,22,emotion_aware,11998,train_pair_0631,0,1,0.8682393431663513
liar2_finance,2,22,emotion_aware,21536,train_pair_0086,1,1,0.9259671568870544
liar2_finance,2,22,emotion_aware,11132,train_pair_0088,0,0,0.0482107475399971
liar2_finance,2,22,emotion_aware,3792,train_pair_0466,0,0,0.14531071484088898
liar2_finance,2,22,emotion_aware,3138,train_pair_0606,0,1,0.8547428846359253
liar2_finance,2,22,emotion_aware,13285,train_pair_0621,0,1,0.8612369298934937
liar2_finance,2,22,emotion_aware,6356,train_pair_0702,1,1,0.6073288321495056
liar2_finance,2,22,emotion_aware,1918,train_pair_0066,1,0,0.2064395695924759
liar2_finance,2,22,emotion_aware,6239,train_pair_0517,0,1,0.9594559669494629
liar2_finance,2,22,emotion_aware,8278,train_pair_0727,1,1,0.7578248381614685
liar2_finance,2,22,emotion_aware,2671,train_pair_0114,1,1,0.9193820357322693
liar2_finance,2,22,emotion_aware,13240,train_pair_0715,1,1,0.830258309841156
liar2_finance,2,22,emotion_aware,591,train_pair_0583,1,1,0.7775101661682129
liar2_finance,2,22,emotion_aware,7568,train_pair_0519,0,0,0.33604851365089417
liar2_finance,2,22,emotion_aware,3069,train_pair_0484,1,1,0.9441958665847778
liar2_finance,2,22,emotion_aware,750,train_pair_0623,1,0,0.38906267285346985
liar2_finance,2,22,emotion_aware,20677,train_pair_0621,1,1,0.8312095999717712
liar2_finance,2,22,emotion_aware,5945,train_pair_0546,0,0,0.057117264717817307
liar2_finance,2,22,emotion_aware,4669,train_pair_0340,0,0,0.19753623008728027
liar2_finance,2,22,emotion_aware,4284,train_pair_0325,1,1,0.8159765601158142
liar2_finance,2,22,emotion_aware,6732,train_pair_0229,0,0,0.08235159516334534
liar2_finance,2,22,emotion_aware,21626,train_pair_0088,1,0,0.4719697833061218
liar2_finance,2,22,emotion_aware,14234,train_pair_0729,0,0,0.42487698793411255
liar2_finance,2,22,emotion_aware,2807,train_pair_0563,1,1,0.5686126947402954
liar2_finance,2,22,emotion_aware,4384,train_pair_0386,0,0,0.13122114539146423
liar2_finance,2,22,emotion_aware,4166,train_pair_0587,0,1,0.6413840651512146
liar2_finance,2,22,emotion_aware,14243,train_pair_0331,1,0,0.4853886067867279
liar2_finance,2,22,emotion_aware,8863,train_pair_0712,1,1,0.9425318837165833
liar2_finance,2,22,emotion_aware,673,train_pair_0623,0,1,0.8241177201271057
liar2_finance,2,22,emotion_aware,5089,train_pair_0314,1,1,0.5189809203147888
liar2_finance,2,22,emotion_aware,1327,train_pair_0379,1,1,0.641880989074707
liar2_finance,2,22,emotion_aware,2377,train_pair_0162,0,0,0.21013525128364563
liar2_finance,2,22,emotion_aware,5290,train_pair_0259,1,1,0.6024261116981506
liar2_finance,2,22,emotion_aware,5634,train_pair_0606,1,1,0.9491639733314514
liar2_finance,2,22,emotion_aware,3745,train_pair_0290,1,0,0.2682504951953888
liar2_finance,2,22,emotion_aware,13869,train_pair_0675,1,1,0.904424786567688
liar2_finance,2,22,emotion_aware,22,train_pair_0066,0,0,0.07908204197883606
liar2_finance,2,22,emotion_aware,9865,train_pair_0286,0,0,0.04902587831020355
liar2_finance,2,22,emotion_aware,6848,train_pair_0188,0,0,0.024938026443123817
liar2_finance,2,22,emotion_aware,5529,train_pair_0715,0,1,0.8386120796203613
liar2_finance,2,22,emotion_aware,8131,train_pair_0086,0,0,0.10643095523118973
liar2_finance,2,22,emotion_aware,15476,train_pair_0325,0,0,0.13762007653713226
liar2_finance,2,22,emotion_aware,6750,train_pair_0131,1,1,0.9277231097221375
liar2_finance,2,22,emotion_aware,3693,train_pair_0275,0,0,0.016586555168032646
liar2_finance,2,22,emotion_aware,1178,train_pair_0804,1,0,0.28572043776512146
liar2_finance,2,22,emotion_aware,1242,train_pair_0221,1,1,0.5443297028541565
liar2_finance,2,22,emotion_aware,638,train_pair_0287,0,1,0.5652970671653748
liar2_finance,2,22,emotion_aware,3000,train_pair_0541,1,0,0.10456063598394394
liar2_finance,2,22,emotion_aware,2068,train_pair_0331,0,0,0.061661332845687866
liar2_finance,2,22,emotion_aware,4825,train_pair_0566,0,0,0.3591340482234955
liar2_finance,2,22,emotion_aware,2312,train_pair_0498,1,1,0.9122779965400696
liar2_finance,2,22,emotion_aware,8873,train_pair_0702,0,1,0.7805202603340149
liar2_finance,2,22,emotion_aware,5139,train_pair_0185,1,1,0.6375341415405273
liar2_finance,2,22,emotion_aware,3857,train_pair_0114,0,0,0.4802885949611664
liar2_finance,2,22,emotion_aware,3629,train_pair_0290,0,1,0.9704717993736267
liar2_finance,2,22,emotion_aware,13799,train_pair_0013,1,1,0.9084280133247375
liar2_finance,2,22,emotion_aware,2686,train_pair_0073,1,1,0.9075213074684143
liar2_finance,2,22,emotion_aware,16521,train_pair_0601,1,1,0.9307109117507935
liar2_finance,2,22,emotion_aware,7936,train_pair_0152,1,1,0.7105417847633362
liar2_finance,2,22,emotion_aware,4244,train_pair_0313,1,1,0.9417917728424072
liar2_finance,2,22,emotion_aware,920,train_pair_0013,0,0,0.4925694763660431
liar2_finance,2,22,emotion_aware,1375,train_pair_0169,1,1,0.7952960133552551
liar2_finance,2,22,emotion_aware,834,train_pair_0287,1,1,0.7140859365463257
liar2_finance,2,22,emotion_aware,4752,train_pair_0566,1,1,0.9521058797836304
liar2_finance,2,22,emotion_aware,16186,train_pair_0731,1,0,0.26756078004837036
liar2_finance,2,22,emotion_aware,10205,train_pair_0601,0,1,0.9624243378639221
liar2_finance,2,22,emotion_aware,4920,train_pair_0386,1,1,0.9675295352935791
liar2_finance,2,22,emotion_aware,13770,train_pair_0598,1,1,0.8734963536262512
liar2_finance,2,22,emotion_aware,2274,train_pair_0414,1,1,0.7849542498588562
liar2_finance,2,22,emotion_aware,2764,train_pair_0073,0,0,0.09026442468166351
liar2_finance,2,22,emotion_aware,875,train_pair_0731,0,0,0.3078559637069702
liar2_finance,2,22,emotion_aware,8451,train_pair_0179,0,0,0.08727455139160156
liar2_finance,2,22,emotion_aware,1345,train_pair_0484,0,1,0.7038002610206604
liar2_finance,2,22,emotion_aware,3556,train_pair_0712,0,1,0.9131526947021484
liar2_finance,2,22,emotion_aware,863,train_pair_0792,0,1,0.5586563348770142
liar2_finance,2,22,emotion_aware,2078,train_pair_0587,1,1,0.8487928509712219
liar2_finance,2,22,emotion_aware,17302,train_pair_0194,1,1,0.9187973737716675
liar2_finance,2,22,emotion_aware,11937,train_pair_0650,0,1,0.956749677658081
liar2_finance,2,22,emotion_aware,8474,train_pair_0575,0,0,0.048549823462963104
liar2_finance,2,22,emotion_aware,15360,train_pair_0046,1,1,0.9783993363380432
liar2_finance,2,22,emotion_aware,3783,train_pair_0438,0,1,0.8397244811058044
liar2_finance,2,22,emotion_aware,7937,train_pair_0517,1,1,0.7984049916267395
liar2_finance,2,22,emotion_aware,10712,train_pair_0294,0,1,0.9591553807258606
liar2_finance,2,22,emotion_aware,9475,train_pair_0109,1,1,0.9735748171806335
liar2_finance,2,22,emotion_aware,11511,train_pair_0229,1,1,0.851896345615387
liar2_finance,2,22,emotion_aware,3533,train_pair_0562,0,0,0.3862264156341553
liar2_finance,2,22,emotion_aware,19439,train_pair_0179,1,1,0.5122775435447693
liar2_finance,2,22,emotion_aware,1263,train_pair_0109,0,1,0.6841949224472046
liar2_finance,2,22,emotion_aware,5861,train_pair_0804,0,0,0.17457608878612518
liar2_finance,2,22,emotion_aware,3399,train_pair_0395,0,0,0.4468713402748108
liar2_finance,2,22,emotion_aware,3940,train_pair_0780,1,1,0.9460925459861755
liar2_finance,2,22,emotion_aware,5033,train_pair_0631,1,1,0.7769275307655334
liar2_finance,2,22,emotion_aware,3831,train_pair_0507,1,0,0.10836926102638245
liar2_finance,2,22,emotion_aware,17497,train_pair_0791,1,1,0.9668324589729309
liar2_finance,2,22,emotion_aware,4034,train_pair_0541,0,1,0.8983772397041321
liar2_finance,2,22,emotion_aware,5474,train_pair_0185,0,0,0.44400104880332947
liar2_finance,2,22,emotion_aware,14328,train_pair_0575,1,0,0.09726796299219131
liar2_finance,2,22,emotion_aware,6329,train_pair_0417,0,0,0.04642311856150627
liar2_finance,2,22,emotion_aware,8971,train_pair_0200,0,1,0.8177687525749207
liar2_finance,2,22,emotion_aware,4682,train_pair_0414,0,0,0.029264790937304497
liar2_finance,2,22,emotion_aware,8338,train_pair_0123,0,0,0.2505738139152527
liar2_finance,2,22,emotion_aware,3119,train_pair_0313,0,1,0.7893206477165222
liar2_finance,2,22,emotion_aware,1088,train_pair_0491,1,0,0.25562819838523865
liar2_finance,2,22,emotion_aware,5029,train_pair_0259,0,0,0.35968512296676636
liar2_finance,2,22,emotion_aware,8549,train_pair_0598,0,1,0.695271909236908
liar2_finance,2,22,emotion_aware,3262,train_pair_0792,1,1,0.8940315842628479
liar2_finance,2,22,emotion_aware,751,train_pair_0708,0,1,0.5638225674629211
liar2_finance,2,22,emotion_aware,7631,train_pair_0294,1,1,0.7827713489532471
liar2_finance,2,22,emotion_aware,3411,train_pair_0314,0,0,0.056459687650203705
liar2_finance,2,22,emotion_aware,2378,train_pair_0562,1,1,0.9171923995018005
liar2_finance,2,22,emotion_aware,411,train_pair_0169,0,0,0.3088269829750061
liar2_finance,2,22,emotion_aware,14016,train_pair_0675,0,0,0.2488027662038803
liar2_finance,2,22,emotion_aware,7942,train_pair_0574,0,0,0.09617267549037933
liar2_finance,2,22,emotion_aware,17574,train_pair_0491,0,0,0.26584815979003906
liar2_finance,2,22,emotion_aware,10178,train_pair_0577,0,0,0.06706968694925308
liar2_finance,2,22,emotion_aware,1982,train_pair_0221,0,0,0.4177492558956146
liar2_finance,2,22,emotion_aware,2625,validation_pair_0097,1,0,0.03831993043422699
liar2_finance,2,22,emotion_aware,8144,validation_pair_0100,0,0,0.12449494004249573
liar2_finance,2,22,emotion_aware,12473,validation_pair_0029,0,0,0.3984036445617676
liar2_finance,2,22,emotion_aware,2158,validation_pair_0016,0,0,0.0841929093003273
liar2_finance,2,22,emotion_aware,4872,validation_pair_0045,0,0,0.15043073892593384
liar2_finance,2,22,emotion_aware,5328,validation_pair_0102,0,0,0.11699645966291428
liar2_finance,2,22,emotion_aware,2506,validation_pair_0038,1,1,0.9666092395782471
liar2_finance,2,22,emotion_aware,7026,validation_pair_0037,0,0,0.39420628547668457
liar2_finance,2,22,emotion_aware,5940,validation_pair_0034,0,1,0.8941751718521118
liar2_finance,2,22,emotion_aware,14692,validation_pair_0034,1,1,0.7896730899810791
liar2_finance,2,22,emotion_aware,3486,validation_pair_0098,1,1,0.7453250885009766
liar2_finance,2,22,emotion_aware,12421,validation_pair_0098,0,1,0.7609567046165466
liar2_finance,2,22,emotion_aware,2820,validation_pair_0097,0,1,0.9214596152305603
liar2_finance,2,22,emotion_aware,12161,validation_pair_0037,1,1,0.9750224947929382
liar2_finance,2,22,emotion_aware,1458,validation_pair_0083,1,1,0.9321321845054626
liar2_finance,2,22,emotion_aware,11620,validation_pair_0083,0,1,0.6816572546958923
liar2_finance,2,22,emotion_aware,5500,validation_pair_0054,1,1,0.9159916043281555
liar2_finance,2,22,emotion_aware,4982,validation_pair_0071,1,0,0.3994241952896118
liar2_finance,2,22,emotion_aware,6428,validation_pair_0029,1,1,0.8884546756744385
liar2_finance,2,22,emotion_aware,1541,validation_pair_0100,1,1,0.8375242948532104
liar2_finance,2,22,emotion_aware,4963,validation_pair_0071,0,0,0.11757680773735046
liar2_finance,2,22,emotion_aware,22094,validation_pair_0016,1,1,0.7657262682914734
liar2_finance,2,22,emotion_aware,5478,validation_pair_0045,1,1,0.5508651733398438
liar2_finance,2,22,emotion_aware,9204,validation_pair_0102,1,0,0.04937869310379028
liar2_finance,2,22,emotion_aware,18084,validation_pair_0063,1,1,0.9298269748687744
liar2_finance,2,22,emotion_aware,15,validation_pair_0063,0,1,0.8926360607147217
liar2_finance,2,22,emotion_aware,8311,validation_pair_0054,0,0,0.13937883079051971
liar2_finance,2,22,emotion_aware,5028,validation_pair_0038,0,1,0.9115541577339172
liar2_finance,3,33,text_only,1346,test_pair_0034,0,1,0.9589234590530396
liar2_finance,3,33,text_only,3899,test_pair_0034,1,1,0.8525025248527527
liar2_finance,3,33,text_only,2528,test_pair_0069,1,1,0.891858696937561
liar2_finance,3,33,text_only,532,test_pair_0090,1,1,0.9949064254760742
liar2_finance,3,33,text_only,6863,test_pair_0007,1,1,0.9720517992973328
liar2_finance,3,33,text_only,12039,test_pair_0021,0,0,0.012460250407457352
liar2_finance,3,33,text_only,2717,test_pair_0017,1,1,0.8454747200012207
liar2_finance,3,33,text_only,10851,test_pair_0070,1,1,0.9979727864265442
liar2_finance,3,33,text_only,2441,test_pair_0076,1,1,0.9937703013420105
liar2_finance,3,33,text_only,10961,test_pair_0069,0,0,0.391547828912735
liar2_finance,3,33,text_only,6682,test_pair_0068,0,1,0.976381242275238
liar2_finance,3,33,text_only,8703,test_pair_0021,1,1,0.9802723526954651
liar2_finance,3,33,text_only,22229,test_pair_0017,0,1,0.9716705679893494
liar2_finance,3,33,text_only,5865,test_pair_0093,0,0,0.14592692255973816
liar2_finance,3,33,text_only,14754,test_pair_0070,0,0,0.023756524547934532
liar2_finance,3,33,text_only,2036,test_pair_0007,0,1,0.7575580477714539
liar2_finance,3,33,text_only,10681,test_pair_0066,0,1,0.990965723991394
liar2_finance,3,33,text_only,15079,test_pair_0068,1,1,0.9939770698547363
liar2_finance,3,33,text_only,7666,test_pair_0093,1,1,0.6964320540428162
liar2_finance,3,33,text_only,5989,test_pair_0011,0,0,0.10320430248975754
liar2_finance,3,33,text_only,18486,test_pair_0066,1,1,0.9516800045967102
liar2_finance,3,33,text_only,10487,test_pair_0076,0,0,0.03429929167032242
liar2_finance,3,33,text_only,16893,test_pair_0011,1,0,0.20727136731147766
liar2_finance,3,33,text_only,171,test_pair_0090,0,1,0.5795907378196716
liar2_finance,3,33,text_only,5983,train_pair_0672,1,1,0.9882619976997375
liar2_finance,3,33,text_only,9758,train_pair_0672,0,1,0.935343861579895
liar2_finance,3,33,text_only,1736,train_pair_0277,1,1,0.9841704368591309
liar2_finance,3,33,text_only,14864,train_pair_0194,0,1,0.9770609736442566
liar2_finance,3,33,text_only,5709,train_pair_0214,0,1,0.9674473404884338
liar2_finance,3,33,text_only,2643,train_pair_0344,1,0,0.09132509678602219
liar2_finance,3,33,text_only,18324,train_pair_0555,1,1,0.9370687007904053
liar2_finance,3,33,text_only,3121,train_pair_0771,1,1,0.9926689863204956
liar2_finance,3,33,text_only,21569,train_pair_0197,1,1,0.9767575860023499
liar2_finance,3,33,text_only,7846,train_pair_0673,1,1,0.8849358558654785
liar2_finance,3,33,text_only,6501,train_pair_0188,1,0,0.42290446162223816
liar2_finance,3,33,text_only,17495,train_pair_0306,1,1,0.5801858901977539
liar2_finance,3,33,text_only,7096,train_pair_0481,1,0,0.3756415545940399
liar2_finance,3,33,text_only,3462,train_pair_0289,1,0,0.20722804963588715
liar2_finance,3,33,text_only,827,train_pair_0483,0,1,0.9326506853103638
liar2_finance,3,33,text_only,4205,train_pair_0771,0,0,0.16514544188976288
liar2_finance,3,33,text_only,8741,train_pair_0207,0,0,0.0081484979018569
liar2_finance,3,33,text_only,10214,train_pair_0106,1,1,0.9435083270072937
liar2_finance,3,33,text_only,11051,train_pair_0725,0,0,0.030241604894399643
liar2_finance,3,33,text_only,2522,train_pair_0138,0,1,0.8607267141342163
liar2_finance,3,33,text_only,13834,train_pair_0573,1,1,0.9761897325515747
liar2_finance,3,33,text_only,4909,train_pair_0347,1,1,0.6792475581169128
liar2_finance,3,33,text_only,6784,train_pair_0725,1,0,0.01998327299952507
liar2_finance,3,33,text_only,1843,train_pair_0733,0,1,0.9103198051452637
liar2_finance,3,33,text_only,114,train_pair_0813,0,1,0.97443026304245
liar2_finance,3,33,text_only,21825,train_pair_0802,1,1,0.8980730772018433
liar2_finance,3,33,text_only,5930,train_pair_0292,0,0,0.03315721079707146
liar2_finance,3,33,text_only,7697,train_pair_0211,1,0,0.06768377125263214
liar2_finance,3,33,text_only,2348,train_pair_0627,1,1,0.6496203541755676
liar2_finance,3,33,text_only,13030,train_pair_0026,0,0,0.4856359362602234
liar2_finance,3,33,text_only,7176,train_pair_0765,0,1,0.542033314704895
liar2_finance,3,33,text_only,695,train_pair_0556,0,0,0.012363055720925331
liar2_finance,3,33,text_only,10069,train_pair_0071,0,0,0.05197737738490105
liar2_finance,3,33,text_only,5192,train_pair_0488,1,0,0.011068577878177166
liar2_finance,3,33,text_only,8775,train_pair_0596,1,0,0.06189876049757004
liar2_finance,3,33,text_only,4495,train_pair_0306,0,0,0.3221626281738281
liar2_finance,3,33,text_only,4605,train_pair_0372,0,0,0.010995659977197647
liar2_finance,3,33,text_only,10227,train_pair_0092,1,0,0.01723889820277691
liar2_finance,3,33,text_only,5765,train_pair_0094,0,0,0.008443845435976982
liar2_finance,3,33,text_only,13996,train_pair_0676,1,1,0.9879295825958252
liar2_finance,3,33,text_only,1227,train_pair_0483,1,0,0.23262840509414673
liar2_finance,3,33,text_only,6748,train_pair_0762,1,0,0.1796518713235855
liar2_finance,3,33,text_only,2369,train_pair_0561,1,1,0.8272975087165833
liar2_finance,3,33,text_only,10912,train_pair_0530,1,0,0.016041439026594162
liar2_finance,3,33,text_only,2565,train_pair_0802,0,1,0.9852851033210754
liar2_finance,3,33,text_only,1114,train_pair_0603,0,1,0.9863114953041077
liar2_finance,3,33,text_only,4540,train_pair_0138,1,0,0.018545903265476227
liar2_finance,3,33,text_only,1918,train_pair_0066,1,0,0.2575230598449707
liar2_finance,3,33,text_only,2026,train_pair_0214,1,0,0.14009523391723633
liar2_finance,3,33,text_only,16042,train_pair_0718,1,0,0.006653908174484968
liar2_finance,3,33,text_only,15259,train_pair_0741,1,1,0.9870239496231079
liar2_finance,3,33,text_only,4960,train_pair_0292,1,1,0.9449906349182129
liar2_finance,3,33,text_only,5350,train_pair_0627,0,0,0.03013019822537899
liar2_finance,3,33,text_only,6315,train_pair_0456,1,1,0.9357597231864929
liar2_finance,3,33,text_only,2543,train_pair_0470,1,1,0.6311178207397461
liar2_finance,3,33,text_only,2747,train_pair_0470,0,1,0.9830809235572815
liar2_finance,3,33,text_only,5914,train_pair_0569,0,0,0.3722146451473236
liar2_finance,3,33,text_only,22160,train_pair_0060,1,1,0.9159848093986511
liar2_finance,3,33,text_only,2672,train_pair_0165,0,0,0.2070242166519165
liar2_finance,3,33,text_only,5621,train_pair_0488,0,1,0.8769867420196533
liar2_finance,3,33,text_only,239,train_pair_0779,0,0,0.08097085356712341
liar2_finance,3,33,text_only,5204,train_pair_0347,0,0,0.4460451304912567
liar2_finance,3,33,text_only,4144,train_pair_0603,1,0,0.2368892878293991
liar2_finance,3,33,text_only,16073,train_pair_0741,0,0,0.023642484098672867
liar2_finance,3,33,text_only,5444,train_pair_0745,0,0,0.13545113801956177
liar2_finance,3,33,text_only,10253,train_pair_0042,0,1,0.582506537437439
liar2_finance,3,33,text_only,3836,train_pair_0762,0,0,0.002777636982500553
liar2_finance,3,33,text_only,1125,train_pair_0732,0,0,0.2777276933193207
liar2_finance,3,33,text_only,2627,train_pair_0053,0,0,0.04888703301548958
liar2_finance,3,33,text_only,6763,train_pair_0071,1,0,0.008691838942468166
liar2_finance,3,33,text_only,7869,train_pair_0393,0,1,0.9079604744911194
liar2_finance,3,33,text_only,5089,train_pair_0314,1,0,0.07345525175333023
liar2_finance,3,33,text_only,2853,train_pair_0561,0,0,0.08810777217149734
liar2_finance,3,33,text_only,5509,train_pair_0372,1,0,0.04740108177065849
liar2_finance,3,33,text_only,1579,train_pair_0318,1,1,0.9041085839271545
liar2_finance,3,33,text_only,17171,train_pair_0049,1,1,0.97480708360672
liar2_finance,3,33,text_only,19252,train_pair_0196,1,0,0.1859908550977707
liar2_finance,3,33,text_only,4261,train_pair_0799,1,1,0.5273218750953674
liar2_finance,3,33,text_only,18732,train_pair_0655,0,1,0.994830310344696
liar2_finance,3,33,text_only,9637,train_pair_0211,0,1,0.7415540814399719
liar2_finance,3,33,text_only,8057,train_pair_0375,1,0,0.03411781042814255
liar2_finance,3,33,text_only,22,train_pair_0066,0,0,0.010739689692854881
liar2_finance,3,33,text_only,12464,train_pair_0765,1,1,0.9581576585769653
liar2_finance,3,33,text_only,1747,train_pair_0745,1,1,0.9938779473304749
liar2_finance,3,33,text_only,16854,train_pair_0230,1,0,0.09724526852369308
liar2_finance,3,33,text_only,6848,train_pair_0188,0,0,0.0017167329788208008
liar2_finance,3,33,text_only,276,train_pair_0521,0,0,0.03039718046784401
liar2_finance,3,33,text_only,9958,train_pair_0165,1,0,0.023709064349532127
liar2_finance,3,33,text_only,18648,train_pair_0403,1,1,0.9769136309623718
liar2_finance,3,33,text_only,18743,train_pair_0113,1,1,0.8754910826683044
liar2_finance,3,33,text_only,20222,train_pair_0196,0,0,0.03252695873379707
liar2_finance,3,33,text_only,8258,train_pair_0303,0,1,0.7014314532279968
liar2_finance,3,33,text_only,12179,train_pair_0323,0,0,0.31964462995529175
liar2_finance,3,33,text_only,9056,train_pair_0530,0,0,0.00868098996579647
liar2_finance,3,33,text_only,3181,train_pair_0223,0,0,0.4640291929244995
liar2_finance,3,33,text_only,5685,train_pair_0277,0,1,0.6449174284934998
liar2_finance,3,33,text_only,5139,train_pair_0185,1,1,0.7393558025360107
liar2_finance,3,33,text_only,3485,train_pair_0197,0,1,0.7074977159500122
liar2_finance,3,33,text_only,21293,train_pair_0106,0,0,0.037240732461214066
liar2_finance,3,33,text_only,15890,train_pair_0718,0,0,0.27151408791542053
liar2_finance,3,33,text_only,14561,train_pair_0676,0,0,0.20679059624671936
liar2_finance,3,33,text_only,7606,train_pair_0477,1,1,0.7591132521629333
liar2_finance,3,33,text_only,9450,train_pair_0489,1,0,0.10502967238426208
liar2_finance,3,33,text_only,931,train_pair_0733,1,0,0.03165963664650917
liar2_finance,3,33,text_only,3677,train_pair_0323,1,1,0.5990118980407715
liar2_finance,3,33,text_only,403,train_pair_0521,1,0,0.4552711546421051
liar2_finance,3,33,text_only,15586,train_pair_0027,1,1,0.8871971368789673
liar2_finance,3,33,text_only,2633,train_pair_0092,0,0,0.010679751634597778
liar2_finance,3,33,text_only,2809,train_pair_0049,0,0,0.1712903082370758
liar2_finance,3,33,text_only,7482,train_pair_0403,0,0,0.02247324027121067
liar2_finance,3,33,text_only,3173,train_pair_0289,0,0,0.2285173088312149
liar2_finance,3,33,text_only,18435,train_pair_0556,1,0,0.02671181410551071
liar2_finance,3,33,text_only,2004,train_pair_0001,1,1,0.9898322820663452
liar2_finance,3,33,text_only,6245,train_pair_0042,1,1,0.9626563787460327
liar2_finance,3,33,text_only,2311,train_pair_0813,1,1,0.9535291790962219
liar2_finance,3,33,text_only,12879,train_pair_0053,1,1,0.9910023808479309
liar2_finance,3,33,text_only,7403,train_pair_0573,0,0,0.11090073734521866
liar2_finance,3,33,text_only,17302,train_pair_0194,1,1,0.8968987464904785
liar2_finance,3,33,text_only,6287,train_pair_0228,0,1,0.6873261332511902
liar2_finance,3,33,text_only,13117,train_pair_0477,0,0,0.03047197312116623
liar2_finance,3,33,text_only,10293,train_pair_0228,1,0,0.048456158488988876
liar2_finance,3,33,text_only,3728,train_pair_0223,1,0,0.019722821190953255
liar2_finance,3,33,text_only,13800,train_pair_0673,0,0,0.0314921997487545
liar2_finance,3,33,text_only,3316,train_pair_0489,0,0,0.15070928633213043
liar2_finance,3,33,text_only,5714,train_pair_0207,1,0,0.47047269344329834
liar2_finance,3,33,text_only,6278,train_pair_0303,1,1,0.988854169845581
liar2_finance,3,33,text_only,6632,train_pair_0596,0,0,0.004359222482889891
liar2_finance,3,33,text_only,6902,train_pair_0456,0,0,0.11584185808897018
liar2_finance,3,33,text_only,7238,train_pair_0655,1,0,0.08155186474323273
liar2_finance,3,33,text_only,376,train_pair_0555,0,1,0.9895275235176086
liar2_finance,3,33,text_only,1507,train_pair_0060,0,1,0.9150634407997131
liar2_finance,3,33,text_only,8050,train_pair_0318,0,0,0.04350392147898674
liar2_finance,3,33,text_only,5474,train_pair_0185,0,1,0.8097258806228638
liar2_finance,3,33,text_only,2424,train_pair_0799,0,0,0.4796184003353119
liar2_finance,3,33,text_only,11329,train_pair_0026,1,0,0.025801125913858414
liar2_finance,3,33,text_only,22951,train_pair_0393,1,0,0.48660242557525635
liar2_finance,3,33,text_only,11296,train_pair_0481,0,1,0.6688075065612793
liar2_finance,3,33,text_only,5464,train_pair_0350,0,0,0.3334985077381134
liar2_finance,3,33,text_only,2763,train_pair_0775,0,0,0.2711533308029175
liar2_finance,3,33,text_only,16824,train_pair_0113,0,0,0.11350921541452408
liar2_finance,3,33,text_only,8917,train_pair_0375,0,0,0.015435894019901752
liar2_finance,3,33,text_only,7603,train_pair_0230,0,0,0.005595609545707703
liar2_finance,3,33,text_only,2899,train_pair_0344,0,1,0.6483054161071777
liar2_finance,3,33,text_only,8546,train_pair_0775,1,1,0.9807429313659668
liar2_finance,3,33,text_only,3513,train_pair_0779,1,1,0.907768726348877
liar2_finance,3,33,text_only,3411,train_pair_0314,0,0,0.024432197213172913
liar2_finance,3,33,text_only,11496,train_pair_0027,0,1,0.9798651337623596
liar2_finance,3,33,text_only,2614,train_pair_0720,1,0,0.01849549263715744
liar2_finance,3,33,text_only,20091,train_pair_0094,1,1,0.9956018924713135
liar2_finance,3,33,text_only,16900,train_pair_0732,1,1,0.9493721723556519
liar2_finance,3,33,text_only,3042,train_pair_0720,0,0,0.008762973360717297
liar2_finance,3,33,text_only,2626,train_pair_0001,0,0,0.13287128508090973
liar2_finance,3,33,text_only,7106,train_pair_0350,1,0,0.023173367604613304
liar2_finance,3,33,text_only,6937,train_pair_0569,1,1,0.7881981134414673
liar2_finance,3,33,text_only,9556,validation_pair_0069,0,1,0.8579311370849609
liar2_finance,3,33,text_only,23327,validation_pair_0005,1,1,0.9947941899299622
liar2_finance,3,33,text_only,10065,validation_pair_0067,0,1,0.754687488079071
liar2_finance,3,33,text_only,6238,validation_pair_0072,0,0,0.028110278770327568
liar2_finance,3,33,text_only,16833,validation_pair_0010,1,0,0.01940176635980606
liar2_finance,3,33,text_only,2640,validation_pair_0027,0,0,0.10419954359531403
liar2_finance,3,33,text_only,2316,validation_pair_0107,1,1,0.9779784083366394
liar2_finance,3,33,text_only,4117,validation_pair_0069,1,1,0.9895415306091309
liar2_finance,3,33,text_only,504,validation_pair_0017,0,1,0.8788716793060303
liar2_finance,3,33,text_only,15896,validation_pair_0062,0,0,0.052927084267139435
liar2_finance,3,33,text_only,8126,validation_pair_0089,0,0,0.40217840671539307
liar2_finance,3,33,text_only,13502,validation_pair_0085,1,1,0.9231640696525574
liar2_finance,3,33,text_only,4411,validation_pair_0057,0,1,0.9142508506774902
liar2_finance,3,33,text_only,4781,validation_pair_0027,1,1,0.5245260000228882
liar2_finance,3,33,text_only,1115,validation_pair_0017,1,1,0.8752615451812744
liar2_finance,3,33,text_only,3627,validation_pair_0107,0,0,0.22283440828323364
liar2_finance,3,33,text_only,12423,validation_pair_0057,1,1,0.8630504012107849
liar2_finance,3,33,text_only,3402,validation_pair_0067,1,1,0.5684216618537903
liar2_finance,3,33,text_only,2394,validation_pair_0005,0,1,0.9373770952224731
liar2_finance,3,33,text_only,14495,validation_pair_0062,1,1,0.9821443557739258
liar2_finance,3,33,text_only,9148,validation_pair_0072,1,0,0.25075608491897583
liar2_finance,3,33,text_only,235,validation_pair_0020,0,0,0.4344789683818817
liar2_finance,3,33,text_only,8494,validation_pair_0085,0,0,0.00564778596162796
liar2_finance,3,33,text_only,4043,validation_pair_0020,1,1,0.9310567378997803
liar2_finance,3,33,text_only,4931,validation_pair_0089,1,0,0.012593128718435764
liar2_finance,3,33,text_only,11424,validation_pair_0010,0,0,0.016743624582886696
liar2_finance,3,33,emotion_aware,1346,test_pair_0034,0,1,0.7601678967475891
liar2_finance,3,33,emotion_aware,3899,test_pair_0034,1,1,0.9293650388717651
liar2_finance,3,33,emotion_aware,2528,test_pair_0069,1,1,0.9380772709846497
liar2_finance,3,33,emotion_aware,532,test_pair_0090,1,1,0.9949114918708801
liar2_finance,3,33,emotion_aware,6863,test_pair_0007,1,1,0.9951425790786743
liar2_finance,3,33,emotion_aware,12039,test_pair_0021,0,0,0.039566535502672195
liar2_finance,3,33,emotion_aware,2717,test_pair_0017,1,1,0.9424536228179932
liar2_finance,3,33,emotion_aware,10851,test_pair_0070,1,1,0.9982902407646179
liar2_finance,3,33,emotion_aware,2441,test_pair_0076,1,1,0.9957654476165771
liar2_finance,3,33,emotion_aware,10961,test_pair_0069,0,0,0.4674343168735504
liar2_finance,3,33,emotion_aware,6682,test_pair_0068,0,1,0.9811619520187378
liar2_finance,3,33,emotion_aware,8703,test_pair_0021,1,1,0.9630373120307922
liar2_finance,3,33,emotion_aware,22229,test_pair_0017,0,1,0.9934646487236023
liar2_finance,3,33,emotion_aware,5865,test_pair_0093,0,0,0.12097911536693573
liar2_finance,3,33,emotion_aware,14754,test_pair_0070,0,0,0.016027182340621948
liar2_finance,3,33,emotion_aware,2036,test_pair_0007,0,0,0.19988808035850525
liar2_finance,3,33,emotion_aware,10681,test_pair_0066,0,1,0.8247800469398499
liar2_finance,3,33,emotion_aware,15079,test_pair_0068,1,1,0.9942505359649658
liar2_finance,3,33,emotion_aware,7666,test_pair_0093,1,0,0.4874880909919739
liar2_finance,3,33,emotion_aware,5989,test_pair_0011,0,0,0.37721389532089233
liar2_finance,3,33,emotion_aware,18486,test_pair_0066,1,1,0.8926520347595215
liar2_finance,3,33,emotion_aware,10487,test_pair_0076,0,0,0.16667914390563965
liar2_finance,3,33,emotion_aware,16893,test_pair_0011,1,1,0.7066561579704285
liar2_finance,3,33,emotion_aware,171,test_pair_0090,0,0,0.20384854078292847
liar2_finance,3,33,emotion_aware,5983,train_pair_0672,1,1,0.9968976974487305
liar2_finance,3,33,emotion_aware,9758,train_pair_0672,0,1,0.9921138286590576
liar2_finance,3,33,emotion_aware,1736,train_pair_0277,1,1,0.9902730584144592
liar2_finance,3,33,emotion_aware,14864,train_pair_0194,0,1,0.9821189641952515
liar2_finance,3,33,emotion_aware,5709,train_pair_0214,0,0,0.4300353527069092
liar2_finance,3,33,emotion_aware,2643,train_pair_0344,1,0,0.05135730281472206
liar2_finance,3,33,emotion_aware,18324,train_pair_0555,1,1,0.9809184670448303
liar2_finance,3,33,emotion_aware,3121,train_pair_0771,1,1,0.989696741104126
liar2_finance,3,33,emotion_aware,21569,train_pair_0197,1,1,0.9896312355995178
liar2_finance,3,33,emotion_aware,7846,train_pair_0673,1,1,0.9683069586753845
liar2_finance,3,33,emotion_aware,6501,train_pair_0188,1,1,0.6913827657699585
liar2_finance,3,33,emotion_aware,17495,train_pair_0306,1,0,0.46651726961135864
liar2_finance,3,33,emotion_aware,7096,train_pair_0481,1,1,0.5636354088783264
liar2_finance,3,33,emotion_aware,3462,train_pair_0289,1,0,0.12950360774993896
liar2_finance,3,33,emotion_aware,827,train_pair_0483,0,1,0.7457431554794312
liar2_finance,3,33,emotion_aware,4205,train_pair_0771,0,1,0.7314950227737427
liar2_finance,3,33,emotion_aware,8741,train_pair_0207,0,0,0.02028689533472061
liar2_finance,3,33,emotion_aware,10214,train_pair_0106,1,0,0.2878654897212982
liar2_finance,3,33,emotion_aware,11051,train_pair_0725,0,0,0.1252831071615219
liar2_finance,3,33,emotion_aware,2522,train_pair_0138,0,1,0.8524956107139587
liar2_finance,3,33,emotion_aware,13834,train_pair_0573,1,1,0.9688271284103394
liar2_finance,3,33,emotion_aware,4909,train_pair_0347,1,0,0.3021356761455536
liar2_finance,3,33,emotion_aware,6784,train_pair_0725,1,0,0.01604330725967884
liar2_finance,3,33,emotion_aware,1843,train_pair_0733,0,1,0.9157540798187256
liar2_finance,3,33,emotion_aware,114,train_pair_0813,0,1,0.9783676266670227
liar2_finance,3,33,emotion_aware,21825,train_pair_0802,1,1,0.6713690161705017
liar2_finance,3,33,emotion_aware,5930,train_pair_0292,0,0,0.012232467532157898
liar2_finance,3,33,emotion_aware,7697,train_pair_0211,1,0,0.31730443239212036
liar2_finance,3,33,emotion_aware,2348,train_pair_0627,1,1,0.5781488418579102
liar2_finance,3,33,emotion_aware,13030,train_pair_0026,0,1,0.7941181659698486
liar2_finance,3,33,emotion_aware,7176,train_pair_0765,0,1,0.5251843333244324
liar2_finance,3,33,emotion_aware,695,train_pair_0556,0,0,0.01975642703473568
liar2_finance,3,33,emotion_aware,10069,train_pair_0071,0,0,0.013661717064678669
liar2_finance,3,33,emotion_aware,5192,train_pair_0488,1,0,0.008828648366034031
liar2_finance,3,33,emotion_aware,8775,train_pair_0596,1,0,0.0657290369272232
liar2_finance,3,33,emotion_aware,4495,train_pair_0306,0,1,0.5554746389389038
liar2_finance,3,33,emotion_aware,4605,train_pair_0372,0,0,0.004614242818206549
liar2_finance,3,33,emotion_aware,10227,train_pair_0092,1,0,0.0475628487765789
liar2_finance,3,33,emotion_aware,5765,train_pair_0094,0,0,0.008280576206743717
liar2_finance,3,33,emotion_aware,13996,train_pair_0676,1,1,0.9766374826431274
liar2_finance,3,33,emotion_aware,1227,train_pair_0483,1,0,0.475898414850235
liar2_finance,3,33,emotion_aware,6748,train_pair_0762,1,1,0.7435142397880554
liar2_finance,3,33,emotion_aware,2369,train_pair_0561,1,1,0.8941819667816162
liar2_finance,3,33,emotion_aware,10912,train_pair_0530,1,0,0.014473430812358856
liar2_finance,3,33,emotion_aware,2565,train_pair_0802,0,1,0.9734887480735779
liar2_finance,3,33,emotion_aware,1114,train_pair_0603,0,1,0.8699039220809937
liar2_finance,3,33,emotion_aware,4540,train_pair_0138,1,0,0.013735689222812653
liar2_finance,3,33,emotion_aware,1918,train_pair_0066,1,0,0.4236770570278168
liar2_finance,3,33,emotion_aware,2026,train_pair_0214,1,0,0.32675793766975403
liar2_finance,3,33,emotion_aware,16042,train_pair_0718,1,0,0.007541709579527378
liar2_finance,3,33,emotion_aware,15259,train_pair_0741,1,1,0.9643658995628357
liar2_finance,3,33,emotion_aware,4960,train_pair_0292,1,1,0.9890689253807068
liar2_finance,3,33,emotion_aware,5350,train_pair_0627,0,0,0.012147854082286358
liar2_finance,3,33,emotion_aware,6315,train_pair_0456,1,1,0.9744821190834045
liar2_finance,3,33,emotion_aware,2543,train_pair_0470,1,1,0.7337015867233276
liar2_finance,3,33,emotion_aware,2747,train_pair_0470,0,1,0.9947276711463928
liar2_finance,3,33,emotion_aware,5914,train_pair_0569,0,1,0.6350967288017273
liar2_finance,3,33,emotion_aware,22160,train_pair_0060,1,1,0.8588289022445679
liar2_finance,3,33,emotion_aware,2672,train_pair_0165,0,0,0.35400068759918213
liar2_finance,3,33,emotion_aware,5621,train_pair_0488,0,1,0.9180403351783752
liar2_finance,3,33,emotion_aware,239,train_pair_0779,0,0,0.22355563938617706
liar2_finance,3,33,emotion_aware,5204,train_pair_0347,0,1,0.5391291975975037
liar2_finance,3,33,emotion_aware,4144,train_pair_0603,1,1,0.6299787759780884
liar2_finance,3,33,emotion_aware,16073,train_pair_0741,0,0,0.04505108669400215
liar2_finance,3,33,emotion_aware,5444,train_pair_0745,0,0,0.05246996134519577
liar2_finance,3,33,emotion_aware,10253,train_pair_0042,0,0,0.11750372499227524
liar2_finance,3,33,emotion_aware,3836,train_pair_0762,0,0,0.0057915993966162205
liar2_finance,3,33,emotion_aware,1125,train_pair_0732,0,0,0.1930733174085617
liar2_finance,3,33,emotion_aware,2627,train_pair_0053,0,0,0.10208596289157867
liar2_finance,3,33,emotion_aware,6763,train_pair_0071,1,0,0.004243792500346899
liar2_finance,3,33,emotion_aware,7869,train_pair_0393,0,1,0.964603066444397
liar2_finance,3,33,emotion_aware,5089,train_pair_0314,1,0,0.11996450275182724
liar2_finance,3,33,emotion_aware,2853,train_pair_0561,0,0,0.047071028500795364
liar2_finance,3,33,emotion_aware,5509,train_pair_0372,1,0,0.03975891321897507
liar2_finance,3,33,emotion_aware,1579,train_pair_0318,1,1,0.713232696056366
liar2_finance,3,33,emotion_aware,17171,train_pair_0049,1,1,0.9797232747077942
liar2_finance,3,33,emotion_aware,19252,train_pair_0196,1,0,0.31066033244132996
liar2_finance,3,33,emotion_aware,4261,train_pair_0799,1,1,0.7722263336181641
liar2_finance,3,33,emotion_aware,18732,train_pair_0655,0,1,0.9919902682304382
liar2_finance,3,33,emotion_aware,9637,train_pair_0211,0,1,0.9626351594924927
liar2_finance,3,33,emotion_aware,8057,train_pair_0375,1,0,0.03384336456656456
liar2_finance,3,33,emotion_aware,22,train_pair_0066,0,0,0.011419123969972134
liar2_finance,3,33,emotion_aware,12464,train_pair_0765,1,1,0.8044015169143677
liar2_finance,3,33,emotion_aware,1747,train_pair_0745,1,1,0.9957026839256287
liar2_finance,3,33,emotion_aware,16854,train_pair_0230,1,0,0.24773035943508148
liar2_finance,3,33,emotion_aware,6848,train_pair_0188,0,0,0.005545812658965588
liar2_finance,3,33,emotion_aware,276,train_pair_0521,0,0,0.02202950045466423
liar2_finance,3,33,emotion_aware,9958,train_pair_0165,1,0,0.00445175776258111
liar2_finance,3,33,emotion_aware,18648,train_pair_0403,1,1,0.9489799737930298
liar2_finance,3,33,emotion_aware,18743,train_pair_0113,1,1,0.6657128930091858
liar2_finance,3,33,emotion_aware,20222,train_pair_0196,0,0,0.03685585781931877
liar2_finance,3,33,emotion_aware,8258,train_pair_0303,0,0,0.21834063529968262
liar2_finance,3,33,emotion_aware,12179,train_pair_0323,0,1,0.5461739897727966
liar2_finance,3,33,emotion_aware,9056,train_pair_0530,0,0,0.017017463222146034
liar2_finance,3,33,emotion_aware,3181,train_pair_0223,0,1,0.6140474677085876
liar2_finance,3,33,emotion_aware,5685,train_pair_0277,0,0,0.3395266532897949
liar2_finance,3,33,emotion_aware,5139,train_pair_0185,1,1,0.8141593933105469
liar2_finance,3,33,emotion_aware,3485,train_pair_0197,0,1,0.8227135539054871
liar2_finance,3,33,emotion_aware,21293,train_pair_0106,0,0,0.09298687428236008
liar2_finance,3,33,emotion_aware,15890,train_pair_0718,0,0,0.17905649542808533
liar2_finance,3,33,emotion_aware,14561,train_pair_0676,0,0,0.33999261260032654
liar2_finance,3,33,emotion_aware,7606,train_pair_0477,1,1,0.9409244656562805
liar2_finance,3,33,emotion_aware,9450,train_pair_0489,1,1,0.5573769807815552
liar2_finance,3,33,emotion_aware,931,train_pair_0733,1,0,0.016510551795363426
liar2_finance,3,33,emotion_aware,3677,train_pair_0323,1,1,0.8755325675010681
liar2_finance,3,33,emotion_aware,403,train_pair_0521,1,1,0.6505275368690491
liar2_finance,3,33,emotion_aware,15586,train_pair_0027,1,1,0.9812349677085876
liar2_finance,3,33,emotion_aware,2633,train_pair_0092,0,0,0.012541316449642181
liar2_finance,3,33,emotion_aware,2809,train_pair_0049,0,0,0.2121656984090805
liar2_finance,3,33,emotion_aware,7482,train_pair_0403,0,0,0.031230587512254715
liar2_finance,3,33,emotion_aware,3173,train_pair_0289,0,1,0.6047642230987549
liar2_finance,3,33,emotion_aware,18435,train_pair_0556,1,0,0.4792158007621765
liar2_finance,3,33,emotion_aware,2004,train_pair_0001,1,1,0.9952640533447266
liar2_finance,3,33,emotion_aware,6245,train_pair_0042,1,1,0.5867202281951904
liar2_finance,3,33,emotion_aware,2311,train_pair_0813,1,1,0.7174735069274902
liar2_finance,3,33,emotion_aware,12879,train_pair_0053,1,1,0.9935324192047119
liar2_finance,3,33,emotion_aware,7403,train_pair_0573,0,0,0.07369387149810791
liar2_finance,3,33,emotion_aware,17302,train_pair_0194,1,1,0.601909339427948
liar2_finance,3,33,emotion_aware,6287,train_pair_0228,0,1,0.5550603866577148
liar2_finance,3,33,emotion_aware,13117,train_pair_0477,0,0,0.0779869481921196
liar2_finance,3,33,emotion_aware,10293,train_pair_0228,1,0,0.03821001201868057
liar2_finance,3,33,emotion_aware,3728,train_pair_0223,1,0,0.053563352674245834
liar2_finance,3,33,emotion_aware,13800,train_pair_0673,0,0,0.19604003429412842
liar2_finance,3,33,emotion_aware,3316,train_pair_0489,0,0,0.09304963052272797
liar2_finance,3,33,emotion_aware,5714,train_pair_0207,1,0,0.35685232281684875
liar2_finance,3,33,emotion_aware,6278,train_pair_0303,1,1,0.9953319430351257
liar2_finance,3,33,emotion_aware,6632,train_pair_0596,0,0,0.0050605284050107
liar2_finance,3,33,emotion_aware,6902,train_pair_0456,0,0,0.18953920900821686
liar2_finance,3,33,emotion_aware,7238,train_pair_0655,1,0,0.08947311341762543
liar2_finance,3,33,emotion_aware,376,train_pair_0555,0,1,0.9969474673271179
liar2_finance,3,33,emotion_aware,1507,train_pair_0060,0,1,0.9525136947631836
liar2_finance,3,33,emotion_aware,8050,train_pair_0318,0,0,0.1173475831747055
liar2_finance,3,33,emotion_aware,5474,train_pair_0185,0,1,0.7105066180229187
liar2_finance,3,33,emotion_aware,2424,train_pair_0799,0,1,0.9106320738792419
liar2_finance,3,33,emotion_aware,11329,train_pair_0026,1,0,0.06173668056726456
liar2_finance,3,33,emotion_aware,22951,train_pair_0393,1,1,0.7152746319770813
liar2_finance,3,33,emotion_aware,11296,train_pair_0481,0,0,0.18588262796401978
liar2_finance,3,33,emotion_aware,5464,train_pair_0350,0,1,0.5275252461433411
liar2_finance,3,33,emotion_aware,2763,train_pair_0775,0,1,0.8845695853233337
liar2_finance,3,33,emotion_aware,16824,train_pair_0113,0,0,0.10820572823286057
liar2_finance,3,33,emotion_aware,8917,train_pair_0375,0,0,0.021790144965052605
liar2_finance,3,33,emotion_aware,7603,train_pair_0230,0,0,0.0037464522756636143
liar2_finance,3,33,emotion_aware,2899,train_pair_0344,0,1,0.7536208033561707
liar2_finance,3,33,emotion_aware,8546,train_pair_0775,1,1,0.9870129227638245
liar2_finance,3,33,emotion_aware,3513,train_pair_0779,1,1,0.92527174949646
liar2_finance,3,33,emotion_aware,3411,train_pair_0314,0,0,0.00770653085783124
liar2_finance,3,33,emotion_aware,11496,train_pair_0027,0,1,0.8910097479820251
liar2_finance,3,33,emotion_aware,2614,train_pair_0720,1,0,0.019410885870456696
liar2_finance,3,33,emotion_aware,20091,train_pair_0094,1,1,0.9979616403579712
liar2_finance,3,33,emotion_aware,16900,train_pair_0732,1,1,0.6943663358688354
liar2_finance,3,33,emotion_aware,3042,train_pair_0720,0,0,0.007277272175997496
liar2_finance,3,33,emotion_aware,2626,train_pair_0001,0,0,0.014777900651097298
liar2_finance,3,33,emotion_aware,7106,train_pair_0350,1,0,0.014942549169063568
liar2_finance,3,33,emotion_aware,6937,train_pair_0569,1,1,0.5230595469474792
liar2_finance,3,33,emotion_aware,9556,validation_pair_0069,0,0,0.3073491156101227
liar2_finance,3,33,emotion_aware,23327,validation_pair_0005,1,1,0.9963625073432922
liar2_finance,3,33,emotion_aware,10065,validation_pair_0067,0,1,0.7247096300125122
liar2_finance,3,33,emotion_aware,6238,validation_pair_0072,0,0,0.006380122620612383
liar2_finance,3,33,emotion_aware,16833,validation_pair_0010,1,0,0.01248802337795496
liar2_finance,3,33,emotion_aware,2640,validation_pair_0027,0,0,0.04354534298181534
liar2_finance,3,33,emotion_aware,2316,validation_pair_0107,1,1,0.9943080544471741
liar2_finance,3,33,emotion_aware,4117,validation_pair_0069,1,1,0.9956626296043396
liar2_finance,3,33,emotion_aware,504,validation_pair_0017,0,1,0.7666406631469727
liar2_finance,3,33,emotion_aware,15896,validation_pair_0062,0,0,0.1543436348438263
liar2_finance,3,33,emotion_aware,8126,validation_pair_0089,0,1,0.7760357856750488
liar2_finance,3,33,emotion_aware,13502,validation_pair_0085,1,1,0.9641094207763672
liar2_finance,3,33,emotion_aware,4411,validation_pair_0057,0,1,0.5894008278846741
liar2_finance,3,33,emotion_aware,4781,validation_pair_0027,1,0,0.06724037975072861
liar2_finance,3,33,emotion_aware,1115,validation_pair_0017,1,1,0.9698569774627686
liar2_finance,3,33,emotion_aware,3627,validation_pair_0107,0,0,0.053822360932826996
liar2_finance,3,33,emotion_aware,12423,validation_pair_0057,1,0,0.4573948383331299
liar2_finance,3,33,emotion_aware,3402,validation_pair_0067,1,1,0.836206316947937
liar2_finance,3,33,emotion_aware,2394,validation_pair_0005,0,1,0.8118434548377991
liar2_finance,3,33,emotion_aware,14495,validation_pair_0062,1,1,0.9807808995246887
liar2_finance,3,33,emotion_aware,9148,validation_pair_0072,1,1,0.8514151573181152
liar2_finance,3,33,emotion_aware,235,validation_pair_0020,0,0,0.2653543949127197
liar2_finance,3,33,emotion_aware,8494,validation_pair_0085,0,0,0.006105872802436352
liar2_finance,3,33,emotion_aware,4043,validation_pair_0020,1,1,0.8525508046150208
liar2_finance,3,33,emotion_aware,4931,validation_pair_0089,1,0,0.00395318353548646
liar2_finance,3,33,emotion_aware,11424,validation_pair_0010,0,0,0.00517857214435935
liar2_finance,4,44,text_only,6164,test_pair_0039,1,0,0.1982991248369217
liar2_finance,4,44,text_only,7227,test_pair_0074,1,1,0.8318044543266296
liar2_finance,4,44,text_only,4003,test_pair_0035,0,0,0.46798640489578247
liar2_finance,4,44,text_only,5769,test_pair_0050,1,1,0.6187475323677063
liar2_finance,4,44,text_only,2929,test_pair_0035,1,0,0.43875443935394287
liar2_finance,4,44,text_only,950,test_pair_0036,1,1,0.7289171814918518
liar2_finance,4,44,text_only,10703,test_pair_0039,0,1,0.7176352739334106
liar2_finance,4,44,text_only,13660,test_pair_0074,0,0,0.27025917172431946
liar2_finance,4,44,text_only,5989,test_pair_0011,0,0,0.48056039214134216
liar2_finance,4,44,text_only,3357,test_pair_0050,0,0,0.17366883158683777
liar2_finance,4,44,text_only,16893,test_pair_0011,1,0,0.36949068307876587
liar2_finance,4,44,text_only,15008,test_pair_0036,0,0,0.3127964735031128
liar2_finance,4,44,text_only,5983,train_pair_0672,1,1,0.6390573382377625
liar2_finance,4,44,text_only,2389,train_pair_0367,0,0,0.31653693318367004
liar2_finance,4,44,text_only,18745,train_pair_0391,1,1,0.8141237497329712
liar2_finance,4,44,text_only,9758,train_pair_0672,0,0,0.4631322920322418
liar2_finance,4,44,text_only,9391,train_pair_0410,0,1,0.7327261567115784
liar2_finance,4,44,text_only,3234,train_pair_0649,1,1,0.9136658310890198
liar2_finance,4,44,text_only,14400,train_pair_0490,1,0,0.12008719891309738
liar2_finance,4,44,text_only,1021,train_pair_0015,0,1,0.740558922290802
liar2_finance,4,44,text_only,7910,train_pair_0374,1,0,0.1668589562177658
liar2_finance,4,44,text_only,3912,train_pair_0116,0,1,0.6081014275550842
liar2_finance,4,44,text_only,21569,train_pair_0197,1,1,0.7523228526115417
liar2_finance,4,44,text_only,19721,train_pair_0159,1,1,0.9495236873626709
liar2_finance,4,44,text_only,3150,train_pair_0383,0,0,0.3731718063354492
liar2_finance,4,44,text_only,15080,train_pair_0580,0,1,0.6277562379837036
liar2_finance,4,44,text_only,3115,train_pair_0694,0,0,0.3107389509677887
liar2_finance,4,44,text_only,827,train_pair_0483,0,1,0.5054210424423218
liar2_finance,4,44,text_only,7681,train_pair_0425,0,1,0.7771582007408142
liar2_finance,4,44,text_only,11632,train_pair_0649,0,0,0.3204944133758545
liar2_finance,4,44,text_only,8933,train_pair_0082,0,0,0.12882183492183685
liar2_finance,4,44,text_only,10214,train_pair_0106,1,0,0.4882031977176666
liar2_finance,4,44,text_only,1462,train_pair_0082,1,0,0.42552489042282104
liar2_finance,4,44,text_only,5173,train_pair_0362,1,0,0.17452242970466614
liar2_finance,4,44,text_only,3052,train_pair_0591,1,1,0.5430120229721069
liar2_finance,4,44,text_only,7953,train_pair_0162,1,1,0.7838096022605896
liar2_finance,4,44,text_only,7637,train_pair_0145,0,0,0.4190259277820587
liar2_finance,4,44,text_only,21852,train_pair_0719,1,0,0.38601213693618774
liar2_finance,4,44,text_only,6934,train_pair_0391,0,0,0.176103875041008
liar2_finance,4,44,text_only,3705,train_pair_0451,0,0,0.22930970788002014
liar2_finance,4,44,text_only,8883,train_pair_0163,1,1,0.8879132866859436
liar2_finance,4,44,text_only,4875,train_pair_0326,1,0,0.35629698634147644
liar2_finance,4,44,text_only,3122,train_pair_0451,1,0,0.14427495002746582
liar2_finance,4,44,text_only,13930,train_pair_0616,1,1,0.6479852199554443
liar2_finance,4,44,text_only,6159,train_pair_0209,1,0,0.42549848556518555
liar2_finance,4,44,text_only,4666,train_pair_0626,0,0,0.2072087526321411
liar2_finance,4,44,text_only,4042,train_pair_0151,1,1,0.6753989458084106
liar2_finance,4,44,text_only,3141,train_pair_0465,0,0,0.22889822721481323
liar2_finance,4,44,text_only,9481,train_pair_0671,0,1,0.5752449035644531
liar2_finance,4,44,text_only,10335,train_pair_0487,1,1,0.8999715447425842
liar2_finance,4,44,text_only,1227,train_pair_0483,1,0,0.3331848978996277
liar2_finance,4,44,text_only,22578,train_pair_0392,1,1,0.5002607703208923
liar2_finance,4,44,text_only,8075,train_pair_0616,0,1,0.5698952078819275
liar2_finance,4,44,text_only,16858,train_pair_0326,0,0,0.13328856229782104
liar2_finance,4,44,text_only,1306,train_pair_0378,0,0,0.30491191148757935
liar2_finance,4,44,text_only,20718,train_pair_0308,1,0,0.24888285994529724
liar2_finance,4,44,text_only,14052,train_pair_0766,1,1,0.8052148222923279
liar2_finance,4,44,text_only,3446,train_pair_0721,0,0,0.11452177911996841
liar2_finance,4,44,text_only,21136,train_pair_0101,1,0,0.20643429458141327
liar2_finance,4,44,text_only,15340,train_pair_0742,1,1,0.8528490662574768
liar2_finance,4,44,text_only,9268,train_pair_0262,1,1,0.5129924416542053
liar2_finance,4,44,text_only,239,train_pair_0779,0,0,0.33357682824134827
liar2_finance,4,44,text_only,9722,train_pair_0637,1,0,0.33125489950180054
liar2_finance,4,44,text_only,3023,train_pair_0505,0,0,0.12844808399677277
liar2_finance,4,44,text_only,1326,train_pair_0475,0,0,0.3437936007976532
liar2_finance,4,44,text_only,2477,train_pair_0311,1,1,0.7832837104797363
liar2_finance,4,44,text_only,2719,train_pair_0108,1,1,0.6142745614051819
liar2_finance,4,44,text_only,5757,train_pair_0671,1,0,0.47062739729881287
liar2_finance,4,44,text_only,1963,train_pair_0171,0,0,0.46545353531837463
liar2_finance,4,44,text_only,2947,train_pair_0090,0,0,0.3842710256576538
liar2_finance,4,44,text_only,4384,train_pair_0386,0,0,0.12291399389505386
liar2_finance,4,44,text_only,3469,train_pair_0301,0,0,0.15664178133010864
liar2_finance,4,44,text_only,177,train_pair_0475,1,0,0.22353576123714447
liar2_finance,4,44,text_only,1125,train_pair_0732,0,0,0.33085548877716064
liar2_finance,4,44,text_only,572,train_pair_0101,0,0,0.4691811800003052
liar2_finance,4,44,text_only,14911,train_pair_0410,1,0,0.4035649299621582
liar2_finance,4,44,text_only,9121,train_pair_0091,0,0,0.10009054094552994
liar2_finance,4,44,text_only,1891,train_pair_0311,0,1,0.5880682468414307
liar2_finance,4,44,text_only,8312,train_pair_0231,0,0,0.04245840385556221
liar2_finance,4,44,text_only,17269,train_pair_0719,0,0,0.06226688250899315
liar2_finance,4,44,text_only,5504,train_pair_0591,0,0,0.06423991173505783
liar2_finance,4,44,text_only,851,train_pair_0378,1,1,0.8204264044761658
liar2_finance,4,44,text_only,7818,train_pair_0146,0,0,0.1699877381324768
liar2_finance,4,44,text_only,9935,train_pair_0551,1,0,0.4697984755039215
liar2_finance,4,44,text_only,2377,train_pair_0162,0,0,0.20983168482780457
liar2_finance,4,44,text_only,3785,train_pair_0383,1,1,0.7807546854019165
liar2_finance,4,44,text_only,7076,train_pair_0090,1,1,0.892981767654419
liar2_finance,4,44,text_only,3392,train_pair_0770,0,0,0.10400306433439255
liar2_finance,4,44,text_only,3422,train_pair_0490,0,0,0.19230416417121887
liar2_finance,4,44,text_only,6409,train_pair_0308,0,0,0.14414697885513306
liar2_finance,4,44,text_only,1007,train_pair_0045,1,0,0.46287205815315247
liar2_finance,4,44,text_only,3481,train_pair_0301,1,1,0.7302781939506531
liar2_finance,4,44,text_only,9476,train_pair_0190,1,0,0.3854173719882965
liar2_finance,4,44,text_only,15117,train_pair_0146,1,1,0.829224705696106
liar2_finance,4,44,text_only,6594,train_pair_0135,0,0,0.4517722725868225
liar2_finance,4,44,text_only,2675,train_pair_0449,0,0,0.28235867619514465
liar2_finance,4,44,text_only,7859,train_pair_0159,0,0,0.08724360167980194
liar2_finance,4,44,text_only,6627,train_pair_0568,1,1,0.7250186204910278
liar2_finance,4,44,text_only,4888,train_pair_0362,0,1,0.8225401043891907
liar2_finance,4,44,text_only,2412,train_pair_0163,0,0,0.45826613903045654
liar2_finance,4,44,text_only,1242,train_pair_0221,1,0,0.4008098244667053
liar2_finance,4,44,text_only,1097,train_pair_0558,1,1,0.9167383909225464
liar2_finance,4,44,text_only,2148,train_pair_0332,0,0,0.4629702568054199
liar2_finance,4,44,text_only,11195,train_pair_0145,1,0,0.25405818223953247
liar2_finance,4,44,text_only,2430,train_pair_0536,0,0,0.13745176792144775
liar2_finance,4,44,text_only,7101,train_pair_0374,0,0,0.2680901885032654
liar2_finance,4,44,text_only,2760,train_pair_0487,0,1,0.6396592855453491
liar2_finance,4,44,text_only,1356,train_pair_0513,0,0,0.18322311341762543
liar2_finance,4,44,text_only,3485,train_pair_0197,0,0,0.33941519260406494
liar2_finance,4,44,text_only,21293,train_pair_0106,0,0,0.27305811643600464
liar2_finance,4,44,text_only,4571,train_pair_0116,1,0,0.35452741384506226
liar2_finance,4,44,text_only,4022,train_pair_0137,1,1,0.5604340434074402
liar2_finance,4,44,text_only,9450,train_pair_0489,1,0,0.34793588519096375
liar2_finance,4,44,text_only,12809,train_pair_0253,0,0,0.2881968915462494
liar2_finance,4,44,text_only,1979,train_pair_0137,0,0,0.2338075488805771
liar2_finance,4,44,text_only,13372,train_pair_0614,1,0,0.3127703368663788
liar2_finance,4,44,text_only,5216,train_pair_0108,0,0,0.4569655656814575
liar2_finance,4,44,text_only,22784,train_pair_0637,0,0,0.11179087311029434
liar2_finance,4,44,text_only,5885,train_pair_0634,1,1,0.7412818074226379
liar2_finance,4,44,text_only,4771,train_pair_0525,0,0,0.15688937902450562
liar2_finance,4,44,text_only,8463,train_pair_0262,0,0,0.19795216619968414
liar2_finance,4,44,text_only,10754,train_pair_0704,0,0,0.28540676832199097
liar2_finance,4,44,text_only,1194,train_pair_0770,1,0,0.3236413896083832
liar2_finance,4,44,text_only,21672,train_pair_0801,1,0,0.47277578711509705
liar2_finance,4,44,text_only,18207,train_pair_0195,1,1,0.8312990665435791
liar2_finance,4,44,text_only,7073,train_pair_0118,0,0,0.14073769748210907
liar2_finance,4,44,text_only,12042,train_pair_0704,1,0,0.24026551842689514
liar2_finance,4,44,text_only,16186,train_pair_0731,1,0,0.3387850821018219
liar2_finance,4,44,text_only,9566,train_pair_0551,0,0,0.40861478447914124
liar2_finance,4,44,text_only,4920,train_pair_0386,1,1,0.8001176714897156
liar2_finance,4,44,text_only,13770,train_pair_0598,1,1,0.5124878883361816
liar2_finance,4,44,text_only,5959,train_pair_0427,1,0,0.12455947697162628
liar2_finance,4,44,text_only,15483,train_pair_0195,0,0,0.15159276127815247
liar2_finance,4,44,text_only,815,train_pair_0797,0,0,0.4340066909790039
liar2_finance,4,44,text_only,20099,train_pair_0231,1,1,0.9120534658432007
liar2_finance,4,44,text_only,875,train_pair_0731,0,0,0.4214642643928528
liar2_finance,4,44,text_only,7535,train_pair_0392,0,0,0.1197132021188736
liar2_finance,4,44,text_only,8391,train_pair_0694,1,1,0.7151814699172974
liar2_finance,4,44,text_only,4318,train_pair_0443,0,1,0.5009661316871643
liar2_finance,4,44,text_only,14012,train_pair_0253,1,0,0.3614341616630554
liar2_finance,4,44,text_only,2590,train_pair_0513,1,1,0.7414164543151855
liar2_finance,4,44,text_only,6287,train_pair_0228,0,0,0.3667815029621124
liar2_finance,4,44,text_only,16396,train_pair_0634,0,0,0.08816767483949661
liar2_finance,4,44,text_only,9192,train_pair_0015,1,0,0.4281429052352905
liar2_finance,4,44,text_only,14862,train_pair_0118,1,0,0.42720091342926025
liar2_finance,4,44,text_only,3186,train_pair_0367,1,1,0.6124901175498962
liar2_finance,4,44,text_only,2734,train_pair_0721,1,1,0.8446120023727417
liar2_finance,4,44,text_only,6434,train_pair_0285,1,1,0.524859607219696
liar2_finance,4,44,text_only,6117,train_pair_0525,1,0,0.4860035479068756
liar2_finance,4,44,text_only,4597,train_pair_0443,1,0,0.14970363676548004
liar2_finance,4,44,text_only,10293,train_pair_0228,1,0,0.23499053716659546
liar2_finance,4,44,text_only,17533,train_pair_0332,1,1,0.6297232508659363
liar2_finance,4,44,text_only,3316,train_pair_0489,0,0,0.49697113037109375
liar2_finance,4,44,text_only,9536,train_pair_0209,0,1,0.7810227274894714
liar2_finance,4,44,text_only,582,train_pair_0045,0,0,0.44569897651672363
liar2_finance,4,44,text_only,5566,train_pair_0425,1,1,0.8034223318099976
liar2_finance,4,44,text_only,9656,train_pair_0190,0,0,0.10021129250526428
liar2_finance,4,44,text_only,6313,train_pair_0508,0,0,0.056797366589307785
liar2_finance,4,44,text_only,2752,train_pair_0171,1,1,0.8185284733772278
liar2_finance,4,44,text_only,2090,train_pair_0237,0,0,0.27342689037323
liar2_finance,4,44,text_only,6555,train_pair_0614,0,0,0.4087012708187103
liar2_finance,4,44,text_only,1225,train_pair_0505,1,1,0.5898873805999756
liar2_finance,4,44,text_only,21883,train_pair_0536,1,0,0.46527373790740967
liar2_finance,4,44,text_only,208,train_pair_0742,0,0,0.05481244996190071
liar2_finance,4,44,text_only,17034,train_pair_0135,1,0,0.2663598656654358
liar2_finance,4,44,text_only,1429,train_pair_0558,0,0,0.41271308064460754
liar2_finance,4,44,text_only,8005,train_pair_0427,0,0,0.3214782774448395
liar2_finance,4,44,text_only,3965,train_pair_0285,0,0,0.16567587852478027
liar2_finance,4,44,text_only,10198,train_pair_0091,1,1,0.735552191734314
liar2_finance,4,44,text_only,3048,train_pair_0151,0,0,0.2665218710899353
liar2_finance,4,44,text_only,7371,train_pair_0766,0,0,0.11815955489873886
liar2_finance,4,44,text_only,8549,train_pair_0598,0,1,0.6367977261543274
liar2_finance,4,44,text_only,6597,train_pair_0801,0,0,0.17145127058029175
liar2_finance,4,44,text_only,22628,train_pair_0580,1,1,0.8548566102981567
liar2_finance,4,44,text_only,5847,train_pair_0568,0,1,0.5457075238227844
liar2_finance,4,44,text_only,1637,train_pair_0626,1,0,0.25809526443481445
liar2_finance,4,44,text_only,3513,train_pair_0779,1,1,0.6307507753372192
liar2_finance,4,44,text_only,6047,train_pair_0508,1,1,0.5899072289466858
liar2_finance,4,44,text_only,2926,train_pair_0449,1,1,0.8774265646934509
liar2_finance,4,44,text_only,5900,train_pair_0797,1,1,0.8042421340942383
liar2_finance,4,44,text_only,4791,train_pair_0237,1,0,0.277782678604126
liar2_finance,4,44,text_only,7925,train_pair_0465,1,1,0.8291543126106262
liar2_finance,4,44,text_only,16900,train_pair_0732,1,1,0.701513946056366
liar2_finance,4,44,text_only,1982,train_pair_0221,0,0,0.3409489691257477
liar2_finance,4,44,text_only,5928,validation_pair_0055,1,1,0.7852752804756165
liar2_finance,4,44,text_only,4548,validation_pair_0055,0,0,0.11721865832805634
liar2_finance,4,44,text_only,10065,validation_pair_0067,0,1,0.7453933954238892
liar2_finance,4,44,text_only,5940,validation_pair_0034,0,1,0.8459693789482117
liar2_finance,4,44,text_only,15501,validation_pair_0110,0,0,0.15123263001441956
liar2_finance,4,44,text_only,18473,validation_pair_0014,1,0,0.23951156437397003
liar2_finance,4,44,text_only,14692,validation_pair_0034,1,0,0.20960888266563416
liar2_finance,4,44,text_only,2316,validation_pair_0107,1,1,0.7869307398796082
liar2_finance,4,44,text_only,5156,validation_pair_0064,0,0,0.47617286443710327
liar2_finance,4,44,text_only,15896,validation_pair_0062,0,0,0.3166852295398712
liar2_finance,4,44,text_only,8126,validation_pair_0089,0,0,0.4695652425289154
liar2_finance,4,44,text_only,3627,validation_pair_0107,0,0,0.1932511031627655
liar2_finance,4,44,text_only,3793,validation_pair_0110,1,1,0.6386168599128723
liar2_finance,4,44,text_only,3859,validation_pair_0064,1,1,0.7672290205955505
liar2_finance,4,44,text_only,5500,validation_pair_0054,1,1,0.7174707651138306
liar2_finance,4,44,text_only,3402,validation_pair_0067,1,1,0.5514506697654724
liar2_finance,4,44,text_only,829,validation_pair_0014,0,0,0.4026045799255371
liar2_finance,4,44,text_only,14495,validation_pair_0062,1,1,0.9114014506340027
liar2_finance,4,44,text_only,4931,validation_pair_0089,1,0,0.17156828939914703
liar2_finance,4,44,text_only,8311,validation_pair_0054,0,0,0.13022014498710632
liar2_finance,4,44,emotion_aware,6164,test_pair_0039,1,0,0.3830232620239258
liar2_finance,4,44,emotion_aware,7227,test_pair_0074,1,0,0.4479786157608032
liar2_finance,4,44,emotion_aware,4003,test_pair_0035,0,1,0.6383606791496277
liar2_finance,4,44,emotion_aware,5769,test_pair_0050,1,1,0.6958430409431458
liar2_finance,4,44,emotion_aware,2929,test_pair_0035,1,0,0.39947938919067383
liar2_finance,4,44,emotion_aware,950,test_pair_0036,1,1,0.8996849060058594
liar2_finance,4,44,emotion_aware,10703,test_pair_0039,0,0,0.42479407787323
liar2_finance,4,44,emotion_aware,13660,test_pair_0074,0,0,0.18581102788448334
liar2_finance,4,44,emotion_aware,5989,test_pair_0011,0,1,0.7159380912780762
liar2_finance,4,44,emotion_aware,3357,test_pair_0050,0,0,0.0426342636346817
liar2_finance,4,44,emotion_aware,16893,test_pair_0011,1,0,0.3813716769218445
liar2_finance,4,44,emotion_aware,15008,test_pair_0036,0,0,0.3766081631183624
liar2_finance,4,44,emotion_aware,5983,train_pair_0672,1,1,0.9627596735954285
liar2_finance,4,44,emotion_aware,2389,train_pair_0367,0,0,0.24578270316123962
liar2_finance,4,44,emotion_aware,18745,train_pair_0391,1,1,0.8636079430580139
liar2_finance,4,44,emotion_aware,9758,train_pair_0672,0,1,0.9469726085662842
liar2_finance,4,44,emotion_aware,9391,train_pair_0410,0,1,0.6592919826507568
liar2_finance,4,44,emotion_aware,3234,train_pair_0649,1,1,0.9618939757347107
liar2_finance,4,44,emotion_aware,14400,train_pair_0490,1,0,0.04155696928501129
liar2_finance,4,44,emotion_aware,1021,train_pair_0015,0,0,0.49372416734695435
liar2_finance,4,44,emotion_aware,7910,train_pair_0374,1,0,0.12508182227611542
liar2_finance,4,44,emotion_aware,3912,train_pair_0116,0,1,0.7233895063400269
liar2_finance,4,44,emotion_aware,21569,train_pair_0197,1,1,0.7264789938926697
liar2_finance,4,44,emotion_aware,19721,train_pair_0159,1,1,0.9810787439346313
liar2_finance,4,44,emotion_aware,3150,train_pair_0383,0,0,0.2486744225025177
liar2_finance,4,44,emotion_aware,15080,train_pair_0580,0,1,0.977882981300354
liar2_finance,4,44,emotion_aware,3115,train_pair_0694,0,1,0.578947126865387
liar2_finance,4,44,emotion_aware,827,train_pair_0483,0,1,0.6968314051628113
liar2_finance,4,44,emotion_aware,7681,train_pair_0425,0,1,0.8398566842079163
liar2_finance,4,44,emotion_aware,11632,train_pair_0649,0,0,0.35767197608947754
liar2_finance,4,44,emotion_aware,8933,train_pair_0082,0,0,0.25653108954429626
liar2_finance,4,44,emotion_aware,10214,train_pair_0106,1,1,0.5058237910270691
liar2_finance,4,44,emotion_aware,1462,train_pair_0082,1,0,0.2654401659965515
liar2_finance,4,44,emotion_aware,5173,train_pair_0362,1,0,0.05525573343038559
liar2_finance,4,44,emotion_aware,3052,train_pair_0591,1,0,0.43704405426979065
liar2_finance,4,44,emotion_aware,7953,train_pair_0162,1,1,0.7875587344169617
liar2_finance,4,44,emotion_aware,7637,train_pair_0145,0,0,0.4223578870296478
liar2_finance,4,44,emotion_aware,21852,train_pair_0719,1,1,0.6157367825508118
liar2_finance,4,44,emotion_aware,6934,train_pair_0391,0,0,0.10475476086139679
liar2_finance,4,44,emotion_aware,3705,train_pair_0451,0,0,0.23287053406238556
liar2_finance,4,44,emotion_aware,8883,train_pair_0163,1,1,0.9875394105911255
liar2_finance,4,44,emotion_aware,4875,train_pair_0326,1,0,0.26886457204818726
liar2_finance,4,44,emotion_aware,3122,train_pair_0451,1,0,0.2053859978914261
liar2_finance,4,44,emotion_aware,13930,train_pair_0616,1,1,0.7647220492362976
liar2_finance,4,44,emotion_aware,6159,train_pair_0209,1,1,0.8625690937042236
liar2_finance,4,44,emotion_aware,4666,train_pair_0626,0,0,0.39574363827705383
liar2_finance,4,44,emotion_aware,4042,train_pair_0151,1,0,0.41137784719467163
liar2_finance,4,44,emotion_aware,3141,train_pair_0465,0,0,0.04761519283056259
liar2_finance,4,44,emotion_aware,9481,train_pair_0671,0,1,0.5404770970344543
liar2_finance,4,44,emotion_aware,10335,train_pair_0487,1,1,0.9191510081291199
liar2_finance,4,44,emotion_aware,1227,train_pair_0483,1,0,0.4650370478630066
liar2_finance,4,44,emotion_aware,22578,train_pair_0392,1,0,0.4907419979572296
liar2_finance,4,44,emotion_aware,8075,train_pair_0616,0,1,0.5334107279777527
liar2_finance,4,44,emotion_aware,16858,train_pair_0326,0,0,0.0781264528632164
liar2_finance,4,44,emotion_aware,1306,train_pair_0378,0,1,0.6407161355018616
liar2_finance,4,44,emotion_aware,20718,train_pair_0308,1,0,0.16397272050380707
liar2_finance,4,44,emotion_aware,14052,train_pair_0766,1,1,0.9234464764595032
liar2_finance,4,44,emotion_aware,3446,train_pair_0721,0,0,0.0638190358877182
liar2_finance,4,44,emotion_aware,21136,train_pair_0101,1,0,0.19199860095977783
liar2_finance,4,44,emotion_aware,15340,train_pair_0742,1,1,0.8962869048118591
liar2_finance,4,44,emotion_aware,9268,train_pair_0262,1,1,0.5571756958961487
liar2_finance,4,44,emotion_aware,239,train_pair_0779,0,0,0.18918222188949585
liar2_finance,4,44,emotion_aware,9722,train_pair_0637,1,0,0.4669167399406433
liar2_finance,4,44,emotion_aware,3023,train_pair_0505,0,0,0.18422189354896545
liar2_finance,4,44,emotion_aware,1326,train_pair_0475,0,0,0.2504834234714508
liar2_finance,4,44,emotion_aware,2477,train_pair_0311,1,1,0.952103316783905
liar2_finance,4,44,emotion_aware,2719,train_pair_0108,1,1,0.6136167049407959
liar2_finance,4,44,emotion_aware,5757,train_pair_0671,1,1,0.8154872059822083
liar2_finance,4,44,emotion_aware,1963,train_pair_0171,0,0,0.11225173622369766
liar2_finance,4,44,emotion_aware,2947,train_pair_0090,0,1,0.5232276320457458
liar2_finance,4,44,emotion_aware,4384,train_pair_0386,0,0,0.07438591867685318
liar2_finance,4,44,emotion_aware,3469,train_pair_0301,0,0,0.07165727019309998
liar2_finance,4,44,emotion_aware,177,train_pair_0475,1,0,0.3179323673248291
liar2_finance,4,44,emotion_aware,1125,train_pair_0732,0,0,0.23456846177577972
liar2_finance,4,44,emotion_aware,572,train_pair_0101,0,0,0.37470099329948425
liar2_finance,4,44,emotion_aware,14911,train_pair_0410,1,1,0.5940069556236267
liar2_finance,4,44,emotion_aware,9121,train_pair_0091,0,0,0.12082016468048096
liar2_finance,4,44,emotion_aware,1891,train_pair_0311,0,1,0.7017120122909546
liar2_finance,4,44,emotion_aware,8312,train_pair_0231,0,0,0.01842319406569004
liar2_finance,4,44,emotion_aware,17269,train_pair_0719,0,0,0.06448321789503098
liar2_finance,4,44,emotion_aware,5504,train_pair_0591,0,0,0.01712031476199627
liar2_finance,4,44,emotion_aware,851,train_pair_0378,1,1,0.7269777059555054
liar2_finance,4,44,emotion_aware,7818,train_pair_0146,0,0,0.03867879509925842
liar2_finance,4,44,emotion_aware,9935,train_pair_0551,1,0,0.3771529793739319
liar2_finance,4,44,emotion_aware,2377,train_pair_0162,0,0,0.11432065814733505
liar2_finance,4,44,emotion_aware,3785,train_pair_0383,1,1,0.9386653304100037
liar2_finance,4,44,emotion_aware,7076,train_pair_0090,1,1,0.9491497278213501
liar2_finance,4,44,emotion_aware,3392,train_pair_0770,0,0,0.07205785810947418
liar2_finance,4,44,emotion_aware,3422,train_pair_0490,0,0,0.16583500802516937
liar2_finance,4,44,emotion_aware,6409,train_pair_0308,0,0,0.06135716289281845
liar2_finance,4,44,emotion_aware,1007,train_pair_0045,1,0,0.4144221544265747
liar2_finance,4,44,emotion_aware,3481,train_pair_0301,1,1,0.6955639123916626
liar2_finance,4,44,emotion_aware,9476,train_pair_0190,1,0,0.23247474431991577
liar2_finance,4,44,emotion_aware,15117,train_pair_0146,1,1,0.8121750950813293
liar2_finance,4,44,emotion_aware,6594,train_pair_0135,0,0,0.30621209740638733
liar2_finance,4,44,emotion_aware,2675,train_pair_0449,0,0,0.2398555427789688
liar2_finance,4,44,emotion_aware,7859,train_pair_0159,0,0,0.09858520328998566
liar2_finance,4,44,emotion_aware,6627,train_pair_0568,1,1,0.982546865940094
liar2_finance,4,44,emotion_aware,4888,train_pair_0362,0,1,0.9833705425262451
liar2_finance,4,44,emotion_aware,2412,train_pair_0163,0,1,0.86350017786026
liar2_finance,4,44,emotion_aware,1242,train_pair_0221,1,1,0.7524033188819885
liar2_finance,4,44,emotion_aware,1097,train_pair_0558,1,1,0.988671064376831
liar2_finance,4,44,emotion_aware,2148,train_pair_0332,0,1,0.5002763867378235
liar2_finance,4,44,emotion_aware,11195,train_pair_0145,1,0,0.22868774831295013
liar2_finance,4,44,emotion_aware,2430,train_pair_0536,0,0,0.11213664710521698
liar2_finance,4,44,emotion_aware,7101,train_pair_0374,0,1,0.5029346346855164
liar2_finance,4,44,emotion_aware,2760,train_pair_0487,0,1,0.7897504568099976
liar2_finance,4,44,emotion_aware,1356,train_pair_0513,0,0,0.1042182594537735
liar2_finance,4,44,emotion_aware,3485,train_pair_0197,0,0,0.11588581651449203
liar2_finance,4,44,emotion_aware,21293,train_pair_0106,0,0,0.27164724469184875
liar2_finance,4,44,emotion_aware,4571,train_pair_0116,1,0,0.23445279896259308
liar2_finance,4,44,emotion_aware,4022,train_pair_0137,1,1,0.850658655166626
liar2_finance,4,44,emotion_aware,9450,train_pair_0489,1,0,0.2993171513080597
liar2_finance,4,44,emotion_aware,12809,train_pair_0253,0,0,0.3552631735801697
liar2_finance,4,44,emotion_aware,1979,train_pair_0137,0,0,0.26385658979415894
liar2_finance,4,44,emotion_aware,13372,train_pair_0614,1,0,0.30712875723838806
liar2_finance,4,44,emotion_aware,5216,train_pair_0108,0,0,0.06829416006803513
liar2_finance,4,44,emotion_aware,22784,train_pair_0637,0,0,0.09338070452213287
liar2_finance,4,44,emotion_aware,5885,train_pair_0634,1,0,0.4204728305339813
liar2_finance,4,44,emotion_aware,4771,train_pair_0525,0,0,0.13650082051753998
liar2_finance,4,44,emotion_aware,8463,train_pair_0262,0,0,0.1603740155696869
liar2_finance,4,44,emotion_aware,10754,train_pair_0704,0,0,0.14232131838798523
liar2_finance,4,44,emotion_aware,1194,train_pair_0770,1,0,0.11810791492462158
liar2_finance,4,44,emotion_aware,21672,train_pair_0801,1,0,0.36308154463768005
liar2_finance,4,44,emotion_aware,18207,train_pair_0195,1,1,0.9678221344947815
liar2_finance,4,44,emotion_aware,7073,train_pair_0118,0,0,0.08651507645845413
liar2_finance,4,44,emotion_aware,12042,train_pair_0704,1,1,0.7604932188987732
liar2_finance,4,44,emotion_aware,16186,train_pair_0731,1,1,0.5693343281745911
liar2_finance,4,44,emotion_aware,9566,train_pair_0551,0,1,0.6363392472267151
liar2_finance,4,44,emotion_aware,4920,train_pair_0386,1,1,0.9511135816574097
liar2_finance,4,44,emotion_aware,13770,train_pair_0598,1,1,0.6736762523651123
liar2_finance,4,44,emotion_aware,5959,train_pair_0427,1,0,0.05695267766714096
liar2_finance,4,44,emotion_aware,15483,train_pair_0195,0,0,0.06673889607191086
liar2_finance,4,44,emotion_aware,815,train_pair_0797,0,0,0.23750273883342743
liar2_finance,4,44,emotion_aware,20099,train_pair_0231,1,1,0.9548577666282654
liar2_finance,4,44,emotion_aware,875,train_pair_0731,0,0,0.33972230553627014
liar2_finance,4,44,emotion_aware,7535,train_pair_0392,0,0,0.12277527898550034
liar2_finance,4,44,emotion_aware,8391,train_pair_0694,1,1,0.9064772129058838
liar2_finance,4,44,emotion_aware,4318,train_pair_0443,0,0,0.4841017723083496
liar2_finance,4,44,emotion_aware,14012,train_pair_0253,1,1,0.6639275550842285
liar2_finance,4,44,emotion_aware,2590,train_pair_0513,1,1,0.9798980355262756
liar2_finance,4,44,emotion_aware,6287,train_pair_0228,0,0,0.3212806284427643
liar2_finance,4,44,emotion_aware,16396,train_pair_0634,0,0,0.072682224214077
liar2_finance,4,44,emotion_aware,9192,train_pair_0015,1,0,0.36621102690696716
liar2_finance,4,44,emotion_aware,14862,train_pair_0118,1,0,0.21884720027446747
liar2_finance,4,44,emotion_aware,3186,train_pair_0367,1,1,0.9024343490600586
liar2_finance,4,44,emotion_aware,2734,train_pair_0721,1,1,0.9871633052825928
liar2_finance,4,44,emotion_aware,6434,train_pair_0285,1,0,0.14962802827358246
liar2_finance,4,44,emotion_aware,6117,train_pair_0525,1,1,0.9680821299552917
liar2_finance,4,44,emotion_aware,4597,train_pair_0443,1,0,0.2228030413389206
liar2_finance,4,44,emotion_aware,10293,train_pair_0228,1,0,0.2284604012966156
liar2_finance,4,44,emotion_aware,17533,train_pair_0332,1,1,0.9311739206314087
liar2_finance,4,44,emotion_aware,3316,train_pair_0489,0,0,0.2616848051548004
liar2_finance,4,44,emotion_aware,9536,train_pair_0209,0,1,0.7264333367347717
liar2_finance,4,44,emotion_aware,582,train_pair_0045,0,0,0.21077704429626465
liar2_finance,4,44,emotion_aware,5566,train_pair_0425,1,1,0.8808989524841309
liar2_finance,4,44,emotion_aware,9656,train_pair_0190,0,0,0.07435532659292221
liar2_finance,4,44,emotion_aware,6313,train_pair_0508,0,0,0.031065111979842186
liar2_finance,4,44,emotion_aware,2752,train_pair_0171,1,1,0.7939227819442749
liar2_finance,4,44,emotion_aware,2090,train_pair_0237,0,0,0.06886570155620575
liar2_finance,4,44,emotion_aware,6555,train_pair_0614,0,0,0.11092633754014969
liar2_finance,4,44,emotion_aware,1225,train_pair_0505,1,1,0.8018437623977661
liar2_finance,4,44,emotion_aware,21883,train_pair_0536,1,1,0.5585648417472839
liar2_finance,4,44,emotion_aware,208,train_pair_0742,0,0,0.02042572759091854
liar2_finance,4,44,emotion_aware,17034,train_pair_0135,1,0,0.2529372274875641
liar2_finance,4,44,emotion_aware,1429,train_pair_0558,0,0,0.4540116488933563
liar2_finance,4,44,emotion_aware,8005,train_pair_0427,0,0,0.3990522027015686
liar2_finance,4,44,emotion_aware,3965,train_pair_0285,0,0,0.11072612553834915
liar2_finance,4,44,emotion_aware,10198,train_pair_0091,1,1,0.594498872756958
liar2_finance,4,44,emotion_aware,3048,train_pair_0151,0,0,0.17129583656787872
liar2_finance,4,44,emotion_aware,7371,train_pair_0766,0,0,0.08578062802553177
liar2_finance,4,44,emotion_aware,8549,train_pair_0598,0,1,0.8792656064033508
liar2_finance,4,44,emotion_aware,6597,train_pair_0801,0,0,0.16174562275409698
liar2_finance,4,44,emotion_aware,22628,train_pair_0580,1,1,0.7182413339614868
liar2_finance,4,44,emotion_aware,5847,train_pair_0568,0,0,0.3682132959365845
liar2_finance,4,44,emotion_aware,1637,train_pair_0626,1,0,0.06953603029251099
liar2_finance,4,44,emotion_aware,3513,train_pair_0779,1,0,0.3904062807559967
liar2_finance,4,44,emotion_aware,6047,train_pair_0508,1,1,0.6944851279258728
liar2_finance,4,44,emotion_aware,2926,train_pair_0449,1,1,0.9799766540527344
liar2_finance,4,44,emotion_aware,5900,train_pair_0797,1,1,0.8368390202522278
liar2_finance,4,44,emotion_aware,4791,train_pair_0237,1,0,0.27371442317962646
liar2_finance,4,44,emotion_aware,7925,train_pair_0465,1,1,0.9712761640548706
liar2_finance,4,44,emotion_aware,16900,train_pair_0732,1,1,0.798973560333252
liar2_finance,4,44,emotion_aware,1982,train_pair_0221,0,0,0.47580933570861816
liar2_finance,4,44,emotion_aware,5928,validation_pair_0055,1,1,0.9592769145965576
liar2_finance,4,44,emotion_aware,4548,validation_pair_0055,0,0,0.06958230584859848
liar2_finance,4,44,emotion_aware,10065,validation_pair_0067,0,0,0.2834313213825226
liar2_finance,4,44,emotion_aware,5940,validation_pair_0034,0,1,0.8176479935646057
liar2_finance,4,44,emotion_aware,15501,validation_pair_0110,0,0,0.10042767226696014
liar2_finance,4,44,emotion_aware,18473,validation_pair_0014,1,0,0.07432513684034348
liar2_finance,4,44,emotion_aware,14692,validation_pair_0034,1,0,0.15633516013622284
liar2_finance,4,44,emotion_aware,2316,validation_pair_0107,1,1,0.9785755276679993
liar2_finance,4,44,emotion_aware,5156,validation_pair_0064,0,0,0.21683438122272491
liar2_finance,4,44,emotion_aware,15896,validation_pair_0062,0,0,0.25917479395866394
liar2_finance,4,44,emotion_aware,8126,validation_pair_0089,0,0,0.11876823008060455
liar2_finance,4,44,emotion_aware,3627,validation_pair_0107,0,0,0.17211924493312836
liar2_finance,4,44,emotion_aware,3793,validation_pair_0110,1,1,0.5434467196464539
liar2_finance,4,44,emotion_aware,3859,validation_pair_0064,1,1,0.8858950734138489
liar2_finance,4,44,emotion_aware,5500,validation_pair_0054,1,1,0.6387469172477722
liar2_finance,4,44,emotion_aware,3402,validation_pair_0067,1,1,0.6873215436935425
liar2_finance,4,44,emotion_aware,829,validation_pair_0014,0,0,0.4000031650066376
liar2_finance,4,44,emotion_aware,14495,validation_pair_0062,1,1,0.9410248398780823
liar2_finance,4,44,emotion_aware,4931,validation_pair_0089,1,0,0.126753032207489
liar2_finance,4,44,emotion_aware,8311,validation_pair_0054,0,0,0.13317503035068512
liar2_finance,5,55,text_only,2677,test_pair_0080,1,1,0.7097018957138062
liar2_finance,5,55,text_only,6652,test_pair_0087,0,0,0.3413132131099701
liar2_finance,5,55,text_only,2598,test_pair_0026,0,1,0.8085391521453857
liar2_finance,5,55,text_only,532,test_pair_0090,1,1,0.9784408807754517
liar2_finance,5,55,text_only,5769,test_pair_0050,1,1,0.9770275354385376
liar2_finance,5,55,text_only,2168,test_pair_0064,0,0,0.414945125579834
liar2_finance,5,55,text_only,7171,test_pair_0080,0,1,0.9881552457809448
liar2_finance,5,55,text_only,830,test_pair_0029,1,0,0.3461678624153137
liar2_finance,5,55,text_only,842,test_pair_0064,1,1,0.9939643740653992
liar2_finance,5,55,text_only,6583,test_pair_0019,1,1,0.9818105697631836
liar2_finance,5,55,text_only,12670,test_pair_0061,1,1,0.824417233467102
liar2_finance,5,55,text_only,2717,test_pair_0017,1,1,0.9597935676574707
liar2_finance,5,55,text_only,22229,test_pair_0017,0,1,0.9933966398239136
liar2_finance,5,55,text_only,2642,test_pair_0079,1,1,0.8248537182807922
liar2_finance,5,55,text_only,9158,test_pair_0087,1,0,0.030359098687767982
liar2_finance,5,55,text_only,5646,test_pair_0026,1,1,0.9796349406242371
liar2_finance,5,55,text_only,1995,test_pair_0029,0,1,0.5499870777130127
liar2_finance,5,55,text_only,11817,test_pair_0019,0,0,0.006712844595313072
liar2_finance,5,55,text_only,10021,test_pair_0079,0,0,0.006712997332215309
liar2_finance,5,55,text_only,3357,test_pair_0050,0,0,0.11712964624166489
liar2_finance,5,55,text_only,15667,test_pair_0061,0,0,0.07618989050388336
liar2_finance,5,55,text_only,171,test_pair_0090,0,0,0.05053373798727989
liar2_finance,5,55,text_only,5040,train_pair_0611,0,0,0.034682825207710266
liar2_finance,5,55,text_only,2656,train_pair_0692,0,1,0.7476142048835754
liar2_finance,5,55,text_only,5800,train_pair_0485,1,1,0.9529539942741394
liar2_finance,5,55,text_only,240,train_pair_0056,0,0,0.04979280009865761
liar2_finance,5,55,text_only,1736,train_pair_0277,1,1,0.9757930636405945
liar2_finance,5,55,text_only,1887,train_pair_0602,1,0,0.006755289621651173
liar2_finance,5,55,text_only,6256,train_pair_0260,0,1,0.9609295129776001
liar2_finance,5,55,text_only,8084,train_pair_0248,1,1,0.9779049158096313
liar2_finance,5,55,text_only,7901,train_pair_0373,1,1,0.9774567484855652
liar2_finance,5,55,text_only,18324,train_pair_0555,1,1,0.9911983609199524
liar2_finance,5,55,text_only,16526,train_pair_0126,0,0,0.15500950813293457
liar2_finance,5,55,text_only,4333,train_pair_0464,1,1,0.9852802157402039
liar2_finance,5,55,text_only,5956,train_pair_0594,0,0,0.18543921411037445
liar2_finance,5,55,text_only,3024,train_pair_0583,0,0,0.49302196502685547
liar2_finance,5,55,text_only,11633,train_pair_0617,0,0,0.012440657243132591
liar2_finance,5,55,text_only,3480,train_pair_0814,0,0,0.06774751842021942
liar2_finance,5,55,text_only,3150,train_pair_0383,0,0,0.355348140001297
liar2_finance,5,55,text_only,4008,train_pair_0150,1,1,0.9891083240509033
liar2_finance,5,55,text_only,4588,train_pair_0268,1,0,0.4359931945800781
liar2_finance,5,55,text_only,15080,train_pair_0580,0,1,0.9937143921852112
liar2_finance,5,55,text_only,14364,train_pair_0275,1,0,0.08821658790111542
liar2_finance,5,55,text_only,3115,train_pair_0694,0,0,0.27017462253570557
liar2_finance,5,55,text_only,827,train_pair_0483,0,1,0.5242817997932434
liar2_finance,5,55,text_only,6500,train_pair_0063,1,0,0.13062119483947754
liar2_finance,5,55,text_only,3149,train_pair_0268,0,0,0.029332593083381653
liar2_finance,5,55,text_only,8360,train_pair_0260,1,1,0.9744303822517395
liar2_finance,5,55,text_only,2871,train_pair_0780,0,1,0.5347704887390137
liar2_finance,5,55,text_only,9523,train_pair_0611,1,0,0.05043383687734604
liar2_finance,5,55,text_only,13173,train_pair_0789,1,0,0.03931771218776703
liar2_finance,5,55,text_only,4727,train_pair_0543,1,1,0.9769611954689026
liar2_finance,5,55,text_only,15233,train_pair_0134,1,0,0.18656563758850098
liar2_finance,5,55,text_only,21852,train_pair_0719,1,1,0.6183770895004272
liar2_finance,5,55,text_only,3641,train_pair_0385,0,0,0.42807361483573914
liar2_finance,5,55,text_only,5930,train_pair_0292,0,0,0.012078037485480309
liar2_finance,5,55,text_only,4134,train_pair_0776,0,0,0.3141801655292511
liar2_finance,5,55,text_only,7954,train_pair_0438,1,0,0.012434225529432297
liar2_finance,5,55,text_only,3964,train_pair_0504,1,1,0.9590901136398315
liar2_finance,5,55,text_only,3692,train_pair_0130,0,0,0.27729642391204834
liar2_finance,5,55,text_only,13111,train_pair_0283,1,0,0.1931869387626648
liar2_finance,5,55,text_only,10069,train_pair_0071,0,0,0.006713283248245716
liar2_finance,5,55,text_only,19363,train_pair_0126,1,1,0.9982298016548157
liar2_finance,5,55,text_only,4666,train_pair_0626,0,0,0.465604305267334
liar2_finance,5,55,text_only,21536,train_pair_0086,1,1,0.8640583157539368
liar2_finance,5,55,text_only,5765,train_pair_0094,0,0,0.014915138483047485
liar2_finance,5,55,text_only,493,train_pair_0622,1,1,0.9971964359283447
liar2_finance,5,55,text_only,1227,train_pair_0483,1,0,0.3980635106563568
liar2_finance,5,55,text_only,6783,train_pair_0373,0,0,0.077555350959301
liar2_finance,5,55,text_only,6356,train_pair_0702,1,1,0.5764739513397217
liar2_finance,5,55,text_only,8203,train_pair_0248,0,0,0.030954422429203987
liar2_finance,5,55,text_only,6296,train_pair_0692,1,1,0.7050139904022217
liar2_finance,5,55,text_only,2638,train_pair_0203,0,0,0.37029191851615906
liar2_finance,5,55,text_only,4960,train_pair_0292,1,1,0.9670528173446655
liar2_finance,5,55,text_only,591,train_pair_0583,1,1,0.9731331467628479
liar2_finance,5,55,text_only,4642,train_pair_0338,1,1,0.8969903588294983
liar2_finance,5,55,text_only,5967,train_pair_0276,0,0,0.021381095051765442
liar2_finance,5,55,text_only,79,train_pair_0041,0,0,0.036136455833911896
liar2_finance,5,55,text_only,2672,train_pair_0165,0,1,0.575978696346283
liar2_finance,5,55,text_only,14117,train_pair_0640,1,1,0.9598445892333984
liar2_finance,5,55,text_only,5936,train_pair_0387,1,1,0.9118552803993225
liar2_finance,5,55,text_only,7633,train_pair_0656,1,1,0.7454125881195068
liar2_finance,5,55,text_only,6892,train_pair_0081,0,0,0.08707726001739502
liar2_finance,5,55,text_only,2947,train_pair_0090,0,0,0.035170845687389374
liar2_finance,5,55,text_only,6944,train_pair_0218,0,0,0.00860047060996294
liar2_finance,5,55,text_only,17269,train_pair_0719,0,0,0.04903170466423035
liar2_finance,5,55,text_only,6763,train_pair_0071,1,0,0.00830190908163786
liar2_finance,5,55,text_only,7116,train_pair_0737,1,1,0.5432054996490479
liar2_finance,5,55,text_only,12773,train_pair_0006,1,0,0.005224831867963076
liar2_finance,5,55,text_only,3785,train_pair_0383,1,1,0.9961345195770264
liar2_finance,5,55,text_only,9537,train_pair_0210,0,0,0.20283415913581848
liar2_finance,5,55,text_only,7076,train_pair_0090,1,1,0.9949264526367188
liar2_finance,5,55,text_only,18732,train_pair_0655,0,1,0.9958083629608154
liar2_finance,5,55,text_only,1206,train_pair_0333,1,1,0.8983213305473328
liar2_finance,5,55,text_only,19275,train_pair_0535,1,1,0.987369954586029
liar2_finance,5,55,text_only,6177,train_pair_0613,0,0,0.18761734664440155
liar2_finance,5,55,text_only,4937,train_pair_0543,0,0,0.017425380647182465
liar2_finance,5,55,text_only,7496,train_pair_0210,1,0,0.3954644203186035
liar2_finance,5,55,text_only,9958,train_pair_0165,1,0,0.00557698542252183
liar2_finance,5,55,text_only,8131,train_pair_0086,0,0,0.126711905002594
liar2_finance,5,55,text_only,6627,train_pair_0568,1,0,0.32312944531440735
liar2_finance,5,55,text_only,12133,train_pair_0726,0,0,0.011604021303355694
liar2_finance,5,55,text_only,3752,train_pair_0130,1,1,0.7157206535339355
liar2_finance,5,55,text_only,18648,train_pair_0403,1,1,0.9297359585762024
liar2_finance,5,55,text_only,3693,train_pair_0275,0,0,0.0029841247014701366
liar2_finance,5,55,text_only,999,train_pair_0441,0,0,0.47430142760276794
liar2_finance,5,55,text_only,2863,train_pair_0150,0,1,0.6332882046699524
liar2_finance,5,55,text_only,3358,train_pair_0538,0,0,0.03824096545577049
liar2_finance,5,55,text_only,1097,train_pair_0558,1,1,0.979282557964325
liar2_finance,5,55,text_only,13885,train_pair_0504,0,1,0.9979442954063416
liar2_finance,5,55,text_only,16737,train_pair_0219,1,0,0.2505032420158386
liar2_finance,5,55,text_only,8873,train_pair_0702,0,0,0.01659308932721615
liar2_finance,5,55,text_only,5685,train_pair_0277,0,0,0.2863646447658539
liar2_finance,5,55,text_only,2223,train_pair_0333,0,0,0.3154143691062927
liar2_finance,5,55,text_only,4523,train_pair_0492,1,1,0.5932555794715881
liar2_finance,5,55,text_only,5885,train_pair_0634,1,1,0.9267649054527283
liar2_finance,5,55,text_only,1375,train_pair_0169,1,0,0.49289563298225403
liar2_finance,5,55,text_only,2250,train_pair_0056,1,0,0.3573080003261566
liar2_finance,5,55,text_only,3805,train_pair_0063,0,0,0.4968484044075012
liar2_finance,5,55,text_only,15586,train_pair_0027,1,1,0.7760430574417114
liar2_finance,5,55,text_only,17511,train_pair_0041,1,1,0.9284915328025818
liar2_finance,5,55,text_only,823,train_pair_0492,0,1,0.8186718821525574
liar2_finance,5,55,text_only,1175,train_pair_0538,1,1,0.9867843985557556
liar2_finance,5,55,text_only,7482,train_pair_0403,0,0,0.009618086740374565
liar2_finance,5,55,text_only,7281,train_pair_0789,0,1,0.7783105969429016
liar2_finance,5,55,text_only,15266,train_pair_0218,1,0,0.07552079111337662
liar2_finance,5,55,text_only,5335,train_pair_0134,0,0,0.10365854203701019
liar2_finance,5,55,text_only,5253,train_pair_0225,1,1,0.9898864030838013
liar2_finance,5,55,text_only,4074,train_pair_0203,1,0,0.4350380003452301
liar2_finance,5,55,text_only,4433,train_pair_0225,0,0,0.4759686291217804
liar2_finance,5,55,text_only,5461,train_pair_0349,0,0,0.10340865701436996
liar2_finance,5,55,text_only,8391,train_pair_0694,1,1,0.8669962286949158
liar2_finance,5,55,text_only,11615,train_pair_0412,0,0,0.18560056388378143
liar2_finance,5,55,text_only,1818,train_pair_0448,1,1,0.6928080916404724
liar2_finance,5,55,text_only,3783,train_pair_0438,0,1,0.7136352062225342
liar2_finance,5,55,text_only,8991,train_pair_0776,1,1,0.9805251955986023
liar2_finance,5,55,text_only,16396,train_pair_0634,0,0,0.004401848651468754
liar2_finance,5,55,text_only,15615,train_pair_0617,1,1,0.9969647526741028
liar2_finance,5,55,text_only,19426,train_pair_0468,1,1,0.752851128578186
liar2_finance,5,55,text_only,4112,train_pair_0019,1,0,0.018266715109348297
liar2_finance,5,55,text_only,3271,train_pair_0338,0,1,0.8235020041465759
liar2_finance,5,55,text_only,3465,train_pair_0485,0,0,0.4674193561077118
liar2_finance,5,55,text_only,13592,train_pair_0639,1,0,0.023648343980312347
liar2_finance,5,55,text_only,14939,train_pair_0006,0,0,0.009871008805930614
liar2_finance,5,55,text_only,2622,train_pair_0448,0,0,0.41191747784614563
liar2_finance,5,55,text_only,10034,train_pair_0737,0,0,0.2829247713088989
liar2_finance,5,55,text_only,4833,train_pair_0385,1,1,0.9882586002349854
liar2_finance,5,55,text_only,778,train_pair_0602,0,0,0.006608026102185249
liar2_finance,5,55,text_only,2337,train_pair_0639,0,0,0.4758211076259613
liar2_finance,5,55,text_only,2722,train_pair_0787,0,0,0.1299198567867279
liar2_finance,5,55,text_only,7238,train_pair_0655,1,0,0.16476133465766907
liar2_finance,5,55,text_only,5224,train_pair_0349,1,0,0.4543747305870056
liar2_finance,5,55,text_only,376,train_pair_0555,0,1,0.9802339673042297
liar2_finance,5,55,text_only,3940,train_pair_0780,1,1,0.9735195636749268
liar2_finance,5,55,text_only,4073,train_pair_0468,0,0,0.005847411695867777
liar2_finance,5,55,text_only,20076,train_pair_0412,1,1,0.9739128947257996
liar2_finance,5,55,text_only,4593,train_pair_0387,0,0,0.33678632974624634
liar2_finance,5,55,text_only,8028,train_pair_0726,1,0,0.3219391405582428
liar2_finance,5,55,text_only,1429,train_pair_0558,0,1,0.5126670002937317
liar2_finance,5,55,text_only,12553,train_pair_0814,1,1,0.5787862539291382
liar2_finance,5,55,text_only,23165,train_pair_0656,0,0,0.006053615361452103
liar2_finance,5,55,text_only,3894,train_pair_0283,0,1,0.8628231883049011
liar2_finance,5,55,text_only,5532,train_pair_0640,0,0,0.01684441603720188
liar2_finance,5,55,text_only,2103,train_pair_0464,0,0,0.06820756196975708
liar2_finance,5,55,text_only,2763,train_pair_0775,0,1,0.6710261702537537
liar2_finance,5,55,text_only,1151,train_pair_0535,0,1,0.712612509727478
liar2_finance,5,55,text_only,260,train_pair_0622,0,0,0.01660318486392498
liar2_finance,5,55,text_only,7032,train_pair_0219,0,0,0.09948468953371048
liar2_finance,5,55,text_only,2022,train_pair_0019,0,0,0.04337114840745926
liar2_finance,5,55,text_only,22628,train_pair_0580,1,1,0.8860241174697876
liar2_finance,5,55,text_only,8546,train_pair_0775,1,1,0.8098166584968567
liar2_finance,5,55,text_only,19698,train_pair_0081,1,0,0.3247738480567932
liar2_finance,5,55,text_only,5643,train_pair_0594,1,1,0.9618160724639893
liar2_finance,5,55,text_only,8762,train_pair_0787,1,0,0.11594843864440918
liar2_finance,5,55,text_only,5847,train_pair_0568,0,0,0.2107842117547989
liar2_finance,5,55,text_only,1637,train_pair_0626,1,0,0.06575426459312439
liar2_finance,5,55,text_only,11496,train_pair_0027,0,0,0.32507622241973877
liar2_finance,5,55,text_only,2829,train_pair_0441,1,1,0.7467516660690308
liar2_finance,5,55,text_only,411,train_pair_0169,0,0,0.361916720867157
liar2_finance,5,55,text_only,12575,train_pair_0276,1,1,0.8198041915893555
liar2_finance,5,55,text_only,20091,train_pair_0094,1,1,0.990635335445404
liar2_finance,5,55,text_only,12458,train_pair_0613,1,1,0.8158663511276245
liar2_finance,5,55,text_only,8144,validation_pair_0100,0,0,0.019923726096749306
liar2_finance,5,55,text_only,7254,validation_pair_0024,0,0,0.009943805634975433
liar2_finance,5,55,text_only,5328,validation_pair_0102,0,0,0.278134822845459
liar2_finance,5,55,text_only,21591,validation_pair_0007,1,1,0.9899364709854126
liar2_finance,5,55,text_only,10065,validation_pair_0067,0,1,0.9949992895126343
liar2_finance,5,55,text_only,2298,validation_pair_0070,0,0,0.003615300403907895
liar2_finance,5,55,text_only,15962,validation_pair_0013,1,0,0.37471675872802734
liar2_finance,5,55,text_only,18473,validation_pair_0014,1,0,0.007817027159035206
liar2_finance,5,55,text_only,3486,validation_pair_0098,1,0,0.4963863492012024
liar2_finance,5,55,text_only,12421,validation_pair_0098,0,0,0.11954310536384583
liar2_finance,5,55,text_only,3402,validation_pair_0067,1,1,0.9899131059646606
liar2_finance,5,55,text_only,1541,validation_pair_0100,1,1,0.9796718955039978
liar2_finance,5,55,text_only,4368,validation_pair_0001,1,0,0.2173689752817154
liar2_finance,5,55,text_only,1374,validation_pair_0070,1,0,0.15954692661762238
liar2_finance,5,55,text_only,11692,validation_pair_0024,1,1,0.9767345786094666
liar2_finance,5,55,text_only,829,validation_pair_0014,0,1,0.6722408533096313
liar2_finance,5,55,text_only,9204,validation_pair_0102,1,0,0.01577097922563553
liar2_finance,5,55,text_only,6064,validation_pair_0001,0,1,0.8413264751434326
liar2_finance,5,55,text_only,9119,validation_pair_0007,0,0,0.14425073564052582
liar2_finance,5,55,text_only,5185,validation_pair_0050,0,0,0.012298972345888615
liar2_finance,5,55,text_only,1418,validation_pair_0013,0,0,0.04091225191950798
liar2_finance,5,55,text_only,5855,validation_pair_0050,1,1,0.9611711502075195
liar2_finance,5,55,emotion_aware,2677,test_pair_0080,1,1,0.720007061958313
liar2_finance,5,55,emotion_aware,6652,test_pair_0087,0,0,0.322419136762619
liar2_finance,5,55,emotion_aware,2598,test_pair_0026,0,1,0.9242071509361267
liar2_finance,5,55,emotion_aware,532,test_pair_0090,1,1,0.98615962266922
liar2_finance,5,55,emotion_aware,5769,test_pair_0050,1,1,0.6747269034385681
liar2_finance,5,55,emotion_aware,2168,test_pair_0064,0,1,0.8182209134101868
liar2_finance,5,55,emotion_aware,7171,test_pair_0080,0,1,0.9772599935531616
liar2_finance,5,55,emotion_aware,830,test_pair_0029,1,1,0.5975663065910339
liar2_finance,5,55,emotion_aware,842,test_pair_0064,1,1,0.9823228716850281
liar2_finance,5,55,emotion_aware,6583,test_pair_0019,1,1,0.9196039438247681
liar2_finance,5,55,emotion_aware,12670,test_pair_0061,1,1,0.6190912127494812
liar2_finance,5,55,emotion_aware,2717,test_pair_0017,1,1,0.7964634299278259
liar2_finance,5,55,emotion_aware,22229,test_pair_0017,0,1,0.9958395957946777
liar2_finance,5,55,emotion_aware,2642,test_pair_0079,1,1,0.9577557444572449
liar2_finance,5,55,emotion_aware,9158,test_pair_0087,1,0,0.04945342615246773
liar2_finance,5,55,emotion_aware,5646,test_pair_0026,1,1,0.8197218775749207
liar2_finance,5,55,emotion_aware,1995,test_pair_0029,0,0,0.31930962204933167
liar2_finance,5,55,emotion_aware,11817,test_pair_0019,0,0,0.023425020277500153
liar2_finance,5,55,emotion_aware,10021,test_pair_0079,0,0,0.0035041591618210077
liar2_finance,5,55,emotion_aware,3357,test_pair_0050,0,0,0.01572064496576786
liar2_finance,5,55,emotion_aware,15667,test_pair_0061,0,0,0.042220260947942734
liar2_finance,5,55,emotion_aware,171,test_pair_0090,0,0,0.02569800801575184
liar2_finance,5,55,emotion_aware,5040,train_pair_0611,0,0,0.03529946133494377
liar2_finance,5,55,emotion_aware,2656,train_pair_0692,0,1,0.7792147397994995
liar2_finance,5,55,emotion_aware,5800,train_pair_0485,1,1,0.817406177520752
liar2_finance,5,55,emotion_aware,240,train_pair_0056,0,0,0.05619429796934128
liar2_finance,5,55,emotion_aware,1736,train_pair_0277,1,1,0.9410303235054016
liar2_finance,5,55,emotion_aware,1887,train_pair_0602,1,0,0.01127542369067669
liar2_finance,5,55,emotion_aware,6256,train_pair_0260,0,1,0.9450722932815552
liar2_finance,5,55,emotion_aware,8084,train_pair_0248,1,1,0.9804064035415649
liar2_finance,5,55,emotion_aware,7901,train_pair_0373,1,1,0.9845615029335022
liar2_finance,5,55,emotion_aware,18324,train_pair_0555,1,1,0.9845770001411438
liar2_finance,5,55,emotion_aware,16526,train_pair_0126,0,0,0.33937811851501465
liar2_finance,5,55,emotion_aware,4333,train_pair_0464,1,1,0.9214868545532227
liar2_finance,5,55,emotion_aware,5956,train_pair_0594,0,0,0.26150408387184143
liar2_finance,5,55,emotion_aware,3024,train_pair_0583,0,1,0.6017749309539795
liar2_finance,5,55,emotion_aware,11633,train_pair_0617,0,0,0.009597232565283775
liar2_finance,5,55,emotion_aware,3480,train_pair_0814,0,0,0.07870712131261826
liar2_finance,5,55,emotion_aware,3150,train_pair_0383,0,0,0.44482898712158203
liar2_finance,5,55,emotion_aware,4008,train_pair_0150,1,1,0.9906856417655945
liar2_finance,5,55,emotion_aware,4588,train_pair_0268,1,0,0.2641112506389618
liar2_finance,5,55,emotion_aware,15080,train_pair_0580,0,1,0.99443119764328
liar2_finance,5,55,emotion_aware,14364,train_pair_0275,1,0,0.12220129370689392
liar2_finance,5,55,emotion_aware,3115,train_pair_0694,0,0,0.3560919761657715
liar2_finance,5,55,emotion_aware,827,train_pair_0483,0,1,0.9064620137214661
liar2_finance,5,55,emotion_aware,6500,train_pair_0063,1,0,0.10477445274591446
liar2_finance,5,55,emotion_aware,3149,train_pair_0268,0,0,0.046701110899448395
liar2_finance,5,55,emotion_aware,8360,train_pair_0260,1,1,0.8735276460647583
liar2_finance,5,55,emotion_aware,2871,train_pair_0780,0,1,0.6701489090919495
liar2_finance,5,55,emotion_aware,9523,train_pair_0611,1,0,0.21810339391231537
liar2_finance,5,55,emotion_aware,13173,train_pair_0789,1,0,0.1581723988056183
liar2_finance,5,55,emotion_aware,4727,train_pair_0543,1,1,0.9902004599571228
liar2_finance,5,55,emotion_aware,15233,train_pair_0134,1,0,0.03537864238023758
liar2_finance,5,55,emotion_aware,21852,train_pair_0719,1,1,0.9360520243644714
liar2_finance,5,55,emotion_aware,3641,train_pair_0385,0,0,0.45804765820503235
liar2_finance,5,55,emotion_aware,5930,train_pair_0292,0,0,0.0035479774232953787
liar2_finance,5,55,emotion_aware,4134,train_pair_0776,0,0,0.282571405172348
liar2_finance,5,55,emotion_aware,7954,train_pair_0438,1,0,0.00843501091003418
liar2_finance,5,55,emotion_aware,3964,train_pair_0504,1,1,0.9725989103317261
liar2_finance,5,55,emotion_aware,3692,train_pair_0130,0,0,0.22428138554096222
liar2_finance,5,55,emotion_aware,13111,train_pair_0283,1,1,0.874194860458374
liar2_finance,5,55,emotion_aware,10069,train_pair_0071,0,0,0.004773658234626055
liar2_finance,5,55,emotion_aware,19363,train_pair_0126,1,1,0.9992044568061829
liar2_finance,5,55,emotion_aware,4666,train_pair_0626,0,1,0.7687933444976807
liar2_finance,5,55,emotion_aware,21536,train_pair_0086,1,1,0.8655201196670532
liar2_finance,5,55,emotion_aware,5765,train_pair_0094,0,0,0.0424807108938694
liar2_finance,5,55,emotion_aware,493,train_pair_0622,1,1,0.9969468712806702
liar2_finance,5,55,emotion_aware,1227,train_pair_0483,1,0,0.41023191809654236
liar2_finance,5,55,emotion_aware,6783,train_pair_0373,0,0,0.11621896177530289
liar2_finance,5,55,emotion_aware,6356,train_pair_0702,1,0,0.4070916771888733
liar2_finance,5,55,emotion_aware,8203,train_pair_0248,0,0,0.012928009033203125
liar2_finance,5,55,emotion_aware,6296,train_pair_0692,1,1,0.6296190023422241
liar2_finance,5,55,emotion_aware,2638,train_pair_0203,0,1,0.6069336533546448
liar2_finance,5,55,emotion_aware,4960,train_pair_0292,1,1,0.9259997606277466
liar2_finance,5,55,emotion_aware,591,train_pair_0583,1,1,0.8834535479545593
liar2_finance,5,55,emotion_aware,4642,train_pair_0338,1,1,0.8025012612342834
liar2_finance,5,55,emotion_aware,5967,train_pair_0276,0,0,0.039332445710897446
liar2_finance,5,55,emotion_aware,79,train_pair_0041,0,0,0.20256274938583374
liar2_finance,5,55,emotion_aware,2672,train_pair_0165,0,1,0.9317370057106018
liar2_finance,5,55,emotion_aware,14117,train_pair_0640,1,1,0.9614899158477783
liar2_finance,5,55,emotion_aware,5936,train_pair_0387,1,1,0.9337760806083679
liar2_finance,5,55,emotion_aware,7633,train_pair_0656,1,1,0.6011139750480652
liar2_finance,5,55,emotion_aware,6892,train_pair_0081,0,0,0.040992312133312225
liar2_finance,5,55,emotion_aware,2947,train_pair_0090,0,0,0.029038220643997192
liar2_finance,5,55,emotion_aware,6944,train_pair_0218,0,0,0.019902272149920464
liar2_finance,5,55,emotion_aware,17269,train_pair_0719,0,0,0.0988524928689003
liar2_finance,5,55,emotion_aware,6763,train_pair_0071,1,0,0.010158833116292953
liar2_finance,5,55,emotion_aware,7116,train_pair_0737,1,1,0.5917109251022339
liar2_finance,5,55,emotion_aware,12773,train_pair_0006,1,0,0.0032005489338189363
liar2_finance,5,55,emotion_aware,3785,train_pair_0383,1,1,0.9873851537704468
liar2_finance,5,55,emotion_aware,9537,train_pair_0210,0,0,0.4282900393009186
liar2_finance,5,55,emotion_aware,7076,train_pair_0090,1,1,0.9931790828704834
liar2_finance,5,55,emotion_aware,18732,train_pair_0655,0,1,0.9960032105445862
liar2_finance,5,55,emotion_aware,1206,train_pair_0333,1,1,0.9321765303611755
liar2_finance,5,55,emotion_aware,19275,train_pair_0535,1,1,0.9847787022590637
liar2_finance,5,55,emotion_aware,6177,train_pair_0613,0,1,0.5168852806091309
liar2_finance,5,55,emotion_aware,4937,train_pair_0543,0,0,0.0076748281717300415
liar2_finance,5,55,emotion_aware,7496,train_pair_0210,1,1,0.6755441427230835
liar2_finance,5,55,emotion_aware,9958,train_pair_0165,1,0,0.004382053390145302
liar2_finance,5,55,emotion_aware,8131,train_pair_0086,0,0,0.05562077462673187
liar2_finance,5,55,emotion_aware,6627,train_pair_0568,1,1,0.7800026535987854
liar2_finance,5,55,emotion_aware,12133,train_pair_0726,0,0,0.0214967280626297
liar2_finance,5,55,emotion_aware,3752,train_pair_0130,1,1,0.7912641167640686
liar2_finance,5,55,emotion_aware,18648,train_pair_0403,1,1,0.9398489594459534
liar2_finance,5,55,emotion_aware,3693,train_pair_0275,0,0,0.0033536714036017656
liar2_finance,5,55,emotion_aware,999,train_pair_0441,0,0,0.149073526263237
liar2_finance,5,55,emotion_aware,2863,train_pair_0150,0,1,0.7939463257789612
liar2_finance,5,55,emotion_aware,3358,train_pair_0538,0,0,0.1061093732714653
liar2_finance,5,55,emotion_aware,1097,train_pair_0558,1,1,0.99339359998703
liar2_finance,5,55,emotion_aware,13885,train_pair_0504,0,1,0.9974516034126282
liar2_finance,5,55,emotion_aware,16737,train_pair_0219,1,0,0.2511095404624939
liar2_finance,5,55,emotion_aware,8873,train_pair_0702,0,0,0.05441724509000778
liar2_finance,5,55,emotion_aware,5685,train_pair_0277,0,0,0.4835166931152344
liar2_finance,5,55,emotion_aware,2223,train_pair_0333,0,0,0.4852599501609802
liar2_finance,5,55,emotion_aware,4523,train_pair_0492,1,0,0.46703100204467773
liar2_finance,5,55,emotion_aware,5885,train_pair_0634,1,1,0.9052788615226746
liar2_finance,5,55,emotion_aware,1375,train_pair_0169,1,0,0.4277198016643524
liar2_finance,5,55,emotion_aware,2250,train_pair_0056,1,0,0.34192001819610596
liar2_finance,5,55,emotion_aware,3805,train_pair_0063,0,0,0.04779813438653946
liar2_finance,5,55,emotion_aware,15586,train_pair_0027,1,1,0.5543707013130188
liar2_finance,5,55,emotion_aware,17511,train_pair_0041,1,1,0.6584516167640686
liar2_finance,5,55,emotion_aware,823,train_pair_0492,0,0,0.4590102434158325
liar2_finance,5,55,emotion_aware,1175,train_pair_0538,1,1,0.9730779528617859
liar2_finance,5,55,emotion_aware,7482,train_pair_0403,0,0,0.012595725245773792
liar2_finance,5,55,emotion_aware,7281,train_pair_0789,0,1,0.7084815502166748
liar2_finance,5,55,emotion_aware,15266,train_pair_0218,1,0,0.21198347210884094
liar2_finance,5,55,emotion_aware,5335,train_pair_0134,0,0,0.0581933856010437
liar2_finance,5,55,emotion_aware,5253,train_pair_0225,1,1,0.9894228577613831
liar2_finance,5,55,emotion_aware,4074,train_pair_0203,1,0,0.4893704950809479
liar2_finance,5,55,emotion_aware,4433,train_pair_0225,0,0,0.3120075762271881
liar2_finance,5,55,emotion_aware,5461,train_pair_0349,0,0,0.08333936333656311
liar2_finance,5,55,emotion_aware,8391,train_pair_0694,1,0,0.4791070222854614
liar2_finance,5,55,emotion_aware,11615,train_pair_0412,0,0,0.19117514789104462
liar2_finance,5,55,emotion_aware,1818,train_pair_0448,1,0,0.19895361363887787
liar2_finance,5,55,emotion_aware,3783,train_pair_0438,0,1,0.7556719779968262
liar2_finance,5,55,emotion_aware,8991,train_pair_0776,1,1,0.9910701513290405
liar2_finance,5,55,emotion_aware,16396,train_pair_0634,0,0,0.01628660038113594
liar2_finance,5,55,emotion_aware,15615,train_pair_0617,1,1,0.9955015778541565
liar2_finance,5,55,emotion_aware,19426,train_pair_0468,1,1,0.655632734298706
liar2_finance,5,55,emotion_aware,4112,train_pair_0019,1,0,0.015676356852054596
liar2_finance,5,55,emotion_aware,3271,train_pair_0338,0,1,0.7477138638496399
liar2_finance,5,55,emotion_aware,3465,train_pair_0485,0,0,0.33073291182518005
liar2_finance,5,55,emotion_aware,13592,train_pair_0639,1,0,0.03083702176809311
liar2_finance,5,55,emotion_aware,14939,train_pair_0006,0,0,0.014226710423827171
liar2_finance,5,55,emotion_aware,2622,train_pair_0448,0,0,0.2821923792362213
liar2_finance,5,55,emotion_aware,10034,train_pair_0737,0,0,0.32597091794013977
liar2_finance,5,55,emotion_aware,4833,train_pair_0385,1,1,0.9912393689155579
liar2_finance,5,55,emotion_aware,778,train_pair_0602,0,0,0.02461816929280758
liar2_finance,5,55,emotion_aware,2337,train_pair_0639,0,0,0.14776694774627686
liar2_finance,5,55,emotion_aware,2722,train_pair_0787,0,0,0.32157817482948303
liar2_finance,5,55,emotion_aware,7238,train_pair_0655,1,0,0.1814025491476059
liar2_finance,5,55,emotion_aware,5224,train_pair_0349,1,1,0.5328758955001831
liar2_finance,5,55,emotion_aware,376,train_pair_0555,0,1,0.9217278361320496
liar2_finance,5,55,emotion_aware,3940,train_pair_0780,1,1,0.9887611269950867
liar2_finance,5,55,emotion_aware,4073,train_pair_0468,0,0,0.012845292687416077
liar2_finance,5,55,emotion_aware,20076,train_pair_0412,1,1,0.9907478094100952
liar2_finance,5,55,emotion_aware,4593,train_pair_0387,0,0,0.45782753825187683
liar2_finance,5,55,emotion_aware,8028,train_pair_0726,1,1,0.7713983654975891
liar2_finance,5,55,emotion_aware,1429,train_pair_0558,0,1,0.9333879947662354
liar2_finance,5,55,emotion_aware,12553,train_pair_0814,1,1,0.8224340677261353
liar2_finance,5,55,emotion_aware,23165,train_pair_0656,0,0,0.005649767350405455
liar2_finance,5,55,emotion_aware,3894,train_pair_0283,0,1,0.798541247844696
liar2_finance,5,55,emotion_aware,5532,train_pair_0640,0,0,0.014290367253124714
liar2_finance,5,55,emotion_aware,2103,train_pair_0464,0,0,0.0519055500626564
liar2_finance,5,55,emotion_aware,2763,train_pair_0775,0,0,0.4589071273803711
liar2_finance,5,55,emotion_aware,1151,train_pair_0535,0,1,0.7304425239562988
liar2_finance,5,55,emotion_aware,260,train_pair_0622,0,0,0.01389142032712698
liar2_finance,5,55,emotion_aware,7032,train_pair_0219,0,0,0.19707031548023224
liar2_finance,5,55,emotion_aware,2022,train_pair_0019,0,0,0.030082641169428825
liar2_finance,5,55,emotion_aware,22628,train_pair_0580,1,1,0.8552383780479431
liar2_finance,5,55,emotion_aware,8546,train_pair_0775,1,1,0.5556805729866028
liar2_finance,5,55,emotion_aware,19698,train_pair_0081,1,0,0.1525547057390213
liar2_finance,5,55,emotion_aware,5643,train_pair_0594,1,1,0.9448227882385254
liar2_finance,5,55,emotion_aware,8762,train_pair_0787,1,0,0.13464044034481049
liar2_finance,5,55,emotion_aware,5847,train_pair_0568,0,0,0.4011170268058777
liar2_finance,5,55,emotion_aware,1637,train_pair_0626,1,0,0.09057321399450302
liar2_finance,5,55,emotion_aware,11496,train_pair_0027,0,1,0.6768217086791992
liar2_finance,5,55,emotion_aware,2829,train_pair_0441,1,1,0.909160852432251
liar2_finance,5,55,emotion_aware,411,train_pair_0169,0,0,0.14475223422050476
liar2_finance,5,55,emotion_aware,12575,train_pair_0276,1,1,0.8569110035896301
liar2_finance,5,55,emotion_aware,20091,train_pair_0094,1,1,0.9919607043266296
liar2_finance,5,55,emotion_aware,12458,train_pair_0613,1,1,0.9220352172851562
liar2_finance,5,55,emotion_aware,8144,validation_pair_0100,0,0,0.018244432285428047
liar2_finance,5,55,emotion_aware,7254,validation_pair_0024,0,0,0.019917596131563187
liar2_finance,5,55,emotion_aware,5328,validation_pair_0102,0,1,0.6842318773269653
liar2_finance,5,55,emotion_aware,21591,validation_pair_0007,1,1,0.9878831505775452
liar2_finance,5,55,emotion_aware,10065,validation_pair_0067,0,1,0.9435921907424927
liar2_finance,5,55,emotion_aware,2298,validation_pair_0070,0,0,0.003800278063863516
liar2_finance,5,55,emotion_aware,15962,validation_pair_0013,1,0,0.37072134017944336
liar2_finance,5,55,emotion_aware,18473,validation_pair_0014,1,0,0.08450052887201309
liar2_finance,5,55,emotion_aware,3486,validation_pair_0098,1,1,0.7198900580406189
liar2_finance,5,55,emotion_aware,12421,validation_pair_0098,0,0,0.31762444972991943
liar2_finance,5,55,emotion_aware,3402,validation_pair_0067,1,1,0.90018230676651
liar2_finance,5,55,emotion_aware,1541,validation_pair_0100,1,1,0.9909017086029053
liar2_finance,5,55,emotion_aware,4368,validation_pair_0001,1,0,0.38009753823280334
liar2_finance,5,55,emotion_aware,1374,validation_pair_0070,1,0,0.14753982424736023
liar2_finance,5,55,emotion_aware,11692,validation_pair_0024,1,1,0.744335412979126
liar2_finance,5,55,emotion_aware,829,validation_pair_0014,0,0,0.34842973947525024
liar2_finance,5,55,emotion_aware,9204,validation_pair_0102,1,0,0.021642180159687996
liar2_finance,5,55,emotion_aware,6064,validation_pair_0001,0,1,0.7823931574821472
liar2_finance,5,55,emotion_aware,9119,validation_pair_0007,0,0,0.25041884183883667
liar2_finance,5,55,emotion_aware,5185,validation_pair_0050,0,0,0.01898977719247341
liar2_finance,5,55,emotion_aware,1418,validation_pair_0013,0,0,0.026370562613010406
liar2_finance,5,55,emotion_aware,5855,validation_pair_0050,1,1,0.9736594557762146
liar2_finance,6,66,text_only,6164,test_pair_0039,1,0,0.22655531764030457
liar2_finance,6,66,text_only,10619,test_pair_0031,1,0,0.09341154247522354
liar2_finance,6,66,text_only,2801,test_pair_0078,0,0,0.26941052079200745
liar2_finance,6,66,text_only,11532,test_pair_0028,0,0,0.2409660667181015
liar2_finance,6,66,text_only,2358,test_pair_0013,1,0,0.05820630490779877
liar2_finance,6,66,text_only,19529,test_pair_0067,1,1,0.9919379353523254
liar2_finance,6,66,text_only,5769,test_pair_0050,1,1,0.9150505661964417
liar2_finance,6,66,text_only,830,test_pair_0029,1,0,0.18422527611255646
liar2_finance,6,66,text_only,15865,test_pair_0078,1,1,0.9608190059661865
liar2_finance,6,66,text_only,9644,test_pair_0043,0,0,0.02168341353535652
liar2_finance,6,66,text_only,3089,test_pair_0024,1,0,0.3059469759464264
liar2_finance,6,66,text_only,5583,test_pair_0048,0,0,0.04957454651594162
liar2_finance,6,66,text_only,12670,test_pair_0061,1,1,0.9030628800392151
liar2_finance,6,66,text_only,23236,test_pair_0059,0,1,0.8781298995018005
liar2_finance,6,66,text_only,2441,test_pair_0076,1,1,0.9848616123199463
liar2_finance,6,66,text_only,36,test_pair_0067,0,1,0.9926912188529968
liar2_finance,6,66,text_only,14293,test_pair_0013,0,0,0.42628443241119385
liar2_finance,6,66,text_only,10950,test_pair_0041,0,0,0.030754346400499344
liar2_finance,6,66,text_only,8519,test_pair_0043,1,1,0.9914952516555786
liar2_finance,6,66,text_only,10703,test_pair_0039,0,1,0.825771152973175
liar2_finance,6,66,text_only,9412,test_pair_0024,0,0,0.04809384047985077
liar2_finance,6,66,text_only,4084,test_pair_0048,1,0,0.19637787342071533
liar2_finance,6,66,text_only,4670,test_pair_0031,0,1,0.6180941462516785
liar2_finance,6,66,text_only,5865,test_pair_0093,0,1,0.7963212132453918
liar2_finance,6,66,text_only,3735,test_pair_0041,1,0,0.2001674622297287
liar2_finance,6,66,text_only,8484,test_pair_0028,1,0,0.23972393572330475
liar2_finance,6,66,text_only,4290,test_pair_0054,0,1,0.9958030581474304
liar2_finance,6,66,text_only,7666,test_pair_0093,1,1,0.8686314225196838
liar2_finance,6,66,text_only,1995,test_pair_0029,0,1,0.6627417802810669
liar2_finance,6,66,text_only,10487,test_pair_0076,0,0,0.09393299371004105
liar2_finance,6,66,text_only,3357,test_pair_0050,0,0,0.007068106438964605
liar2_finance,6,66,text_only,15214,test_pair_0059,1,0,0.23483118414878845
liar2_finance,6,66,text_only,15667,test_pair_0061,0,0,0.03631678968667984
liar2_finance,6,66,text_only,4731,test_pair_0054,1,1,0.992598295211792
liar2_finance,6,66,text_only,5964,train_pair_0328,1,1,0.9300681948661804
liar2_finance,6,66,text_only,12651,train_pair_0033,0,0,0.42730996012687683
liar2_finance,6,66,text_only,12893,train_pair_0400,1,1,0.9613991975784302
liar2_finance,6,66,text_only,850,train_pair_0296,0,0,0.022860730066895485
liar2_finance,6,66,text_only,1333,train_pair_0774,0,0,0.026247510686516762
liar2_finance,6,66,text_only,21736,train_pair_0796,1,0,0.37303978204727173
liar2_finance,6,66,text_only,3462,train_pair_0289,1,0,0.2867529094219208
liar2_finance,6,66,text_only,5775,train_pair_0476,1,0,0.304927796125412
liar2_finance,6,66,text_only,2471,train_pair_0710,1,1,0.9432867765426636
liar2_finance,6,66,text_only,15080,train_pair_0580,0,1,0.9935349225997925
liar2_finance,6,66,text_only,4777,train_pair_0435,0,0,0.014718934893608093
liar2_finance,6,66,text_only,3070,train_pair_0432,1,1,0.9478921890258789
liar2_finance,6,66,text_only,17028,train_pair_0200,1,0,0.3787216544151306
liar2_finance,6,66,text_only,9565,train_pair_0296,1,1,0.8403613567352295
liar2_finance,6,66,text_only,8394,train_pair_0249,0,1,0.8587064743041992
liar2_finance,6,66,text_only,12786,train_pair_0552,0,0,0.015306633897125721
liar2_finance,6,66,text_only,10214,train_pair_0106,1,1,0.9820601940155029
liar2_finance,6,66,text_only,2923,train_pair_0111,1,1,0.9967703819274902
liar2_finance,6,66,text_only,10550,train_pair_0039,1,1,0.9982799291610718
liar2_finance,6,66,text_only,4909,train_pair_0347,1,0,0.34852540493011475
liar2_finance,6,66,text_only,10365,train_pair_0417,1,1,0.9749404788017273
liar2_finance,6,66,text_only,3967,train_pair_0153,0,0,0.05439602956175804
liar2_finance,6,66,text_only,4765,train_pair_0507,0,1,0.852755606174469
liar2_finance,6,66,text_only,114,train_pair_0813,0,1,0.9798080325126648
liar2_finance,6,66,text_only,10,train_pair_0046,0,0,0.46321919560432434
liar2_finance,6,66,text_only,7953,train_pair_0162,1,1,0.9443308711051941
liar2_finance,6,66,text_only,1291,train_pair_0404,0,0,0.05041392520070076
liar2_finance,6,66,text_only,10132,train_pair_0212,1,1,0.9964972138404846
liar2_finance,6,66,text_only,13429,train_pair_0716,1,1,0.9639226198196411
liar2_finance,6,66,text_only,9124,train_pair_0658,1,0,0.39419442415237427
liar2_finance,6,66,text_only,2489,train_pair_0684,1,1,0.9309847354888916
liar2_finance,6,66,text_only,7436,train_pair_0784,0,0,0.0406319759786129
liar2_finance,6,66,text_only,15037,train_pair_0033,1,1,0.9443338513374329
liar2_finance,6,66,text_only,20355,train_pair_0232,1,1,0.5799341201782227
liar2_finance,6,66,text_only,11998,train_pair_0631,0,1,0.9742874503135681
liar2_finance,6,66,text_only,2401,train_pair_0658,0,1,0.5022090077400208
liar2_finance,6,66,text_only,1261,train_pair_0304,0,0,0.11563746631145477
liar2_finance,6,66,text_only,11180,train_pair_0341,1,0,0.013476348482072353
liar2_finance,6,66,text_only,6748,train_pair_0762,1,1,0.9477616548538208
liar2_finance,6,66,text_only,4928,train_pair_0400,0,0,0.4692920446395874
liar2_finance,6,66,text_only,176,train_pair_0785,0,0,0.40585845708847046
liar2_finance,6,66,text_only,6356,train_pair_0702,1,0,0.14189639687538147
liar2_finance,6,66,text_only,9983,train_pair_0796,0,1,0.7681326270103455
liar2_finance,6,66,text_only,3087,train_pair_0404,1,1,0.6103712916374207
liar2_finance,6,66,text_only,4430,train_pair_0605,1,1,0.5592437982559204
liar2_finance,6,66,text_only,5967,train_pair_0276,0,0,0.04350380226969719
liar2_finance,6,66,text_only,4343,train_pair_0182,0,0,0.12864743173122406
liar2_finance,6,66,text_only,3548,train_pair_0459,1,0,0.28027212619781494
liar2_finance,6,66,text_only,79,train_pair_0041,0,0,0.03536030277609825
liar2_finance,6,66,text_only,3776,train_pair_0697,0,0,0.11455687135457993
liar2_finance,6,66,text_only,4661,train_pair_0785,1,0,0.03886345028877258
liar2_finance,6,66,text_only,239,train_pair_0779,0,0,0.3593575060367584
liar2_finance,6,66,text_only,440,train_pair_0044,0,0,0.0357377715408802
liar2_finance,6,66,text_only,5204,train_pair_0347,0,1,0.7921095490455627
liar2_finance,6,66,text_only,1326,train_pair_0475,0,0,0.36888864636421204
liar2_finance,6,66,text_only,21845,train_pair_0044,1,1,0.9692960381507874
liar2_finance,6,66,text_only,9316,train_pair_0111,0,1,0.725384533405304
liar2_finance,6,66,text_only,5673,train_pair_0684,0,0,0.027696797624230385
liar2_finance,6,66,text_only,12075,train_pair_0212,0,0,0.18560703098773956
liar2_finance,6,66,text_only,6453,train_pair_0663,0,0,0.021131590008735657
liar2_finance,6,66,text_only,3836,train_pair_0762,0,0,0.05044056102633476
liar2_finance,6,66,text_only,3390,train_pair_0437,0,1,0.7862016558647156
liar2_finance,6,66,text_only,177,train_pair_0475,1,0,0.36750274896621704
liar2_finance,6,66,text_only,1020,train_pair_0663,1,0,0.1660778969526291
liar2_finance,6,66,text_only,6600,train_pair_0516,1,1,0.9960544109344482
liar2_finance,6,66,text_only,5558,train_pair_0793,1,0,0.19914178550243378
liar2_finance,6,66,text_only,5089,train_pair_0314,1,0,0.10801451653242111
liar2_finance,6,66,text_only,2377,train_pair_0162,0,0,0.013260402716696262
liar2_finance,6,66,text_only,317,train_pair_0522,0,0,0.3730071187019348
liar2_finance,6,66,text_only,954,train_pair_0469,1,1,0.8939176201820374
liar2_finance,6,66,text_only,16028,train_pair_0459,0,0,0.005120586138218641
liar2_finance,6,66,text_only,10907,train_pair_0612,1,0,0.29761260747909546
liar2_finance,6,66,text_only,2351,train_pair_0589,1,1,0.9978906512260437
liar2_finance,6,66,text_only,8057,train_pair_0375,1,0,0.02318652905523777
liar2_finance,6,66,text_only,1321,train_pair_0461,0,0,0.3323501646518707
liar2_finance,6,66,text_only,7469,train_pair_0774,1,0,0.09919065982103348
liar2_finance,6,66,text_only,10882,train_pair_0552,1,1,0.989141583442688
liar2_finance,6,66,text_only,18743,train_pair_0113,1,1,0.6640949249267578
liar2_finance,6,66,text_only,4786,train_pair_0589,0,0,0.17338864505290985
liar2_finance,6,66,text_only,12662,train_pair_0697,1,1,0.9805355072021484
liar2_finance,6,66,text_only,638,train_pair_0287,0,0,0.2946704924106598
liar2_finance,6,66,text_only,6020,train_pair_0612,0,0,0.49217915534973145
liar2_finance,6,66,text_only,4764,train_pair_0003,0,1,0.5637475252151489
liar2_finance,6,66,text_only,2134,train_pair_0222,1,1,0.9946951270103455
liar2_finance,6,66,text_only,8873,train_pair_0702,0,0,0.03178176283836365
liar2_finance,6,66,text_only,1444,train_pair_0469,0,0,0.018900413066148758
liar2_finance,6,66,text_only,13799,train_pair_0013,1,1,0.9371823668479919
liar2_finance,6,66,text_only,21293,train_pair_0106,0,0,0.091105155646801
liar2_finance,6,66,text_only,3562,train_pair_0182,1,0,0.055767420679330826
liar2_finance,6,66,text_only,3311,train_pair_0129,1,1,0.8858641982078552
liar2_finance,6,66,text_only,920,train_pair_0013,0,0,0.10720209032297134
liar2_finance,6,66,text_only,834,train_pair_0287,1,0,0.20129038393497467
liar2_finance,6,66,text_only,1436,train_pair_0039,0,0,0.3149065375328064
liar2_finance,6,66,text_only,7998,train_pair_0608,1,1,0.9975519776344299
liar2_finance,6,66,text_only,2320,train_pair_0047,1,1,0.9977726340293884
liar2_finance,6,66,text_only,15586,train_pair_0027,1,1,0.9831605553627014
liar2_finance,6,66,text_only,17511,train_pair_0041,1,1,0.9560471177101135
liar2_finance,6,66,text_only,3173,train_pair_0289,0,0,0.37120071053504944
liar2_finance,6,66,text_only,11648,train_pair_0751,0,1,0.9844403266906738
liar2_finance,6,66,text_only,19216,train_pair_0677,0,1,0.9979729056358337
liar2_finance,6,66,text_only,14051,train_pair_0677,1,0,0.23066551983356476
liar2_finance,6,66,text_only,2311,train_pair_0813,1,0,0.33200350403785706
liar2_finance,6,66,text_only,13678,train_pair_0784,1,0,0.011987351812422276
liar2_finance,6,66,text_only,815,train_pair_0797,0,0,0.08917759358882904
liar2_finance,6,66,text_only,17729,train_pair_0435,1,1,0.7060617804527283
liar2_finance,6,66,text_only,5141,train_pair_0516,0,0,0.03124275431036949
liar2_finance,6,66,text_only,6811,train_pair_0716,0,0,0.4741676449775696
liar2_finance,6,66,text_only,11615,train_pair_0412,0,0,0.04091288894414902
liar2_finance,6,66,text_only,5818,train_pair_0327,1,0,0.09124063700437546
liar2_finance,6,66,text_only,15360,train_pair_0046,1,1,0.9910598397254944
liar2_finance,6,66,text_only,11746,train_pair_0751,1,0,0.332052618265152
liar2_finance,6,66,text_only,10712,train_pair_0294,0,1,0.9150525331497192
liar2_finance,6,66,text_only,2988,train_pair_0605,0,0,0.018165815621614456
liar2_finance,6,66,text_only,5170,train_pair_0522,1,0,0.03197968751192093
liar2_finance,6,66,text_only,4222,train_pair_0437,1,0,0.3210618197917938
liar2_finance,6,66,text_only,3188,train_pair_0710,0,1,0.9979098439216614
liar2_finance,6,66,text_only,3165,train_pair_0129,0,0,0.03873471915721893
liar2_finance,6,66,text_only,6313,train_pair_0508,0,0,0.03022122196853161
liar2_finance,6,66,text_only,882,train_pair_0047,0,0,0.06914210319519043
liar2_finance,6,66,text_only,5033,train_pair_0631,1,0,0.46605151891708374
liar2_finance,6,66,text_only,3831,train_pair_0507,1,1,0.5219299793243408
liar2_finance,6,66,text_only,852,train_pair_0328,0,1,0.9081473350524902
liar2_finance,6,66,text_only,20076,train_pair_0412,1,1,0.9378568530082703
liar2_finance,6,66,text_only,16491,train_pair_0003,1,0,0.4689926505088806
liar2_finance,6,66,text_only,2089,train_pair_0222,0,0,0.009943549521267414
liar2_finance,6,66,text_only,6449,train_pair_0341,0,0,0.03339052200317383
liar2_finance,6,66,text_only,9501,train_pair_0153,1,1,0.9879196882247925
liar2_finance,6,66,text_only,6329,train_pair_0417,0,0,0.12069491297006607
liar2_finance,6,66,text_only,22494,train_pair_0327,0,1,0.8723823428153992
liar2_finance,6,66,text_only,8971,train_pair_0200,0,1,0.7863577604293823
liar2_finance,6,66,text_only,6174,train_pair_0461,1,0,0.4041164815425873
liar2_finance,6,66,text_only,9245,train_pair_0304,1,1,0.9955700039863586
liar2_finance,6,66,text_only,8817,train_pair_0249,1,1,0.9926223754882812
liar2_finance,6,66,text_only,2650,train_pair_0793,0,0,0.06951539218425751
liar2_finance,6,66,text_only,3457,train_pair_0608,0,0,0.26540815830230713
liar2_finance,6,66,text_only,11241,train_pair_0330,1,0,0.3120989501476288
liar2_finance,6,66,text_only,16824,train_pair_0113,0,0,0.3066171705722809
liar2_finance,6,66,text_only,8917,train_pair_0375,0,0,0.04632151126861572
liar2_finance,6,66,text_only,22628,train_pair_0580,1,1,0.9930180311203003
liar2_finance,6,66,text_only,3513,train_pair_0779,1,1,0.7951270341873169
liar2_finance,6,66,text_only,7631,train_pair_0294,1,0,0.48945045471191406
liar2_finance,6,66,text_only,3411,train_pair_0314,0,0,0.012626529671251774
liar2_finance,6,66,text_only,11496,train_pair_0027,0,1,0.9390920400619507
liar2_finance,6,66,text_only,6047,train_pair_0508,1,1,0.9324997067451477
liar2_finance,6,66,text_only,5900,train_pair_0797,1,1,0.932293713092804
liar2_finance,6,66,text_only,3565,train_pair_0321,1,1,0.9985445737838745
liar2_finance,6,66,text_only,12575,train_pair_0276,1,1,0.9495506882667542
liar2_finance,6,66,text_only,3511,train_pair_0432,0,0,0.018005039542913437
liar2_finance,6,66,text_only,1131,train_pair_0330,0,0,0.11657650768756866
liar2_finance,6,66,text_only,8740,train_pair_0232,0,0,0.16668079793453217
liar2_finance,6,66,text_only,9500,train_pair_0321,0,0,0.05670315399765968
liar2_finance,6,66,text_only,10112,train_pair_0476,0,0,0.01701302081346512
liar2_finance,6,66,text_only,7254,validation_pair_0024,0,0,0.02550169639289379
liar2_finance,6,66,text_only,5328,validation_pair_0102,0,1,0.707915186882019
liar2_finance,6,66,text_only,23327,validation_pair_0005,1,1,0.9976671934127808
liar2_finance,6,66,text_only,5006,validation_pair_0058,0,0,0.144880011677742
liar2_finance,6,66,text_only,5630,validation_pair_0074,1,1,0.9806068539619446
liar2_finance,6,66,text_only,19834,validation_pair_0026,0,0,0.01862981915473938
liar2_finance,6,66,text_only,15276,validation_pair_0092,1,1,0.9211804270744324
liar2_finance,6,66,text_only,5943,validation_pair_0022,1,1,0.9828342199325562
liar2_finance,6,66,text_only,4668,validation_pair_0026,1,1,0.857260525226593
liar2_finance,6,66,text_only,3739,validation_pair_0092,0,0,0.15690630674362183
liar2_finance,6,66,text_only,11165,validation_pair_0022,0,0,0.01679636910557747
liar2_finance,6,66,text_only,2394,validation_pair_0005,0,1,0.9497062563896179
liar2_finance,6,66,text_only,11692,validation_pair_0024,1,1,0.9922822117805481
liar2_finance,6,66,text_only,9204,validation_pair_0102,1,0,0.02693677507340908
liar2_finance,6,66,text_only,5185,validation_pair_0050,0,0,0.03165459260344505
liar2_finance,6,66,text_only,5855,validation_pair_0050,1,1,0.994559109210968
liar2_finance,6,66,text_only,6212,validation_pair_0058,1,1,0.9974821209907532
liar2_finance,6,66,text_only,5432,validation_pair_0074,0,0,0.011289887130260468
liar2_finance,6,66,emotion_aware,6164,test_pair_0039,1,0,0.11243932694196701
liar2_finance,6,66,emotion_aware,10619,test_pair_0031,1,0,0.10096118599176407
liar2_finance,6,66,emotion_aware,2801,test_pair_0078,0,1,0.5114778280258179
liar2_finance,6,66,emotion_aware,11532,test_pair_0028,0,0,0.22677074372768402
liar2_finance,6,66,emotion_aware,2358,test_pair_0013,1,0,0.1429298371076584
liar2_finance,6,66,emotion_aware,19529,test_pair_0067,1,1,0.9813446998596191
liar2_finance,6,66,emotion_aware,5769,test_pair_0050,1,1,0.8626395463943481
liar2_finance,6,66,emotion_aware,830,test_pair_0029,1,0,0.09465837478637695
liar2_finance,6,66,emotion_aware,15865,test_pair_0078,1,1,0.9849792122840881
liar2_finance,6,66,emotion_aware,9644,test_pair_0043,0,0,0.021257983520627022
liar2_finance,6,66,emotion_aware,3089,test_pair_0024,1,0,0.46774372458457947
liar2_finance,6,66,emotion_aware,5583,test_pair_0048,0,0,0.058034416288137436
liar2_finance,6,66,emotion_aware,12670,test_pair_0061,1,1,0.9458122253417969
liar2_finance,6,66,emotion_aware,23236,test_pair_0059,0,1,0.8075543642044067
liar2_finance,6,66,emotion_aware,2441,test_pair_0076,1,1,0.9946339130401611
liar2_finance,6,66,emotion_aware,36,test_pair_0067,0,1,0.97378009557724
liar2_finance,6,66,emotion_aware,14293,test_pair_0013,0,0,0.311275452375412
liar2_finance,6,66,emotion_aware,10950,test_pair_0041,0,0,0.0656721219420433
liar2_finance,6,66,emotion_aware,8519,test_pair_0043,1,1,0.939456582069397
liar2_finance,6,66,emotion_aware,10703,test_pair_0039,0,0,0.47767895460128784
liar2_finance,6,66,emotion_aware,9412,test_pair_0024,0,0,0.04453648626804352
liar2_finance,6,66,emotion_aware,4084,test_pair_0048,1,1,0.5607869029045105
liar2_finance,6,66,emotion_aware,4670,test_pair_0031,0,1,0.6254760026931763
liar2_finance,6,66,emotion_aware,5865,test_pair_0093,0,1,0.5451265573501587
liar2_finance,6,66,emotion_aware,3735,test_pair_0041,1,0,0.15905803442001343
liar2_finance,6,66,emotion_aware,8484,test_pair_0028,1,0,0.2454567402601242
liar2_finance,6,66,emotion_aware,4290,test_pair_0054,0,1,0.9785854816436768
liar2_finance,6,66,emotion_aware,7666,test_pair_0093,1,1,0.8673328161239624
liar2_finance,6,66,emotion_aware,1995,test_pair_0029,0,0,0.36850979924201965
liar2_finance,6,66,emotion_aware,10487,test_pair_0076,0,0,0.044879406690597534
liar2_finance,6,66,emotion_aware,3357,test_pair_0050,0,0,0.015534820035099983
liar2_finance,6,66,emotion_aware,15214,test_pair_0059,1,1,0.5584184527397156
liar2_finance,6,66,emotion_aware,15667,test_pair_0061,0,0,0.05211663618683815
liar2_finance,6,66,emotion_aware,4731,test_pair_0054,1,1,0.9897856712341309
liar2_finance,6,66,emotion_aware,5964,train_pair_0328,1,1,0.9221417307853699
liar2_finance,6,66,emotion_aware,12651,train_pair_0033,0,0,0.42389848828315735
liar2_finance,6,66,emotion_aware,12893,train_pair_0400,1,1,0.5631262063980103
liar2_finance,6,66,emotion_aware,850,train_pair_0296,0,0,0.08040983974933624
liar2_finance,6,66,emotion_aware,1333,train_pair_0774,0,0,0.07170719653367996
liar2_finance,6,66,emotion_aware,21736,train_pair_0796,1,0,0.24629056453704834
liar2_finance,6,66,emotion_aware,3462,train_pair_0289,1,1,0.532546877861023
liar2_finance,6,66,emotion_aware,5775,train_pair_0476,1,0,0.26338663697242737
liar2_finance,6,66,emotion_aware,2471,train_pair_0710,1,1,0.9090419411659241
liar2_finance,6,66,emotion_aware,15080,train_pair_0580,0,1,0.9647165536880493
liar2_finance,6,66,emotion_aware,4777,train_pair_0435,0,0,0.009976973757147789
liar2_finance,6,66,emotion_aware,3070,train_pair_0432,1,1,0.7246253490447998
liar2_finance,6,66,emotion_aware,17028,train_pair_0200,1,0,0.25115787982940674
liar2_finance,6,66,emotion_aware,9565,train_pair_0296,1,1,0.8337001204490662
liar2_finance,6,66,emotion_aware,8394,train_pair_0249,0,1,0.7574629783630371
liar2_finance,6,66,emotion_aware,12786,train_pair_0552,0,0,0.012039681896567345
liar2_finance,6,66,emotion_aware,10214,train_pair_0106,1,1,0.9743314385414124
liar2_finance,6,66,emotion_aware,2923,train_pair_0111,1,1,0.9978795051574707
liar2_finance,6,66,emotion_aware,10550,train_pair_0039,1,1,0.9972019195556641
liar2_finance,6,66,emotion_aware,4909,train_pair_0347,1,0,0.368694931268692
liar2_finance,6,66,emotion_aware,10365,train_pair_0417,1,1,0.9650192260742188
liar2_finance,6,66,emotion_aware,3967,train_pair_0153,0,0,0.03474528715014458
liar2_finance,6,66,emotion_aware,4765,train_pair_0507,0,1,0.5439620614051819
liar2_finance,6,66,emotion_aware,114,train_pair_0813,0,1,0.9270563125610352
liar2_finance,6,66,emotion_aware,10,train_pair_0046,0,0,0.07249370217323303
liar2_finance,6,66,emotion_aware,7953,train_pair_0162,1,1,0.9240494966506958
liar2_finance,6,66,emotion_aware,1291,train_pair_0404,0,0,0.050810396671295166
liar2_finance,6,66,emotion_aware,10132,train_pair_0212,1,1,0.9875307679176331
liar2_finance,6,66,emotion_aware,13429,train_pair_0716,1,1,0.789939820766449
liar2_finance,6,66,emotion_aware,9124,train_pair_0658,1,0,0.24462822079658508
liar2_finance,6,66,emotion_aware,2489,train_pair_0684,1,1,0.9499683380126953
liar2_finance,6,66,emotion_aware,7436,train_pair_0784,0,0,0.022075820714235306
liar2_finance,6,66,emotion_aware,15037,train_pair_0033,1,1,0.5572430491447449
liar2_finance,6,66,emotion_aware,20355,train_pair_0232,1,1,0.6357585191726685
liar2_finance,6,66,emotion_aware,11998,train_pair_0631,0,1,0.9692955017089844
liar2_finance,6,66,emotion_aware,2401,train_pair_0658,0,0,0.3976913094520569
liar2_finance,6,66,emotion_aware,1261,train_pair_0304,0,1,0.6197690963745117
liar2_finance,6,66,emotion_aware,11180,train_pair_0341,1,0,0.031599439680576324
liar2_finance,6,66,emotion_aware,6748,train_pair_0762,1,1,0.9647040367126465
liar2_finance,6,66,emotion_aware,4928,train_pair_0400,0,1,0.6415091753005981
liar2_finance,6,66,emotion_aware,176,train_pair_0785,0,0,0.09380213171243668
liar2_finance,6,66,emotion_aware,6356,train_pair_0702,1,0,0.3672578036785126
liar2_finance,6,66,emotion_aware,9983,train_pair_0796,0,0,0.3312590420246124
liar2_finance,6,66,emotion_aware,3087,train_pair_0404,1,1,0.6329349875450134
liar2_finance,6,66,emotion_aware,4430,train_pair_0605,1,1,0.6262370347976685
liar2_finance,6,66,emotion_aware,5967,train_pair_0276,0,0,0.03160705789923668
liar2_finance,6,66,emotion_aware,4343,train_pair_0182,0,0,0.20651724934577942
liar2_finance,6,66,emotion_aware,3548,train_pair_0459,1,0,0.38857075572013855
liar2_finance,6,66,emotion_aware,79,train_pair_0041,0,0,0.06860262900590897
liar2_finance,6,66,emotion_aware,3776,train_pair_0697,0,0,0.08249646425247192
liar2_finance,6,66,emotion_aware,4661,train_pair_0785,1,0,0.030832313001155853
liar2_finance,6,66,emotion_aware,239,train_pair_0779,0,0,0.18985415995121002
liar2_finance,6,66,emotion_aware,440,train_pair_0044,0,0,0.03887972608208656
liar2_finance,6,66,emotion_aware,5204,train_pair_0347,0,0,0.4596729278564453
liar2_finance,6,66,emotion_aware,1326,train_pair_0475,0,0,0.19227324426174164
liar2_finance,6,66,emotion_aware,21845,train_pair_0044,1,1,0.9688493609428406
liar2_finance,6,66,emotion_aware,9316,train_pair_0111,0,1,0.8612058162689209
liar2_finance,6,66,emotion_aware,5673,train_pair_0684,0,0,0.007402739487588406
liar2_finance,6,66,emotion_aware,12075,train_pair_0212,0,0,0.0760221928358078
liar2_finance,6,66,emotion_aware,6453,train_pair_0663,0,0,0.06862267851829529
liar2_finance,6,66,emotion_aware,3836,train_pair_0762,0,0,0.07184918969869614
liar2_finance,6,66,emotion_aware,3390,train_pair_0437,0,1,0.6616227626800537
liar2_finance,6,66,emotion_aware,177,train_pair_0475,1,0,0.30751171708106995
liar2_finance,6,66,emotion_aware,1020,train_pair_0663,1,0,0.29309290647506714
liar2_finance,6,66,emotion_aware,6600,train_pair_0516,1,1,0.9954735636711121
liar2_finance,6,66,emotion_aware,5558,train_pair_0793,1,0,0.4905332922935486
liar2_finance,6,66,emotion_aware,5089,train_pair_0314,1,0,0.2460085153579712
liar2_finance,6,66,emotion_aware,2377,train_pair_0162,0,0,0.0327611081302166
liar2_finance,6,66,emotion_aware,317,train_pair_0522,0,0,0.30664458870887756
liar2_finance,6,66,emotion_aware,954,train_pair_0469,1,1,0.9649680256843567
liar2_finance,6,66,emotion_aware,16028,train_pair_0459,0,0,0.0047743613831698895
liar2_finance,6,66,emotion_aware,10907,train_pair_0612,1,0,0.12065213918685913
liar2_finance,6,66,emotion_aware,2351,train_pair_0589,1,1,0.9979925155639648
liar2_finance,6,66,emotion_aware,8057,train_pair_0375,1,0,0.02485649287700653
liar2_finance,6,66,emotion_aware,1321,train_pair_0461,0,0,0.17834016680717468
liar2_finance,6,66,emotion_aware,7469,train_pair_0774,1,0,0.11672189831733704
liar2_finance,6,66,emotion_aware,10882,train_pair_0552,1,1,0.9735000133514404
liar2_finance,6,66,emotion_aware,18743,train_pair_0113,1,1,0.6386750340461731
liar2_finance,6,66,emotion_aware,4786,train_pair_0589,0,0,0.09443929046392441
liar2_finance,6,66,emotion_aware,12662,train_pair_0697,1,1,0.8628575801849365
liar2_finance,6,66,emotion_aware,638,train_pair_0287,0,0,0.1812984198331833
liar2_finance,6,66,emotion_aware,6020,train_pair_0612,0,1,0.7611339688301086
liar2_finance,6,66,emotion_aware,4764,train_pair_0003,0,1,0.6812052726745605
liar2_finance,6,66,emotion_aware,2134,train_pair_0222,1,1,0.9925724267959595
liar2_finance,6,66,emotion_aware,8873,train_pair_0702,0,0,0.10778877884149551
liar2_finance,6,66,emotion_aware,1444,train_pair_0469,0,0,0.022208916023373604
liar2_finance,6,66,emotion_aware,13799,train_pair_0013,1,1,0.6668856739997864
liar2_finance,6,66,emotion_aware,21293,train_pair_0106,0,0,0.026901140809059143
liar2_finance,6,66,emotion_aware,3562,train_pair_0182,1,0,0.29849401116371155
liar2_finance,6,66,emotion_aware,3311,train_pair_0129,1,1,0.6566330194473267
liar2_finance,6,66,emotion_aware,920,train_pair_0013,0,0,0.1654435396194458
liar2_finance,6,66,emotion_aware,834,train_pair_0287,1,0,0.3960249125957489
liar2_finance,6,66,emotion_aware,1436,train_pair_0039,0,0,0.3512338697910309
liar2_finance,6,66,emotion_aware,7998,train_pair_0608,1,1,0.9960119724273682
liar2_finance,6,66,emotion_aware,2320,train_pair_0047,1,1,0.996177077293396
liar2_finance,6,66,emotion_aware,15586,train_pair_0027,1,1,0.9369885921478271
liar2_finance,6,66,emotion_aware,17511,train_pair_0041,1,1,0.9731054902076721
liar2_finance,6,66,emotion_aware,3173,train_pair_0289,0,0,0.18075402081012726
liar2_finance,6,66,emotion_aware,11648,train_pair_0751,0,1,0.9485034346580505
liar2_finance,6,66,emotion_aware,19216,train_pair_0677,0,1,0.9972311854362488
liar2_finance,6,66,emotion_aware,14051,train_pair_0677,1,1,0.5021167993545532
liar2_finance,6,66,emotion_aware,2311,train_pair_0813,1,1,0.6929705142974854
liar2_finance,6,66,emotion_aware,13678,train_pair_0784,1,0,0.0116248968988657
liar2_finance,6,66,emotion_aware,815,train_pair_0797,0,0,0.10243681818246841
liar2_finance,6,66,emotion_aware,17729,train_pair_0435,1,1,0.6994460821151733
liar2_finance,6,66,emotion_aware,5141,train_pair_0516,0,0,0.03436833620071411
liar2_finance,6,66,emotion_aware,6811,train_pair_0716,0,0,0.46437135338783264
liar2_finance,6,66,emotion_aware,11615,train_pair_0412,0,0,0.022844651713967323
liar2_finance,6,66,emotion_aware,5818,train_pair_0327,1,0,0.4225108027458191
liar2_finance,6,66,emotion_aware,15360,train_pair_0046,1,1,0.9876970648765564
liar2_finance,6,66,emotion_aware,11746,train_pair_0751,1,0,0.11669180542230606
liar2_finance,6,66,emotion_aware,10712,train_pair_0294,0,1,0.6913396120071411
liar2_finance,6,66,emotion_aware,2988,train_pair_0605,0,0,0.01470208540558815
liar2_finance,6,66,emotion_aware,5170,train_pair_0522,1,0,0.11488842219114304
liar2_finance,6,66,emotion_aware,4222,train_pair_0437,1,0,0.12162446230649948
liar2_finance,6,66,emotion_aware,3188,train_pair_0710,0,1,0.9963147044181824
liar2_finance,6,66,emotion_aware,3165,train_pair_0129,0,0,0.04056813567876816
liar2_finance,6,66,emotion_aware,6313,train_pair_0508,0,0,0.01642644964158535
liar2_finance,6,66,emotion_aware,882,train_pair_0047,0,0,0.17428942024707794
liar2_finance,6,66,emotion_aware,5033,train_pair_0631,1,0,0.4285828471183777
liar2_finance,6,66,emotion_aware,3831,train_pair_0507,1,0,0.14209188520908356
liar2_finance,6,66,emotion_aware,852,train_pair_0328,0,1,0.9125766158103943
liar2_finance,6,66,emotion_aware,20076,train_pair_0412,1,1,0.8599079251289368
liar2_finance,6,66,emotion_aware,16491,train_pair_0003,1,1,0.5291258096694946
liar2_finance,6,66,emotion_aware,2089,train_pair_0222,0,0,0.015809379518032074
liar2_finance,6,66,emotion_aware,6449,train_pair_0341,0,0,0.11302676796913147
liar2_finance,6,66,emotion_aware,9501,train_pair_0153,1,1,0.9891681671142578
liar2_finance,6,66,emotion_aware,6329,train_pair_0417,0,0,0.06619779765605927
liar2_finance,6,66,emotion_aware,22494,train_pair_0327,0,1,0.6447020769119263
liar2_finance,6,66,emotion_aware,8971,train_pair_0200,0,1,0.8540111184120178
liar2_finance,6,66,emotion_aware,6174,train_pair_0461,1,1,0.723136842250824
liar2_finance,6,66,emotion_aware,9245,train_pair_0304,1,1,0.8838224411010742
liar2_finance,6,66,emotion_aware,8817,train_pair_0249,1,1,0.9736891984939575
liar2_finance,6,66,emotion_aware,2650,train_pair_0793,0,0,0.0373007096350193
liar2_finance,6,66,emotion_aware,3457,train_pair_0608,0,0,0.21618500351905823
liar2_finance,6,66,emotion_aware,11241,train_pair_0330,1,0,0.2766440510749817
liar2_finance,6,66,emotion_aware,16824,train_pair_0113,0,0,0.11843317002058029
liar2_finance,6,66,emotion_aware,8917,train_pair_0375,0,0,0.04649443179368973
liar2_finance,6,66,emotion_aware,22628,train_pair_0580,1,1,0.9794272184371948
liar2_finance,6,66,emotion_aware,3513,train_pair_0779,1,1,0.8085162043571472
liar2_finance,6,66,emotion_aware,7631,train_pair_0294,1,1,0.5866729617118835
liar2_finance,6,66,emotion_aware,3411,train_pair_0314,0,0,0.01485359575599432
liar2_finance,6,66,emotion_aware,11496,train_pair_0027,0,1,0.9208025336265564
liar2_finance,6,66,emotion_aware,6047,train_pair_0508,1,1,0.9748989939689636
liar2_finance,6,66,emotion_aware,5900,train_pair_0797,1,1,0.8683016300201416
liar2_finance,6,66,emotion_aware,3565,train_pair_0321,1,1,0.9980556964874268
liar2_finance,6,66,emotion_aware,12575,train_pair_0276,1,1,0.9404647350311279
liar2_finance,6,66,emotion_aware,3511,train_pair_0432,0,0,0.030714035034179688
liar2_finance,6,66,emotion_aware,1131,train_pair_0330,0,0,0.11091896146535873
liar2_finance,6,66,emotion_aware,8740,train_pair_0232,0,0,0.26604801416397095
liar2_finance,6,66,emotion_aware,9500,train_pair_0321,0,0,0.03335088491439819
liar2_finance,6,66,emotion_aware,10112,train_pair_0476,0,0,0.022221047431230545
liar2_finance,6,66,emotion_aware,7254,validation_pair_0024,0,0,0.016846628859639168
liar2_finance,6,66,emotion_aware,5328,validation_pair_0102,0,1,0.8259189128875732
liar2_finance,6,66,emotion_aware,23327,validation_pair_0005,1,1,0.9915254712104797
liar2_finance,6,66,emotion_aware,5006,validation_pair_0058,0,0,0.0777449831366539
liar2_finance,6,66,emotion_aware,5630,validation_pair_0074,1,1,0.9671521782875061
liar2_finance,6,66,emotion_aware,19834,validation_pair_0026,0,0,0.01655653677880764
liar2_finance,6,66,emotion_aware,15276,validation_pair_0092,1,1,0.91758793592453
liar2_finance,6,66,emotion_aware,5943,validation_pair_0022,1,1,0.9880019426345825
liar2_finance,6,66,emotion_aware,4668,validation_pair_0026,1,1,0.9102699160575867
liar2_finance,6,66,emotion_aware,3739,validation_pair_0092,0,0,0.2771826386451721
liar2_finance,6,66,emotion_aware,11165,validation_pair_0022,0,0,0.0061567979864776134
liar2_finance,6,66,emotion_aware,2394,validation_pair_0005,0,1,0.9235623478889465
liar2_finance,6,66,emotion_aware,11692,validation_pair_0024,1,1,0.9894728064537048
liar2_finance,6,66,emotion_aware,9204,validation_pair_0102,1,0,0.07236223667860031
liar2_finance,6,66,emotion_aware,5185,validation_pair_0050,0,0,0.11253548413515091
liar2_finance,6,66,emotion_aware,5855,validation_pair_0050,1,1,0.9816946387290955
liar2_finance,6,66,emotion_aware,6212,validation_pair_0058,1,1,0.9943513870239258
liar2_finance,6,66,emotion_aware,5432,validation_pair_0074,0,0,0.018056178465485573
liar2_finance,7,77,text_only,8342,test_pair_0060,0,0,0.2169814258813858
liar2_finance,7,77,text_only,2358,test_pair_0013,1,0,0.3305802047252655
liar2_finance,7,77,text_only,1495,test_pair_0005,0,1,0.6886911392211914
liar2_finance,7,77,text_only,13695,test_pair_0042,1,1,0.9563214778900146
liar2_finance,7,77,text_only,14293,test_pair_0013,0,1,0.766587495803833
liar2_finance,7,77,text_only,5953,test_pair_0060,1,1,0.9963129162788391
liar2_finance,7,77,text_only,10818,test_pair_0044,1,1,0.8844268918037415
liar2_finance,7,77,text_only,8149,test_pair_0042,0,0,0.01140234712511301
liar2_finance,7,77,text_only,22818,test_pair_0005,1,1,0.9768564105033875
liar2_finance,7,77,text_only,3946,test_pair_0044,0,1,0.9654979109764099
liar2_finance,7,77,text_only,3159,train_pair_0166,0,0,0.011789063923060894
liar2_finance,7,77,text_only,14220,train_pair_0754,0,0,0.38366779685020447
liar2_finance,7,77,text_only,2775,train_pair_0099,1,0,0.07556816190481186
liar2_finance,7,77,text_only,1887,train_pair_0602,1,0,0.004190465435385704
liar2_finance,7,77,text_only,7910,train_pair_0374,1,0,0.018492888659238815
liar2_finance,7,77,text_only,706,train_pair_0055,0,0,0.3078130781650543
liar2_finance,7,77,text_only,5709,train_pair_0214,0,1,0.5375543832778931
liar2_finance,7,77,text_only,8746,train_pair_0748,0,1,0.910212516784668
liar2_finance,7,77,text_only,3898,train_pair_0434,0,0,0.22980652749538422
liar2_finance,7,77,text_only,12268,train_pair_0659,1,0,0.15592077374458313
liar2_finance,7,77,text_only,8069,train_pair_0609,1,1,0.9664236903190613
liar2_finance,7,77,text_only,16939,train_pair_0377,1,1,0.9922739863395691
liar2_finance,7,77,text_only,4588,train_pair_0268,1,0,0.043218303471803665
liar2_finance,7,77,text_only,2471,train_pair_0710,1,1,0.5131641030311584
liar2_finance,7,77,text_only,15623,train_pair_0654,0,1,0.8942787051200867
liar2_finance,7,77,text_only,4614,train_pair_0017,1,1,0.9822178483009338
liar2_finance,7,77,text_only,7681,train_pair_0425,0,1,0.5591414570808411
liar2_finance,7,77,text_only,159,train_pair_0757,0,0,0.2919580936431885
liar2_finance,7,77,text_only,13982,train_pair_0599,1,1,0.9819239974021912
liar2_finance,7,77,text_only,3149,train_pair_0268,0,0,0.1105421707034111
liar2_finance,7,77,text_only,4273,train_pair_0035,0,0,0.11499793827533722
liar2_finance,7,77,text_only,2275,train_pair_0512,1,0,0.3466102182865143
liar2_finance,7,77,text_only,7069,train_pair_0615,0,0,0.20574036240577698
liar2_finance,7,77,text_only,10365,train_pair_0417,1,1,0.9111044406890869
liar2_finance,7,77,text_only,10888,train_pair_0166,1,0,0.05541833117604256
liar2_finance,7,77,text_only,4765,train_pair_0507,0,1,0.83253014087677
liar2_finance,7,77,text_only,5764,train_pair_0279,0,0,0.023296110332012177
liar2_finance,7,77,text_only,19633,train_pair_0085,1,1,0.9664440751075745
liar2_finance,7,77,text_only,3473,train_pair_0659,0,0,0.06556208431720734
liar2_finance,7,77,text_only,10,train_pair_0046,0,0,0.25098568201065063
liar2_finance,7,77,text_only,8828,train_pair_0279,1,1,0.8172377347946167
liar2_finance,7,77,text_only,21825,train_pair_0802,1,0,0.20947542786598206
liar2_finance,7,77,text_only,3705,train_pair_0451,0,0,0.06225081533193588
liar2_finance,7,77,text_only,13429,train_pair_0716,1,1,0.9521647691726685
liar2_finance,7,77,text_only,4875,train_pair_0326,1,0,0.22357529401779175
liar2_finance,7,77,text_only,3122,train_pair_0451,1,0,0.06542353332042694
liar2_finance,7,77,text_only,3882,train_pair_0131,0,0,0.009258849546313286
liar2_finance,7,77,text_only,14089,train_pair_0660,1,0,0.49796029925346375
liar2_finance,7,77,text_only,11895,train_pair_0097,1,1,0.9923267960548401
liar2_finance,7,77,text_only,3595,train_pair_0609,0,1,0.9819900989532471
liar2_finance,7,77,text_only,4994,train_pair_0748,1,0,0.013823949731886387
liar2_finance,7,77,text_only,338,train_pair_0757,1,1,0.9957984089851379
liar2_finance,7,77,text_only,7220,train_pair_0423,0,0,0.4409206211566925
liar2_finance,7,77,text_only,3141,train_pair_0465,0,0,0.021530756726861
liar2_finance,7,77,text_only,3947,train_pair_0369,1,1,0.792162299156189
liar2_finance,7,77,text_only,4609,train_pair_0255,1,1,0.8080101609230042
liar2_finance,7,77,text_only,3842,train_pair_0781,0,0,0.029181787744164467
liar2_finance,7,77,text_only,11970,train_pair_0008,0,0,0.14533908665180206
liar2_finance,7,77,text_only,5242,train_pair_0133,0,0,0.05233584716916084
liar2_finance,7,77,text_only,2565,train_pair_0802,0,1,0.9794098138809204
liar2_finance,7,77,text_only,13285,train_pair_0621,0,1,0.8419960737228394
liar2_finance,7,77,text_only,2026,train_pair_0214,1,0,0.4804908037185669
liar2_finance,7,77,text_only,4381,train_pair_0604,1,1,0.8272851705551147
liar2_finance,7,77,text_only,2647,train_pair_0798,0,0,0.12991522252559662
liar2_finance,7,77,text_only,16858,train_pair_0326,0,0,0.027530204504728317
liar2_finance,7,77,text_only,16042,train_pair_0718,1,0,0.007443064823746681
liar2_finance,7,77,text_only,16967,train_pair_0795,1,1,0.8717990517616272
liar2_finance,7,77,text_only,12272,train_pair_0752,1,1,0.987603485584259
liar2_finance,7,77,text_only,6261,train_pair_0662,0,0,0.03179924190044403
liar2_finance,7,77,text_only,13832,train_pair_0615,1,1,0.7941004037857056
liar2_finance,7,77,text_only,9110,train_pair_0261,1,1,0.5263972282409668
liar2_finance,7,77,text_only,4343,train_pair_0182,0,0,0.026392756029963493
liar2_finance,7,77,text_only,20677,train_pair_0621,1,0,0.10312704741954803
liar2_finance,7,77,text_only,79,train_pair_0041,0,0,0.10481628030538559
liar2_finance,7,77,text_only,16570,train_pair_0043,1,1,0.5555030107498169
liar2_finance,7,77,text_only,21804,train_pair_0662,1,1,0.997012734413147
liar2_finance,7,77,text_only,758,train_pair_0089,0,1,0.9919642210006714
liar2_finance,7,77,text_only,6012,train_pair_0057,0,0,0.003848809050396085
liar2_finance,7,77,text_only,3564,train_pair_0660,0,1,0.9143306612968445
liar2_finance,7,77,text_only,6006,train_pair_0074,0,0,0.04507310315966606
liar2_finance,7,77,text_only,5198,train_pair_0416,0,0,0.20976243913173676
liar2_finance,7,77,text_only,8593,train_pair_0428,0,1,0.6469306349754333
liar2_finance,7,77,text_only,9121,train_pair_0091,0,0,0.014410000294446945
liar2_finance,7,77,text_only,5899,train_pair_0711,1,1,0.9661447405815125
liar2_finance,7,77,text_only,8690,train_pair_0529,0,0,0.2646474540233612
liar2_finance,7,77,text_only,1315,train_pair_0512,0,0,0.0021330672316253185
liar2_finance,7,77,text_only,8468,train_pair_0433,1,1,0.5736108422279358
liar2_finance,7,77,text_only,1579,train_pair_0318,1,1,0.5518707633018494
liar2_finance,7,77,text_only,4106,train_pair_0239,0,0,0.010304705239832401
liar2_finance,7,77,text_only,3655,train_pair_0433,0,0,0.004413227085024118
liar2_finance,7,77,text_only,5745,train_pair_0363,1,0,0.10102254897356033
liar2_finance,7,77,text_only,3545,train_pair_0711,0,1,0.6527025699615479
liar2_finance,7,77,text_only,16854,train_pair_0230,1,0,0.4179826080799103
liar2_finance,7,77,text_only,7348,train_pair_0667,0,1,0.5873690843582153
liar2_finance,7,77,text_only,1372,train_pair_0463,0,0,0.03912279009819031
liar2_finance,7,77,text_only,6750,train_pair_0131,1,1,0.9602006077766418
liar2_finance,7,77,text_only,3100,train_pair_0423,1,1,0.6471003890037537
liar2_finance,7,77,text_only,4506,train_pair_0097,0,0,0.008620712906122208
liar2_finance,7,77,text_only,13331,train_pair_0002,0,0,0.05544368550181389
liar2_finance,7,77,text_only,1901,train_pair_0161,0,0,0.31884899735450745
liar2_finance,7,77,text_only,4764,train_pair_0003,0,0,0.3944607079029083
liar2_finance,7,77,text_only,2148,train_pair_0332,0,1,0.5691461563110352
liar2_finance,7,77,text_only,7887,train_pair_0355,0,1,0.7579980492591858
liar2_finance,7,77,text_only,1567,train_pair_0298,1,1,0.9846787452697754
liar2_finance,7,77,text_only,7101,train_pair_0374,0,0,0.17488610744476318
liar2_finance,7,77,text_only,15890,train_pair_0718,0,0,0.03282218426465988
liar2_finance,7,77,text_only,2686,train_pair_0073,1,1,0.8181542754173279
liar2_finance,7,77,text_only,9,train_pair_0043,0,0,0.17703650891780853
liar2_finance,7,77,text_only,3687,train_pair_0667,1,0,0.24271617829799652
liar2_finance,7,77,text_only,5307,train_pair_0008,1,0,0.4552624821662903
liar2_finance,7,77,text_only,3562,train_pair_0182,1,0,0.1997770518064499
liar2_finance,7,77,text_only,20353,train_pair_0754,1,1,0.9917275905609131
liar2_finance,7,77,text_only,17032,train_pair_0002,1,1,0.9924337863922119
liar2_finance,7,77,text_only,7668,train_pair_0363,0,0,0.4264940619468689
liar2_finance,7,77,text_only,3394,train_pair_0320,1,0,0.10267829149961472
liar2_finance,7,77,text_only,12333,train_pair_0035,1,0,0.30162563920021057
liar2_finance,7,77,text_only,17511,train_pair_0041,1,1,0.9709739685058594
liar2_finance,7,77,text_only,3044,train_pair_0369,0,1,0.7357209324836731
liar2_finance,7,77,text_only,4113,train_pair_0460,1,0,0.008641337975859642
liar2_finance,7,77,text_only,18207,train_pair_0195,1,1,0.9403791427612305
liar2_finance,7,77,text_only,6623,train_pair_0017,0,1,0.9286225438117981
liar2_finance,7,77,text_only,7188,train_pair_0781,1,1,0.9232890009880066
liar2_finance,7,77,text_only,12538,train_pair_0752,0,0,0.013096766546368599
liar2_finance,7,77,text_only,2764,train_pair_0073,0,0,0.0197465680539608
liar2_finance,7,77,text_only,14900,train_pair_0767,1,0,0.1530299037694931
liar2_finance,7,77,text_only,21674,train_pair_0355,1,1,0.9297471046447754
liar2_finance,7,77,text_only,15483,train_pair_0195,0,0,0.009956788271665573
liar2_finance,7,77,text_only,822,train_pair_0463,1,1,0.9896079897880554
liar2_finance,7,77,text_only,9057,train_pair_0576,0,1,0.5198773741722107
liar2_finance,7,77,text_only,6811,train_pair_0716,0,1,0.6948398351669312
liar2_finance,7,77,text_only,11615,train_pair_0412,0,0,0.0824701115489006
liar2_finance,7,77,text_only,15360,train_pair_0046,1,1,0.9941658973693848
liar2_finance,7,77,text_only,7109,train_pair_0085,0,1,0.9701533913612366
liar2_finance,7,77,text_only,8654,train_pair_0599,0,0,0.31553757190704346
liar2_finance,7,77,text_only,22245,train_pair_0055,1,1,0.9665653705596924
liar2_finance,7,77,text_only,12178,train_pair_0133,1,1,0.9721534252166748
liar2_finance,7,77,text_only,410,train_pair_0089,1,0,0.45714208483695984
liar2_finance,7,77,text_only,1463,train_pair_0298,0,1,0.776921808719635
liar2_finance,7,77,text_only,17533,train_pair_0332,1,1,0.9510287642478943
liar2_finance,7,77,text_only,17964,train_pair_0460,0,0,0.0839415192604065
liar2_finance,7,77,text_only,5566,train_pair_0425,1,1,0.9615758657455444
liar2_finance,7,77,text_only,3188,train_pair_0710,0,1,0.9656956791877747
liar2_finance,7,77,text_only,22788,train_pair_0018,1,1,0.8471292853355408
liar2_finance,7,77,text_only,1116,train_pair_0377,0,0,0.016596568748354912
liar2_finance,7,77,text_only,778,train_pair_0602,0,0,0.015083199366927147
liar2_finance,7,77,text_only,6423,train_pair_0261,0,0,0.16154517233371735
liar2_finance,7,77,text_only,3831,train_pair_0507,1,0,0.2438286989927292
liar2_finance,7,77,text_only,14536,train_pair_0576,1,1,0.9358590245246887
liar2_finance,7,77,text_only,7523,train_pair_0416,1,0,0.039405081421136856
liar2_finance,7,77,text_only,8050,train_pair_0318,0,0,0.0811319649219513
liar2_finance,7,77,text_only,20076,train_pair_0412,1,1,0.9929516911506653
liar2_finance,7,77,text_only,16192,train_pair_0434,1,0,0.17022228240966797
liar2_finance,7,77,text_only,8534,train_pair_0687,0,0,0.31419163942337036
liar2_finance,7,77,text_only,16491,train_pair_0003,1,1,0.7139463424682617
liar2_finance,7,77,text_only,6329,train_pair_0417,0,0,0.008969951421022415
liar2_finance,7,77,text_only,4866,train_pair_0161,1,1,0.9924079179763794
liar2_finance,7,77,text_only,6591,train_pair_0018,0,0,0.10722799599170685
liar2_finance,7,77,text_only,10198,train_pair_0091,1,1,0.9134064316749573
liar2_finance,7,77,text_only,7976,train_pair_0239,1,1,0.9736114740371704
liar2_finance,7,77,text_only,6314,train_pair_0654,1,1,0.9957213401794434
liar2_finance,7,77,text_only,7603,train_pair_0230,0,0,0.0067987930960953236
liar2_finance,7,77,text_only,10848,train_pair_0529,1,0,0.035763464868068695
liar2_finance,7,77,text_only,8874,train_pair_0320,0,1,0.504101037979126
liar2_finance,7,77,text_only,4905,train_pair_0255,0,0,0.056913092732429504
liar2_finance,7,77,text_only,7925,train_pair_0465,1,1,0.9851853847503662
liar2_finance,7,77,text_only,8157,train_pair_0074,1,1,0.9045409560203552
liar2_finance,7,77,text_only,5997,train_pair_0798,1,1,0.9084456562995911
liar2_finance,7,77,text_only,4138,train_pair_0687,1,1,0.9960189461708069
liar2_finance,7,77,text_only,6731,train_pair_0099,0,0,0.07290606200695038
liar2_finance,7,77,text_only,2950,train_pair_0604,0,0,0.011446560733020306
liar2_finance,7,77,text_only,8776,train_pair_0428,1,1,0.9867597222328186
liar2_finance,7,77,text_only,7255,train_pair_0795,0,0,0.04332049936056137
liar2_finance,7,77,text_only,2768,train_pair_0057,1,0,0.24939574301242828
liar2_finance,7,77,text_only,8223,train_pair_0767,0,1,0.9933486580848694
liar2_finance,7,77,text_only,3221,validation_pair_0104,0,0,0.2671949863433838
liar2_finance,7,77,text_only,3662,validation_pair_0093,1,1,0.9959270358085632
liar2_finance,7,77,text_only,7865,validation_pair_0002,1,0,0.12292474508285522
liar2_finance,7,77,text_only,2506,validation_pair_0038,1,1,0.9901096820831299
liar2_finance,7,77,text_only,14963,validation_pair_0114,0,0,0.05087908357381821
liar2_finance,7,77,text_only,5940,validation_pair_0034,0,1,0.9551220536231995
liar2_finance,7,77,text_only,11491,validation_pair_0036,1,0,0.0032530552707612514
liar2_finance,7,77,text_only,14692,validation_pair_0034,1,1,0.8205457329750061
liar2_finance,7,77,text_only,10274,validation_pair_0036,0,0,0.008958167396485806
liar2_finance,7,77,text_only,4681,validation_pair_0073,0,0,0.10661707073450089
liar2_finance,7,77,text_only,5207,validation_pair_0019,0,0,0.49502187967300415
liar2_finance,7,77,text_only,13502,validation_pair_0085,1,1,0.8031373023986816
liar2_finance,7,77,text_only,7629,validation_pair_0053,0,0,0.011242386884987354
liar2_finance,7,77,text_only,5128,validation_pair_0112,1,1,0.9599964022636414
liar2_finance,7,77,text_only,13147,validation_pair_0068,0,1,0.9643509387969971
liar2_finance,7,77,text_only,19871,validation_pair_0099,1,1,0.9186268448829651
liar2_finance,7,77,text_only,4999,validation_pair_0099,0,1,0.9083903431892395
liar2_finance,7,77,text_only,3643,validation_pair_0073,1,1,0.6593213081359863
liar2_finance,7,77,text_only,5185,validation_pair_0050,0,0,0.014426512643694878
liar2_finance,7,77,text_only,5855,validation_pair_0050,1,1,0.9914529323577881
liar2_finance,7,77,text_only,8494,validation_pair_0085,0,0,0.008062434382736683
liar2_finance,7,77,text_only,7275,validation_pair_0112,0,1,0.9536504745483398
liar2_finance,7,77,text_only,1302,validation_pair_0002,0,1,0.9780920147895813
liar2_finance,7,77,text_only,18293,validation_pair_0114,1,1,0.938831627368927
liar2_finance,7,77,text_only,3801,validation_pair_0093,0,1,0.9377495050430298
liar2_finance,7,77,text_only,5028,validation_pair_0038,0,1,0.7360709309577942
liar2_finance,7,77,text_only,4307,validation_pair_0068,1,1,0.8882185816764832
liar2_finance,7,77,text_only,3143,validation_pair_0104,1,1,0.9895949959754944
liar2_finance,7,77,text_only,3953,validation_pair_0053,1,1,0.8066211342811584
liar2_finance,7,77,text_only,2308,validation_pair_0019,1,1,0.9832861423492432
liar2_finance,7,77,emotion_aware,8342,test_pair_0060,0,0,0.05834795534610748
liar2_finance,7,77,emotion_aware,2358,test_pair_0013,1,0,0.12098824977874756
liar2_finance,7,77,emotion_aware,1495,test_pair_0005,0,0,0.1886780560016632
liar2_finance,7,77,emotion_aware,13695,test_pair_0042,1,1,0.9425778388977051
liar2_finance,7,77,emotion_aware,14293,test_pair_0013,0,1,0.8998795747756958
liar2_finance,7,77,emotion_aware,5953,test_pair_0060,1,1,0.9917218089103699
liar2_finance,7,77,emotion_aware,10818,test_pair_0044,1,1,0.8597887754440308
liar2_finance,7,77,emotion_aware,8149,test_pair_0042,0,0,0.02916031703352928
liar2_finance,7,77,emotion_aware,22818,test_pair_0005,1,1,0.9726189374923706
liar2_finance,7,77,emotion_aware,3946,test_pair_0044,0,1,0.9179267883300781
liar2_finance,7,77,emotion_aware,3159,train_pair_0166,0,0,0.029162663966417313
liar2_finance,7,77,emotion_aware,14220,train_pair_0754,0,0,0.17155136168003082
liar2_finance,7,77,emotion_aware,2775,train_pair_0099,1,0,0.11875573545694351
liar2_finance,7,77,emotion_aware,1887,train_pair_0602,1,0,0.013876090757548809
liar2_finance,7,77,emotion_aware,7910,train_pair_0374,1,0,0.04694061353802681
liar2_finance,7,77,emotion_aware,706,train_pair_0055,0,1,0.676912248134613
liar2_finance,7,77,emotion_aware,5709,train_pair_0214,0,0,0.46922779083251953
liar2_finance,7,77,emotion_aware,8746,train_pair_0748,0,1,0.8904954791069031
liar2_finance,7,77,emotion_aware,3898,train_pair_0434,0,0,0.15262606739997864
liar2_finance,7,77,emotion_aware,12268,train_pair_0659,1,0,0.45287054777145386
liar2_finance,7,77,emotion_aware,8069,train_pair_0609,1,0,0.4354054927825928
liar2_finance,7,77,emotion_aware,16939,train_pair_0377,1,1,0.9706783294677734
liar2_finance,7,77,emotion_aware,4588,train_pair_0268,1,0,0.3364126980304718
liar2_finance,7,77,emotion_aware,2471,train_pair_0710,1,1,0.6191429495811462
liar2_finance,7,77,emotion_aware,15623,train_pair_0654,0,1,0.9942654967308044
liar2_finance,7,77,emotion_aware,4614,train_pair_0017,1,1,0.9733920693397522
liar2_finance,7,77,emotion_aware,7681,train_pair_0425,0,1,0.7083374261856079
liar2_finance,7,77,emotion_aware,159,train_pair_0757,0,0,0.33382442593574524
liar2_finance,7,77,emotion_aware,13982,train_pair_0599,1,1,0.9872906804084778
liar2_finance,7,77,emotion_aware,3149,train_pair_0268,0,0,0.13672800362110138
liar2_finance,7,77,emotion_aware,4273,train_pair_0035,0,0,0.058741550892591476
liar2_finance,7,77,emotion_aware,2275,train_pair_0512,1,1,0.985732913017273
liar2_finance,7,77,emotion_aware,7069,train_pair_0615,0,1,0.5711167454719543
liar2_finance,7,77,emotion_aware,10365,train_pair_0417,1,1,0.972020149230957
liar2_finance,7,77,emotion_aware,10888,train_pair_0166,1,0,0.05701778829097748
liar2_finance,7,77,emotion_aware,4765,train_pair_0507,0,1,0.5516462922096252
liar2_finance,7,77,emotion_aware,5764,train_pair_0279,0,0,0.017149390652775764
liar2_finance,7,77,emotion_aware,19633,train_pair_0085,1,1,0.9497609734535217
liar2_finance,7,77,emotion_aware,3473,train_pair_0659,0,0,0.09834989905357361
liar2_finance,7,77,emotion_aware,10,train_pair_0046,0,0,0.332112580537796
liar2_finance,7,77,emotion_aware,8828,train_pair_0279,1,1,0.7959761619567871
liar2_finance,7,77,emotion_aware,21825,train_pair_0802,1,0,0.24472250044345856
liar2_finance,7,77,emotion_aware,3705,train_pair_0451,0,0,0.0677993968129158
liar2_finance,7,77,emotion_aware,13429,train_pair_0716,1,1,0.8458079099655151
liar2_finance,7,77,emotion_aware,4875,train_pair_0326,1,0,0.37060704827308655
liar2_finance,7,77,emotion_aware,3122,train_pair_0451,1,0,0.02186678908765316
liar2_finance,7,77,emotion_aware,3882,train_pair_0131,0,0,0.021836023777723312
liar2_finance,7,77,emotion_aware,14089,train_pair_0660,1,1,0.6833617091178894
liar2_finance,7,77,emotion_aware,11895,train_pair_0097,1,1,0.9672483205795288
liar2_finance,7,77,emotion_aware,3595,train_pair_0609,0,1,0.9174258708953857
liar2_finance,7,77,emotion_aware,4994,train_pair_0748,1,0,0.08273909240961075
liar2_finance,7,77,emotion_aware,338,train_pair_0757,1,1,0.9938833713531494
liar2_finance,7,77,emotion_aware,7220,train_pair_0423,0,0,0.39677274227142334
liar2_finance,7,77,emotion_aware,3141,train_pair_0465,0,0,0.13520097732543945
liar2_finance,7,77,emotion_aware,3947,train_pair_0369,1,1,0.984548032283783
liar2_finance,7,77,emotion_aware,4609,train_pair_0255,1,0,0.03475825861096382
liar2_finance,7,77,emotion_aware,3842,train_pair_0781,0,0,0.06610537320375443
liar2_finance,7,77,emotion_aware,11970,train_pair_0008,0,0,0.1729855090379715
liar2_finance,7,77,emotion_aware,5242,train_pair_0133,0,0,0.10457264631986618
liar2_finance,7,77,emotion_aware,2565,train_pair_0802,0,1,0.9352386593818665
liar2_finance,7,77,emotion_aware,13285,train_pair_0621,0,1,0.7350643873214722
liar2_finance,7,77,emotion_aware,2026,train_pair_0214,1,0,0.4100158214569092
liar2_finance,7,77,emotion_aware,4381,train_pair_0604,1,1,0.7177245616912842
liar2_finance,7,77,emotion_aware,2647,train_pair_0798,0,0,0.1486974060535431
liar2_finance,7,77,emotion_aware,16858,train_pair_0326,0,0,0.07483507692813873
liar2_finance,7,77,emotion_aware,16042,train_pair_0718,1,0,0.01633387990295887
liar2_finance,7,77,emotion_aware,16967,train_pair_0795,1,1,0.9144390821456909
liar2_finance,7,77,emotion_aware,12272,train_pair_0752,1,1,0.9618275761604309
liar2_finance,7,77,emotion_aware,6261,train_pair_0662,0,0,0.07412074506282806
liar2_finance,7,77,emotion_aware,13832,train_pair_0615,1,0,0.48478496074676514
liar2_finance,7,77,emotion_aware,9110,train_pair_0261,1,0,0.4430665075778961
liar2_finance,7,77,emotion_aware,4343,train_pair_0182,0,0,0.12331625074148178
liar2_finance,7,77,emotion_aware,20677,train_pair_0621,1,1,0.581714391708374
liar2_finance,7,77,emotion_aware,79,train_pair_0041,0,0,0.12127874046564102
liar2_finance,7,77,emotion_aware,16570,train_pair_0043,1,1,0.912804126739502
liar2_finance,7,77,emotion_aware,21804,train_pair_0662,1,1,0.9932864308357239
liar2_finance,7,77,emotion_aware,758,train_pair_0089,0,1,0.9780078530311584
liar2_finance,7,77,emotion_aware,6012,train_pair_0057,0,0,0.00821347814053297
liar2_finance,7,77,emotion_aware,3564,train_pair_0660,0,1,0.6897505521774292
liar2_finance,7,77,emotion_aware,6006,train_pair_0074,0,0,0.06497139483690262
liar2_finance,7,77,emotion_aware,5198,train_pair_0416,0,0,0.13051119446754456
liar2_finance,7,77,emotion_aware,8593,train_pair_0428,0,1,0.7757555246353149
liar2_finance,7,77,emotion_aware,9121,train_pair_0091,0,0,0.025719312950968742
liar2_finance,7,77,emotion_aware,5899,train_pair_0711,1,1,0.9837045073509216
liar2_finance,7,77,emotion_aware,8690,train_pair_0529,0,0,0.09365089237689972
liar2_finance,7,77,emotion_aware,1315,train_pair_0512,0,0,0.007870902307331562
liar2_finance,7,77,emotion_aware,8468,train_pair_0433,1,1,0.6939047574996948
liar2_finance,7,77,emotion_aware,1579,train_pair_0318,1,1,0.8452862501144409
liar2_finance,7,77,emotion_aware,4106,train_pair_0239,0,0,0.026244303211569786
liar2_finance,7,77,emotion_aware,3655,train_pair_0433,0,0,0.012164609506726265
liar2_finance,7,77,emotion_aware,5745,train_pair_0363,1,0,0.03201957046985626
liar2_finance,7,77,emotion_aware,3545,train_pair_0711,0,0,0.10166838020086288
liar2_finance,7,77,emotion_aware,16854,train_pair_0230,1,0,0.40008044242858887
liar2_finance,7,77,emotion_aware,7348,train_pair_0667,0,0,0.41887083649635315
liar2_finance,7,77,emotion_aware,1372,train_pair_0463,0,0,0.2867669463157654
liar2_finance,7,77,emotion_aware,6750,train_pair_0131,1,1,0.9328901767730713
liar2_finance,7,77,emotion_aware,3100,train_pair_0423,1,0,0.3098903298377991
liar2_finance,7,77,emotion_aware,4506,train_pair_0097,0,0,0.10992569476366043
liar2_finance,7,77,emotion_aware,13331,train_pair_0002,0,0,0.10051938146352768
liar2_finance,7,77,emotion_aware,1901,train_pair_0161,0,0,0.14456261694431305
liar2_finance,7,77,emotion_aware,4764,train_pair_0003,0,0,0.4949410855770111
liar2_finance,7,77,emotion_aware,2148,train_pair_0332,0,1,0.6507207751274109
liar2_finance,7,77,emotion_aware,7887,train_pair_0355,0,1,0.7812115550041199
liar2_finance,7,77,emotion_aware,1567,train_pair_0298,1,1,0.9664445519447327
liar2_finance,7,77,emotion_aware,7101,train_pair_0374,0,0,0.1661786586046219
liar2_finance,7,77,emotion_aware,15890,train_pair_0718,0,0,0.08054652065038681
liar2_finance,7,77,emotion_aware,2686,train_pair_0073,1,1,0.9381464123725891
liar2_finance,7,77,emotion_aware,9,train_pair_0043,0,1,0.5856269001960754
liar2_finance,7,77,emotion_aware,3687,train_pair_0667,1,0,0.4619395136833191
liar2_finance,7,77,emotion_aware,5307,train_pair_0008,1,0,0.07834430783987045
liar2_finance,7,77,emotion_aware,3562,train_pair_0182,1,1,0.7845537066459656
liar2_finance,7,77,emotion_aware,20353,train_pair_0754,1,1,0.9857947826385498
liar2_finance,7,77,emotion_aware,17032,train_pair_0002,1,1,0.9861023426055908
liar2_finance,7,77,emotion_aware,7668,train_pair_0363,0,0,0.06039030849933624
liar2_finance,7,77,emotion_aware,3394,train_pair_0320,1,0,0.4167575240135193
liar2_finance,7,77,emotion_aware,12333,train_pair_0035,1,0,0.26282942295074463
liar2_finance,7,77,emotion_aware,17511,train_pair_0041,1,1,0.9582235217094421
liar2_finance,7,77,emotion_aware,3044,train_pair_0369,0,1,0.6038975715637207
liar2_finance,7,77,emotion_aware,4113,train_pair_0460,1,0,0.03613562136888504
liar2_finance,7,77,emotion_aware,18207,train_pair_0195,1,1,0.9849885702133179
liar2_finance,7,77,emotion_aware,6623,train_pair_0017,0,1,0.985755980014801
liar2_finance,7,77,emotion_aware,7188,train_pair_0781,1,1,0.967285692691803
liar2_finance,7,77,emotion_aware,12538,train_pair_0752,0,0,0.020367885008454323
liar2_finance,7,77,emotion_aware,2764,train_pair_0073,0,0,0.03054712899029255
liar2_finance,7,77,emotion_aware,14900,train_pair_0767,1,0,0.1589590609073639
liar2_finance,7,77,emotion_aware,21674,train_pair_0355,1,1,0.9487304091453552
liar2_finance,7,77,emotion_aware,15483,train_pair_0195,0,0,0.04621230438351631
liar2_finance,7,77,emotion_aware,822,train_pair_0463,1,1,0.9872952103614807
liar2_finance,7,77,emotion_aware,9057,train_pair_0576,0,1,0.8440055251121521
liar2_finance,7,77,emotion_aware,6811,train_pair_0716,0,0,0.3972504436969757
liar2_finance,7,77,emotion_aware,11615,train_pair_0412,0,0,0.055087752640247345
liar2_finance,7,77,emotion_aware,15360,train_pair_0046,1,1,0.992310643196106
liar2_finance,7,77,emotion_aware,7109,train_pair_0085,0,1,0.8429367542266846
liar2_finance,7,77,emotion_aware,8654,train_pair_0599,0,0,0.20019415020942688
liar2_finance,7,77,emotion_aware,22245,train_pair_0055,1,1,0.9391191005706787
liar2_finance,7,77,emotion_aware,12178,train_pair_0133,1,1,0.9786112904548645
liar2_finance,7,77,emotion_aware,410,train_pair_0089,1,0,0.3577166199684143
liar2_finance,7,77,emotion_aware,1463,train_pair_0298,0,1,0.8479824662208557
liar2_finance,7,77,emotion_aware,17533,train_pair_0332,1,1,0.8298420906066895
liar2_finance,7,77,emotion_aware,17964,train_pair_0460,0,0,0.22590070962905884
liar2_finance,7,77,emotion_aware,5566,train_pair_0425,1,1,0.9584245681762695
liar2_finance,7,77,emotion_aware,3188,train_pair_0710,0,1,0.9709501266479492
liar2_finance,7,77,emotion_aware,22788,train_pair_0018,1,1,0.8800859451293945
liar2_finance,7,77,emotion_aware,1116,train_pair_0377,0,0,0.030591560527682304
liar2_finance,7,77,emotion_aware,778,train_pair_0602,0,0,0.08068767935037613
liar2_finance,7,77,emotion_aware,6423,train_pair_0261,0,0,0.20311051607131958
liar2_finance,7,77,emotion_aware,3831,train_pair_0507,1,0,0.07862637937068939
liar2_finance,7,77,emotion_aware,14536,train_pair_0576,1,1,0.8927162289619446
liar2_finance,7,77,emotion_aware,7523,train_pair_0416,1,0,0.08843991905450821
liar2_finance,7,77,emotion_aware,8050,train_pair_0318,0,0,0.06865529716014862
liar2_finance,7,77,emotion_aware,20076,train_pair_0412,1,1,0.9593214392662048
liar2_finance,7,77,emotion_aware,16192,train_pair_0434,1,1,0.613791286945343
liar2_finance,7,77,emotion_aware,8534,train_pair_0687,0,1,0.7529035210609436
liar2_finance,7,77,emotion_aware,16491,train_pair_0003,1,1,0.6875934600830078
liar2_finance,7,77,emotion_aware,6329,train_pair_0417,0,0,0.031412769109010696
liar2_finance,7,77,emotion_aware,4866,train_pair_0161,1,1,0.967592179775238
liar2_finance,7,77,emotion_aware,6591,train_pair_0018,0,0,0.20906098186969757
liar2_finance,7,77,emotion_aware,10198,train_pair_0091,1,1,0.8956035375595093
liar2_finance,7,77,emotion_aware,7976,train_pair_0239,1,1,0.9823032021522522
liar2_finance,7,77,emotion_aware,6314,train_pair_0654,1,1,0.9916281700134277
liar2_finance,7,77,emotion_aware,7603,train_pair_0230,0,0,0.009521490894258022
liar2_finance,7,77,emotion_aware,10848,train_pair_0529,1,0,0.031085407361388206
liar2_finance,7,77,emotion_aware,8874,train_pair_0320,0,1,0.8502604365348816
liar2_finance,7,77,emotion_aware,4905,train_pair_0255,0,0,0.06456367671489716
liar2_finance,7,77,emotion_aware,7925,train_pair_0465,1,1,0.974137544631958
liar2_finance,7,77,emotion_aware,8157,train_pair_0074,1,1,0.905966579914093
liar2_finance,7,77,emotion_aware,5997,train_pair_0798,1,1,0.9689013957977295
liar2_finance,7,77,emotion_aware,4138,train_pair_0687,1,1,0.990757405757904
liar2_finance,7,77,emotion_aware,6731,train_pair_0099,0,0,0.09735778719186783
liar2_finance,7,77,emotion_aware,2950,train_pair_0604,0,0,0.007593188434839249
liar2_finance,7,77,emotion_aware,8776,train_pair_0428,1,1,0.9727210402488708
liar2_finance,7,77,emotion_aware,7255,train_pair_0795,0,0,0.13008615374565125
liar2_finance,7,77,emotion_aware,2768,train_pair_0057,1,0,0.24166934192180634
liar2_finance,7,77,emotion_aware,8223,train_pair_0767,0,1,0.9906347393989563
liar2_finance,7,77,emotion_aware,3221,validation_pair_0104,0,0,0.29584765434265137
liar2_finance,7,77,emotion_aware,3662,validation_pair_0093,1,1,0.9944479465484619
liar2_finance,7,77,emotion_aware,7865,validation_pair_0002,1,0,0.1861048936843872
liar2_finance,7,77,emotion_aware,2506,validation_pair_0038,1,1,0.9817883968353271
liar2_finance,7,77,emotion_aware,14963,validation_pair_0114,0,0,0.1320488005876541
liar2_finance,7,77,emotion_aware,5940,validation_pair_0034,0,1,0.9688605666160583
liar2_finance,7,77,emotion_aware,11491,validation_pair_0036,1,0,0.02304808236658573
liar2_finance,7,77,emotion_aware,14692,validation_pair_0034,1,1,0.8396762013435364
liar2_finance,7,77,emotion_aware,10274,validation_pair_0036,0,0,0.03687336668372154
liar2_finance,7,77,emotion_aware,4681,validation_pair_0073,0,0,0.2839045524597168
liar2_finance,7,77,emotion_aware,5207,validation_pair_0019,0,1,0.6703171730041504
liar2_finance,7,77,emotion_aware,13502,validation_pair_0085,1,1,0.9065207839012146
liar2_finance,7,77,emotion_aware,7629,validation_pair_0053,0,0,0.039932601153850555
liar2_finance,7,77,emotion_aware,5128,validation_pair_0112,1,1,0.9741020202636719
liar2_finance,7,77,emotion_aware,13147,validation_pair_0068,0,1,0.5387208461761475
liar2_finance,7,77,emotion_aware,19871,validation_pair_0099,1,1,0.7714300155639648
liar2_finance,7,77,emotion_aware,4999,validation_pair_0099,0,1,0.9230589866638184
liar2_finance,7,77,emotion_aware,3643,validation_pair_0073,1,1,0.8974112272262573
liar2_finance,7,77,emotion_aware,5185,validation_pair_0050,0,0,0.03129453584551811
liar2_finance,7,77,emotion_aware,5855,validation_pair_0050,1,1,0.9925717711448669
liar2_finance,7,77,emotion_aware,8494,validation_pair_0085,0,0,0.01791001856327057
liar2_finance,7,77,emotion_aware,7275,validation_pair_0112,0,1,0.8252721428871155
liar2_finance,7,77,emotion_aware,1302,validation_pair_0002,0,0,0.20875072479248047
liar2_finance,7,77,emotion_aware,18293,validation_pair_0114,1,1,0.904750645160675
liar2_finance,7,77,emotion_aware,3801,validation_pair_0093,0,1,0.809132993221283
liar2_finance,7,77,emotion_aware,5028,validation_pair_0038,0,0,0.4061336815357208
liar2_finance,7,77,emotion_aware,4307,validation_pair_0068,1,1,0.8429002165794373
liar2_finance,7,77,emotion_aware,3143,validation_pair_0104,1,1,0.9861280918121338
liar2_finance,7,77,emotion_aware,3953,validation_pair_0053,1,1,0.7470881938934326
liar2_finance,7,77,emotion_aware,2308,validation_pair_0019,1,1,0.9684975743293762
liar2_finance,8,88,text_only,6773,test_pair_0023,0,0,0.12381252646446228
liar2_finance,8,88,text_only,6164,test_pair_0039,1,0,0.10489188134670258
liar2_finance,8,88,text_only,1495,test_pair_0005,0,0,0.14093589782714844
liar2_finance,8,88,text_only,11660,test_pair_0056,0,0,0.12372621893882751
liar2_finance,8,88,text_only,10300,test_pair_0018,0,1,0.7661451697349548
liar2_finance,8,88,text_only,2168,test_pair_0064,0,0,0.46867474913597107
liar2_finance,8,88,text_only,12039,test_pair_0021,0,0,0.09137415885925293
liar2_finance,8,88,text_only,842,test_pair_0064,1,1,0.9818292856216431
liar2_finance,8,88,text_only,21531,test_pair_0002,1,1,0.5243175625801086
liar2_finance,8,88,text_only,1296,test_pair_0089,1,1,0.9150869250297546
liar2_finance,8,88,text_only,2152,test_pair_0006,0,1,0.8433896899223328
liar2_finance,8,88,text_only,23236,test_pair_0059,0,1,0.7998658418655396
liar2_finance,8,88,text_only,22110,test_pair_0006,1,1,0.901789665222168
liar2_finance,8,88,text_only,2665,test_pair_0023,1,1,0.9254258871078491
liar2_finance,8,88,text_only,8703,test_pair_0021,1,1,0.9666240215301514
liar2_finance,8,88,text_only,10703,test_pair_0039,0,1,0.7372496724128723
liar2_finance,8,88,text_only,13824,test_pair_0088,0,1,0.7640389204025269
liar2_finance,8,88,text_only,11123,test_pair_0002,0,1,0.7758024334907532
liar2_finance,8,88,text_only,10289,test_pair_0088,1,0,0.03822046518325806
liar2_finance,8,88,text_only,3341,test_pair_0018,1,1,0.8362278342247009
liar2_finance,8,88,text_only,10561,test_pair_0056,1,1,0.8420228362083435
liar2_finance,8,88,text_only,22818,test_pair_0005,1,1,0.9658421874046326
liar2_finance,8,88,text_only,20291,test_pair_0089,0,1,0.9852328896522522
liar2_finance,8,88,text_only,13055,test_pair_0052,0,0,0.2645697593688965
liar2_finance,8,88,text_only,15214,test_pair_0059,1,1,0.8017529249191284
liar2_finance,8,88,text_only,2532,test_pair_0052,1,1,0.8023815751075745
liar2_finance,8,88,text_only,4369,train_pair_0588,0,0,0.35575374960899353
liar2_finance,8,88,text_only,19138,train_pair_0178,1,1,0.6174778938293457
liar2_finance,8,88,text_only,7007,train_pair_0783,0,0,0.31543657183647156
liar2_finance,8,88,text_only,240,train_pair_0056,0,0,0.19664104282855988
liar2_finance,8,88,text_only,6669,train_pair_0788,0,0,0.14044472575187683
liar2_finance,8,88,text_only,1887,train_pair_0602,1,0,0.046467188745737076
liar2_finance,8,88,text_only,4451,train_pair_0714,0,1,0.6443012952804565
liar2_finance,8,88,text_only,6256,train_pair_0260,0,1,0.9093829989433289
liar2_finance,8,88,text_only,14127,train_pair_0739,1,1,0.654546320438385
liar2_finance,8,88,text_only,2643,train_pair_0344,1,0,0.12542542815208435
liar2_finance,8,88,text_only,849,train_pair_0759,0,1,0.7768771052360535
liar2_finance,8,88,text_only,21569,train_pair_0197,1,1,0.9329283237457275
liar2_finance,8,88,text_only,12508,train_pair_0620,0,0,0.23194186389446259
liar2_finance,8,88,text_only,2213,train_pair_0036,1,1,0.9017995595932007
liar2_finance,8,88,text_only,18692,train_pair_0619,1,0,0.10384634137153625
liar2_finance,8,88,text_only,879,train_pair_0681,1,1,0.8919992446899414
liar2_finance,8,88,text_only,19721,train_pair_0159,1,1,0.9797751903533936
liar2_finance,8,88,text_only,11633,train_pair_0617,0,0,0.03975444659590721
liar2_finance,8,88,text_only,2437,train_pair_0395,1,1,0.9816514253616333
liar2_finance,8,88,text_only,6500,train_pair_0063,1,1,0.5174453854560852
liar2_finance,8,88,text_only,4337,train_pair_0233,0,1,0.5502085089683533
liar2_finance,8,88,text_only,8360,train_pair_0260,1,1,0.9456611275672913
liar2_finance,8,88,text_only,2522,train_pair_0138,0,1,0.8194776177406311
liar2_finance,8,88,text_only,2923,train_pair_0111,1,1,0.9828242063522339
liar2_finance,8,88,text_only,10550,train_pair_0039,1,1,0.9824106693267822
liar2_finance,8,88,text_only,4909,train_pair_0347,1,1,0.5021448731422424
liar2_finance,8,88,text_only,21326,train_pair_0643,1,1,0.9789078831672668
liar2_finance,8,88,text_only,10365,train_pair_0417,1,1,0.8329917192459106
liar2_finance,8,88,text_only,700,train_pair_0016,1,1,0.819275438785553
liar2_finance,8,88,text_only,8629,train_pair_0670,0,1,0.7282667756080627
liar2_finance,8,88,text_only,13937,train_pair_0281,0,0,0.022754959762096405
liar2_finance,8,88,text_only,6736,train_pair_0643,0,0,0.42054277658462524
liar2_finance,8,88,text_only,2055,train_pair_0447,0,0,0.1171296089887619
liar2_finance,8,88,text_only,4727,train_pair_0543,1,1,0.9772787690162659
liar2_finance,8,88,text_only,1517,train_pair_0419,1,1,0.8097469210624695
liar2_finance,8,88,text_only,8883,train_pair_0163,1,1,0.9871633052825928
liar2_finance,8,88,text_only,12894,train_pair_0739,0,1,0.5320252776145935
liar2_finance,8,88,text_only,4134,train_pair_0776,0,1,0.6505987644195557
liar2_finance,8,88,text_only,2348,train_pair_0627,1,1,0.7696415185928345
liar2_finance,8,88,text_only,6614,train_pair_0233,1,1,0.9903923273086548
liar2_finance,8,88,text_only,5098,train_pair_0036,0,0,0.44482189416885376
liar2_finance,8,88,text_only,13380,train_pair_0554,0,1,0.5954884886741638
liar2_finance,8,88,text_only,7436,train_pair_0784,0,0,0.0953054279088974
liar2_finance,8,88,text_only,1427,train_pair_0297,0,0,0.39250361919403076
liar2_finance,8,88,text_only,11403,train_pair_0322,0,0,0.09362755715847015
liar2_finance,8,88,text_only,9481,train_pair_0671,0,0,0.4747626781463623
liar2_finance,8,88,text_only,11132,train_pair_0088,0,0,0.09435122460126877
liar2_finance,8,88,text_only,6709,train_pair_0806,0,1,0.9100571870803833
liar2_finance,8,88,text_only,11970,train_pair_0008,0,1,0.8511053919792175
liar2_finance,8,88,text_only,3628,train_pair_0322,1,1,0.821948766708374
liar2_finance,8,88,text_only,4540,train_pair_0138,1,0,0.05399148911237717
liar2_finance,8,88,text_only,1918,train_pair_0066,1,0,0.22891585528850555
liar2_finance,8,88,text_only,5664,train_pair_0759,1,1,0.5700467228889465
liar2_finance,8,88,text_only,10845,train_pair_0065,1,1,0.9628872275352478
liar2_finance,8,88,text_only,16967,train_pair_0795,1,1,0.9483308792114258
liar2_finance,8,88,text_only,5350,train_pair_0627,0,0,0.4398077726364136
liar2_finance,8,88,text_only,4067,train_pair_0398,0,1,0.6264209151268005
liar2_finance,8,88,text_only,2543,train_pair_0470,1,0,0.3362343907356262
liar2_finance,8,88,text_only,2747,train_pair_0470,0,0,0.4612191319465637
liar2_finance,8,88,text_only,21136,train_pair_0101,1,0,0.48034077882766724
liar2_finance,8,88,text_only,3069,train_pair_0484,1,1,0.8892552256584167
liar2_finance,8,88,text_only,9576,train_pair_0297,1,1,0.6835153102874756
liar2_finance,8,88,text_only,750,train_pair_0623,1,1,0.5454750061035156
liar2_finance,8,88,text_only,5914,train_pair_0569,0,1,0.7950935363769531
liar2_finance,8,88,text_only,22160,train_pair_0060,1,1,0.7999651432037354
liar2_finance,8,88,text_only,5204,train_pair_0347,0,0,0.3046538829803467
liar2_finance,8,88,text_only,9316,train_pair_0111,0,1,0.8104256391525269
liar2_finance,8,88,text_only,21626,train_pair_0088,1,0,0.2649771571159363
liar2_finance,8,88,text_only,3721,train_pair_0016,0,0,0.38230451941490173
liar2_finance,8,88,text_only,17894,train_pair_0281,1,1,0.9605210423469543
liar2_finance,8,88,text_only,5757,train_pair_0671,1,1,0.835411548614502
liar2_finance,8,88,text_only,10253,train_pair_0042,0,0,0.38711634278297424
liar2_finance,8,88,text_only,572,train_pair_0101,0,0,0.34797921776771545
liar2_finance,8,88,text_only,8863,train_pair_0712,1,1,0.9479051828384399
liar2_finance,8,88,text_only,4472,train_pair_0204,1,0,0.19058260321617126
liar2_finance,8,88,text_only,8690,train_pair_0529,0,1,0.5613998174667358
liar2_finance,8,88,text_only,7628,train_pair_0178,0,1,0.6656501293182373
liar2_finance,8,88,text_only,3391,train_pair_0358,0,0,0.3745845556259155
liar2_finance,8,88,text_only,5183,train_pair_0406,1,1,0.7780617475509644
liar2_finance,8,88,text_only,5545,train_pair_0670,1,1,0.9440670609474182
liar2_finance,8,88,text_only,673,train_pair_0623,0,0,0.2540328800678253
liar2_finance,8,88,text_only,12773,train_pair_0006,1,0,0.10862277448177338
liar2_finance,8,88,text_only,303,train_pair_0065,0,0,0.09184392541646957
liar2_finance,8,88,text_only,1210,train_pair_0072,1,1,0.6773130297660828
liar2_finance,8,88,text_only,22,train_pair_0066,0,0,0.08223805576562881
liar2_finance,8,88,text_only,20371,train_pair_0755,1,1,0.918899416923523
liar2_finance,8,88,text_only,1743,train_pair_0447,1,1,0.6989946365356445
liar2_finance,8,88,text_only,4937,train_pair_0543,0,0,0.07367386668920517
liar2_finance,8,88,text_only,7859,train_pair_0159,0,0,0.15512913465499878
liar2_finance,8,88,text_only,1321,train_pair_0461,0,0,0.42748790979385376
liar2_finance,8,88,text_only,2412,train_pair_0163,0,1,0.9578479528427124
liar2_finance,8,88,text_only,3563,train_pair_0358,1,0,0.13937219977378845
liar2_finance,8,88,text_only,3765,train_pair_0115,1,1,0.937690794467926
liar2_finance,8,88,text_only,1097,train_pair_0558,1,1,0.9679029583930969
liar2_finance,8,88,text_only,16737,train_pair_0219,1,1,0.6417279243469238
liar2_finance,8,88,text_only,1567,train_pair_0298,1,1,0.9787189364433289
liar2_finance,8,88,text_only,16229,train_pair_0755,0,0,0.30634599924087524
liar2_finance,8,88,text_only,12411,train_pair_0619,0,0,0.49435675144195557
liar2_finance,8,88,text_only,3485,train_pair_0197,0,1,0.7591301202774048
liar2_finance,8,88,text_only,16018,train_pair_0269,1,1,0.8169777393341064
liar2_finance,8,88,text_only,3747,train_pair_0406,0,1,0.6416009664535522
liar2_finance,8,88,text_only,16429,train_pair_0554,1,1,0.9736214876174927
liar2_finance,8,88,text_only,5307,train_pair_0008,1,1,0.9197558164596558
liar2_finance,8,88,text_only,2034,train_pair_0586,1,1,0.9369741678237915
liar2_finance,8,88,text_only,1436,train_pair_0039,0,0,0.335214227437973
liar2_finance,8,88,text_only,2250,train_pair_0056,1,1,0.644759476184845
liar2_finance,8,88,text_only,3805,train_pair_0063,0,0,0.486378014087677
liar2_finance,8,88,text_only,19688,train_pair_0620,1,1,0.7100995779037476
liar2_finance,8,88,text_only,4113,train_pair_0460,1,0,0.0895921140909195
liar2_finance,8,88,text_only,19216,train_pair_0677,0,1,0.9209869503974915
liar2_finance,8,88,text_only,6245,train_pair_0042,1,1,0.5366281867027283
liar2_finance,8,88,text_only,14051,train_pair_0677,1,1,0.6821221113204956
liar2_finance,8,88,text_only,3901,train_pair_0345,1,1,0.7985444664955139
liar2_finance,8,88,text_only,2274,train_pair_0414,1,0,0.4029528796672821
liar2_finance,8,88,text_only,13678,train_pair_0784,1,0,0.1318090856075287
liar2_finance,8,88,text_only,9057,train_pair_0576,0,0,0.1433272808790207
liar2_finance,8,88,text_only,3921,train_pair_0681,0,0,0.27038249373435974
liar2_finance,8,88,text_only,1345,train_pair_0484,0,1,0.5602750182151794
liar2_finance,8,88,text_only,2896,train_pair_0368,0,0,0.2906559705734253
liar2_finance,8,88,text_only,3556,train_pair_0712,0,1,0.9658368825912476
liar2_finance,8,88,text_only,8820,train_pair_0788,1,1,0.5050526261329651
liar2_finance,8,88,text_only,8991,train_pair_0776,1,1,0.9685826897621155
liar2_finance,8,88,text_only,8432,train_pair_0256,1,0,0.3706234097480774
liar2_finance,8,88,text_only,8742,train_pair_0250,0,0,0.09492513537406921
liar2_finance,8,88,text_only,15615,train_pair_0617,1,1,0.984592616558075
liar2_finance,8,88,text_only,7297,train_pair_0398,1,1,0.5101322531700134
liar2_finance,8,88,text_only,2117,train_pair_0588,1,1,0.7406102418899536
liar2_finance,8,88,text_only,8397,train_pair_0783,1,1,0.8943647146224976
liar2_finance,8,88,text_only,3220,train_pair_0368,1,1,0.9924351572990417
liar2_finance,8,88,text_only,1463,train_pair_0298,0,0,0.45910948514938354
liar2_finance,8,88,text_only,3130,train_pair_0695,0,1,0.904662013053894
liar2_finance,8,88,text_only,9475,train_pair_0109,1,1,0.9369015693664551
liar2_finance,8,88,text_only,17964,train_pair_0460,0,0,0.18148981034755707
liar2_finance,8,88,text_only,10378,train_pair_0250,1,1,0.5177035331726074
liar2_finance,8,88,text_only,14939,train_pair_0006,0,1,0.6031463742256165
liar2_finance,8,88,text_only,4024,train_pair_0345,0,0,0.10758433490991592
liar2_finance,8,88,text_only,778,train_pair_0602,0,0,0.08906606584787369
liar2_finance,8,88,text_only,1263,train_pair_0109,0,1,0.7144322991371155
liar2_finance,8,88,text_only,3399,train_pair_0395,0,1,0.8390715718269348
liar2_finance,8,88,text_only,14536,train_pair_0576,1,1,0.8362698554992676
liar2_finance,8,88,text_only,1507,train_pair_0060,0,1,0.8304445147514343
liar2_finance,8,88,text_only,4196,train_pair_0806,1,1,0.5590437650680542
liar2_finance,8,88,text_only,747,train_pair_0419,0,0,0.08936640620231628
liar2_finance,8,88,text_only,6329,train_pair_0417,0,0,0.09380964189767838
liar2_finance,8,88,text_only,1429,train_pair_0558,0,0,0.3724028468132019
liar2_finance,8,88,text_only,5212,train_pair_0256,0,1,0.528235912322998
liar2_finance,8,88,text_only,4682,train_pair_0414,0,0,0.051214829087257385
liar2_finance,8,88,text_only,4824,train_pair_0204,0,0,0.06654289364814758
liar2_finance,8,88,text_only,6174,train_pair_0461,1,1,0.5861791372299194
liar2_finance,8,88,text_only,3875,train_pair_0269,0,0,0.03866519406437874
liar2_finance,8,88,text_only,1498,train_pair_0778,1,1,0.8641012907028198
liar2_finance,8,88,text_only,142,train_pair_0778,0,0,0.37604424357414246
liar2_finance,8,88,text_only,7032,train_pair_0219,0,1,0.6746352314949036
liar2_finance,8,88,text_only,10225,train_pair_0695,1,1,0.9386439919471741
liar2_finance,8,88,text_only,2344,train_pair_0115,0,1,0.6594604253768921
liar2_finance,8,88,text_only,2899,train_pair_0344,0,1,0.6414995789527893
liar2_finance,8,88,text_only,10848,train_pair_0529,1,0,0.14555566012859344
liar2_finance,8,88,text_only,4058,train_pair_0586,0,0,0.13433942198753357
liar2_finance,8,88,text_only,1655,train_pair_0072,0,0,0.15833207964897156
liar2_finance,8,88,text_only,13231,train_pair_0714,1,0,0.02297968976199627
liar2_finance,8,88,text_only,7255,train_pair_0795,0,0,0.305296927690506
liar2_finance,8,88,text_only,6937,train_pair_0569,1,1,0.6480304002761841
liar2_finance,8,88,text_only,293,validation_pair_0018,0,0,0.145797461271286
liar2_finance,8,88,text_only,10375,validation_pair_0051,0,0,0.10597562789916992
liar2_finance,8,88,text_only,10379,validation_pair_0077,1,1,0.9280324578285217
liar2_finance,8,88,text_only,8425,validation_pair_0077,0,0,0.15671023726463318
liar2_finance,8,88,text_only,2237,validation_pair_0051,1,1,0.6249011754989624
liar2_finance,8,88,text_only,10618,validation_pair_0082,1,0,0.22562621533870697
liar2_finance,8,88,text_only,826,validation_pair_0109,1,0,0.2819114923477173
liar2_finance,8,88,text_only,5153,validation_pair_0040,0,1,0.7168296575546265
liar2_finance,8,88,text_only,7030,validation_pair_0111,1,0,0.4487031400203705
liar2_finance,8,88,text_only,4046,validation_pair_0111,0,0,0.18792887032032013
liar2_finance,8,88,text_only,2413,validation_pair_0040,1,1,0.861327052116394
liar2_finance,8,88,text_only,2286,validation_pair_0049,0,0,0.14889580011367798
liar2_finance,8,88,text_only,7320,validation_pair_0082,0,0,0.3463689982891083
liar2_finance,8,88,text_only,3178,validation_pair_0109,0,1,0.9359700083732605
liar2_finance,8,88,text_only,18612,validation_pair_0049,1,0,0.4363981783390045
liar2_finance,8,88,text_only,14789,validation_pair_0018,1,0,0.3817043900489807
liar2_finance,8,88,emotion_aware,6773,test_pair_0023,0,0,0.3899691700935364
liar2_finance,8,88,emotion_aware,6164,test_pair_0039,1,0,0.4251706898212433
liar2_finance,8,88,emotion_aware,1495,test_pair_0005,0,1,0.567358136177063
liar2_finance,8,88,emotion_aware,11660,test_pair_0056,0,0,0.2318473905324936
liar2_finance,8,88,emotion_aware,10300,test_pair_0018,0,1,0.6338053941726685
liar2_finance,8,88,emotion_aware,2168,test_pair_0064,0,1,0.723915159702301
liar2_finance,8,88,emotion_aware,12039,test_pair_0021,0,0,0.24860785901546478
liar2_finance,8,88,emotion_aware,842,test_pair_0064,1,1,0.8596376180648804
liar2_finance,8,88,emotion_aware,21531,test_pair_0002,1,1,0.6275557279586792
liar2_finance,8,88,emotion_aware,1296,test_pair_0089,1,1,0.6555169224739075
liar2_finance,8,88,emotion_aware,2152,test_pair_0006,0,1,0.5181645750999451
liar2_finance,8,88,emotion_aware,23236,test_pair_0059,0,1,0.5744542479515076
liar2_finance,8,88,emotion_aware,22110,test_pair_0006,1,1,0.6902256608009338
liar2_finance,8,88,emotion_aware,2665,test_pair_0023,1,1,0.7157781720161438
liar2_finance,8,88,emotion_aware,8703,test_pair_0021,1,1,0.7244698405265808
liar2_finance,8,88,emotion_aware,10703,test_pair_0039,0,1,0.6788134574890137
liar2_finance,8,88,emotion_aware,13824,test_pair_0088,0,1,0.6907376646995544
liar2_finance,8,88,emotion_aware,11123,test_pair_0002,0,1,0.6050858497619629
liar2_finance,8,88,emotion_aware,10289,test_pair_0088,1,0,0.32709357142448425
liar2_finance,8,88,emotion_aware,3341,test_pair_0018,1,1,0.7550104260444641
liar2_finance,8,88,emotion_aware,10561,test_pair_0056,1,1,0.5944117307662964
liar2_finance,8,88,emotion_aware,22818,test_pair_0005,1,1,0.7813296318054199
liar2_finance,8,88,emotion_aware,20291,test_pair_0089,0,1,0.7836318612098694
liar2_finance,8,88,emotion_aware,13055,test_pair_0052,0,0,0.25414592027664185
liar2_finance,8,88,emotion_aware,15214,test_pair_0059,1,1,0.592890202999115
liar2_finance,8,88,emotion_aware,2532,test_pair_0052,1,1,0.7147549390792847
liar2_finance,8,88,emotion_aware,4369,train_pair_0588,0,0,0.2999439537525177
liar2_finance,8,88,emotion_aware,19138,train_pair_0178,1,1,0.6309221386909485
liar2_finance,8,88,emotion_aware,7007,train_pair_0783,0,0,0.3470059037208557
liar2_finance,8,88,emotion_aware,240,train_pair_0056,0,0,0.40638601779937744
liar2_finance,8,88,emotion_aware,6669,train_pair_0788,0,0,0.43551209568977356
liar2_finance,8,88,emotion_aware,1887,train_pair_0602,1,0,0.2595254182815552
liar2_finance,8,88,emotion_aware,4451,train_pair_0714,0,1,0.632793128490448
liar2_finance,8,88,emotion_aware,6256,train_pair_0260,0,1,0.6636067628860474
liar2_finance,8,88,emotion_aware,14127,train_pair_0739,1,1,0.6530951857566833
liar2_finance,8,88,emotion_aware,2643,train_pair_0344,1,0,0.33110833168029785
liar2_finance,8,88,emotion_aware,849,train_pair_0759,0,1,0.687163770198822
liar2_finance,8,88,emotion_aware,21569,train_pair_0197,1,1,0.6777201294898987
liar2_finance,8,88,emotion_aware,12508,train_pair_0620,0,1,0.7623140811920166
liar2_finance,8,88,emotion_aware,2213,train_pair_0036,1,1,0.6803916096687317
liar2_finance,8,88,emotion_aware,18692,train_pair_0619,1,0,0.3387138545513153
liar2_finance,8,88,emotion_aware,879,train_pair_0681,1,1,0.7090080976486206
liar2_finance,8,88,emotion_aware,19721,train_pair_0159,1,1,0.853065013885498
liar2_finance,8,88,emotion_aware,11633,train_pair_0617,0,0,0.317810982465744
liar2_finance,8,88,emotion_aware,2437,train_pair_0395,1,1,0.7803993225097656
liar2_finance,8,88,emotion_aware,6500,train_pair_0063,1,1,0.532400906085968
liar2_finance,8,88,emotion_aware,4337,train_pair_0233,0,0,0.4181390702724457
liar2_finance,8,88,emotion_aware,8360,train_pair_0260,1,1,0.6726726293563843
liar2_finance,8,88,emotion_aware,2522,train_pair_0138,0,1,0.611763060092926
liar2_finance,8,88,emotion_aware,2923,train_pair_0111,1,1,0.8093474507331848
liar2_finance,8,88,emotion_aware,10550,train_pair_0039,1,1,0.8727248907089233
liar2_finance,8,88,emotion_aware,4909,train_pair_0347,1,1,0.7059318423271179
liar2_finance,8,88,emotion_aware,21326,train_pair_0643,1,1,0.8024646639823914
liar2_finance,8,88,emotion_aware,10365,train_pair_0417,1,1,0.5985211730003357
liar2_finance,8,88,emotion_aware,700,train_pair_0016,1,1,0.6282263398170471
liar2_finance,8,88,emotion_aware,8629,train_pair_0670,0,1,0.60405433177948
liar2_finance,8,88,emotion_aware,13937,train_pair_0281,0,0,0.2627958059310913
liar2_finance,8,88,emotion_aware,6736,train_pair_0643,0,0,0.4473731815814972
liar2_finance,8,88,emotion_aware,2055,train_pair_0447,0,0,0.338531494140625
liar2_finance,8,88,emotion_aware,4727,train_pair_0543,1,1,0.7496576905250549
liar2_finance,8,88,emotion_aware,1517,train_pair_0419,1,1,0.5384715795516968
liar2_finance,8,88,emotion_aware,8883,train_pair_0163,1,1,0.7233888506889343
liar2_finance,8,88,emotion_aware,12894,train_pair_0739,0,0,0.4163900315761566
liar2_finance,8,88,emotion_aware,4134,train_pair_0776,0,1,0.5604242086410522
liar2_finance,8,88,emotion_aware,2348,train_pair_0627,1,1,0.7131633162498474
liar2_finance,8,88,emotion_aware,6614,train_pair_0233,1,1,0.7909888625144958
liar2_finance,8,88,emotion_aware,5098,train_pair_0036,0,1,0.6442998647689819
liar2_finance,8,88,emotion_aware,13380,train_pair_0554,0,1,0.7286128997802734
liar2_finance,8,88,emotion_aware,7436,train_pair_0784,0,0,0.20252825319766998
liar2_finance,8,88,emotion_aware,1427,train_pair_0297,0,0,0.403545618057251
liar2_finance,8,88,emotion_aware,11403,train_pair_0322,0,0,0.3811939060688019
liar2_finance,8,88,emotion_aware,9481,train_pair_0671,0,0,0.48796015977859497
liar2_finance,8,88,emotion_aware,11132,train_pair_0088,0,0,0.24943456053733826
liar2_finance,8,88,emotion_aware,6709,train_pair_0806,0,1,0.7623251676559448
liar2_finance,8,88,emotion_aware,11970,train_pair_0008,0,1,0.7435393333435059
liar2_finance,8,88,emotion_aware,3628,train_pair_0322,1,1,0.7518566846847534
liar2_finance,8,88,emotion_aware,4540,train_pair_0138,1,0,0.23995260894298553
liar2_finance,8,88,emotion_aware,1918,train_pair_0066,1,0,0.49460098147392273
liar2_finance,8,88,emotion_aware,5664,train_pair_0759,1,1,0.7253974676132202
liar2_finance,8,88,emotion_aware,10845,train_pair_0065,1,1,0.6698940396308899
liar2_finance,8,88,emotion_aware,16967,train_pair_0795,1,1,0.8097338080406189
liar2_finance,8,88,emotion_aware,5350,train_pair_0627,0,1,0.6427527070045471
liar2_finance,8,88,emotion_aware,4067,train_pair_0398,0,1,0.5754711031913757
liar2_finance,8,88,emotion_aware,2543,train_pair_0470,1,0,0.4749317765235901
liar2_finance,8,88,emotion_aware,2747,train_pair_0470,0,1,0.625725507736206
liar2_finance,8,88,emotion_aware,21136,train_pair_0101,1,0,0.4917532801628113
liar2_finance,8,88,emotion_aware,3069,train_pair_0484,1,1,0.7706537246704102
liar2_finance,8,88,emotion_aware,9576,train_pair_0297,1,1,0.563259482383728
liar2_finance,8,88,emotion_aware,750,train_pair_0623,1,1,0.6660135388374329
liar2_finance,8,88,emotion_aware,5914,train_pair_0569,0,1,0.6965784430503845
liar2_finance,8,88,emotion_aware,22160,train_pair_0060,1,1,0.7672576904296875
liar2_finance,8,88,emotion_aware,5204,train_pair_0347,0,1,0.5368279814720154
liar2_finance,8,88,emotion_aware,9316,train_pair_0111,0,0,0.431640088558197
liar2_finance,8,88,emotion_aware,21626,train_pair_0088,1,0,0.372844934463501
liar2_finance,8,88,emotion_aware,3721,train_pair_0016,0,0,0.49734893441200256
liar2_finance,8,88,emotion_aware,17894,train_pair_0281,1,1,0.8194664716720581
liar2_finance,8,88,emotion_aware,5757,train_pair_0671,1,1,0.6348364353179932
liar2_finance,8,88,emotion_aware,10253,train_pair_0042,0,1,0.5060637593269348
liar2_finance,8,88,emotion_aware,572,train_pair_0101,0,1,0.5955094695091248
liar2_finance,8,88,emotion_aware,8863,train_pair_0712,1,1,0.6858430504798889
liar2_finance,8,88,emotion_aware,4472,train_pair_0204,1,1,0.6897318959236145
liar2_finance,8,88,emotion_aware,8690,train_pair_0529,0,1,0.5759475827217102
liar2_finance,8,88,emotion_aware,7628,train_pair_0178,0,0,0.483769029378891
liar2_finance,8,88,emotion_aware,3391,train_pair_0358,0,1,0.536896288394928
liar2_finance,8,88,emotion_aware,5183,train_pair_0406,1,1,0.6677742600440979
liar2_finance,8,88,emotion_aware,5545,train_pair_0670,1,1,0.8201944231987
liar2_finance,8,88,emotion_aware,673,train_pair_0623,0,1,0.5631811618804932
liar2_finance,8,88,emotion_aware,12773,train_pair_0006,1,0,0.32817786931991577
liar2_finance,8,88,emotion_aware,303,train_pair_0065,0,0,0.28159287571907043
liar2_finance,8,88,emotion_aware,1210,train_pair_0072,1,1,0.593130350112915
liar2_finance,8,88,emotion_aware,22,train_pair_0066,0,0,0.38827550411224365
liar2_finance,8,88,emotion_aware,20371,train_pair_0755,1,1,0.7654865384101868
liar2_finance,8,88,emotion_aware,1743,train_pair_0447,1,1,0.7171936631202698
liar2_finance,8,88,emotion_aware,4937,train_pair_0543,0,0,0.2803969383239746
liar2_finance,8,88,emotion_aware,7859,train_pair_0159,0,0,0.4225424826145172
liar2_finance,8,88,emotion_aware,1321,train_pair_0461,0,1,0.549286961555481
liar2_finance,8,88,emotion_aware,2412,train_pair_0163,0,1,0.5629787445068359
liar2_finance,8,88,emotion_aware,3563,train_pair_0358,1,0,0.32750582695007324
liar2_finance,8,88,emotion_aware,3765,train_pair_0115,1,1,0.6118525266647339
liar2_finance,8,88,emotion_aware,1097,train_pair_0558,1,1,0.7789101004600525
liar2_finance,8,88,emotion_aware,16737,train_pair_0219,1,1,0.5008596777915955
liar2_finance,8,88,emotion_aware,1567,train_pair_0298,1,1,0.7742816209793091
liar2_finance,8,88,emotion_aware,16229,train_pair_0755,0,1,0.5443198680877686
liar2_finance,8,88,emotion_aware,12411,train_pair_0619,0,1,0.61014324426651
liar2_finance,8,88,emotion_aware,3485,train_pair_0197,0,0,0.4075283110141754
liar2_finance,8,88,emotion_aware,16018,train_pair_0269,1,0,0.49495553970336914
liar2_finance,8,88,emotion_aware,3747,train_pair_0406,0,1,0.714266836643219
liar2_finance,8,88,emotion_aware,16429,train_pair_0554,1,1,0.7802447080612183
liar2_finance,8,88,emotion_aware,5307,train_pair_0008,1,1,0.5251042246818542
liar2_finance,8,88,emotion_aware,2034,train_pair_0586,1,1,0.6821100115776062
liar2_finance,8,88,emotion_aware,1436,train_pair_0039,0,0,0.3718702495098114
liar2_finance,8,88,emotion_aware,2250,train_pair_0056,1,1,0.7166123390197754
liar2_finance,8,88,emotion_aware,3805,train_pair_0063,0,1,0.6957871913909912
liar2_finance,8,88,emotion_aware,19688,train_pair_0620,1,0,0.3766188323497772
liar2_finance,8,88,emotion_aware,4113,train_pair_0460,1,0,0.2756287753582001
liar2_finance,8,88,emotion_aware,19216,train_pair_0677,0,1,0.8310622572898865
liar2_finance,8,88,emotion_aware,6245,train_pair_0042,1,1,0.6238704323768616
liar2_finance,8,88,emotion_aware,14051,train_pair_0677,1,1,0.5217324495315552
liar2_finance,8,88,emotion_aware,3901,train_pair_0345,1,1,0.7350145578384399
liar2_finance,8,88,emotion_aware,2274,train_pair_0414,1,1,0.6194700598716736
liar2_finance,8,88,emotion_aware,13678,train_pair_0784,1,1,0.7105055451393127
liar2_finance,8,88,emotion_aware,9057,train_pair_0576,0,1,0.5887620449066162
liar2_finance,8,88,emotion_aware,3921,train_pair_0681,0,0,0.4462879002094269
liar2_finance,8,88,emotion_aware,1345,train_pair_0484,0,1,0.6584193110466003
liar2_finance,8,88,emotion_aware,2896,train_pair_0368,0,0,0.3828679621219635
liar2_finance,8,88,emotion_aware,3556,train_pair_0712,0,1,0.7973218560218811
liar2_finance,8,88,emotion_aware,8820,train_pair_0788,1,1,0.5818403959274292
liar2_finance,8,88,emotion_aware,8991,train_pair_0776,1,1,0.7157431244850159
liar2_finance,8,88,emotion_aware,8432,train_pair_0256,1,1,0.6371203660964966
liar2_finance,8,88,emotion_aware,8742,train_pair_0250,0,0,0.3875001072883606
liar2_finance,8,88,emotion_aware,15615,train_pair_0617,1,1,0.8603362441062927
liar2_finance,8,88,emotion_aware,7297,train_pair_0398,1,0,0.466056227684021
liar2_finance,8,88,emotion_aware,2117,train_pair_0588,1,0,0.42388466000556946
liar2_finance,8,88,emotion_aware,8397,train_pair_0783,1,1,0.8353318572044373
liar2_finance,8,88,emotion_aware,3220,train_pair_0368,1,1,0.8747901916503906
liar2_finance,8,88,emotion_aware,1463,train_pair_0298,0,1,0.5983289480209351
liar2_finance,8,88,emotion_aware,3130,train_pair_0695,0,1,0.7492768168449402
liar2_finance,8,88,emotion_aware,9475,train_pair_0109,1,1,0.7515959739685059
liar2_finance,8,88,emotion_aware,17964,train_pair_0460,0,1,0.580970048904419
liar2_finance,8,88,emotion_aware,10378,train_pair_0250,1,0,0.4505234658718109
liar2_finance,8,88,emotion_aware,14939,train_pair_0006,0,1,0.6039217710494995
liar2_finance,8,88,emotion_aware,4024,train_pair_0345,0,0,0.2768707871437073
liar2_finance,8,88,emotion_aware,778,train_pair_0602,0,0,0.3549859821796417
liar2_finance,8,88,emotion_aware,1263,train_pair_0109,0,1,0.5725451111793518
liar2_finance,8,88,emotion_aware,3399,train_pair_0395,0,1,0.5449640154838562
liar2_finance,8,88,emotion_aware,14536,train_pair_0576,1,1,0.6377490758895874
liar2_finance,8,88,emotion_aware,1507,train_pair_0060,0,0,0.4949890673160553
liar2_finance,8,88,emotion_aware,4196,train_pair_0806,1,1,0.6795493364334106
liar2_finance,8,88,emotion_aware,747,train_pair_0419,0,0,0.40112030506134033
liar2_finance,8,88,emotion_aware,6329,train_pair_0417,0,0,0.443877637386322
liar2_finance,8,88,emotion_aware,1429,train_pair_0558,0,1,0.6205487847328186
liar2_finance,8,88,emotion_aware,5212,train_pair_0256,0,0,0.37532153725624084
liar2_finance,8,88,emotion_aware,4682,train_pair_0414,0,0,0.2185969054698944
liar2_finance,8,88,emotion_aware,4824,train_pair_0204,0,0,0.19236919283866882
liar2_finance,8,88,emotion_aware,6174,train_pair_0461,1,1,0.5559970140457153
liar2_finance,8,88,emotion_aware,3875,train_pair_0269,0,0,0.23205965757369995
liar2_finance,8,88,emotion_aware,1498,train_pair_0778,1,1,0.633001983165741
liar2_finance,8,88,emotion_aware,142,train_pair_0778,0,1,0.5744461417198181
liar2_finance,8,88,emotion_aware,7032,train_pair_0219,0,1,0.6239349246025085
liar2_finance,8,88,emotion_aware,10225,train_pair_0695,1,1,0.7543786764144897
liar2_finance,8,88,emotion_aware,2344,train_pair_0115,0,0,0.4080421030521393
liar2_finance,8,88,emotion_aware,2899,train_pair_0344,0,1,0.5736360549926758
liar2_finance,8,88,emotion_aware,10848,train_pair_0529,1,0,0.2784556746482849
liar2_finance,8,88,emotion_aware,4058,train_pair_0586,0,0,0.3831793963909149
liar2_finance,8,88,emotion_aware,1655,train_pair_0072,0,0,0.3214832842350006
liar2_finance,8,88,emotion_aware,13231,train_pair_0714,1,0,0.2904564440250397
liar2_finance,8,88,emotion_aware,7255,train_pair_0795,0,1,0.5570563673973083
liar2_finance,8,88,emotion_aware,6937,train_pair_0569,1,0,0.49512532353401184
liar2_finance,8,88,emotion_aware,293,validation_pair_0018,0,0,0.33515438437461853
liar2_finance,8,88,emotion_aware,10375,validation_pair_0051,0,0,0.3414979875087738
liar2_finance,8,88,emotion_aware,10379,validation_pair_0077,1,1,0.5949767827987671
liar2_finance,8,88,emotion_aware,8425,validation_pair_0077,0,0,0.3682599365711212
liar2_finance,8,88,emotion_aware,2237,validation_pair_0051,1,1,0.7802781462669373
liar2_finance,8,88,emotion_aware,10618,validation_pair_0082,1,0,0.3910757899284363
liar2_finance,8,88,emotion_aware,826,validation_pair_0109,1,1,0.5416780114173889
liar2_finance,8,88,emotion_aware,5153,validation_pair_0040,0,1,0.6885072588920593
liar2_finance,8,88,emotion_aware,7030,validation_pair_0111,1,1,0.6090682148933411
liar2_finance,8,88,emotion_aware,4046,validation_pair_0111,0,0,0.4003591537475586
liar2_finance,8,88,emotion_aware,2413,validation_pair_0040,1,1,0.6746149063110352
liar2_finance,8,88,emotion_aware,2286,validation_pair_0049,0,0,0.3286873400211334
liar2_finance,8,88,emotion_aware,7320,validation_pair_0082,0,0,0.42019522190093994
liar2_finance,8,88,emotion_aware,3178,validation_pair_0109,0,1,0.7557322978973389
liar2_finance,8,88,emotion_aware,18612,validation_pair_0049,1,1,0.7659968733787537
liar2_finance,8,88,emotion_aware,14789,validation_pair_0018,1,0,0.4059458374977112
liar2_finance,9,99,text_only,2801,test_pair_0078,0,1,0.8754630088806152
liar2_finance,9,99,text_only,532,test_pair_0090,1,1,0.9833393096923828
liar2_finance,9,99,text_only,8356,test_pair_0020,1,1,0.9930675029754639
liar2_finance,9,99,text_only,15865,test_pair_0078,1,1,0.9388956427574158
liar2_finance,9,99,text_only,5583,test_pair_0048,0,0,0.03257047384977341
liar2_finance,9,99,text_only,6583,test_pair_0019,1,1,0.9787970781326294
liar2_finance,9,99,text_only,8320,test_pair_0065,1,0,0.004140693228691816
liar2_finance,9,99,text_only,2717,test_pair_0017,1,1,0.8528145551681519
liar2_finance,9,99,text_only,18569,test_pair_0073,1,1,0.8911242485046387
liar2_finance,9,99,text_only,7762,test_pair_0073,0,0,0.005565423518419266
liar2_finance,9,99,text_only,6878,test_pair_0020,0,0,0.00749614555388689
liar2_finance,9,99,text_only,4084,test_pair_0048,1,1,0.5775492787361145
liar2_finance,9,99,text_only,22229,test_pair_0017,0,1,0.9778499603271484
liar2_finance,9,99,text_only,9532,test_pair_0065,0,0,0.03066929057240486
liar2_finance,9,99,text_only,11817,test_pair_0019,0,0,0.16325481235980988
liar2_finance,9,99,text_only,13055,test_pair_0052,0,0,0.03001665137708187
liar2_finance,9,99,text_only,171,test_pair_0090,0,0,0.039909183979034424
liar2_finance,9,99,text_only,2532,test_pair_0052,1,1,0.9053035378456116
liar2_finance,9,99,text_only,4369,train_pair_0588,0,0,0.027119653299450874
liar2_finance,9,99,text_only,14220,train_pair_0754,0,0,0.429329514503479
liar2_finance,9,99,text_only,8010,train_pair_0527,0,0,0.015190958976745605
liar2_finance,9,99,text_only,4237,train_pair_0324,1,0,0.1086902990937233
liar2_finance,9,99,text_only,4451,train_pair_0714,0,1,0.5811572670936584
liar2_finance,9,99,text_only,7910,train_pair_0374,1,0,0.09919445216655731
liar2_finance,9,99,text_only,5709,train_pair_0214,0,1,0.932662308216095
liar2_finance,9,99,text_only,3854,train_pair_0302,1,1,0.9292575716972351
liar2_finance,9,99,text_only,3898,train_pair_0434,0,0,0.3916620910167694
liar2_finance,9,99,text_only,1185,train_pair_0503,1,1,0.971279501914978
liar2_finance,9,99,text_only,6094,train_pair_0455,0,1,0.8617865443229675
liar2_finance,9,99,text_only,21569,train_pair_0197,1,1,0.9176223278045654
liar2_finance,9,99,text_only,22662,train_pair_0707,1,1,0.7721065282821655
liar2_finance,9,99,text_only,4777,train_pair_0435,0,0,0.023687167093157768
liar2_finance,9,99,text_only,3070,train_pair_0432,1,0,0.442011296749115
liar2_finance,9,99,text_only,3115,train_pair_0694,0,0,0.09927356243133545
liar2_finance,9,99,text_only,13031,train_pair_0707,0,0,0.41992515325546265
liar2_finance,9,99,text_only,16206,train_pair_0633,0,1,0.538590133190155
liar2_finance,9,99,text_only,12816,train_pair_0040,1,1,0.923651933670044
liar2_finance,9,99,text_only,12786,train_pair_0552,0,0,0.002309222240000963
liar2_finance,9,99,text_only,2800,train_pair_0128,1,1,0.9894546270370483
liar2_finance,9,99,text_only,4819,train_pair_0227,0,0,0.005713881924748421
liar2_finance,9,99,text_only,825,train_pair_0317,1,1,0.8074084520339966
liar2_finance,9,99,text_only,10132,train_pair_0212,1,1,0.981369137763977
liar2_finance,9,99,text_only,15233,train_pair_0134,1,0,0.17889562249183655
liar2_finance,9,99,text_only,1156,train_pair_0657,0,1,0.8641844987869263
liar2_finance,9,99,text_only,5437,train_pair_0307,0,1,0.6191099286079407
liar2_finance,9,99,text_only,13930,train_pair_0616,1,1,0.9672185182571411
liar2_finance,9,99,text_only,5880,train_pair_0633,1,1,0.995522141456604
liar2_finance,9,99,text_only,11219,train_pair_0630,0,0,0.17599886655807495
liar2_finance,9,99,text_only,3247,train_pair_0007,0,1,0.695057213306427
liar2_finance,9,99,text_only,1639,train_pair_0413,1,1,0.5744589567184448
liar2_finance,9,99,text_only,11180,train_pair_0341,1,0,0.06368162482976913
liar2_finance,9,99,text_only,9779,train_pair_0749,0,0,0.0064432863146066666
liar2_finance,9,99,text_only,176,train_pair_0785,0,0,0.4133933186531067
liar2_finance,9,99,text_only,1114,train_pair_0603,0,1,0.9239720106124878
liar2_finance,9,99,text_only,2639,train_pair_0054,0,0,0.08375032991170883
liar2_finance,9,99,text_only,9114,train_pair_0503,0,0,0.019100358709692955
liar2_finance,9,99,text_only,2026,train_pair_0214,1,0,0.32557013630867004
liar2_finance,9,99,text_only,8075,train_pair_0616,0,1,0.7436679601669312
liar2_finance,9,99,text_only,16967,train_pair_0795,1,1,0.9903064966201782
liar2_finance,9,99,text_only,16311,train_pair_0499,0,0,0.1078314483165741
liar2_finance,9,99,text_only,13406,train_pair_0730,1,0,0.14835545420646667
liar2_finance,9,99,text_only,1279,train_pair_0497,0,0,0.2581719160079956
liar2_finance,9,99,text_only,4661,train_pair_0785,1,0,0.012427967973053455
liar2_finance,9,99,text_only,9621,train_pair_0352,1,1,0.6445423364639282
liar2_finance,9,99,text_only,14117,train_pair_0640,1,1,0.945502758026123
liar2_finance,9,99,text_only,2477,train_pair_0311,1,1,0.9878613948822021
liar2_finance,9,99,text_only,4144,train_pair_0603,1,1,0.5600089430809021
liar2_finance,9,99,text_only,12075,train_pair_0212,0,0,0.02607816457748413
liar2_finance,9,99,text_only,10253,train_pair_0042,0,0,0.2555185854434967
liar2_finance,9,99,text_only,5385,train_pair_0758,1,1,0.5075640678405762
liar2_finance,9,99,text_only,4166,train_pair_0587,0,0,0.48572587966918945
liar2_finance,9,99,text_only,6944,train_pair_0218,0,0,0.011094894260168076
liar2_finance,9,99,text_only,1891,train_pair_0311,0,1,0.7378965616226196
liar2_finance,9,99,text_only,8863,train_pair_0712,1,1,0.9825910925865173
liar2_finance,9,99,text_only,6600,train_pair_0516,1,1,0.9911572933197021
liar2_finance,9,99,text_only,13453,train_pair_0324,0,1,0.955583393573761
liar2_finance,9,99,text_only,3169,train_pair_0384,0,1,0.5395205020904541
liar2_finance,9,99,text_only,7003,train_pair_0665,0,1,0.5358335375785828
liar2_finance,9,99,text_only,17171,train_pair_0049,1,1,0.8931947946548462
liar2_finance,9,99,text_only,10039,train_pair_0482,1,1,0.7857179641723633
liar2_finance,9,99,text_only,141,train_pair_0803,0,0,0.01673746295273304
liar2_finance,9,99,text_only,13294,train_pair_0482,0,0,0.04913880676031113
liar2_finance,9,99,text_only,2351,train_pair_0589,1,1,0.9934974908828735
liar2_finance,9,99,text_only,1007,train_pair_0045,1,0,0.21587449312210083
liar2_finance,9,99,text_only,15609,train_pair_0021,0,0,0.032489433884620667
liar2_finance,9,99,text_only,9476,train_pair_0190,1,0,0.14953413605690002
liar2_finance,9,99,text_only,8569,train_pair_0527,1,1,0.7259249091148376
liar2_finance,9,99,text_only,1064,train_pair_0810,1,1,0.8510668873786926
liar2_finance,9,99,text_only,3035,train_pair_0007,1,1,0.9952025413513184
liar2_finance,9,99,text_only,6627,train_pair_0568,1,1,0.9431383013725281
liar2_finance,9,99,text_only,12133,train_pair_0726,0,0,0.029887283220887184
liar2_finance,9,99,text_only,10882,train_pair_0552,1,1,0.979828417301178
liar2_finance,9,99,text_only,18743,train_pair_0113,1,0,0.4830193519592285
liar2_finance,9,99,text_only,4786,train_pair_0589,0,0,0.04013573005795479
liar2_finance,9,99,text_only,5799,train_pair_0545,0,0,0.04128529503941536
liar2_finance,9,99,text_only,3710,train_pair_0424,1,0,0.034083180129528046
liar2_finance,9,99,text_only,11497,train_pair_0112,1,1,0.9678176641464233
liar2_finance,9,99,text_only,3181,train_pair_0223,0,0,0.1450706273317337
liar2_finance,9,99,text_only,7101,train_pair_0374,0,0,0.30424007773399353
liar2_finance,9,99,text_only,3485,train_pair_0197,0,1,0.5529168844223022
liar2_finance,9,99,text_only,2686,train_pair_0073,1,1,0.795646607875824
liar2_finance,9,99,text_only,16521,train_pair_0601,1,1,0.8984668850898743
liar2_finance,9,99,text_only,13372,train_pair_0614,1,1,0.7805199027061462
liar2_finance,9,99,text_only,20353,train_pair_0754,1,1,0.9903355836868286
liar2_finance,9,99,text_only,9310,train_pair_0570,1,1,0.9518678784370422
liar2_finance,9,99,text_only,3311,train_pair_0129,1,1,0.9314056634902954
liar2_finance,9,99,text_only,16034,train_pair_0690,0,0,0.1153382807970047
liar2_finance,9,99,text_only,18277,train_pair_0054,1,1,0.5833520293235779
liar2_finance,9,99,text_only,6418,train_pair_0302,0,0,0.09155220538377762
liar2_finance,9,99,text_only,7310,train_pair_0424,0,1,0.8829901814460754
liar2_finance,9,99,text_only,2809,train_pair_0049,0,1,0.8882163166999817
liar2_finance,9,99,text_only,12545,train_pair_0052,1,1,0.9857231974601746
liar2_finance,9,99,text_only,15266,train_pair_0218,1,1,0.8131006360054016
liar2_finance,9,99,text_only,3167,train_pair_0665,1,1,0.9376804828643799
liar2_finance,9,99,text_only,642,train_pair_0758,0,0,0.39862295985221863
liar2_finance,9,99,text_only,7073,train_pair_0118,0,0,0.04886811599135399
liar2_finance,9,99,text_only,5335,train_pair_0134,0,0,0.2251330018043518
liar2_finance,9,99,text_only,15853,train_pair_0048,1,1,0.9962510466575623
liar2_finance,9,99,text_only,6245,train_pair_0042,1,1,0.9383096098899841
liar2_finance,9,99,text_only,10205,train_pair_0601,0,1,0.9892762899398804
liar2_finance,9,99,text_only,2274,train_pair_0414,1,0,0.409824401140213
liar2_finance,9,99,text_only,4846,train_pair_0630,1,1,0.9110059142112732
liar2_finance,9,99,text_only,13958,train_pair_0112,0,1,0.7778878211975098
liar2_finance,9,99,text_only,2764,train_pair_0073,0,0,0.09297799319028854
liar2_finance,9,99,text_only,5871,train_pair_0545,1,1,0.8367969989776611
liar2_finance,9,99,text_only,12152,train_pair_0005,0,0,0.467877596616745
liar2_finance,9,99,text_only,1189,train_pair_0128,0,0,0.015606001019477844
liar2_finance,9,99,text_only,6096,train_pair_0455,1,1,0.9891285300254822
liar2_finance,9,99,text_only,1801,train_pair_0021,1,0,0.21156561374664307
liar2_finance,9,99,text_only,17729,train_pair_0435,1,0,0.2274141162633896
liar2_finance,9,99,text_only,5141,train_pair_0516,0,0,0.04343829303979874
liar2_finance,9,99,text_only,8391,train_pair_0694,1,1,0.9601060748100281
liar2_finance,9,99,text_only,3556,train_pair_0712,0,1,0.9338214993476868
liar2_finance,9,99,text_only,2924,train_pair_0803,1,0,0.21301007270812988
liar2_finance,9,99,text_only,4318,train_pair_0443,0,0,0.2040814757347107
liar2_finance,9,99,text_only,4239,train_pair_0040,0,0,0.17624546587467194
liar2_finance,9,99,text_only,2078,train_pair_0587,1,1,0.9752492904663086
liar2_finance,9,99,text_only,8474,train_pair_0575,0,0,0.008980482816696167
liar2_finance,9,99,text_only,14862,train_pair_0118,1,0,0.4983372390270233
liar2_finance,9,99,text_only,2117,train_pair_0588,1,0,0.43018946051597595
liar2_finance,9,99,text_only,4597,train_pair_0443,1,0,0.038166191428899765
liar2_finance,9,99,text_only,3728,train_pair_0223,1,0,0.05640150234103203
liar2_finance,9,99,text_only,1392,train_pair_0048,0,0,0.07965701073408127
liar2_finance,9,99,text_only,3356,train_pair_0413,0,0,0.021587053313851357
liar2_finance,9,99,text_only,582,train_pair_0045,0,0,0.10526171326637268
liar2_finance,9,99,text_only,22788,train_pair_0018,1,1,0.9471039772033691
liar2_finance,9,99,text_only,9683,train_pair_0199,1,1,0.9921114444732666
liar2_finance,9,99,text_only,9656,train_pair_0190,0,0,0.08474843204021454
liar2_finance,9,99,text_only,3165,train_pair_0129,0,0,0.11762101203203201
liar2_finance,9,99,text_only,8674,train_pair_0657,1,1,0.5304585099220276
liar2_finance,9,99,text_only,6555,train_pair_0614,0,0,0.06469894200563431
liar2_finance,9,99,text_only,11179,train_pair_0499,1,0,0.43459728360176086
liar2_finance,9,99,text_only,6978,train_pair_0352,0,0,0.06605034321546555
liar2_finance,9,99,text_only,7733,train_pair_0317,0,0,0.23146149516105652
liar2_finance,9,99,text_only,4812,train_pair_0690,1,1,0.9952405691146851
liar2_finance,9,99,text_only,16192,train_pair_0434,1,1,0.8256790637969971
liar2_finance,9,99,text_only,8534,train_pair_0687,0,0,0.1893523782491684
liar2_finance,9,99,text_only,16836,train_pair_0439,1,0,0.060423824936151505
liar2_finance,9,99,text_only,19210,train_pair_0307,1,1,0.9780012369155884
liar2_finance,9,99,text_only,6449,train_pair_0341,0,0,0.329786479473114
liar2_finance,9,99,text_only,14328,train_pair_0575,1,0,0.03073255717754364
liar2_finance,9,99,text_only,8028,train_pair_0726,1,0,0.3983994424343109
liar2_finance,9,99,text_only,1865,train_pair_0343,1,0,0.3400767743587494
liar2_finance,9,99,text_only,6591,train_pair_0018,0,1,0.8803934454917908
liar2_finance,9,99,text_only,4682,train_pair_0414,0,0,0.005567548330873251
liar2_finance,9,99,text_only,1759,train_pair_0343,0,0,0.30058732628822327
liar2_finance,9,99,text_only,21284,train_pair_0730,0,1,0.9725750088691711
liar2_finance,9,99,text_only,5532,train_pair_0640,0,0,0.026529744267463684
liar2_finance,9,99,text_only,7161,train_pair_0570,0,0,0.1479322463274002
liar2_finance,9,99,text_only,17684,train_pair_0497,1,1,0.7922474145889282
liar2_finance,9,99,text_only,16824,train_pair_0113,0,0,0.19546431303024292
liar2_finance,9,99,text_only,4458,train_pair_0199,0,1,0.9754214882850647
liar2_finance,9,99,text_only,4053,train_pair_0439,0,0,0.013602602295577526
liar2_finance,9,99,text_only,5904,train_pair_0749,1,0,0.10061414539813995
liar2_finance,9,99,text_only,5847,train_pair_0568,0,0,0.26688045263290405
liar2_finance,9,99,text_only,1390,train_pair_0052,0,0,0.4598730802536011
liar2_finance,9,99,text_only,15019,train_pair_0202,0,0,0.0704803392291069
liar2_finance,9,99,text_only,16443,train_pair_0005,1,1,0.9569188356399536
liar2_finance,9,99,text_only,9633,train_pair_0227,1,1,0.6674294471740723
liar2_finance,9,99,text_only,2842,train_pair_0810,0,0,0.00728984922170639
liar2_finance,9,99,text_only,3511,train_pair_0432,0,0,0.026210183277726173
liar2_finance,9,99,text_only,18684,train_pair_0202,1,1,0.9889967441558838
liar2_finance,9,99,text_only,4138,train_pair_0687,1,1,0.9907376170158386
liar2_finance,9,99,text_only,4754,train_pair_0384,1,0,0.01238161325454712
liar2_finance,9,99,text_only,13231,train_pair_0714,1,0,0.01571170799434185
liar2_finance,9,99,text_only,7255,train_pair_0795,0,0,0.46877819299697876
liar2_finance,9,99,text_only,3221,validation_pair_0104,0,1,0.6292409896850586
liar2_finance,9,99,text_only,9556,validation_pair_0069,0,0,0.3101467490196228
liar2_finance,9,99,text_only,3486,validation_pair_0098,1,1,0.9493701457977295
liar2_finance,9,99,text_only,4117,validation_pair_0069,1,1,0.9872851967811584
liar2_finance,9,99,text_only,5961,validation_pair_0028,1,1,0.998871386051178
liar2_finance,9,99,text_only,15896,validation_pair_0062,0,0,0.05919983237981796
liar2_finance,9,99,text_only,4411,validation_pair_0057,0,1,0.7067767977714539
liar2_finance,9,99,text_only,12421,validation_pair_0098,0,1,0.5214081406593323
liar2_finance,9,99,text_only,12423,validation_pair_0057,1,1,0.8585594892501831
liar2_finance,9,99,text_only,2782,validation_pair_0061,0,0,0.011114132590591908
liar2_finance,9,99,text_only,18260,validation_pair_0061,1,1,0.9786531925201416
liar2_finance,9,99,text_only,5153,validation_pair_0040,0,1,0.8330102562904358
liar2_finance,9,99,text_only,14495,validation_pair_0062,1,1,0.9861859083175659
liar2_finance,9,99,text_only,2413,validation_pair_0040,1,1,0.6620123982429504
liar2_finance,9,99,text_only,15645,validation_pair_0025,0,0,0.0063660526648163795
liar2_finance,9,99,text_only,3053,validation_pair_0025,1,1,0.9770351648330688
liar2_finance,9,99,text_only,3143,validation_pair_0104,1,1,0.9946569204330444
liar2_finance,9,99,text_only,5517,validation_pair_0028,0,1,0.9449781775474548
liar2_finance,9,99,emotion_aware,2801,test_pair_0078,0,1,0.6221001148223877
liar2_finance,9,99,emotion_aware,532,test_pair_0090,1,1,0.8868770599365234
liar2_finance,9,99,emotion_aware,8356,test_pair_0020,1,1,0.8099924921989441
liar2_finance,9,99,emotion_aware,15865,test_pair_0078,1,1,0.7440823316574097
liar2_finance,9,99,emotion_aware,5583,test_pair_0048,0,0,0.25430312752723694
liar2_finance,9,99,emotion_aware,6583,test_pair_0019,1,1,0.7840046286582947
liar2_finance,9,99,emotion_aware,8320,test_pair_0065,1,0,0.0633627399802208
liar2_finance,9,99,emotion_aware,2717,test_pair_0017,1,0,0.44648197293281555
liar2_finance,9,99,emotion_aware,18569,test_pair_0073,1,1,0.6532586216926575
liar2_finance,9,99,emotion_aware,7762,test_pair_0073,0,0,0.12678223848342896
liar2_finance,9,99,emotion_aware,6878,test_pair_0020,0,0,0.05658261105418205
liar2_finance,9,99,emotion_aware,4084,test_pair_0048,1,0,0.42198386788368225
liar2_finance,9,99,emotion_aware,22229,test_pair_0017,0,1,0.703182578086853
liar2_finance,9,99,emotion_aware,9532,test_pair_0065,0,0,0.17851360142230988
liar2_finance,9,99,emotion_aware,11817,test_pair_0019,0,0,0.18168918788433075
liar2_finance,9,99,emotion_aware,13055,test_pair_0052,0,0,0.3632393181324005
liar2_finance,9,99,emotion_aware,171,test_pair_0090,0,0,0.20495173335075378
liar2_finance,9,99,emotion_aware,2532,test_pair_0052,1,1,0.6516662836074829
liar2_finance,9,99,emotion_aware,4369,train_pair_0588,0,0,0.09625700861215591
liar2_finance,9,99,emotion_aware,14220,train_pair_0754,0,0,0.26699623465538025
liar2_finance,9,99,emotion_aware,8010,train_pair_0527,0,0,0.27614626288414
liar2_finance,9,99,emotion_aware,4237,train_pair_0324,1,0,0.334251344203949
liar2_finance,9,99,emotion_aware,4451,train_pair_0714,0,1,0.6636980175971985
liar2_finance,9,99,emotion_aware,7910,train_pair_0374,1,0,0.23488575220108032
liar2_finance,9,99,emotion_aware,5709,train_pair_0214,0,1,0.5630435347557068
liar2_finance,9,99,emotion_aware,3854,train_pair_0302,1,1,0.7299436330795288
liar2_finance,9,99,emotion_aware,3898,train_pair_0434,0,0,0.23085562884807587
liar2_finance,9,99,emotion_aware,1185,train_pair_0503,1,1,0.7361330986022949
liar2_finance,9,99,emotion_aware,6094,train_pair_0455,0,1,0.622256338596344
liar2_finance,9,99,emotion_aware,21569,train_pair_0197,1,1,0.6021473407745361
liar2_finance,9,99,emotion_aware,22662,train_pair_0707,1,1,0.538993239402771
liar2_finance,9,99,emotion_aware,4777,train_pair_0435,0,0,0.1308896243572235
liar2_finance,9,99,emotion_aware,3070,train_pair_0432,1,0,0.4764406085014343
liar2_finance,9,99,emotion_aware,3115,train_pair_0694,0,0,0.34226810932159424
liar2_finance,9,99,emotion_aware,13031,train_pair_0707,0,0,0.4197019636631012
liar2_finance,9,99,emotion_aware,16206,train_pair_0633,0,1,0.6079384088516235
liar2_finance,9,99,emotion_aware,12816,train_pair_0040,1,1,0.514246940612793
liar2_finance,9,99,emotion_aware,12786,train_pair_0552,0,0,0.03586577996611595
liar2_finance,9,99,emotion_aware,2800,train_pair_0128,1,1,0.865746021270752
liar2_finance,9,99,emotion_aware,4819,train_pair_0227,0,0,0.09934721142053604
liar2_finance,9,99,emotion_aware,825,train_pair_0317,1,1,0.7844769358634949
liar2_finance,9,99,emotion_aware,10132,train_pair_0212,1,1,0.7788107395172119
liar2_finance,9,99,emotion_aware,15233,train_pair_0134,1,0,0.20169073343276978
liar2_finance,9,99,emotion_aware,1156,train_pair_0657,0,1,0.6540223360061646
liar2_finance,9,99,emotion_aware,5437,train_pair_0307,0,1,0.61113440990448
liar2_finance,9,99,emotion_aware,13930,train_pair_0616,1,1,0.5673506259918213
liar2_finance,9,99,emotion_aware,5880,train_pair_0633,1,1,0.8186601996421814
liar2_finance,9,99,emotion_aware,11219,train_pair_0630,0,0,0.2964235246181488
liar2_finance,9,99,emotion_aware,3247,train_pair_0007,0,1,0.7957463264465332
liar2_finance,9,99,emotion_aware,1639,train_pair_0413,1,0,0.2401878386735916
liar2_finance,9,99,emotion_aware,11180,train_pair_0341,1,0,0.2544805109500885
liar2_finance,9,99,emotion_aware,9779,train_pair_0749,0,0,0.12666188180446625
liar2_finance,9,99,emotion_aware,176,train_pair_0785,0,0,0.28594017028808594
liar2_finance,9,99,emotion_aware,1114,train_pair_0603,0,1,0.7055984735488892
liar2_finance,9,99,emotion_aware,2639,train_pair_0054,0,0,0.2300701141357422
liar2_finance,9,99,emotion_aware,9114,train_pair_0503,0,0,0.16839468479156494
liar2_finance,9,99,emotion_aware,2026,train_pair_0214,1,0,0.40035390853881836
liar2_finance,9,99,emotion_aware,8075,train_pair_0616,0,0,0.48969766497612
liar2_finance,9,99,emotion_aware,16967,train_pair_0795,1,1,0.8877166509628296
liar2_finance,9,99,emotion_aware,16311,train_pair_0499,0,0,0.4087204337120056
liar2_finance,9,99,emotion_aware,13406,train_pair_0730,1,0,0.4794788956642151
liar2_finance,9,99,emotion_aware,1279,train_pair_0497,0,0,0.26238441467285156
liar2_finance,9,99,emotion_aware,4661,train_pair_0785,1,0,0.09792745858430862
liar2_finance,9,99,emotion_aware,9621,train_pair_0352,1,1,0.5123389363288879
liar2_finance,9,99,emotion_aware,14117,train_pair_0640,1,1,0.7500993013381958
liar2_finance,9,99,emotion_aware,2477,train_pair_0311,1,1,0.7466639280319214
liar2_finance,9,99,emotion_aware,4144,train_pair_0603,1,0,0.4605983793735504
liar2_finance,9,99,emotion_aware,12075,train_pair_0212,0,0,0.21340566873550415
liar2_finance,9,99,emotion_aware,10253,train_pair_0042,0,0,0.33739975094795227
liar2_finance,9,99,emotion_aware,5385,train_pair_0758,1,1,0.7292211055755615
liar2_finance,9,99,emotion_aware,4166,train_pair_0587,0,0,0.3909660279750824
liar2_finance,9,99,emotion_aware,6944,train_pair_0218,0,0,0.06518696993589401
liar2_finance,9,99,emotion_aware,1891,train_pair_0311,0,1,0.666046142578125
liar2_finance,9,99,emotion_aware,8863,train_pair_0712,1,1,0.8820023536682129
liar2_finance,9,99,emotion_aware,6600,train_pair_0516,1,1,0.9505491852760315
liar2_finance,9,99,emotion_aware,13453,train_pair_0324,0,1,0.743156909942627
liar2_finance,9,99,emotion_aware,3169,train_pair_0384,0,0,0.3253980875015259
liar2_finance,9,99,emotion_aware,7003,train_pair_0665,0,1,0.5171657204627991
liar2_finance,9,99,emotion_aware,17171,train_pair_0049,1,1,0.6127954125404358
liar2_finance,9,99,emotion_aware,10039,train_pair_0482,1,0,0.49858614802360535
liar2_finance,9,99,emotion_aware,141,train_pair_0803,0,0,0.173384889960289
liar2_finance,9,99,emotion_aware,13294,train_pair_0482,0,0,0.29900652170181274
liar2_finance,9,99,emotion_aware,2351,train_pair_0589,1,1,0.8813453316688538
liar2_finance,9,99,emotion_aware,1007,train_pair_0045,1,1,0.6115012764930725
liar2_finance,9,99,emotion_aware,15609,train_pair_0021,0,0,0.21243178844451904
liar2_finance,9,99,emotion_aware,9476,train_pair_0190,1,0,0.34304139018058777
liar2_finance,9,99,emotion_aware,8569,train_pair_0527,1,1,0.740291953086853
liar2_finance,9,99,emotion_aware,1064,train_pair_0810,1,1,0.6129196882247925
liar2_finance,9,99,emotion_aware,3035,train_pair_0007,1,1,0.8788880705833435
liar2_finance,9,99,emotion_aware,6627,train_pair_0568,1,1,0.6711103916168213
liar2_finance,9,99,emotion_aware,12133,train_pair_0726,0,0,0.3632667064666748
liar2_finance,9,99,emotion_aware,10882,train_pair_0552,1,1,0.7834486365318298
liar2_finance,9,99,emotion_aware,18743,train_pair_0113,1,0,0.2676435112953186
liar2_finance,9,99,emotion_aware,4786,train_pair_0589,0,0,0.19701248407363892
liar2_finance,9,99,emotion_aware,5799,train_pair_0545,0,0,0.3135250210762024
liar2_finance,9,99,emotion_aware,3710,train_pair_0424,1,0,0.18938980996608734
liar2_finance,9,99,emotion_aware,11497,train_pair_0112,1,1,0.602932870388031
liar2_finance,9,99,emotion_aware,3181,train_pair_0223,0,0,0.2503238320350647
liar2_finance,9,99,emotion_aware,7101,train_pair_0374,0,0,0.2513224482536316
liar2_finance,9,99,emotion_aware,3485,train_pair_0197,0,0,0.12801100313663483
liar2_finance,9,99,emotion_aware,2686,train_pair_0073,1,1,0.633287250995636
liar2_finance,9,99,emotion_aware,16521,train_pair_0601,1,1,0.6948966383934021
liar2_finance,9,99,emotion_aware,13372,train_pair_0614,1,1,0.5395028591156006
liar2_finance,9,99,emotion_aware,20353,train_pair_0754,1,1,0.8315265774726868
liar2_finance,9,99,emotion_aware,9310,train_pair_0570,1,1,0.8656253218650818
liar2_finance,9,99,emotion_aware,3311,train_pair_0129,1,1,0.8020058870315552
liar2_finance,9,99,emotion_aware,16034,train_pair_0690,0,0,0.21728168427944183
liar2_finance,9,99,emotion_aware,18277,train_pair_0054,1,1,0.6306169629096985
liar2_finance,9,99,emotion_aware,6418,train_pair_0302,0,0,0.25398939847946167
liar2_finance,9,99,emotion_aware,7310,train_pair_0424,0,0,0.4285261631011963
liar2_finance,9,99,emotion_aware,2809,train_pair_0049,0,1,0.6847627758979797
liar2_finance,9,99,emotion_aware,12545,train_pair_0052,1,1,0.7738266587257385
liar2_finance,9,99,emotion_aware,15266,train_pair_0218,1,1,0.5403819680213928
liar2_finance,9,99,emotion_aware,3167,train_pair_0665,1,1,0.6053944230079651
liar2_finance,9,99,emotion_aware,642,train_pair_0758,0,0,0.4778876006603241
liar2_finance,9,99,emotion_aware,7073,train_pair_0118,0,0,0.08948815613985062
liar2_finance,9,99,emotion_aware,5335,train_pair_0134,0,0,0.18747487664222717
liar2_finance,9,99,emotion_aware,15853,train_pair_0048,1,1,0.8945506811141968
liar2_finance,9,99,emotion_aware,6245,train_pair_0042,1,1,0.6314130425453186
liar2_finance,9,99,emotion_aware,10205,train_pair_0601,0,1,0.8579990863800049
liar2_finance,9,99,emotion_aware,2274,train_pair_0414,1,0,0.4514676034450531
liar2_finance,9,99,emotion_aware,4846,train_pair_0630,1,0,0.44604527950286865
liar2_finance,9,99,emotion_aware,13958,train_pair_0112,0,0,0.4721047878265381
liar2_finance,9,99,emotion_aware,2764,train_pair_0073,0,0,0.13744725286960602
liar2_finance,9,99,emotion_aware,5871,train_pair_0545,1,0,0.25000545382499695
liar2_finance,9,99,emotion_aware,12152,train_pair_0005,0,1,0.6264173984527588
liar2_finance,9,99,emotion_aware,1189,train_pair_0128,0,0,0.1700279414653778
liar2_finance,9,99,emotion_aware,6096,train_pair_0455,1,1,0.8017534017562866
liar2_finance,9,99,emotion_aware,1801,train_pair_0021,1,0,0.3978063762187958
liar2_finance,9,99,emotion_aware,17729,train_pair_0435,1,0,0.33738380670547485
liar2_finance,9,99,emotion_aware,5141,train_pair_0516,0,0,0.2666086256504059
liar2_finance,9,99,emotion_aware,8391,train_pair_0694,1,1,0.5181044340133667
liar2_finance,9,99,emotion_aware,3556,train_pair_0712,0,1,0.7709739804267883
liar2_finance,9,99,emotion_aware,2924,train_pair_0803,1,0,0.453755259513855
liar2_finance,9,99,emotion_aware,4318,train_pair_0443,0,0,0.328195720911026
liar2_finance,9,99,emotion_aware,4239,train_pair_0040,0,1,0.5065329670906067
liar2_finance,9,99,emotion_aware,2078,train_pair_0587,1,1,0.669485867023468
liar2_finance,9,99,emotion_aware,8474,train_pair_0575,0,0,0.1109391301870346
liar2_finance,9,99,emotion_aware,14862,train_pair_0118,1,0,0.3974003791809082
liar2_finance,9,99,emotion_aware,2117,train_pair_0588,1,0,0.2388250231742859
liar2_finance,9,99,emotion_aware,4597,train_pair_0443,1,0,0.23892508447170258
liar2_finance,9,99,emotion_aware,3728,train_pair_0223,1,0,0.37589943408966064
liar2_finance,9,99,emotion_aware,1392,train_pair_0048,0,0,0.2413838505744934
liar2_finance,9,99,emotion_aware,3356,train_pair_0413,0,0,0.12338441610336304
liar2_finance,9,99,emotion_aware,582,train_pair_0045,0,0,0.4267885088920593
liar2_finance,9,99,emotion_aware,22788,train_pair_0018,1,1,0.6527941226959229
liar2_finance,9,99,emotion_aware,9683,train_pair_0199,1,1,0.6857858896255493
liar2_finance,9,99,emotion_aware,9656,train_pair_0190,0,0,0.1632508784532547
liar2_finance,9,99,emotion_aware,3165,train_pair_0129,0,0,0.14324474334716797
liar2_finance,9,99,emotion_aware,8674,train_pair_0657,1,1,0.6753517985343933
liar2_finance,9,99,emotion_aware,6555,train_pair_0614,0,0,0.29369187355041504
liar2_finance,9,99,emotion_aware,11179,train_pair_0499,1,0,0.41462060809135437
liar2_finance,9,99,emotion_aware,6978,train_pair_0352,0,0,0.30182385444641113
liar2_finance,9,99,emotion_aware,7733,train_pair_0317,0,0,0.34653234481811523
liar2_finance,9,99,emotion_aware,4812,train_pair_0690,1,1,0.8666391968727112
liar2_finance,9,99,emotion_aware,16192,train_pair_0434,1,0,0.42277368903160095
liar2_finance,9,99,emotion_aware,8534,train_pair_0687,0,1,0.531891405582428
liar2_finance,9,99,emotion_aware,16836,train_pair_0439,1,0,0.2642083764076233
liar2_finance,9,99,emotion_aware,19210,train_pair_0307,1,1,0.8734505772590637
liar2_finance,9,99,emotion_aware,6449,train_pair_0341,0,0,0.39258015155792236
liar2_finance,9,99,emotion_aware,14328,train_pair_0575,1,0,0.2702462375164032
liar2_finance,9,99,emotion_aware,8028,train_pair_0726,1,0,0.44466182589530945
liar2_finance,9,99,emotion_aware,1865,train_pair_0343,1,0,0.2042139321565628
liar2_finance,9,99,emotion_aware,6591,train_pair_0018,0,1,0.6115246415138245
liar2_finance,9,99,emotion_aware,4682,train_pair_0414,0,0,0.06376036256551743
liar2_finance,9,99,emotion_aware,1759,train_pair_0343,0,0,0.32391223311424255
liar2_finance,9,99,emotion_aware,21284,train_pair_0730,0,1,0.5797349214553833
liar2_finance,9,99,emotion_aware,5532,train_pair_0640,0,0,0.2737133800983429
liar2_finance,9,99,emotion_aware,7161,train_pair_0570,0,0,0.29937663674354553
liar2_finance,9,99,emotion_aware,17684,train_pair_0497,1,1,0.7167657613754272
liar2_finance,9,99,emotion_aware,16824,train_pair_0113,0,0,0.2817140221595764
liar2_finance,9,99,emotion_aware,4458,train_pair_0199,0,1,0.7199541330337524
liar2_finance,9,99,emotion_aware,4053,train_pair_0439,0,0,0.0945935919880867
liar2_finance,9,99,emotion_aware,5904,train_pair_0749,1,0,0.40944311022758484
liar2_finance,9,99,emotion_aware,5847,train_pair_0568,0,0,0.30250072479248047
liar2_finance,9,99,emotion_aware,1390,train_pair_0052,0,0,0.20622371137142181
liar2_finance,9,99,emotion_aware,15019,train_pair_0202,0,0,0.2515788972377777
liar2_finance,9,99,emotion_aware,16443,train_pair_0005,1,1,0.7495510578155518
liar2_finance,9,99,emotion_aware,9633,train_pair_0227,1,1,0.5587067604064941
liar2_finance,9,99,emotion_aware,2842,train_pair_0810,0,0,0.17531950771808624
liar2_finance,9,99,emotion_aware,3511,train_pair_0432,0,0,0.10844556242227554
liar2_finance,9,99,emotion_aware,18684,train_pair_0202,1,1,0.9031246304512024
liar2_finance,9,99,emotion_aware,4138,train_pair_0687,1,1,0.8372640609741211
liar2_finance,9,99,emotion_aware,4754,train_pair_0384,1,0,0.05296154320240021
liar2_finance,9,99,emotion_aware,13231,train_pair_0714,1,0,0.12863238155841827
liar2_finance,9,99,emotion_aware,7255,train_pair_0795,0,1,0.5355673432350159
liar2_finance,9,99,emotion_aware,3221,validation_pair_0104,0,0,0.3936828672885895
liar2_finance,9,99,emotion_aware,9556,validation_pair_0069,0,0,0.35110870003700256
liar2_finance,9,99,emotion_aware,3486,validation_pair_0098,1,1,0.6788334250450134
liar2_finance,9,99,emotion_aware,4117,validation_pair_0069,1,1,0.7523266077041626
liar2_finance,9,99,emotion_aware,5961,validation_pair_0028,1,1,0.9378473162651062
liar2_finance,9,99,emotion_aware,15896,validation_pair_0062,0,1,0.5412000417709351
liar2_finance,9,99,emotion_aware,4411,validation_pair_0057,0,1,0.6555213928222656
liar2_finance,9,99,emotion_aware,12421,validation_pair_0098,0,0,0.478857159614563
liar2_finance,9,99,emotion_aware,12423,validation_pair_0057,1,1,0.7111448645591736
liar2_finance,9,99,emotion_aware,2782,validation_pair_0061,0,0,0.10058323293924332
liar2_finance,9,99,emotion_aware,18260,validation_pair_0061,1,1,0.6944007873535156
liar2_finance,9,99,emotion_aware,5153,validation_pair_0040,0,1,0.6371235251426697
liar2_finance,9,99,emotion_aware,14495,validation_pair_0062,1,1,0.9181011915206909
liar2_finance,9,99,emotion_aware,2413,validation_pair_0040,1,0,0.4266869127750397
liar2_finance,9,99,emotion_aware,15645,validation_pair_0025,0,0,0.06929980218410492
liar2_finance,9,99,emotion_aware,3053,validation_pair_0025,1,1,0.7790569067001343
liar2_finance,9,99,emotion_aware,3143,validation_pair_0104,1,1,0.8597335815429688
liar2_finance,9,99,emotion_aware,5517,validation_pair_0028,0,1,0.719849169254303
liar2_finance,10,110,text_only,7418,test_pair_0022,1,0,0.19603948295116425
liar2_finance,10,110,text_only,532,test_pair_0090,1,1,0.8624705076217651
liar2_finance,10,110,text_only,3736,test_pair_0003,0,0,0.11956239491701126
liar2_finance,10,110,text_only,17230,test_pair_0094,1,0,0.32904672622680664
liar2_finance,10,110,text_only,2392,test_pair_0075,1,0,0.2667694687843323
liar2_finance,10,110,text_only,4832,test_pair_0003,1,1,0.8442938327789307
liar2_finance,10,110,text_only,950,test_pair_0036,1,1,0.6905604600906372
liar2_finance,10,110,text_only,3996,test_pair_0022,0,0,0.06249364838004112
liar2_finance,10,110,text_only,4851,test_pair_0075,0,0,0.019155357033014297
liar2_finance,10,110,text_only,7196,test_pair_0094,0,0,0.08514440804719925
liar2_finance,10,110,text_only,15008,test_pair_0036,0,0,0.09396225214004517
liar2_finance,10,110,text_only,171,test_pair_0090,0,0,0.03750703111290932
liar2_finance,10,110,text_only,3234,train_pair_0649,1,1,0.9697162508964539
liar2_finance,10,110,text_only,4962,train_pair_0348,1,1,0.87570720911026
liar2_finance,10,110,text_only,7910,train_pair_0374,1,0,0.04462133347988129
liar2_finance,10,110,text_only,3854,train_pair_0302,1,1,0.9657232165336609
liar2_finance,10,110,text_only,12893,train_pair_0400,1,1,0.6877266764640808
liar2_finance,10,110,text_only,3898,train_pair_0434,0,0,0.4125508666038513
liar2_finance,10,110,text_only,8084,train_pair_0248,1,1,0.7504045367240906
liar2_finance,10,110,text_only,8069,train_pair_0609,1,0,0.14086487889289856
liar2_finance,10,110,text_only,17237,train_pair_0107,1,1,0.9169319868087769
liar2_finance,10,110,text_only,3150,train_pair_0383,0,0,0.11406566202640533
liar2_finance,10,110,text_only,3072,train_pair_0011,1,1,0.8832632303237915
liar2_finance,10,110,text_only,11632,train_pair_0649,0,0,0.05745958909392357
liar2_finance,10,110,text_only,8741,train_pair_0207,0,0,0.031727150082588196
liar2_finance,10,110,text_only,7205,train_pair_0666,0,0,0.2406143844127655
liar2_finance,10,110,text_only,159,train_pair_0757,0,0,0.08057039976119995
liar2_finance,10,110,text_only,10738,train_pair_0011,0,0,0.2836869955062866
liar2_finance,10,110,text_only,2260,train_pair_0300,1,1,0.6323570013046265
liar2_finance,10,110,text_only,2800,train_pair_0128,1,1,0.9337916374206543
liar2_finance,10,110,text_only,2275,train_pair_0512,1,1,0.9235401153564453
liar2_finance,10,110,text_only,7953,train_pair_0162,1,1,0.7761943340301514
liar2_finance,10,110,text_only,2044,train_pair_0559,1,0,0.06613808870315552
liar2_finance,10,110,text_only,5437,train_pair_0307,0,1,0.7207845449447632
liar2_finance,10,110,text_only,3705,train_pair_0451,0,0,0.021956853568553925
liar2_finance,10,110,text_only,3122,train_pair_0451,1,0,0.06508427858352661
liar2_finance,10,110,text_only,2468,train_pair_0247,1,0,0.43422725796699524
liar2_finance,10,110,text_only,695,train_pair_0556,0,0,0.20509390532970428
liar2_finance,10,110,text_only,5482,train_pair_0632,1,1,0.8710664510726929
liar2_finance,10,110,text_only,8775,train_pair_0596,1,0,0.039721980690956116
liar2_finance,10,110,text_only,4743,train_pair_0361,1,0,0.18434841930866241
liar2_finance,10,110,text_only,2002,train_pair_0300,0,0,0.12381639331579208
liar2_finance,10,110,text_only,3595,train_pair_0609,0,1,0.5646778345108032
liar2_finance,10,110,text_only,4666,train_pair_0626,0,0,0.3844902813434601
liar2_finance,10,110,text_only,338,train_pair_0757,1,1,0.9651743173599243
liar2_finance,10,110,text_only,7220,train_pair_0423,0,0,0.14821305871009827
liar2_finance,10,110,text_only,3094,train_pair_0478,0,0,0.043746575713157654
liar2_finance,10,110,text_only,3842,train_pair_0781,0,0,0.06755140423774719
liar2_finance,10,110,text_only,4256,train_pair_0265,0,1,0.9867749214172363
liar2_finance,10,110,text_only,4928,train_pair_0400,0,1,0.6372634172439575
liar2_finance,10,110,text_only,4075,train_pair_0565,1,0,0.020240897312760353
liar2_finance,10,110,text_only,176,train_pair_0785,0,0,0.1870606243610382
liar2_finance,10,110,text_only,6356,train_pair_0702,1,0,0.1802593618631363
liar2_finance,10,110,text_only,8203,train_pair_0248,0,0,0.05555511638522148
liar2_finance,10,110,text_only,8914,train_pair_0234,1,1,0.5725781321525574
liar2_finance,10,110,text_only,12716,train_pair_0510,1,1,0.5881451964378357
liar2_finance,10,110,text_only,2671,train_pair_0114,1,1,0.5418420433998108
liar2_finance,10,110,text_only,3568,train_pair_0360,0,0,0.19939753413200378
liar2_finance,10,110,text_only,5349,train_pair_0247,0,0,0.047153227031230927
liar2_finance,10,110,text_only,3548,train_pair_0459,1,0,0.4744419455528259
liar2_finance,10,110,text_only,1279,train_pair_0497,0,0,0.20127616822719574
liar2_finance,10,110,text_only,4661,train_pair_0785,1,0,0.013347633183002472
liar2_finance,10,110,text_only,9722,train_pair_0637,1,0,0.055326271802186966
liar2_finance,10,110,text_only,1361,train_pair_0462,0,0,0.06411905586719513
liar2_finance,10,110,text_only,14849,train_pair_0265,1,0,0.23941215872764587
liar2_finance,10,110,text_only,8862,train_pair_0174,1,0,0.2319546341896057
liar2_finance,10,110,text_only,5075,train_pair_0238,1,0,0.2731582522392273
liar2_finance,10,110,text_only,3525,train_pair_0493,0,0,0.1365220695734024
liar2_finance,10,110,text_only,8593,train_pair_0428,0,1,0.5822614431381226
liar2_finance,10,110,text_only,4700,train_pair_0361,0,0,0.057989027351140976
liar2_finance,10,110,text_only,5183,train_pair_0406,1,1,0.8980095386505127
liar2_finance,10,110,text_only,1315,train_pair_0512,0,0,0.06137992441654205
liar2_finance,10,110,text_only,6753,train_pair_0142,1,1,0.9706320762634277
liar2_finance,10,110,text_only,2377,train_pair_0162,0,0,0.05073300376534462
liar2_finance,10,110,text_only,5229,train_pair_0348,0,0,0.1349385529756546
liar2_finance,10,110,text_only,4835,train_pair_0080,1,1,0.8729827404022217
liar2_finance,10,110,text_only,1074,train_pair_0769,1,1,0.6374300718307495
liar2_finance,10,110,text_only,3785,train_pair_0383,1,1,0.9280726313591003
liar2_finance,10,110,text_only,16028,train_pair_0459,0,0,0.006816202774643898
liar2_finance,10,110,text_only,4106,train_pair_0239,0,0,0.040613994002342224
liar2_finance,10,110,text_only,1730,train_pair_0769,0,0,0.1427421122789383
liar2_finance,10,110,text_only,3436,train_pair_0666,1,0,0.016945730894804
liar2_finance,10,110,text_only,5866,train_pair_0493,1,0,0.32048270106315613
liar2_finance,10,110,text_only,12890,train_pair_0632,0,0,0.3652925193309784
liar2_finance,10,110,text_only,12133,train_pair_0726,0,0,0.025097252801060677
liar2_finance,10,110,text_only,3100,train_pair_0423,1,0,0.12202152609825134
liar2_finance,10,110,text_only,1954,train_pair_0559,0,0,0.3257571756839752
liar2_finance,10,110,text_only,1242,train_pair_0221,1,0,0.25021126866340637
liar2_finance,10,110,text_only,5733,train_pair_0234,0,1,0.7455052733421326
liar2_finance,10,110,text_only,3765,train_pair_0115,1,0,0.18792258203029633
liar2_finance,10,110,text_only,4712,train_pair_0415,0,0,0.48536643385887146
liar2_finance,10,110,text_only,15050,train_pair_0661,1,0,0.1536211371421814
liar2_finance,10,110,text_only,8873,train_pair_0702,0,0,0.06731344759464264
liar2_finance,10,110,text_only,7101,train_pair_0374,0,0,0.12029186636209488
liar2_finance,10,110,text_only,3857,train_pair_0114,0,0,0.09945022314786911
liar2_finance,10,110,text_only,3747,train_pair_0406,0,0,0.4838779866695404
liar2_finance,10,110,text_only,16317,train_pair_0004,1,0,0.11187456548213959
liar2_finance,10,110,text_only,22784,train_pair_0637,0,0,0.06243487074971199
liar2_finance,10,110,text_only,3955,train_pair_0360,1,1,0.9553492069244385
liar2_finance,10,110,text_only,5885,train_pair_0634,1,1,0.7405030131340027
liar2_finance,10,110,text_only,12143,train_pair_0004,0,1,0.8769816756248474
liar2_finance,10,110,text_only,15464,train_pair_0107,0,1,0.6856213212013245
liar2_finance,10,110,text_only,11209,train_pair_0462,1,1,0.701226532459259
liar2_finance,10,110,text_only,10858,train_pair_0473,1,1,0.6568392515182495
liar2_finance,10,110,text_only,4771,train_pair_0525,0,0,0.12021788954734802
liar2_finance,10,110,text_only,6418,train_pair_0302,0,0,0.08273011445999146
liar2_finance,10,110,text_only,2411,train_pair_0590,1,0,0.04573236033320427
liar2_finance,10,110,text_only,9331,train_pair_0038,1,1,0.9842891097068787
liar2_finance,10,110,text_only,18207,train_pair_0195,1,1,0.9248289465904236
liar2_finance,10,110,text_only,18435,train_pair_0556,1,0,0.2733910381793976
liar2_finance,10,110,text_only,15853,train_pair_0048,1,1,0.9891959428787231
liar2_finance,10,110,text_only,7188,train_pair_0781,1,0,0.2963229715824127
liar2_finance,10,110,text_only,5208,train_pair_0590,0,0,0.018009157851338387
liar2_finance,10,110,text_only,1189,train_pair_0128,0,0,0.06322456151247025
liar2_finance,10,110,text_only,15483,train_pair_0195,0,0,0.027059417217969894
liar2_finance,10,110,text_only,1387,train_pair_0480,1,0,0.3803081512451172
liar2_finance,10,110,text_only,5461,train_pair_0349,0,0,0.020286260172724724
liar2_finance,10,110,text_only,3893,train_pair_0713,0,1,0.82371586561203
liar2_finance,10,110,text_only,9804,train_pair_0713,1,1,0.6865914463996887
liar2_finance,10,110,text_only,3789,train_pair_0174,0,0,0.13500240445137024
liar2_finance,10,110,text_only,4310,train_pair_0415,1,0,0.22418001294136047
liar2_finance,10,110,text_only,2323,train_pair_0238,0,1,0.9681656360626221
liar2_finance,10,110,text_only,16396,train_pair_0634,0,0,0.051152631640434265
liar2_finance,10,110,text_only,5400,train_pair_0473,0,0,0.2014566957950592
liar2_finance,10,110,text_only,14589,train_pair_0376,1,1,0.8814058303833008
liar2_finance,10,110,text_only,6434,train_pair_0285,1,1,0.5612407326698303
liar2_finance,10,110,text_only,3215,train_pair_0584,0,0,0.03409862145781517
liar2_finance,10,110,text_only,6117,train_pair_0525,1,1,0.8611763715744019
liar2_finance,10,110,text_only,22012,train_pair_0038,0,1,0.9254410862922668
liar2_finance,10,110,text_only,4112,train_pair_0019,1,0,0.16462625563144684
liar2_finance,10,110,text_only,1392,train_pair_0048,0,0,0.14514708518981934
liar2_finance,10,110,text_only,5714,train_pair_0207,1,0,0.13672715425491333
liar2_finance,10,110,text_only,6632,train_pair_0596,0,0,0.012118427082896233
liar2_finance,10,110,text_only,689,train_pair_0080,0,0,0.2919957637786865
liar2_finance,10,110,text_only,3533,train_pair_0562,0,0,0.3827257454395294
liar2_finance,10,110,text_only,5224,train_pair_0349,1,0,0.3356355130672455
liar2_finance,10,110,text_only,4638,train_pair_0565,0,0,0.019827939569950104
liar2_finance,10,110,text_only,16192,train_pair_0434,1,0,0.23719055950641632
liar2_finance,10,110,text_only,8534,train_pair_0687,0,0,0.1203608587384224
liar2_finance,10,110,text_only,16836,train_pair_0439,1,0,0.33382469415664673
liar2_finance,10,110,text_only,4192,train_pair_0132,0,0,0.05875575542449951
liar2_finance,10,110,text_only,19210,train_pair_0307,1,1,0.9789381623268127
liar2_finance,10,110,text_only,8028,train_pair_0726,1,0,0.251886785030365
liar2_finance,10,110,text_only,1419,train_pair_0584,1,0,0.1976594626903534
liar2_finance,10,110,text_only,3965,train_pair_0285,0,0,0.10567063838243484
liar2_finance,10,110,text_only,17684,train_pair_0497,1,0,0.14639683067798615
liar2_finance,10,110,text_only,2763,train_pair_0775,0,0,0.1960616409778595
liar2_finance,10,110,text_only,7976,train_pair_0239,1,1,0.5185841917991638
liar2_finance,10,110,text_only,7132,train_pair_0510,0,0,0.08703593164682388
liar2_finance,10,110,text_only,10917,train_pair_0480,0,0,0.49364033341407776
liar2_finance,10,110,text_only,6206,train_pair_0142,0,0,0.2630394995212555
liar2_finance,10,110,text_only,2344,train_pair_0115,0,0,0.25773805379867554
liar2_finance,10,110,text_only,2022,train_pair_0019,0,0,0.018490109592676163
liar2_finance,10,110,text_only,8546,train_pair_0775,1,1,0.8229038119316101
liar2_finance,10,110,text_only,4053,train_pair_0439,0,0,0.026400741189718246
liar2_finance,10,110,text_only,1637,train_pair_0626,1,0,0.12513184547424316
liar2_finance,10,110,text_only,2378,train_pair_0562,1,1,0.7260531187057495
liar2_finance,10,110,text_only,8613,train_pair_0132,1,0,0.10375481843948364
liar2_finance,10,110,text_only,6204,train_pair_0661,0,1,0.7706670761108398
liar2_finance,10,110,text_only,2614,train_pair_0720,1,0,0.034234583377838135
liar2_finance,10,110,text_only,9442,train_pair_0478,1,0,0.06967009603977203
liar2_finance,10,110,text_only,4138,train_pair_0687,1,1,0.9480869770050049
liar2_finance,10,110,text_only,15147,train_pair_0376,0,0,0.03025849163532257
liar2_finance,10,110,text_only,3042,train_pair_0720,0,0,0.012603472918272018
liar2_finance,10,110,text_only,8776,train_pair_0428,1,1,0.9152086973190308
liar2_finance,10,110,text_only,1982,train_pair_0221,0,1,0.5116326808929443
liar2_finance,10,110,text_only,11718,validation_pair_0042,1,1,0.6729752421379089
liar2_finance,10,110,text_only,293,validation_pair_0018,0,0,0.07748957723379135
liar2_finance,10,110,text_only,5552,validation_pair_0046,0,0,0.017591528594493866
liar2_finance,10,110,text_only,2298,validation_pair_0070,0,0,0.02453368715941906
liar2_finance,10,110,text_only,12785,validation_pair_0023,0,0,0.015541130676865578
liar2_finance,10,110,text_only,15962,validation_pair_0013,1,1,0.5197644233703613
liar2_finance,10,110,text_only,2226,validation_pair_0046,1,0,0.09427180141210556
liar2_finance,10,110,text_only,5156,validation_pair_0064,0,0,0.10136659443378448
liar2_finance,10,110,text_only,5042,validation_pair_0033,1,1,0.6782212853431702
liar2_finance,10,110,text_only,3892,validation_pair_0087,1,0,0.23842079937458038
liar2_finance,10,110,text_only,885,validation_pair_0087,0,1,0.9499013423919678
liar2_finance,10,110,text_only,15276,validation_pair_0092,1,1,0.5620623230934143
liar2_finance,10,110,text_only,5128,validation_pair_0112,1,1,0.935828447341919
liar2_finance,10,110,text_only,10379,validation_pair_0077,1,1,0.9013425707817078
liar2_finance,10,110,text_only,8425,validation_pair_0077,0,0,0.046545445919036865
liar2_finance,10,110,text_only,6630,validation_pair_0076,1,1,0.9885834455490112
liar2_finance,10,110,text_only,3859,validation_pair_0064,1,1,0.8841632008552551
liar2_finance,10,110,text_only,3739,validation_pair_0092,0,0,0.269752562046051
liar2_finance,10,110,text_only,5947,validation_pair_0113,1,0,0.011621106415987015
liar2_finance,10,110,text_only,2782,validation_pair_0061,0,0,0.00925484299659729
liar2_finance,10,110,text_only,13147,validation_pair_0068,0,0,0.12515011429786682
liar2_finance,10,110,text_only,18260,validation_pair_0061,1,1,0.6241729259490967
liar2_finance,10,110,text_only,4968,validation_pair_0078,1,0,0.048207737505435944
liar2_finance,10,110,text_only,821,validation_pair_0096,0,0,0.03499811142683029
liar2_finance,10,110,text_only,1374,validation_pair_0070,1,0,0.19955195486545563
liar2_finance,10,110,text_only,6528,validation_pair_0023,1,1,0.5335636138916016
liar2_finance,10,110,text_only,3268,validation_pair_0042,0,0,0.02840961515903473
liar2_finance,10,110,text_only,1418,validation_pair_0013,0,0,0.004858524072915316
liar2_finance,10,110,text_only,18084,validation_pair_0063,1,1,0.6668336987495422
liar2_finance,10,110,text_only,22900,validation_pair_0033,0,0,0.014372841455042362
liar2_finance,10,110,text_only,7275,validation_pair_0112,0,0,0.32375672459602356
liar2_finance,10,110,text_only,14272,validation_pair_0113,0,0,0.09830557554960251
liar2_finance,10,110,text_only,15868,validation_pair_0076,0,0,0.03180447220802307
liar2_finance,10,110,text_only,15,validation_pair_0063,0,1,0.5908754467964172
liar2_finance,10,110,text_only,4307,validation_pair_0068,1,0,0.4428260922431946
liar2_finance,10,110,text_only,1802,validation_pair_0096,1,0,0.11767887324094772
liar2_finance,10,110,text_only,14789,validation_pair_0018,1,0,0.4101372957229614
liar2_finance,10,110,text_only,9907,validation_pair_0078,0,0,0.036847714334726334
liar2_finance,10,110,emotion_aware,7418,test_pair_0022,1,0,0.1062248945236206
liar2_finance,10,110,emotion_aware,532,test_pair_0090,1,1,0.8501021862030029
liar2_finance,10,110,emotion_aware,3736,test_pair_0003,0,0,0.026684340089559555
liar2_finance,10,110,emotion_aware,17230,test_pair_0094,1,0,0.24560047686100006
liar2_finance,10,110,emotion_aware,2392,test_pair_0075,1,0,0.22121523320674896
liar2_finance,10,110,emotion_aware,4832,test_pair_0003,1,1,0.9464158415794373
liar2_finance,10,110,emotion_aware,950,test_pair_0036,1,0,0.44422224164009094
liar2_finance,10,110,emotion_aware,3996,test_pair_0022,0,0,0.058417271822690964
liar2_finance,10,110,emotion_aware,4851,test_pair_0075,0,0,0.02718241699039936
liar2_finance,10,110,emotion_aware,7196,test_pair_0094,0,0,0.13316205143928528
liar2_finance,10,110,emotion_aware,15008,test_pair_0036,0,0,0.1086617037653923
liar2_finance,10,110,emotion_aware,171,test_pair_0090,0,0,0.06247839331626892
liar2_finance,10,110,emotion_aware,3234,train_pair_0649,1,1,0.9830275774002075
liar2_finance,10,110,emotion_aware,4962,train_pair_0348,1,1,0.7381260395050049
liar2_finance,10,110,emotion_aware,7910,train_pair_0374,1,0,0.14197535812854767
liar2_finance,10,110,emotion_aware,3854,train_pair_0302,1,1,0.9033722281455994
liar2_finance,10,110,emotion_aware,12893,train_pair_0400,1,1,0.7638972401618958
liar2_finance,10,110,emotion_aware,3898,train_pair_0434,0,0,0.2660120725631714
liar2_finance,10,110,emotion_aware,8084,train_pair_0248,1,1,0.8571866750717163
liar2_finance,10,110,emotion_aware,8069,train_pair_0609,1,0,0.18307164311408997
liar2_finance,10,110,emotion_aware,17237,train_pair_0107,1,1,0.8062821626663208
liar2_finance,10,110,emotion_aware,3150,train_pair_0383,0,0,0.1577674001455307
liar2_finance,10,110,emotion_aware,3072,train_pair_0011,1,1,0.9435684084892273
liar2_finance,10,110,emotion_aware,11632,train_pair_0649,0,0,0.04661641642451286
liar2_finance,10,110,emotion_aware,8741,train_pair_0207,0,0,0.025553477928042412
liar2_finance,10,110,emotion_aware,7205,train_pair_0666,0,0,0.2800006866455078
liar2_finance,10,110,emotion_aware,159,train_pair_0757,0,0,0.07293406128883362
liar2_finance,10,110,emotion_aware,10738,train_pair_0011,0,0,0.4655331075191498
liar2_finance,10,110,emotion_aware,2260,train_pair_0300,1,0,0.3910368084907532
liar2_finance,10,110,emotion_aware,2800,train_pair_0128,1,1,0.9229996204376221
liar2_finance,10,110,emotion_aware,2275,train_pair_0512,1,1,0.8765997290611267
liar2_finance,10,110,emotion_aware,7953,train_pair_0162,1,1,0.8069333434104919
liar2_finance,10,110,emotion_aware,2044,train_pair_0559,1,0,0.3423043191432953
liar2_finance,10,110,emotion_aware,5437,train_pair_0307,0,1,0.6033183932304382
liar2_finance,10,110,emotion_aware,3705,train_pair_0451,0,0,0.04125817492604256
liar2_finance,10,110,emotion_aware,3122,train_pair_0451,1,0,0.04745153337717056
liar2_finance,10,110,emotion_aware,2468,train_pair_0247,1,0,0.24083836376667023
liar2_finance,10,110,emotion_aware,695,train_pair_0556,0,0,0.15402185916900635
liar2_finance,10,110,emotion_aware,5482,train_pair_0632,1,0,0.4589507281780243
liar2_finance,10,110,emotion_aware,8775,train_pair_0596,1,0,0.028853528201580048
liar2_finance,10,110,emotion_aware,4743,train_pair_0361,1,0,0.09800054877996445
liar2_finance,10,110,emotion_aware,2002,train_pair_0300,0,0,0.13631993532180786
liar2_finance,10,110,emotion_aware,3595,train_pair_0609,0,0,0.3074491620063782
liar2_finance,10,110,emotion_aware,4666,train_pair_0626,0,0,0.21805347502231598
liar2_finance,10,110,emotion_aware,338,train_pair_0757,1,1,0.974153459072113
liar2_finance,10,110,emotion_aware,7220,train_pair_0423,0,0,0.14006182551383972
liar2_finance,10,110,emotion_aware,3094,train_pair_0478,0,0,0.03901604562997818
liar2_finance,10,110,emotion_aware,3842,train_pair_0781,0,0,0.09483667463064194
liar2_finance,10,110,emotion_aware,4256,train_pair_0265,0,1,0.9459512829780579
liar2_finance,10,110,emotion_aware,4928,train_pair_0400,0,0,0.41163942217826843
liar2_finance,10,110,emotion_aware,4075,train_pair_0565,1,0,0.02800310216844082
liar2_finance,10,110,emotion_aware,176,train_pair_0785,0,0,0.19552873075008392
liar2_finance,10,110,emotion_aware,6356,train_pair_0702,1,0,0.1219780445098877
liar2_finance,10,110,emotion_aware,8203,train_pair_0248,0,0,0.05307076871395111
liar2_finance,10,110,emotion_aware,8914,train_pair_0234,1,1,0.6027973890304565
liar2_finance,10,110,emotion_aware,12716,train_pair_0510,1,0,0.3795202970504761
liar2_finance,10,110,emotion_aware,2671,train_pair_0114,1,0,0.40953660011291504
liar2_finance,10,110,emotion_aware,3568,train_pair_0360,0,0,0.3972052335739136
liar2_finance,10,110,emotion_aware,5349,train_pair_0247,0,0,0.04128129035234451
liar2_finance,10,110,emotion_aware,3548,train_pair_0459,1,0,0.4336634576320648
liar2_finance,10,110,emotion_aware,1279,train_pair_0497,0,0,0.27222201228141785
liar2_finance,10,110,emotion_aware,4661,train_pair_0785,1,0,0.022470036521553993
liar2_finance,10,110,emotion_aware,9722,train_pair_0637,1,0,0.15639331936836243
liar2_finance,10,110,emotion_aware,1361,train_pair_0462,0,0,0.2718624174594879
liar2_finance,10,110,emotion_aware,14849,train_pair_0265,1,1,0.5261234045028687
liar2_finance,10,110,emotion_aware,8862,train_pair_0174,1,0,0.43255844712257385
liar2_finance,10,110,emotion_aware,5075,train_pair_0238,1,0,0.42201417684555054
liar2_finance,10,110,emotion_aware,3525,train_pair_0493,0,0,0.10272703319787979
liar2_finance,10,110,emotion_aware,8593,train_pair_0428,0,0,0.49400246143341064
liar2_finance,10,110,emotion_aware,4700,train_pair_0361,0,0,0.04964428395032883
liar2_finance,10,110,emotion_aware,5183,train_pair_0406,1,1,0.6676912903785706
liar2_finance,10,110,emotion_aware,1315,train_pair_0512,0,0,0.01747858338057995
liar2_finance,10,110,emotion_aware,6753,train_pair_0142,1,1,0.898127019405365
liar2_finance,10,110,emotion_aware,2377,train_pair_0162,0,0,0.051651131361722946
liar2_finance,10,110,emotion_aware,5229,train_pair_0348,0,0,0.27752718329429626
liar2_finance,10,110,emotion_aware,4835,train_pair_0080,1,1,0.6846110820770264
liar2_finance,10,110,emotion_aware,1074,train_pair_0769,1,1,0.6553806662559509
liar2_finance,10,110,emotion_aware,3785,train_pair_0383,1,1,0.8042993545532227
liar2_finance,10,110,emotion_aware,16028,train_pair_0459,0,0,0.012566479854285717
liar2_finance,10,110,emotion_aware,4106,train_pair_0239,0,0,0.08419927209615707
liar2_finance,10,110,emotion_aware,1730,train_pair_0769,0,0,0.20594686269760132
liar2_finance,10,110,emotion_aware,3436,train_pair_0666,1,0,0.03523232787847519
liar2_finance,10,110,emotion_aware,5866,train_pair_0493,1,0,0.18889233469963074
liar2_finance,10,110,emotion_aware,12890,train_pair_0632,0,0,0.414611279964447
liar2_finance,10,110,emotion_aware,12133,train_pair_0726,0,0,0.035904765129089355
liar2_finance,10,110,emotion_aware,3100,train_pair_0423,1,0,0.10338686406612396
liar2_finance,10,110,emotion_aware,1954,train_pair_0559,0,0,0.18351438641548157
liar2_finance,10,110,emotion_aware,1242,train_pair_0221,1,0,0.36288195848464966
liar2_finance,10,110,emotion_aware,5733,train_pair_0234,0,1,0.7268596291542053
liar2_finance,10,110,emotion_aware,3765,train_pair_0115,1,0,0.44816309213638306
liar2_finance,10,110,emotion_aware,4712,train_pair_0415,0,1,0.6332961916923523
liar2_finance,10,110,emotion_aware,15050,train_pair_0661,1,0,0.14309969544410706
liar2_finance,10,110,emotion_aware,8873,train_pair_0702,0,0,0.10695245116949081
liar2_finance,10,110,emotion_aware,7101,train_pair_0374,0,0,0.09562555700540543
liar2_finance,10,110,emotion_aware,3857,train_pair_0114,0,0,0.20095214247703552
liar2_finance,10,110,emotion_aware,3747,train_pair_0406,0,0,0.2961449921131134
liar2_finance,10,110,emotion_aware,16317,train_pair_0004,1,0,0.09413719922304153
liar2_finance,10,110,emotion_aware,22784,train_pair_0637,0,0,0.05652926117181778
liar2_finance,10,110,emotion_aware,3955,train_pair_0360,1,1,0.9684101343154907
liar2_finance,10,110,emotion_aware,5885,train_pair_0634,1,1,0.632314145565033
liar2_finance,10,110,emotion_aware,12143,train_pair_0004,0,1,0.9185476303100586
liar2_finance,10,110,emotion_aware,15464,train_pair_0107,0,1,0.7054249048233032
liar2_finance,10,110,emotion_aware,11209,train_pair_0462,1,1,0.5550245642662048
liar2_finance,10,110,emotion_aware,10858,train_pair_0473,1,1,0.7108910083770752
liar2_finance,10,110,emotion_aware,4771,train_pair_0525,0,0,0.07623214274644852
liar2_finance,10,110,emotion_aware,6418,train_pair_0302,0,0,0.08111967891454697
liar2_finance,10,110,emotion_aware,2411,train_pair_0590,1,0,0.0296686552464962
liar2_finance,10,110,emotion_aware,9331,train_pair_0038,1,1,0.9819851517677307
liar2_finance,10,110,emotion_aware,18207,train_pair_0195,1,1,0.9398448467254639
liar2_finance,10,110,emotion_aware,18435,train_pair_0556,1,0,0.21692869067192078
liar2_finance,10,110,emotion_aware,15853,train_pair_0048,1,1,0.9898316264152527
liar2_finance,10,110,emotion_aware,7188,train_pair_0781,1,0,0.400610089302063
liar2_finance,10,110,emotion_aware,5208,train_pair_0590,0,0,0.031022684648633003
liar2_finance,10,110,emotion_aware,1189,train_pair_0128,0,0,0.07584750652313232
liar2_finance,10,110,emotion_aware,15483,train_pair_0195,0,0,0.025392010807991028
liar2_finance,10,110,emotion_aware,1387,train_pair_0480,1,0,0.4042089283466339
liar2_finance,10,110,emotion_aware,5461,train_pair_0349,0,0,0.04934655874967575
liar2_finance,10,110,emotion_aware,3893,train_pair_0713,0,1,0.5824264883995056
liar2_finance,10,110,emotion_aware,9804,train_pair_0713,1,1,0.6100142002105713
liar2_finance,10,110,emotion_aware,3789,train_pair_0174,0,0,0.1868433952331543
liar2_finance,10,110,emotion_aware,4310,train_pair_0415,1,0,0.14339448511600494
liar2_finance,10,110,emotion_aware,2323,train_pair_0238,0,1,0.8057813048362732
liar2_finance,10,110,emotion_aware,16396,train_pair_0634,0,0,0.03486151248216629
liar2_finance,10,110,emotion_aware,5400,train_pair_0473,0,0,0.10754745453596115
liar2_finance,10,110,emotion_aware,14589,train_pair_0376,1,1,0.8410040736198425
liar2_finance,10,110,emotion_aware,6434,train_pair_0285,1,1,0.7176844477653503
liar2_finance,10,110,emotion_aware,3215,train_pair_0584,0,0,0.045508578419685364
liar2_finance,10,110,emotion_aware,6117,train_pair_0525,1,1,0.5982648134231567
liar2_finance,10,110,emotion_aware,22012,train_pair_0038,0,1,0.8895958662033081
liar2_finance,10,110,emotion_aware,4112,train_pair_0019,1,0,0.09666493535041809
liar2_finance,10,110,emotion_aware,1392,train_pair_0048,0,0,0.10785909742116928
liar2_finance,10,110,emotion_aware,5714,train_pair_0207,1,0,0.34574824571609497
liar2_finance,10,110,emotion_aware,6632,train_pair_0596,0,0,0.024310847744345665
liar2_finance,10,110,emotion_aware,689,train_pair_0080,0,0,0.26026368141174316
liar2_finance,10,110,emotion_aware,3533,train_pair_0562,0,0,0.4460084140300751
liar2_finance,10,110,emotion_aware,5224,train_pair_0349,1,0,0.24245193600654602
liar2_finance,10,110,emotion_aware,4638,train_pair_0565,0,0,0.028106484562158585
liar2_finance,10,110,emotion_aware,16192,train_pair_0434,1,1,0.6116375923156738
liar2_finance,10,110,emotion_aware,8534,train_pair_0687,0,0,0.1407688409090042
liar2_finance,10,110,emotion_aware,16836,train_pair_0439,1,0,0.12640394270420074
liar2_finance,10,110,emotion_aware,4192,train_pair_0132,0,0,0.06878425180912018
liar2_finance,10,110,emotion_aware,19210,train_pair_0307,1,1,0.9869900345802307
liar2_finance,10,110,emotion_aware,8028,train_pair_0726,1,0,0.16394278407096863
liar2_finance,10,110,emotion_aware,1419,train_pair_0584,1,0,0.2103569358587265
liar2_finance,10,110,emotion_aware,3965,train_pair_0285,0,0,0.0792277455329895
liar2_finance,10,110,emotion_aware,17684,train_pair_0497,1,0,0.1521398276090622
liar2_finance,10,110,emotion_aware,2763,train_pair_0775,0,0,0.31713154911994934
liar2_finance,10,110,emotion_aware,7976,train_pair_0239,1,1,0.5964933037757874
liar2_finance,10,110,emotion_aware,7132,train_pair_0510,0,0,0.166523739695549
liar2_finance,10,110,emotion_aware,10917,train_pair_0480,0,1,0.6068533658981323
liar2_finance,10,110,emotion_aware,6206,train_pair_0142,0,0,0.34388262033462524
liar2_finance,10,110,emotion_aware,2344,train_pair_0115,0,0,0.38321641087532043
liar2_finance,10,110,emotion_aware,2022,train_pair_0019,0,0,0.01932479999959469
liar2_finance,10,110,emotion_aware,8546,train_pair_0775,1,1,0.8740299940109253
liar2_finance,10,110,emotion_aware,4053,train_pair_0439,0,0,0.024090897291898727
liar2_finance,10,110,emotion_aware,1637,train_pair_0626,1,0,0.031197352334856987
liar2_finance,10,110,emotion_aware,2378,train_pair_0562,1,1,0.8721707463264465
liar2_finance,10,110,emotion_aware,8613,train_pair_0132,1,0,0.07370167225599289
liar2_finance,10,110,emotion_aware,6204,train_pair_0661,0,1,0.7469483017921448
liar2_finance,10,110,emotion_aware,2614,train_pair_0720,1,0,0.06609776616096497
liar2_finance,10,110,emotion_aware,9442,train_pair_0478,1,0,0.03555874899029732
liar2_finance,10,110,emotion_aware,4138,train_pair_0687,1,1,0.9160436391830444
liar2_finance,10,110,emotion_aware,15147,train_pair_0376,0,0,0.02122614160180092
liar2_finance,10,110,emotion_aware,3042,train_pair_0720,0,0,0.01332577969878912
liar2_finance,10,110,emotion_aware,8776,train_pair_0428,1,1,0.945606529712677
liar2_finance,10,110,emotion_aware,1982,train_pair_0221,0,0,0.3854866623878479
liar2_finance,10,110,emotion_aware,11718,validation_pair_0042,1,1,0.8983844518661499
liar2_finance,10,110,emotion_aware,293,validation_pair_0018,0,0,0.03697279840707779
liar2_finance,10,110,emotion_aware,5552,validation_pair_0046,0,0,0.011932099238038063
liar2_finance,10,110,emotion_aware,2298,validation_pair_0070,0,0,0.027774211019277573
liar2_finance,10,110,emotion_aware,12785,validation_pair_0023,0,0,0.039452146738767624
liar2_finance,10,110,emotion_aware,15962,validation_pair_0013,1,0,0.34457826614379883
liar2_finance,10,110,emotion_aware,2226,validation_pair_0046,1,0,0.1409621685743332
liar2_finance,10,110,emotion_aware,5156,validation_pair_0064,0,0,0.11029522120952606
liar2_finance,10,110,emotion_aware,5042,validation_pair_0033,1,0,0.4634602665901184
liar2_finance,10,110,emotion_aware,3892,validation_pair_0087,1,0,0.24705727398395538
liar2_finance,10,110,emotion_aware,885,validation_pair_0087,0,1,0.9652966260910034
liar2_finance,10,110,emotion_aware,15276,validation_pair_0092,1,1,0.7974691987037659
liar2_finance,10,110,emotion_aware,5128,validation_pair_0112,1,1,0.8911279439926147
liar2_finance,10,110,emotion_aware,10379,validation_pair_0077,1,1,0.9538865685462952
liar2_finance,10,110,emotion_aware,8425,validation_pair_0077,0,0,0.03587980940937996
liar2_finance,10,110,emotion_aware,6630,validation_pair_0076,1,1,0.9766054153442383
liar2_finance,10,110,emotion_aware,3859,validation_pair_0064,1,1,0.7093948125839233
liar2_finance,10,110,emotion_aware,3739,validation_pair_0092,0,0,0.4651845693588257
liar2_finance,10,110,emotion_aware,5947,validation_pair_0113,1,0,0.03338450565934181
liar2_finance,10,110,emotion_aware,2782,validation_pair_0061,0,0,0.012798774987459183
liar2_finance,10,110,emotion_aware,13147,validation_pair_0068,0,0,0.13675269484519958
liar2_finance,10,110,emotion_aware,18260,validation_pair_0061,1,1,0.7179638147354126
liar2_finance,10,110,emotion_aware,4968,validation_pair_0078,1,0,0.03924362361431122
liar2_finance,10,110,emotion_aware,821,validation_pair_0096,0,0,0.031406205147504807
liar2_finance,10,110,emotion_aware,1374,validation_pair_0070,1,0,0.1740734875202179
liar2_finance,10,110,emotion_aware,6528,validation_pair_0023,1,0,0.2334187626838684
liar2_finance,10,110,emotion_aware,3268,validation_pair_0042,0,0,0.06644053012132645
liar2_finance,10,110,emotion_aware,1418,validation_pair_0013,0,0,0.009560405276715755
liar2_finance,10,110,emotion_aware,18084,validation_pair_0063,1,1,0.8098497986793518
liar2_finance,10,110,emotion_aware,22900,validation_pair_0033,0,0,0.020724760368466377
liar2_finance,10,110,emotion_aware,7275,validation_pair_0112,0,0,0.3437821567058563
liar2_finance,10,110,emotion_aware,14272,validation_pair_0113,0,0,0.16985253989696503
liar2_finance,10,110,emotion_aware,15868,validation_pair_0076,0,0,0.023009540513157845
liar2_finance,10,110,emotion_aware,15,validation_pair_0063,0,0,0.4705837070941925
liar2_finance,10,110,emotion_aware,4307,validation_pair_0068,1,1,0.6400378942489624
liar2_finance,10,110,emotion_aware,1802,validation_pair_0096,1,0,0.09645520150661469
liar2_finance,10,110,emotion_aware,14789,validation_pair_0018,1,0,0.273785799741745
liar2_finance,10,110,emotion_aware,9907,validation_pair_0078,0,0,0.010832376778125763
factors_finance,1,11,text_only,72212,politifact_013,0,1,0.5224422812461853
factors_finance,1,11,text_only,61992,politifact_013,1,0,0.38097646832466125
factors_finance,1,11,text_only,96206,snopes_062,0,1,0.5809683799743652
factors_finance,1,11,text_only,98933,snopes_062,1,1,0.7026007175445557
factors_finance,1,11,text_only,30491,factcheckni_001,0,0,0.3050711750984192
factors_finance,1,11,text_only,30483,factcheckni_001,1,0,0.3014581799507141
factors_finance,1,11,text_only,43861,grass_fact_check_009,0,1,0.5153485536575317
factors_finance,1,11,text_only,44459,grass_fact_check_009,1,0,0.3945198953151703
factors_finance,1,11,text_only,72533,politifact_151,0,0,0.4955674409866333
factors_finance,1,11,text_only,60122,politifact_151,1,0,0.38361549377441406
factors_finance,1,11,text_only,73879,politifact_185,0,0,0.36333584785461426
factors_finance,1,11,text_only,58479,politifact_185,1,1,0.5845128297805786
factors_finance,1,11,text_only,87267,snopes_054,0,1,0.5906212329864502
factors_finance,1,11,text_only,85871,snopes_054,1,1,0.5742795467376709
factors_finance,1,11,text_only,96544,snopes_056,0,1,0.5776970982551575
factors_finance,1,11,text_only,93416,snopes_056,1,1,0.6620657444000244
factors_finance,1,11,text_only,24237,check_your_fact_001,0,1,0.5015102624893188
factors_finance,1,11,text_only,24597,check_your_fact_001,1,1,0.634220540523529
factors_finance,1,11,text_only,69134,politifact_004,0,0,0.47448891401290894
factors_finance,1,11,text_only,70630,politifact_004,1,1,0.66182541847229
factors_finance,1,11,text_only,65690,politifact_110,0,0,0.3649759888648987
factors_finance,1,11,text_only,60666,politifact_110,1,0,0.3370203375816345
factors_finance,1,11,text_only,67679,politifact_115,0,0,0.35979875922203064
factors_finance,1,11,text_only,68176,politifact_115,1,1,0.7564829587936401
factors_finance,1,11,text_only,78389,politifact_135,0,0,0.41940242052078247
factors_finance,1,11,text_only,73221,politifact_135,1,1,0.6579453349113464
factors_finance,1,11,text_only,87427,snopes_041,0,1,0.5129992961883545
factors_finance,1,11,text_only,94268,snopes_041,1,1,0.59185791015625
factors_finance,1,11,text_only,62515,politifact_003,0,0,0.42528465390205383
factors_finance,1,11,text_only,67991,politifact_003,1,1,0.619434654712677
factors_finance,1,11,text_only,59541,politifact_019,0,0,0.3983316123485565
factors_finance,1,11,text_only,58459,politifact_019,1,1,0.5287460088729858
factors_finance,1,11,text_only,61427,politifact_023,0,0,0.36502042412757874
factors_finance,1,11,text_only,60934,politifact_023,1,0,0.48892974853515625
factors_finance,1,11,text_only,62151,politifact_027,0,0,0.3466598093509674
factors_finance,1,11,text_only,58827,politifact_027,1,0,0.4453009068965912
factors_finance,1,11,text_only,67822,politifact_062,0,1,0.5910962820053101
factors_finance,1,11,text_only,68102,politifact_062,1,1,0.7970061302185059
factors_finance,1,11,text_only,68084,politifact_064,0,1,0.6945542097091675
factors_finance,1,11,text_only,68246,politifact_064,1,1,0.5796803832054138
factors_finance,1,11,text_only,65488,politifact_180,0,0,0.30449530482292175
factors_finance,1,11,text_only,70311,politifact_180,1,0,0.2874966561794281
factors_finance,1,11,text_only,72748,politifact_183,0,1,0.5599930882453918
factors_finance,1,11,text_only,58937,politifact_183,1,1,0.5543416142463684
factors_finance,1,11,text_only,89688,snopes_018,0,1,0.7002052664756775
factors_finance,1,11,text_only,89135,snopes_018,1,0,0.49888724088668823
factors_finance,1,11,text_only,91343,snopes_023,0,1,0.6636362671852112
factors_finance,1,11,text_only,95586,snopes_023,1,0,0.4885554909706116
factors_finance,1,11,text_only,91847,snopes_024,0,0,0.4831620454788208
factors_finance,1,11,text_only,89361,snopes_024,1,0,0.45536473393440247
factors_finance,1,11,text_only,19358,round2_africa_check_001,0,0,0.37733349204063416
factors_finance,1,11,text_only,18474,round2_africa_check_001,1,1,0.5647034049034119
factors_finance,1,11,emotion_aware,72212,politifact_013,0,0,0.4380982518196106
factors_finance,1,11,emotion_aware,61992,politifact_013,1,0,0.11441069096326828
factors_finance,1,11,emotion_aware,96206,snopes_062,0,1,0.7711265683174133
factors_finance,1,11,emotion_aware,98933,snopes_062,1,1,0.6334757804870605
factors_finance,1,11,emotion_aware,30491,factcheckni_001,0,0,0.0661235824227333
factors_finance,1,11,emotion_aware,30483,factcheckni_001,1,0,0.054296113550662994
factors_finance,1,11,emotion_aware,43861,grass_fact_check_009,0,1,0.8004869818687439
factors_finance,1,11,emotion_aware,44459,grass_fact_check_009,1,0,0.2516210973262787
factors_finance,1,11,emotion_aware,72533,politifact_151,0,1,0.7767089605331421
factors_finance,1,11,emotion_aware,60122,politifact_151,1,0,0.20548701286315918
factors_finance,1,11,emotion_aware,73879,politifact_185,0,0,0.21871335804462433
factors_finance,1,11,emotion_aware,58479,politifact_185,1,1,0.7221381664276123
factors_finance,1,11,emotion_aware,87267,snopes_054,0,0,0.4608325660228729
factors_finance,1,11,emotion_aware,85871,snopes_054,1,1,0.7086506485939026
factors_finance,1,11,emotion_aware,96544,snopes_056,0,0,0.4347715377807617
factors_finance,1,11,emotion_aware,93416,snopes_056,1,1,0.8266275525093079
factors_finance,1,11,emotion_aware,24237,check_your_fact_001,0,1,0.5667445063591003
factors_finance,1,11,emotion_aware,24597,check_your_fact_001,1,1,0.6363470554351807
factors_finance,1,11,emotion_aware,69134,politifact_004,0,0,0.4533527195453644
factors_finance,1,11,emotion_aware,70630,politifact_004,1,1,0.8077736496925354
factors_finance,1,11,emotion_aware,65690,politifact_110,0,0,0.1653282791376114
factors_finance,1,11,emotion_aware,60666,politifact_110,1,0,0.1371666043996811
factors_finance,1,11,emotion_aware,67679,politifact_115,0,1,0.5549168586730957
factors_finance,1,11,emotion_aware,68176,politifact_115,1,1,0.9436256885528564
factors_finance,1,11,emotion_aware,78389,politifact_135,0,0,0.4497445225715637
factors_finance,1,11,emotion_aware,73221,politifact_135,1,1,0.7807669043540955
factors_finance,1,11,emotion_aware,87427,snopes_041,0,1,0.6307940483093262
factors_finance,1,11,emotion_aware,94268,snopes_041,1,1,0.7417925000190735
factors_finance,1,11,emotion_aware,62515,politifact_003,0,1,0.7277732491493225
factors_finance,1,11,emotion_aware,67991,politifact_003,1,1,0.8822520971298218
factors_finance,1,11,emotion_aware,59541,politifact_019,0,0,0.09831739962100983
factors_finance,1,11,emotion_aware,58459,politifact_019,1,1,0.7499498724937439
factors_finance,1,11,emotion_aware,61427,politifact_023,0,0,0.12384268641471863
factors_finance,1,11,emotion_aware,60934,politifact_023,1,0,0.1601233333349228
factors_finance,1,11,emotion_aware,62151,politifact_027,0,0,0.052329372614622116
factors_finance,1,11,emotion_aware,58827,politifact_027,1,0,0.25676217675209045
factors_finance,1,11,emotion_aware,67822,politifact_062,0,0,0.34796345233917236
factors_finance,1,11,emotion_aware,68102,politifact_062,1,1,0.9515514969825745
factors_finance,1,11,emotion_aware,68084,politifact_064,0,0,0.3644917607307434
factors_finance,1,11,emotion_aware,68246,politifact_064,1,1,0.7259901165962219
factors_finance,1,11,emotion_aware,65488,politifact_180,0,0,0.06306225061416626
factors_finance,1,11,emotion_aware,70311,politifact_180,1,0,0.05726487189531326
factors_finance,1,11,emotion_aware,72748,politifact_183,0,0,0.20618091523647308
factors_finance,1,11,emotion_aware,58937,politifact_183,1,0,0.4668961763381958
factors_finance,1,11,emotion_aware,89688,snopes_018,0,1,0.8463015556335449
factors_finance,1,11,emotion_aware,89135,snopes_018,1,0,0.24957771599292755
factors_finance,1,11,emotion_aware,91343,snopes_023,0,1,0.7008618116378784
factors_finance,1,11,emotion_aware,95586,snopes_023,1,0,0.08649677783250809
factors_finance,1,11,emotion_aware,91847,snopes_024,0,1,0.5635234713554382
factors_finance,1,11,emotion_aware,89361,snopes_024,1,1,0.5060985088348389
factors_finance,1,11,emotion_aware,19358,round2_africa_check_001,0,0,0.11310465633869171
factors_finance,1,11,emotion_aware,18474,round2_africa_check_001,1,1,0.9095465540885925
factors_finance,2,22,text_only,68526,politifact_199,0,1,0.7114741802215576
factors_finance,2,22,text_only,68545,politifact_199,1,1,0.8206577897071838
factors_finance,2,22,text_only,66499,politifact_169,0,0,0.28193292021751404
factors_finance,2,22,text_only,67467,politifact_169,1,0,0.23488281667232513
factors_finance,2,22,text_only,43782,grass_fact_check_020,0,0,0.31850436329841614
factors_finance,2,22,text_only,43642,grass_fact_check_020,1,0,0.16431917250156403
factors_finance,2,22,text_only,69106,politifact_008,0,0,0.09918882697820663
factors_finance,2,22,text_only,69368,politifact_008,1,0,0.2603655457496643
factors_finance,2,22,text_only,20097,africa_check_017,0,0,0.4019276201725006
factors_finance,2,22,text_only,19359,africa_check_017,1,0,0.3014700710773468
factors_finance,2,22,text_only,70435,politifact_147,0,1,0.5094495415687561
factors_finance,2,22,text_only,59038,politifact_147,1,1,0.670071542263031
factors_finance,2,22,text_only,73879,politifact_185,0,0,0.2836226522922516
factors_finance,2,22,text_only,58479,politifact_185,1,1,0.7512364387512207
factors_finance,2,22,text_only,75044,politifact_194,0,0,0.2016962468624115
factors_finance,2,22,text_only,77744,politifact_194,1,0,0.30801764130592346
factors_finance,2,22,text_only,96544,snopes_056,0,0,0.31168240308761597
factors_finance,2,22,text_only,93416,snopes_056,1,1,0.6947092413902283
factors_finance,2,22,text_only,70199,politifact_124,0,1,0.6503265500068665
factors_finance,2,22,text_only,69755,politifact_124,1,1,0.891544759273529
factors_finance,2,22,text_only,72134,politifact_130,0,0,0.12167369574308395
factors_finance,2,22,text_only,58536,politifact_130,1,1,0.8041454553604126
factors_finance,2,22,text_only,29769,dubawa_003,0,1,0.640904426574707
factors_finance,2,22,text_only,30053,dubawa_003,1,0,0.45040374994277954
factors_finance,2,22,text_only,61656,politifact_025,0,0,0.1198573186993599
factors_finance,2,22,text_only,68846,politifact_025,1,1,0.8000825643539429
factors_finance,2,22,text_only,63084,politifact_031,0,0,0.40316274762153625
factors_finance,2,22,text_only,70546,politifact_031,1,1,0.579343855381012
factors_finance,2,22,text_only,64345,politifact_042,0,0,0.41604864597320557
factors_finance,2,22,text_only,69569,politifact_042,1,1,0.7231953144073486
factors_finance,2,22,text_only,65643,politifact_050,0,0,0.3854723274707794
factors_finance,2,22,text_only,66971,politifact_050,1,0,0.3529956042766571
factors_finance,2,22,text_only,71633,politifact_088,0,0,0.15025480091571808
factors_finance,2,22,text_only,74711,politifact_088,1,0,0.2331121414899826
factors_finance,2,22,text_only,72184,politifact_094,0,0,0.2090705782175064
factors_finance,2,22,text_only,65722,politifact_094,1,1,0.7565674185752869
factors_finance,2,22,text_only,73001,politifact_097,0,1,0.546724259853363
factors_finance,2,22,text_only,70200,politifact_097,1,1,0.8318912982940674
factors_finance,2,22,text_only,73697,politifact_100,0,1,0.8465195894241333
factors_finance,2,22,text_only,68674,politifact_100,1,0,0.30318692326545715
factors_finance,2,22,text_only,91847,snopes_024,0,1,0.6201332211494446
factors_finance,2,22,text_only,89361,snopes_024,1,1,0.5955927968025208
factors_finance,2,22,text_only,97191,snopes_030,0,0,0.45053666830062866
factors_finance,2,22,text_only,94317,snopes_030,1,0,0.44001442193984985
factors_finance,2,22,text_only,44482,round2_grass_fact_check_008,0,0,0.40410488843917847
factors_finance,2,22,text_only,43993,round2_grass_fact_check_008,1,0,0.14384092390537262
factors_finance,2,22,text_only,44415,round2_grass_fact_check_001,0,0,0.21828390657901764
factors_finance,2,22,text_only,43711,round2_grass_fact_check_001,1,1,0.7376883029937744
factors_finance,2,22,text_only,43934,round2_grass_fact_check_003,0,1,0.5508398413658142
factors_finance,2,22,text_only,43648,round2_grass_fact_check_003,1,0,0.4474489092826843
factors_finance,2,22,text_only,19993,round2_africa_check_015,0,0,0.20307695865631104
factors_finance,2,22,text_only,17339,round2_africa_check_015,1,1,0.6596291065216064
factors_finance,2,22,emotion_aware,68526,politifact_199,0,1,0.5531097650527954
factors_finance,2,22,emotion_aware,68545,politifact_199,1,1,0.7155332565307617
factors_finance,2,22,emotion_aware,66499,politifact_169,0,0,0.14383654296398163
factors_finance,2,22,emotion_aware,67467,politifact_169,1,0,0.14734536409378052
factors_finance,2,22,emotion_aware,43782,grass_fact_check_020,0,0,0.38055992126464844
factors_finance,2,22,emotion_aware,43642,grass_fact_check_020,1,0,0.12631669640541077
factors_finance,2,22,emotion_aware,69106,politifact_008,0,0,0.05089534819126129
factors_finance,2,22,emotion_aware,69368,politifact_008,1,0,0.1938689798116684
factors_finance,2,22,emotion_aware,20097,africa_check_017,0,0,0.4659145474433899
factors_finance,2,22,emotion_aware,19359,africa_check_017,1,0,0.4285026788711548
factors_finance,2,22,emotion_aware,70435,politifact_147,0,0,0.2690536081790924
factors_finance,2,22,emotion_aware,59038,politifact_147,1,1,0.8751406073570251
factors_finance,2,22,emotion_aware,73879,politifact_185,0,0,0.12153230607509613
factors_finance,2,22,emotion_aware,58479,politifact_185,1,1,0.8272021412849426
factors_finance,2,22,emotion_aware,75044,politifact_194,0,0,0.09711329638957977
factors_finance,2,22,emotion_aware,77744,politifact_194,1,0,0.38095951080322266
factors_finance,2,22,emotion_aware,96544,snopes_056,0,1,0.5226672291755676
factors_finance,2,22,emotion_aware,93416,snopes_056,1,1,0.647596001625061
factors_finance,2,22,emotion_aware,70199,politifact_124,0,1,0.8571575284004211
factors_finance,2,22,emotion_aware,69755,politifact_124,1,1,0.9262772798538208
factors_finance,2,22,emotion_aware,72134,politifact_130,0,0,0.10587280243635178
factors_finance,2,22,emotion_aware,58536,politifact_130,1,1,0.8678073883056641
factors_finance,2,22,emotion_aware,29769,dubawa_003,0,1,0.7889413833618164
factors_finance,2,22,emotion_aware,30053,dubawa_003,1,0,0.48372501134872437
factors_finance,2,22,emotion_aware,61656,politifact_025,0,0,0.04393651708960533
factors_finance,2,22,emotion_aware,68846,politifact_025,1,1,0.8042007684707642
factors_finance,2,22,emotion_aware,63084,politifact_031,0,0,0.23532794415950775
factors_finance,2,22,emotion_aware,70546,politifact_031,1,1,0.8425324559211731
factors_finance,2,22,emotion_aware,64345,politifact_042,0,0,0.4632182717323303
factors_finance,2,22,emotion_aware,69569,politifact_042,1,1,0.630524754524231
factors_finance,2,22,emotion_aware,65643,politifact_050,0,1,0.5406485199928284
factors_finance,2,22,emotion_aware,66971,politifact_050,1,0,0.20272453129291534
factors_finance,2,22,emotion_aware,71633,politifact_088,0,0,0.11279548704624176
factors_finance,2,22,emotion_aware,74711,politifact_088,1,0,0.17694824934005737
factors_finance,2,22,emotion_aware,72184,politifact_094,0,0,0.24383853375911713
factors_finance,2,22,emotion_aware,65722,politifact_094,1,1,0.7989541292190552
factors_finance,2,22,emotion_aware,73001,politifact_097,0,1,0.6150243878364563
factors_finance,2,22,emotion_aware,70200,politifact_097,1,1,0.8218881487846375
factors_finance,2,22,emotion_aware,73697,politifact_100,0,1,0.8071167469024658
factors_finance,2,22,emotion_aware,68674,politifact_100,1,0,0.1648147851228714
factors_finance,2,22,emotion_aware,91847,snopes_024,0,1,0.5798686146736145
factors_finance,2,22,emotion_aware,89361,snopes_024,1,1,0.6566133499145508
factors_finance,2,22,emotion_aware,97191,snopes_030,0,0,0.30124160647392273
factors_finance,2,22,emotion_aware,94317,snopes_030,1,1,0.6896779537200928
factors_finance,2,22,emotion_aware,44482,round2_grass_fact_check_008,0,0,0.2945435047149658
factors_finance,2,22,emotion_aware,43993,round2_grass_fact_check_008,1,0,0.08094605058431625
factors_finance,2,22,emotion_aware,44415,round2_grass_fact_check_001,0,0,0.1179213672876358
factors_finance,2,22,emotion_aware,43711,round2_grass_fact_check_001,1,1,0.8396758437156677
factors_finance,2,22,emotion_aware,43934,round2_grass_fact_check_003,0,1,0.8756037354469299
factors_finance,2,22,emotion_aware,43648,round2_grass_fact_check_003,1,1,0.7239256501197815
factors_finance,2,22,emotion_aware,19993,round2_africa_check_015,0,0,0.18355098366737366
factors_finance,2,22,emotion_aware,17339,round2_africa_check_015,1,1,0.7107181549072266
factors_finance,3,33,text_only,43880,grass_fact_check_024,0,1,0.5708863139152527
factors_finance,3,33,text_only,44422,grass_fact_check_024,1,1,0.7190620303153992
factors_finance,3,33,text_only,86162,snopes_066,0,0,0.4834338128566742
factors_finance,3,33,text_only,91301,snopes_066,1,1,0.6414029002189636
factors_finance,3,33,text_only,43861,grass_fact_check_009,0,0,0.3806624114513397
factors_finance,3,33,text_only,44459,grass_fact_check_009,1,0,0.26113274693489075
factors_finance,3,33,text_only,67779,politifact_142,0,0,0.3704034984111786
factors_finance,3,33,text_only,69538,politifact_142,1,0,0.3941642940044403
factors_finance,3,33,text_only,68188,politifact_145,0,0,0.4460243880748749
factors_finance,3,33,text_only,58753,politifact_145,1,0,0.34335842728614807
factors_finance,3,33,text_only,87267,snopes_054,0,0,0.3466806411743164
factors_finance,3,33,text_only,85871,snopes_054,1,0,0.35275813937187195
factors_finance,3,33,text_only,29212,dubawa_001,0,1,0.6122694611549377
factors_finance,3,33,text_only,29704,dubawa_001,1,0,0.2734765112400055
factors_finance,3,33,text_only,29748,dubawa_002,0,1,0.5535078048706055
factors_finance,3,33,text_only,30178,dubawa_002,1,1,0.6654921770095825
factors_finance,3,33,text_only,58816,politifact_017,0,0,0.12579737603664398
factors_finance,3,33,text_only,61756,politifact_017,1,1,0.7302970886230469
factors_finance,3,33,text_only,59541,politifact_019,0,1,0.5408667325973511
factors_finance,3,33,text_only,58459,politifact_019,1,0,0.4229784905910492
factors_finance,3,33,text_only,63746,politifact_035,0,0,0.33189448714256287
factors_finance,3,33,text_only,75145,politifact_035,1,1,0.8568446040153503
factors_finance,3,33,text_only,63830,politifact_036,0,0,0.3808746635913849
factors_finance,3,33,text_only,65562,politifact_036,1,1,0.8282638192176819
factors_finance,3,33,text_only,65453,politifact_048,0,1,0.5304937958717346
factors_finance,3,33,text_only,66125,politifact_048,1,0,0.3844854235649109
factors_finance,3,33,text_only,67822,politifact_062,0,1,0.5043382048606873
factors_finance,3,33,text_only,68102,politifact_062,1,1,0.5848539471626282
factors_finance,3,33,text_only,68200,politifact_067,0,0,0.4974927604198456
factors_finance,3,33,text_only,70544,politifact_067,1,0,0.2736683785915375
factors_finance,3,33,text_only,68761,politifact_072,0,0,0.48579534888267517
factors_finance,3,33,text_only,78479,politifact_072,1,1,0.7281578183174133
factors_finance,3,33,text_only,68934,politifact_073,0,0,0.3756270110607147
factors_finance,3,33,text_only,70179,politifact_073,1,0,0.2620294392108917
factors_finance,3,33,text_only,69497,politifact_078,0,0,0.49318045377731323
factors_finance,3,33,text_only,67078,politifact_078,1,1,0.7345784306526184
factors_finance,3,33,text_only,70716,politifact_086,0,1,0.5517602562904358
factors_finance,3,33,text_only,70474,politifact_086,1,1,0.5152317881584167
factors_finance,3,33,text_only,71633,politifact_088,0,0,0.13179810345172882
factors_finance,3,33,text_only,74711,politifact_088,1,0,0.20066018402576447
factors_finance,3,33,text_only,72103,politifact_093,0,1,0.5609279274940491
factors_finance,3,33,text_only,68276,politifact_093,1,0,0.42918917536735535
factors_finance,3,33,text_only,65488,politifact_180,0,0,0.13160061836242676
factors_finance,3,33,text_only,70311,politifact_180,1,0,0.3145383298397064
factors_finance,3,33,text_only,83270,snopes_010,0,1,0.574828565120697
factors_finance,3,33,text_only,97192,snopes_010,1,1,0.5691548585891724
factors_finance,3,33,text_only,19993,round2_africa_check_015,0,0,0.3386857509613037
factors_finance,3,33,text_only,17339,round2_africa_check_015,1,1,0.7041335701942444
factors_finance,3,33,text_only,95600,round2_snopes_003,0,1,0.6986331343650818
factors_finance,3,33,text_only,85142,round2_snopes_003,1,0,0.19171345233917236
factors_finance,3,33,text_only,95981,round2_snopes_002,0,0,0.462758332490921
factors_finance,3,33,text_only,84498,round2_snopes_002,1,0,0.40069910883903503
factors_finance,3,33,emotion_aware,43880,grass_fact_check_024,0,0,0.44621196389198303
factors_finance,3,33,emotion_aware,44422,grass_fact_check_024,1,1,0.5287222862243652
factors_finance,3,33,emotion_aware,86162,snopes_066,0,1,0.6704452633857727
factors_finance,3,33,emotion_aware,91301,snopes_066,1,1,0.6291683912277222
factors_finance,3,33,emotion_aware,43861,grass_fact_check_009,0,1,0.5064992308616638
factors_finance,3,33,emotion_aware,44459,grass_fact_check_009,1,0,0.32407474517822266
factors_finance,3,33,emotion_aware,67779,politifact_142,0,0,0.3873571753501892
factors_finance,3,33,emotion_aware,69538,politifact_142,1,1,0.5185127854347229
factors_finance,3,33,emotion_aware,68188,politifact_145,0,0,0.4344659149646759
factors_finance,3,33,emotion_aware,58753,politifact_145,1,0,0.4029017686843872
factors_finance,3,33,emotion_aware,87267,snopes_054,0,0,0.480478972196579
factors_finance,3,33,emotion_aware,85871,snopes_054,1,1,0.5505905151367188
factors_finance,3,33,emotion_aware,29212,dubawa_001,0,1,0.604926347732544
factors_finance,3,33,emotion_aware,29704,dubawa_001,1,0,0.4821459650993347
factors_finance,3,33,emotion_aware,29748,dubawa_002,0,1,0.5990249514579773
factors_finance,3,33,emotion_aware,30178,dubawa_002,1,1,0.6437970995903015
factors_finance,3,33,emotion_aware,58816,politifact_017,0,0,0.28241318464279175
factors_finance,3,33,emotion_aware,61756,politifact_017,1,1,0.5788161754608154
factors_finance,3,33,emotion_aware,59541,politifact_019,0,0,0.4495859146118164
factors_finance,3,33,emotion_aware,58459,politifact_019,1,1,0.501644492149353
factors_finance,3,33,emotion_aware,63746,politifact_035,0,0,0.44690337777137756
factors_finance,3,33,emotion_aware,75145,politifact_035,1,1,0.722607433795929
factors_finance,3,33,emotion_aware,63830,politifact_036,0,0,0.44223475456237793
factors_finance,3,33,emotion_aware,65562,politifact_036,1,1,0.6498337984085083
factors_finance,3,33,emotion_aware,65453,politifact_048,0,0,0.4083254337310791
factors_finance,3,33,emotion_aware,66125,politifact_048,1,0,0.448822945356369
factors_finance,3,33,emotion_aware,67822,politifact_062,0,1,0.565951943397522
factors_finance,3,33,emotion_aware,68102,politifact_062,1,1,0.6790155172348022
factors_finance,3,33,emotion_aware,68200,politifact_067,0,0,0.35261401534080505
factors_finance,3,33,emotion_aware,70544,politifact_067,1,0,0.37849581241607666
factors_finance,3,33,emotion_aware,68761,politifact_072,0,1,0.6035494208335876
factors_finance,3,33,emotion_aware,78479,politifact_072,1,1,0.6249391436576843
factors_finance,3,33,emotion_aware,68934,politifact_073,0,0,0.462646484375
factors_finance,3,33,emotion_aware,70179,politifact_073,1,0,0.25154414772987366
factors_finance,3,33,emotion_aware,69497,politifact_078,0,1,0.5399275422096252
factors_finance,3,33,emotion_aware,67078,politifact_078,1,1,0.6636286973953247
factors_finance,3,33,emotion_aware,70716,politifact_086,0,0,0.4512035548686981
factors_finance,3,33,emotion_aware,70474,politifact_086,1,1,0.6314288973808289
factors_finance,3,33,emotion_aware,71633,politifact_088,0,0,0.22840836644172668
factors_finance,3,33,emotion_aware,74711,politifact_088,1,0,0.3770608603954315
factors_finance,3,33,emotion_aware,72103,politifact_093,0,1,0.5113128423690796
factors_finance,3,33,emotion_aware,68276,politifact_093,1,0,0.4369163513183594
factors_finance,3,33,emotion_aware,65488,politifact_180,0,0,0.2298281043767929
factors_finance,3,33,emotion_aware,70311,politifact_180,1,0,0.388641893863678
factors_finance,3,33,emotion_aware,83270,snopes_010,0,1,0.5988730192184448
factors_finance,3,33,emotion_aware,97192,snopes_010,1,1,0.5257198214530945
factors_finance,3,33,emotion_aware,19993,round2_africa_check_015,0,0,0.33697572350502014
factors_finance,3,33,emotion_aware,17339,round2_africa_check_015,1,0,0.4884316623210907
factors_finance,3,33,emotion_aware,95600,round2_snopes_003,0,1,0.5788357257843018
factors_finance,3,33,emotion_aware,85142,round2_snopes_003,1,0,0.36455845832824707
factors_finance,3,33,emotion_aware,95981,round2_snopes_002,0,1,0.547705352306366
factors_finance,3,33,emotion_aware,84498,round2_snopes_002,1,1,0.5143628120422363
factors_finance,4,44,text_only,66066,politifact_198,0,1,0.5756993293762207
factors_finance,4,44,text_only,62434,politifact_198,1,1,0.735541582107544
factors_finance,4,44,text_only,66499,politifact_169,0,0,0.24093517661094666
factors_finance,4,44,text_only,67467,politifact_169,1,0,0.29573699831962585
factors_finance,4,44,text_only,65427,politifact_171,0,1,0.6664554476737976
factors_finance,4,44,text_only,76573,politifact_171,1,1,0.554011344909668
factors_finance,4,44,text_only,43707,grass_fact_check_002,0,0,0.2743395268917084
factors_finance,4,44,text_only,43997,grass_fact_check_002,1,0,0.4211173951625824
factors_finance,4,44,text_only,86162,snopes_066,0,1,0.6429740190505981
factors_finance,4,44,text_only,91301,snopes_066,1,0,0.48415496945381165
factors_finance,4,44,text_only,70380,politifact_011,0,0,0.3388897478580475
factors_finance,4,44,text_only,68737,politifact_011,1,1,0.5941098928451538
factors_finance,4,44,text_only,29784,dubawa_006,0,1,0.5963098406791687
factors_finance,4,44,text_only,29821,dubawa_006,1,1,0.5554279088973999
factors_finance,4,44,text_only,67796,politifact_158,0,0,0.48552045226097107
factors_finance,4,44,text_only,78253,politifact_158,1,1,0.5479025840759277
factors_finance,4,44,text_only,98401,snopes_063,0,1,0.652477502822876
factors_finance,4,44,text_only,88064,snopes_063,1,0,0.38357698917388916
factors_finance,4,44,text_only,70551,politifact_148,0,0,0.4844457805156708
factors_finance,4,44,text_only,70586,politifact_148,1,0,0.38956019282341003
factors_finance,4,44,text_only,90484,snopes_055,0,1,0.677880048751831
factors_finance,4,44,text_only,98747,snopes_055,1,1,0.5270043015480042
factors_finance,4,44,text_only,69134,politifact_004,0,1,0.6277718544006348
factors_finance,4,44,text_only,70630,politifact_004,1,1,0.749922513961792
factors_finance,4,44,text_only,65460,politifact_108,0,0,0.2680149972438812
factors_finance,4,44,text_only,69800,politifact_108,1,0,0.3249492347240448
factors_finance,4,44,text_only,71986,politifact_129,0,0,0.1566796451807022
factors_finance,4,44,text_only,64541,politifact_129,1,1,0.5976901054382324
factors_finance,4,44,text_only,72134,politifact_130,0,0,0.2714279592037201
factors_finance,4,44,text_only,58536,politifact_130,1,1,0.5350440740585327
factors_finance,4,44,text_only,72997,politifact_131,0,0,0.37842002511024475
factors_finance,4,44,text_only,70300,politifact_131,1,1,0.5990080237388611
factors_finance,4,44,text_only,78389,politifact_135,0,0,0.4344084560871124
factors_finance,4,44,text_only,73221,politifact_135,1,1,0.6302052736282349
factors_finance,4,44,text_only,69031,politifact_184,0,1,0.544029176235199
factors_finance,4,44,text_only,68245,politifact_184,1,1,0.6834778785705566
factors_finance,4,44,text_only,87427,snopes_041,0,1,0.6890043020248413
factors_finance,4,44,text_only,94268,snopes_041,1,1,0.5000264644622803
factors_finance,4,44,text_only,29748,dubawa_002,0,1,0.7512916922569275
factors_finance,4,44,text_only,30178,dubawa_002,1,1,0.6153016686439514
factors_finance,4,44,text_only,64135,politifact_040,0,1,0.7747524976730347
factors_finance,4,44,text_only,65442,politifact_040,1,0,0.4921503961086273
factors_finance,4,44,text_only,65311,politifact_047,0,0,0.3964880406856537
factors_finance,4,44,text_only,68514,politifact_047,1,1,0.7713550329208374
factors_finance,4,44,text_only,69048,politifact_075,0,0,0.49926847219467163
factors_finance,4,44,text_only,66039,politifact_075,1,0,0.23698793351650238
factors_finance,4,44,text_only,70452,politifact_084,0,0,0.4155046045780182
factors_finance,4,44,text_only,66120,politifact_084,1,0,0.2758006453514099
factors_finance,4,44,text_only,72870,politifact_096,0,0,0.2679670453071594
factors_finance,4,44,text_only,70790,politifact_096,1,1,0.6997162103652954
factors_finance,4,44,text_only,81684,round2_snopes_013,0,0,0.4673748016357422
factors_finance,4,44,text_only,83915,round2_snopes_013,1,0,0.41448232531547546
factors_finance,4,44,emotion_aware,66066,politifact_198,0,0,0.4997852146625519
factors_finance,4,44,emotion_aware,62434,politifact_198,1,1,0.8873019814491272
factors_finance,4,44,emotion_aware,66499,politifact_169,0,0,0.2554369866847992
factors_finance,4,44,emotion_aware,67467,politifact_169,1,0,0.25620338320732117
factors_finance,4,44,emotion_aware,65427,politifact_171,0,1,0.7025585174560547
factors_finance,4,44,emotion_aware,76573,politifact_171,1,0,0.3452000021934509
factors_finance,4,44,emotion_aware,43707,grass_fact_check_002,0,0,0.20633022487163544
factors_finance,4,44,emotion_aware,43997,grass_fact_check_002,1,0,0.2988141179084778
factors_finance,4,44,emotion_aware,86162,snopes_066,0,0,0.4813586473464966
factors_finance,4,44,emotion_aware,91301,snopes_066,1,0,0.4470083713531494
factors_finance,4,44,emotion_aware,70380,politifact_011,0,0,0.263272225856781
factors_finance,4,44,emotion_aware,68737,politifact_011,1,1,0.7252490520477295
factors_finance,4,44,emotion_aware,29784,dubawa_006,0,0,0.4887078106403351
factors_finance,4,44,emotion_aware,29821,dubawa_006,1,1,0.6367120742797852
factors_finance,4,44,emotion_aware,67796,politifact_158,0,0,0.3469827473163605
factors_finance,4,44,emotion_aware,78253,politifact_158,1,0,0.35872820019721985
factors_finance,4,44,emotion_aware,98401,snopes_063,0,1,0.5388654470443726
factors_finance,4,44,emotion_aware,88064,snopes_063,1,0,0.4401804208755493
factors_finance,4,44,emotion_aware,70551,politifact_148,0,0,0.4061053693294525
factors_finance,4,44,emotion_aware,70586,politifact_148,1,0,0.13431507349014282
factors_finance,4,44,emotion_aware,90484,snopes_055,0,1,0.6406018137931824
factors_finance,4,44,emotion_aware,98747,snopes_055,1,0,0.3847713768482208
factors_finance,4,44,emotion_aware,69134,politifact_004,0,1,0.6308923363685608
factors_finance,4,44,emotion_aware,70630,politifact_004,1,1,0.8441337943077087
factors_finance,4,44,emotion_aware,65460,politifact_108,0,0,0.30638232827186584
factors_finance,4,44,emotion_aware,69800,politifact_108,1,0,0.1897251307964325
factors_finance,4,44,emotion_aware,71986,politifact_129,0,0,0.1893649697303772
factors_finance,4,44,emotion_aware,64541,politifact_129,1,1,0.5775518417358398
factors_finance,4,44,emotion_aware,72134,politifact_130,0,0,0.19852672517299652
factors_finance,4,44,emotion_aware,58536,politifact_130,1,1,0.5574262738227844
factors_finance,4,44,emotion_aware,72997,politifact_131,0,0,0.2608146071434021
factors_finance,4,44,emotion_aware,70300,politifact_131,1,1,0.5583860278129578
factors_finance,4,44,emotion_aware,78389,politifact_135,0,0,0.18641915917396545
factors_finance,4,44,emotion_aware,73221,politifact_135,1,1,0.6712398529052734
factors_finance,4,44,emotion_aware,69031,politifact_184,0,0,0.32753098011016846
factors_finance,4,44,emotion_aware,68245,politifact_184,1,1,0.6832054257392883
factors_finance,4,44,emotion_aware,87427,snopes_041,0,1,0.5113702416419983
factors_finance,4,44,emotion_aware,94268,snopes_041,1,0,0.4716067314147949
factors_finance,4,44,emotion_aware,29748,dubawa_002,0,1,0.6427906155586243
factors_finance,4,44,emotion_aware,30178,dubawa_002,1,1,0.7866202592849731
factors_finance,4,44,emotion_aware,64135,politifact_040,0,1,0.6833657622337341
factors_finance,4,44,emotion_aware,65442,politifact_040,1,0,0.44058138132095337
factors_finance,4,44,emotion_aware,65311,politifact_047,0,0,0.47721898555755615
factors_finance,4,44,emotion_aware,68514,politifact_047,1,1,0.7279701232910156
factors_finance,4,44,emotion_aware,69048,politifact_075,0,0,0.23546722531318665
factors_finance,4,44,emotion_aware,66039,politifact_075,1,0,0.1454509049654007
factors_finance,4,44,emotion_aware,70452,politifact_084,0,0,0.22789442539215088
factors_finance,4,44,emotion_aware,66120,politifact_084,1,0,0.22091376781463623
factors_finance,4,44,emotion_aware,72870,politifact_096,0,0,0.16225822269916534
factors_finance,4,44,emotion_aware,70790,politifact_096,1,1,0.7583151459693909
factors_finance,4,44,emotion_aware,81684,round2_snopes_013,0,0,0.40660879015922546
factors_finance,4,44,emotion_aware,83915,round2_snopes_013,1,0,0.38993600010871887
factors_finance,5,55,text_only,43880,grass_fact_check_024,0,0,0.2174864411354065
factors_finance,5,55,text_only,44422,grass_fact_check_024,1,1,0.5524054169654846
factors_finance,5,55,text_only,90373,snopes_079,0,0,0.3598257005214691
factors_finance,5,55,text_only,91320,snopes_079,1,0,0.37748125195503235
factors_finance,5,55,text_only,68071,politifact_173,0,0,0.483682245016098
factors_finance,5,55,text_only,71682,politifact_173,1,1,0.6509372591972351
factors_finance,5,55,text_only,72212,politifact_013,0,1,0.539155125617981
factors_finance,5,55,text_only,61992,politifact_013,1,0,0.17129535973072052
factors_finance,5,55,text_only,73591,politifact_168,0,0,0.3425306975841522
factors_finance,5,55,text_only,76622,politifact_168,1,1,0.5957938432693481
factors_finance,5,55,text_only,69106,politifact_008,0,0,0.09024602919816971
factors_finance,5,55,text_only,69368,politifact_008,1,0,0.2570340037345886
factors_finance,5,55,text_only,30491,factcheckni_001,0,0,0.23447827994823456
factors_finance,5,55,text_only,30483,factcheckni_001,1,0,0.4317336976528168
factors_finance,5,55,text_only,43861,grass_fact_check_009,0,0,0.23419378697872162
factors_finance,5,55,text_only,44459,grass_fact_check_009,1,0,0.23107841610908508
factors_finance,5,55,text_only,67779,politifact_142,0,0,0.47269323468208313
factors_finance,5,55,text_only,69538,politifact_142,1,0,0.3945246934890747
factors_finance,5,55,text_only,72533,politifact_151,0,1,0.5449094772338867
factors_finance,5,55,text_only,60122,politifact_151,1,0,0.2658021152019501
factors_finance,5,55,text_only,30022,dubawa_005,0,1,0.6050706505775452
factors_finance,5,55,text_only,28987,dubawa_005,1,0,0.40224263072013855
factors_finance,5,55,text_only,44147,grass_fact_check_005,0,0,0.20116829872131348
factors_finance,5,55,text_only,43623,grass_fact_check_005,1,0,0.36685675382614136
factors_finance,5,55,text_only,83074,snopes_038,0,0,0.3310281038284302
factors_finance,5,55,text_only,93053,snopes_038,1,1,0.6014518737792969
factors_finance,5,55,text_only,29212,dubawa_001,0,0,0.38611117005348206
factors_finance,5,55,text_only,29704,dubawa_001,1,0,0.3838166296482086
factors_finance,5,55,text_only,29748,dubawa_002,0,0,0.42173081636428833
factors_finance,5,55,text_only,30178,dubawa_002,1,1,0.6580720543861389
factors_finance,5,55,text_only,64058,politifact_037,0,1,0.6598568558692932
factors_finance,5,55,text_only,64009,politifact_037,1,1,0.8890790939331055
factors_finance,5,55,text_only,65453,politifact_048,0,0,0.27415731549263
factors_finance,5,55,text_only,66125,politifact_048,1,0,0.3006324768066406
factors_finance,5,55,text_only,67775,politifact_059,0,0,0.41208207607269287
factors_finance,5,55,text_only,70908,politifact_059,1,0,0.4448094069957733
factors_finance,5,55,text_only,68761,politifact_072,0,0,0.2610112726688385
factors_finance,5,55,text_only,78479,politifact_072,1,1,0.6727875471115112
factors_finance,5,55,text_only,69497,politifact_078,0,1,0.5106338262557983
factors_finance,5,55,text_only,67078,politifact_078,1,1,0.7435198426246643
factors_finance,5,55,text_only,69637,politifact_079,0,1,0.6089446544647217
factors_finance,5,55,text_only,68358,politifact_079,1,1,0.8450508117675781
factors_finance,5,55,text_only,69882,politifact_081,0,1,0.6521327495574951
factors_finance,5,55,text_only,70028,politifact_081,1,1,0.841133713722229
factors_finance,5,55,text_only,70118,politifact_083,0,1,0.5066734552383423
factors_finance,5,55,text_only,75353,politifact_083,1,1,0.6587985157966614
factors_finance,5,55,text_only,70488,politifact_085,0,1,0.8442339301109314
factors_finance,5,55,text_only,77966,politifact_085,1,1,0.7597113251686096
factors_finance,5,55,text_only,91343,snopes_023,0,1,0.5689557194709778
factors_finance,5,55,text_only,95586,snopes_023,1,0,0.31072455644607544
factors_finance,5,55,text_only,17567,round2_africa_check_013,0,1,0.56742262840271
factors_finance,5,55,text_only,19084,round2_africa_check_013,1,0,0.3647589087486267
factors_finance,5,55,emotion_aware,43880,grass_fact_check_024,0,0,0.39771658182144165
factors_finance,5,55,emotion_aware,44422,grass_fact_check_024,1,0,0.4829029440879822
factors_finance,5,55,emotion_aware,90373,snopes_079,0,0,0.45176875591278076
factors_finance,5,55,emotion_aware,91320,snopes_079,1,1,0.5739530324935913
factors_finance,5,55,emotion_aware,68071,politifact_173,0,0,0.44722265005111694
factors_finance,5,55,emotion_aware,71682,politifact_173,1,1,0.5120159983634949
factors_finance,5,55,emotion_aware,72212,politifact_013,0,1,0.5797461271286011
factors_finance,5,55,emotion_aware,61992,politifact_013,1,0,0.21641652286052704
factors_finance,5,55,emotion_aware,73591,politifact_168,0,0,0.38919565081596375
factors_finance,5,55,emotion_aware,76622,politifact_168,1,1,0.573142409324646
factors_finance,5,55,emotion_aware,69106,politifact_008,0,0,0.18639156222343445
factors_finance,5,55,emotion_aware,69368,politifact_008,1,0,0.3777223527431488
factors_finance,5,55,emotion_aware,30491,factcheckni_001,0,0,0.3169831931591034
factors_finance,5,55,emotion_aware,30483,factcheckni_001,1,0,0.4477028548717499
factors_finance,5,55,emotion_aware,43861,grass_fact_check_009,0,0,0.3644525110721588
factors_finance,5,55,emotion_aware,44459,grass_fact_check_009,1,0,0.21153798699378967
factors_finance,5,55,emotion_aware,67779,politifact_142,0,1,0.5333724617958069
factors_finance,5,55,emotion_aware,69538,politifact_142,1,1,0.5436067581176758
factors_finance,5,55,emotion_aware,72533,politifact_151,0,0,0.36899301409721375
factors_finance,5,55,emotion_aware,60122,politifact_151,1,0,0.18182305991649628
factors_finance,5,55,emotion_aware,30022,dubawa_005,0,1,0.6620659828186035
factors_finance,5,55,emotion_aware,28987,dubawa_005,1,1,0.514153003692627
factors_finance,5,55,emotion_aware,44147,grass_fact_check_005,0,0,0.19467180967330933
factors_finance,5,55,emotion_aware,43623,grass_fact_check_005,1,0,0.4127342402935028
factors_finance,5,55,emotion_aware,83074,snopes_038,0,0,0.433750718832016
factors_finance,5,55,emotion_aware,93053,snopes_038,1,1,0.6437060236930847
factors_finance,5,55,emotion_aware,29212,dubawa_001,0,0,0.4659688472747803
factors_finance,5,55,emotion_aware,29704,dubawa_001,1,1,0.5208665132522583
factors_finance,5,55,emotion_aware,29748,dubawa_002,0,1,0.5030912160873413
factors_finance,5,55,emotion_aware,30178,dubawa_002,1,1,0.5832276344299316
factors_finance,5,55,emotion_aware,64058,politifact_037,0,1,0.6386130452156067
factors_finance,5,55,emotion_aware,64009,politifact_037,1,1,0.7606702446937561
factors_finance,5,55,emotion_aware,65453,politifact_048,0,0,0.3383275866508484
factors_finance,5,55,emotion_aware,66125,politifact_048,1,0,0.3503304421901703
factors_finance,5,55,emotion_aware,67775,politifact_059,0,0,0.42721033096313477
factors_finance,5,55,emotion_aware,70908,politifact_059,1,0,0.47738218307495117
factors_finance,5,55,emotion_aware,68761,politifact_072,0,0,0.4330211579799652
factors_finance,5,55,emotion_aware,78479,politifact_072,1,1,0.6239407658576965
factors_finance,5,55,emotion_aware,69497,politifact_078,0,1,0.6112326383590698
factors_finance,5,55,emotion_aware,67078,politifact_078,1,1,0.6556161046028137
factors_finance,5,55,emotion_aware,69637,politifact_079,0,1,0.6335034370422363
factors_finance,5,55,emotion_aware,68358,politifact_079,1,1,0.7767929434776306
factors_finance,5,55,emotion_aware,69882,politifact_081,0,1,0.619924008846283
factors_finance,5,55,emotion_aware,70028,politifact_081,1,1,0.7473445534706116
factors_finance,5,55,emotion_aware,70118,politifact_083,0,0,0.4597077965736389
factors_finance,5,55,emotion_aware,75353,politifact_083,1,1,0.5243091583251953
factors_finance,5,55,emotion_aware,70488,politifact_085,0,1,0.7159777879714966
factors_finance,5,55,emotion_aware,77966,politifact_085,1,1,0.6168380975723267
factors_finance,5,55,emotion_aware,91343,snopes_023,0,1,0.5311759114265442
factors_finance,5,55,emotion_aware,95586,snopes_023,1,0,0.4439097046852112
factors_finance,5,55,emotion_aware,17567,round2_africa_check_013,0,1,0.6050431728363037
factors_finance,5,55,emotion_aware,19084,round2_africa_check_013,1,0,0.4133206903934479
factors_finance,6,66,text_only,66066,politifact_198,0,1,0.5108034014701843
factors_finance,6,66,text_only,62434,politifact_198,1,1,0.6932374835014343
factors_finance,6,66,text_only,71509,politifact_189,0,0,0.43363168835639954
factors_finance,6,66,text_only,67167,politifact_189,1,1,0.6258407831192017
factors_finance,6,66,text_only,43857,grass_fact_check_012,0,1,0.5845974683761597
factors_finance,6,66,text_only,44132,grass_fact_check_012,1,0,0.4247318506240845
factors_finance,6,66,text_only,69106,politifact_008,0,0,0.42268016934394836
factors_finance,6,66,text_only,69368,politifact_008,1,0,0.4879125952720642
factors_finance,6,66,text_only,62635,politifact_153,0,0,0.40684154629707336
factors_finance,6,66,text_only,75025,politifact_153,1,1,0.5706962943077087
factors_finance,6,66,text_only,70385,politifact_156,0,1,0.652072548866272
factors_finance,6,66,text_only,68964,politifact_156,1,1,0.716792106628418
factors_finance,6,66,text_only,90954,snopes_061,0,1,0.6083508133888245
factors_finance,6,66,text_only,98723,snopes_061,1,1,0.6166301369667053
factors_finance,6,66,text_only,68061,politifact_144,0,1,0.6269097328186035
factors_finance,6,66,text_only,70408,politifact_144,1,0,0.42322665452957153
factors_finance,6,66,text_only,64342,politifact_193,0,0,0.4310368597507477
factors_finance,6,66,text_only,64910,politifact_193,1,0,0.4764159321784973
factors_finance,6,66,text_only,86590,snopes_053,0,1,0.6338337659835815
factors_finance,6,66,text_only,85492,snopes_053,1,1,0.6536613702774048
factors_finance,6,66,text_only,69906,politifact_121,0,0,0.39540234208106995
factors_finance,6,66,text_only,59760,politifact_121,1,1,0.6407017707824707
factors_finance,6,66,text_only,76748,politifact_133,0,0,0.4544723331928253
factors_finance,6,66,text_only,67767,politifact_133,1,0,0.4085535705089569
factors_finance,6,66,text_only,91699,snopes_044,0,0,0.4981164336204529
factors_finance,6,66,text_only,96793,snopes_044,1,1,0.6683283448219299
factors_finance,6,66,text_only,43868,grass_fact_check_004,0,0,0.4513120949268341
factors_finance,6,66,text_only,43715,grass_fact_check_004,1,0,0.45364874601364136
factors_finance,6,66,text_only,59541,politifact_019,0,1,0.5188742876052856
factors_finance,6,66,text_only,58459,politifact_019,1,1,0.6306383013725281
factors_finance,6,66,text_only,60877,politifact_021,0,0,0.46579939126968384
factors_finance,6,66,text_only,62571,politifact_021,1,1,0.7081997394561768
factors_finance,6,66,text_only,61427,politifact_023,0,0,0.4862651526927948
factors_finance,6,66,text_only,60934,politifact_023,1,1,0.5159006118774414
factors_finance,6,66,text_only,62151,politifact_027,0,0,0.38176342844963074
factors_finance,6,66,text_only,58827,politifact_027,1,1,0.5554748773574829
factors_finance,6,66,text_only,62905,politifact_030,0,1,0.546085774898529
factors_finance,6,66,text_only,67870,politifact_030,1,0,0.4501410722732544
factors_finance,6,66,text_only,67822,politifact_062,0,1,0.6173890233039856
factors_finance,6,66,text_only,68102,politifact_062,1,1,0.721586287021637
factors_finance,6,66,text_only,72103,politifact_093,0,0,0.4613277316093445
factors_finance,6,66,text_only,68276,politifact_093,1,0,0.4033524990081787
factors_finance,6,66,text_only,90572,round2_snopes_017,0,1,0.631266176700592
factors_finance,6,66,text_only,83552,round2_snopes_017,1,1,0.5912056565284729
factors_finance,6,66,text_only,89118,round2_snopes_012,0,1,0.6073751449584961
factors_finance,6,66,text_only,1864,round2_snopes_012,1,1,0.5947403907775879
factors_finance,6,66,text_only,15958,round2_africa_check_011,0,1,0.5827903747558594
factors_finance,6,66,text_only,16215,round2_africa_check_011,1,0,0.48812955617904663
factors_finance,6,66,text_only,95600,round2_snopes_003,0,1,0.6364650726318359
factors_finance,6,66,text_only,85142,round2_snopes_003,1,1,0.5881897211074829
factors_finance,6,66,text_only,98242,round2_snopes_005,0,1,0.5845633149147034
factors_finance,6,66,text_only,95648,round2_snopes_005,1,1,0.5060926079750061
factors_finance,6,66,emotion_aware,66066,politifact_198,0,0,0.46838507056236267
factors_finance,6,66,emotion_aware,62434,politifact_198,1,1,0.7809935808181763
factors_finance,6,66,emotion_aware,71509,politifact_189,0,0,0.4652506709098816
factors_finance,6,66,emotion_aware,67167,politifact_189,1,1,0.6268201470375061
factors_finance,6,66,emotion_aware,43857,grass_fact_check_012,0,1,0.5500706434249878
factors_finance,6,66,emotion_aware,44132,grass_fact_check_012,1,0,0.33698660135269165
factors_finance,6,66,emotion_aware,69106,politifact_008,0,0,0.3688451647758484
factors_finance,6,66,emotion_aware,69368,politifact_008,1,1,0.5426651239395142
factors_finance,6,66,emotion_aware,62635,politifact_153,0,0,0.33208727836608887
factors_finance,6,66,emotion_aware,75025,politifact_153,1,1,0.6361316442489624
factors_finance,6,66,emotion_aware,70385,politifact_156,0,1,0.7398738265037537
factors_finance,6,66,emotion_aware,68964,politifact_156,1,1,0.7207396626472473
factors_finance,6,66,emotion_aware,90954,snopes_061,0,1,0.58757084608078
factors_finance,6,66,emotion_aware,98723,snopes_061,1,1,0.5522007942199707
factors_finance,6,66,emotion_aware,68061,politifact_144,0,1,0.6614573001861572
factors_finance,6,66,emotion_aware,70408,politifact_144,1,0,0.36637869477272034
factors_finance,6,66,emotion_aware,64342,politifact_193,0,0,0.4105822741985321
factors_finance,6,66,emotion_aware,64910,politifact_193,1,1,0.5107888579368591
factors_finance,6,66,emotion_aware,86590,snopes_053,0,1,0.5627192258834839
factors_finance,6,66,emotion_aware,85492,snopes_053,1,1,0.6687573194503784
factors_finance,6,66,emotion_aware,69906,politifact_121,0,0,0.43973878026008606
factors_finance,6,66,emotion_aware,59760,politifact_121,1,1,0.7966576218605042
factors_finance,6,66,emotion_aware,76748,politifact_133,0,0,0.45377376675605774
factors_finance,6,66,emotion_aware,67767,politifact_133,1,0,0.4040107727050781
factors_finance,6,66,emotion_aware,91699,snopes_044,0,0,0.3862456977367401
factors_finance,6,66,emotion_aware,96793,snopes_044,1,1,0.6349402070045471
factors_finance,6,66,emotion_aware,43868,grass_fact_check_004,0,0,0.4277174174785614
factors_finance,6,66,emotion_aware,43715,grass_fact_check_004,1,0,0.42286983132362366
factors_finance,6,66,emotion_aware,59541,politifact_019,0,1,0.5557075142860413
factors_finance,6,66,emotion_aware,58459,politifact_019,1,1,0.6670801043510437
factors_finance,6,66,emotion_aware,60877,politifact_021,0,0,0.43465685844421387
factors_finance,6,66,emotion_aware,62571,politifact_021,1,1,0.7786496877670288
factors_finance,6,66,emotion_aware,61427,politifact_023,0,0,0.41557776927948
factors_finance,6,66,emotion_aware,60934,politifact_023,1,0,0.4659178853034973
factors_finance,6,66,emotion_aware,62151,politifact_027,0,1,0.5296341776847839
factors_finance,6,66,emotion_aware,58827,politifact_027,1,0,0.47786253690719604
factors_finance,6,66,emotion_aware,62905,politifact_030,0,0,0.4962425231933594
factors_finance,6,66,emotion_aware,67870,politifact_030,1,0,0.3523629903793335
factors_finance,6,66,emotion_aware,67822,politifact_062,0,1,0.6139371395111084
factors_finance,6,66,emotion_aware,68102,politifact_062,1,1,0.7593318223953247
factors_finance,6,66,emotion_aware,72103,politifact_093,0,0,0.48312920331954956
factors_finance,6,66,emotion_aware,68276,politifact_093,1,0,0.4305603504180908
factors_finance,6,66,emotion_aware,90572,round2_snopes_017,0,0,0.4873012602329254
factors_finance,6,66,emotion_aware,83552,round2_snopes_017,1,1,0.5806156396865845
factors_finance,6,66,emotion_aware,89118,round2_snopes_012,0,1,0.5692330598831177
factors_finance,6,66,emotion_aware,1864,round2_snopes_012,1,0,0.48102638125419617
factors_finance,6,66,emotion_aware,15958,round2_africa_check_011,0,1,0.5828639268875122
factors_finance,6,66,emotion_aware,16215,round2_africa_check_011,1,0,0.4799077808856964
factors_finance,6,66,emotion_aware,95600,round2_snopes_003,0,1,0.5921451449394226
factors_finance,6,66,emotion_aware,85142,round2_snopes_003,1,1,0.5191315412521362
factors_finance,6,66,emotion_aware,98242,round2_snopes_005,0,1,0.526925802230835
factors_finance,6,66,emotion_aware,95648,round2_snopes_005,1,0,0.49111101031303406
factors_finance,7,77,text_only,68526,politifact_199,0,1,0.5265967845916748
factors_finance,7,77,text_only,68545,politifact_199,1,1,0.7044000029563904
factors_finance,7,77,text_only,67859,politifact_165,0,0,0.27654993534088135
factors_finance,7,77,text_only,74415,politifact_165,1,1,0.5574908256530762
factors_finance,7,77,text_only,77142,politifact_010,0,1,0.6406620144844055
factors_finance,7,77,text_only,63415,politifact_010,1,1,0.5539057850837708
factors_finance,7,77,text_only,43857,grass_fact_check_012,0,0,0.4876265525817871
factors_finance,7,77,text_only,44132,grass_fact_check_012,1,0,0.4214799702167511
factors_finance,7,77,text_only,43782,grass_fact_check_020,0,1,0.5258470177650452
factors_finance,7,77,text_only,43642,grass_fact_check_020,1,0,0.49904048442840576
factors_finance,7,77,text_only,20097,africa_check_017,0,0,0.39461442828178406
factors_finance,7,77,text_only,19359,africa_check_017,1,0,0.4836816191673279
factors_finance,7,77,text_only,43629,grass_fact_check_007,0,1,0.575115978717804
factors_finance,7,77,text_only,44165,grass_fact_check_007,1,0,0.35165244340896606
factors_finance,7,77,text_only,69265,politifact_146,0,1,0.5248387455940247
factors_finance,7,77,text_only,70820,politifact_146,1,1,0.6261056661605835
factors_finance,7,77,text_only,72533,politifact_151,0,1,0.5660869479179382
factors_finance,7,77,text_only,60122,politifact_151,1,0,0.4315352737903595
factors_finance,7,77,text_only,64342,politifact_193,0,0,0.3316066861152649
factors_finance,7,77,text_only,64910,politifact_193,1,1,0.5026757717132568
factors_finance,7,77,text_only,78389,politifact_135,0,0,0.3521774411201477
factors_finance,7,77,text_only,73221,politifact_135,1,1,0.669262170791626
factors_finance,7,77,text_only,82869,snopes_037,0,1,0.5504610538482666
factors_finance,7,77,text_only,89119,snopes_037,1,0,0.4585266709327698
factors_finance,7,77,text_only,61427,politifact_023,0,0,0.35615307092666626
factors_finance,7,77,text_only,60934,politifact_023,1,0,0.4037071466445923
factors_finance,7,77,text_only,62905,politifact_030,0,1,0.544374942779541
factors_finance,7,77,text_only,67870,politifact_030,1,0,0.29752790927886963
factors_finance,7,77,text_only,64439,politifact_043,0,1,0.5201224088668823
factors_finance,7,77,text_only,63001,politifact_043,1,0,0.47345271706581116
factors_finance,7,77,text_only,65957,politifact_053,0,0,0.39162835478782654
factors_finance,7,77,text_only,62924,politifact_053,1,1,0.6800373196601868
factors_finance,7,77,text_only,67791,politifact_060,0,1,0.6700388789176941
factors_finance,7,77,text_only,70667,politifact_060,1,1,0.7004225254058838
factors_finance,7,77,text_only,68084,politifact_064,0,1,0.6483317017555237
factors_finance,7,77,text_only,68246,politifact_064,1,1,0.5399274230003357
factors_finance,7,77,text_only,68273,politifact_068,0,1,0.7965701222419739
factors_finance,7,77,text_only,58607,politifact_068,1,1,0.7128946781158447
factors_finance,7,77,text_only,68277,politifact_069,0,0,0.44950592517852783
factors_finance,7,77,text_only,66058,politifact_069,1,1,0.7654856443405151
factors_finance,7,77,text_only,68934,politifact_073,0,1,0.5830825567245483
factors_finance,7,77,text_only,70179,politifact_073,1,0,0.3691921830177307
factors_finance,7,77,text_only,71766,politifact_089,0,1,0.669822633266449
factors_finance,7,77,text_only,69439,politifact_089,1,1,0.6160061359405518
factors_finance,7,77,text_only,91847,snopes_024,0,1,0.6313565373420715
factors_finance,7,77,text_only,89361,snopes_024,1,1,0.6018621325492859
factors_finance,7,77,text_only,15958,round2_africa_check_011,0,1,0.5782396197319031
factors_finance,7,77,text_only,16215,round2_africa_check_011,1,0,0.487972617149353
factors_finance,7,77,text_only,43934,round2_grass_fact_check_003,0,1,0.5241830348968506
factors_finance,7,77,text_only,43648,round2_grass_fact_check_003,1,1,0.6098040342330933
factors_finance,7,77,text_only,16074,round2_africa_check_010,0,0,0.4541260898113251
factors_finance,7,77,text_only,19152,round2_africa_check_010,1,0,0.4402802288532257
factors_finance,7,77,emotion_aware,68526,politifact_199,0,0,0.49131858348846436
factors_finance,7,77,emotion_aware,68545,politifact_199,1,1,0.792965829372406
factors_finance,7,77,emotion_aware,67859,politifact_165,0,0,0.37350866198539734
factors_finance,7,77,emotion_aware,74415,politifact_165,1,1,0.5567865371704102
factors_finance,7,77,emotion_aware,77142,politifact_010,0,1,0.8277947306632996
factors_finance,7,77,emotion_aware,63415,politifact_010,1,1,0.7366601228713989
factors_finance,7,77,emotion_aware,43857,grass_fact_check_012,0,1,0.5337534546852112
factors_finance,7,77,emotion_aware,44132,grass_fact_check_012,1,1,0.507241427898407
factors_finance,7,77,emotion_aware,43782,grass_fact_check_020,0,1,0.613015353679657
factors_finance,7,77,emotion_aware,43642,grass_fact_check_020,1,0,0.4607636630535126
factors_finance,7,77,emotion_aware,20097,africa_check_017,0,0,0.4520999789237976
factors_finance,7,77,emotion_aware,19359,africa_check_017,1,1,0.6086234450340271
factors_finance,7,77,emotion_aware,43629,grass_fact_check_007,0,1,0.5961069464683533
factors_finance,7,77,emotion_aware,44165,grass_fact_check_007,1,0,0.34970685839653015
factors_finance,7,77,emotion_aware,69265,politifact_146,0,0,0.4432511329650879
factors_finance,7,77,emotion_aware,70820,politifact_146,1,1,0.758320689201355
factors_finance,7,77,emotion_aware,72533,politifact_151,0,1,0.5566409230232239
factors_finance,7,77,emotion_aware,60122,politifact_151,1,0,0.44914767146110535
factors_finance,7,77,emotion_aware,64342,politifact_193,0,0,0.37047964334487915
factors_finance,7,77,emotion_aware,64910,politifact_193,1,1,0.5343054533004761
factors_finance,7,77,emotion_aware,78389,politifact_135,0,1,0.5541500449180603
factors_finance,7,77,emotion_aware,73221,politifact_135,1,1,0.6660653352737427
factors_finance,7,77,emotion_aware,82869,snopes_037,0,1,0.6565394997596741
factors_finance,7,77,emotion_aware,89119,snopes_037,1,1,0.5436737537384033
factors_finance,7,77,emotion_aware,61427,politifact_023,0,0,0.3299977779388428
factors_finance,7,77,emotion_aware,60934,politifact_023,1,0,0.27413490414619446
factors_finance,7,77,emotion_aware,62905,politifact_030,0,1,0.5027751922607422
factors_finance,7,77,emotion_aware,67870,politifact_030,1,0,0.208364799618721
factors_finance,7,77,emotion_aware,64439,politifact_043,0,1,0.5514348149299622
factors_finance,7,77,emotion_aware,63001,politifact_043,1,1,0.6369400024414062
factors_finance,7,77,emotion_aware,65957,politifact_053,0,0,0.2865837812423706
factors_finance,7,77,emotion_aware,62924,politifact_053,1,1,0.8112927675247192
factors_finance,7,77,emotion_aware,67791,politifact_060,0,1,0.6558219194412231
factors_finance,7,77,emotion_aware,70667,politifact_060,1,1,0.6974970102310181
factors_finance,7,77,emotion_aware,68084,politifact_064,0,1,0.7651997804641724
factors_finance,7,77,emotion_aware,68246,politifact_064,1,1,0.6278709173202515
factors_finance,7,77,emotion_aware,68273,politifact_068,0,1,0.8113030195236206
factors_finance,7,77,emotion_aware,58607,politifact_068,1,1,0.8275395631790161
factors_finance,7,77,emotion_aware,68277,politifact_069,0,0,0.43447837233543396
factors_finance,7,77,emotion_aware,66058,politifact_069,1,1,0.854210615158081
factors_finance,7,77,emotion_aware,68934,politifact_073,0,1,0.6828305125236511
factors_finance,7,77,emotion_aware,70179,politifact_073,1,0,0.3160291016101837
factors_finance,7,77,emotion_aware,71766,politifact_089,0,1,0.8278486132621765
factors_finance,7,77,emotion_aware,69439,politifact_089,1,1,0.7038960456848145
factors_finance,7,77,emotion_aware,91847,snopes_024,0,1,0.7512180209159851
factors_finance,7,77,emotion_aware,89361,snopes_024,1,1,0.635165810585022
factors_finance,7,77,emotion_aware,15958,round2_africa_check_011,0,1,0.5273303389549255
factors_finance,7,77,emotion_aware,16215,round2_africa_check_011,1,1,0.5968303680419922
factors_finance,7,77,emotion_aware,43934,round2_grass_fact_check_003,0,1,0.6344900131225586
factors_finance,7,77,emotion_aware,43648,round2_grass_fact_check_003,1,1,0.6376737952232361
factors_finance,7,77,emotion_aware,16074,round2_africa_check_010,0,1,0.6158395409584045
factors_finance,7,77,emotion_aware,19152,round2_africa_check_010,1,0,0.3804126977920532
factors_finance,8,88,text_only,72212,politifact_013,0,1,0.583038866519928
factors_finance,8,88,text_only,61992,politifact_013,1,0,0.20010410249233246
factors_finance,8,88,text_only,52083,newsmeter_001,0,1,0.7351419925689697
factors_finance,8,88,text_only,50807,newsmeter_001,1,1,0.7421593070030212
factors_finance,8,88,text_only,43782,grass_fact_check_020,0,0,0.15452754497528076
factors_finance,8,88,text_only,43642,grass_fact_check_020,1,0,0.10130859166383743
factors_finance,8,88,text_only,69106,politifact_008,0,0,0.052872296422719955
factors_finance,8,88,text_only,69368,politifact_008,1,0,0.30291903018951416
factors_finance,8,88,text_only,62635,politifact_153,0,0,0.3073410987854004
factors_finance,8,88,text_only,75025,politifact_153,1,1,0.509055495262146
factors_finance,8,88,text_only,70385,politifact_156,0,1,0.7402751445770264
factors_finance,8,88,text_only,68964,politifact_156,1,1,0.8910620808601379
factors_finance,8,88,text_only,66882,politifact_195,0,0,0.15894515812397003
factors_finance,8,88,text_only,68741,politifact_195,1,1,0.694041907787323
factors_finance,8,88,text_only,62282,politifact_136,0,0,0.15335150063037872
factors_finance,8,88,text_only,75658,politifact_136,1,1,0.9046011567115784
factors_finance,8,88,text_only,67663,politifact_141,0,1,0.5570494532585144
factors_finance,8,88,text_only,77813,politifact_141,1,1,0.5800294876098633
factors_finance,8,88,text_only,20757,africa_check_013,0,1,0.558273434638977
factors_finance,8,88,text_only,16721,africa_check_013,1,0,0.3839971125125885
factors_finance,8,88,text_only,58330,politifact_016,0,1,0.6052027940750122
factors_finance,8,88,text_only,72752,politifact_016,1,1,0.8486544489860535
factors_finance,8,88,text_only,63285,politifact_033,0,0,0.42867401242256165
factors_finance,8,88,text_only,68280,politifact_033,1,1,0.9142791628837585
factors_finance,8,88,text_only,64236,politifact_041,0,1,0.6502258777618408
factors_finance,8,88,text_only,67745,politifact_041,1,0,0.2777174711227417
factors_finance,8,88,text_only,67791,politifact_060,0,1,0.7481800317764282
factors_finance,8,88,text_only,70667,politifact_060,1,1,0.8403066992759705
factors_finance,8,88,text_only,68177,politifact_065,0,1,0.7247724533081055
factors_finance,8,88,text_only,62941,politifact_065,1,1,0.8328880667686462
factors_finance,8,88,text_only,71633,politifact_088,0,0,0.2583237886428833
factors_finance,8,88,text_only,74711,politifact_088,1,0,0.1611044704914093
factors_finance,8,88,text_only,73697,politifact_100,0,1,0.8278763890266418
factors_finance,8,88,text_only,68674,politifact_100,1,0,0.3455732464790344
factors_finance,8,88,text_only,65488,politifact_180,0,0,0.09143821150064468
factors_finance,8,88,text_only,70311,politifact_180,1,0,0.08082015812397003
factors_finance,8,88,text_only,69806,politifact_192,0,1,0.617285966873169
factors_finance,8,88,text_only,68179,politifact_192,1,0,0.4004291594028473
factors_finance,8,88,text_only,83270,snopes_010,0,1,0.764824628829956
factors_finance,8,88,text_only,97192,snopes_010,1,0,0.34188464283943176
factors_finance,8,88,text_only,86950,snopes_014,0,1,0.828096866607666
factors_finance,8,88,text_only,87751,snopes_014,1,1,0.8690669536590576
factors_finance,8,88,text_only,91343,snopes_023,0,1,0.8442607522010803
factors_finance,8,88,text_only,95586,snopes_023,1,0,0.30544260144233704
factors_finance,8,88,text_only,83292,round2_snopes_019,0,1,0.5557727813720703
factors_finance,8,88,text_only,87892,round2_snopes_019,1,1,0.9396359920501709
factors_finance,8,88,text_only,98430,round2_snopes_020,0,1,0.7809635996818542
factors_finance,8,88,text_only,90792,round2_snopes_020,1,0,0.46437618136405945
factors_finance,8,88,text_only,44308,round2_grass_fact_check_006,0,0,0.33352285623550415
factors_finance,8,88,text_only,43618,round2_grass_fact_check_006,1,1,0.682590901851654
factors_finance,8,88,text_only,20359,round2_africa_check_008,0,0,0.40086185932159424
factors_finance,8,88,text_only,17047,round2_africa_check_008,1,0,0.443671315908432
factors_finance,8,88,emotion_aware,72212,politifact_013,0,0,0.4724704921245575
factors_finance,8,88,emotion_aware,61992,politifact_013,1,0,0.43512389063835144
factors_finance,8,88,emotion_aware,52083,newsmeter_001,0,1,0.7358716130256653
factors_finance,8,88,emotion_aware,50807,newsmeter_001,1,1,0.6614282727241516
factors_finance,8,88,emotion_aware,43782,grass_fact_check_020,0,0,0.31253063678741455
factors_finance,8,88,emotion_aware,43642,grass_fact_check_020,1,0,0.18309170007705688
factors_finance,8,88,emotion_aware,69106,politifact_008,0,0,0.11604886502027512
factors_finance,8,88,emotion_aware,69368,politifact_008,1,0,0.33798331022262573
factors_finance,8,88,emotion_aware,62635,politifact_153,0,0,0.26434001326560974
factors_finance,8,88,emotion_aware,75025,politifact_153,1,1,0.6494097113609314
factors_finance,8,88,emotion_aware,70385,politifact_156,0,1,0.7823288440704346
factors_finance,8,88,emotion_aware,68964,politifact_156,1,1,0.8802904486656189
factors_finance,8,88,emotion_aware,66882,politifact_195,0,0,0.34736958146095276
factors_finance,8,88,emotion_aware,68741,politifact_195,1,1,0.7277927994728088
factors_finance,8,88,emotion_aware,62282,politifact_136,0,0,0.2942731976509094
factors_finance,8,88,emotion_aware,75658,politifact_136,1,1,0.8527828454971313
factors_finance,8,88,emotion_aware,67663,politifact_141,0,1,0.5743908286094666
factors_finance,8,88,emotion_aware,77813,politifact_141,1,1,0.6263846158981323
factors_finance,8,88,emotion_aware,20757,africa_check_013,0,0,0.2741425037384033
factors_finance,8,88,emotion_aware,16721,africa_check_013,1,0,0.3785957098007202
factors_finance,8,88,emotion_aware,58330,politifact_016,0,1,0.6914889216423035
factors_finance,8,88,emotion_aware,72752,politifact_016,1,1,0.9296690225601196
factors_finance,8,88,emotion_aware,63285,politifact_033,0,0,0.31231531500816345
factors_finance,8,88,emotion_aware,68280,politifact_033,1,1,0.7405961751937866
factors_finance,8,88,emotion_aware,64236,politifact_041,0,0,0.37833064794540405
factors_finance,8,88,emotion_aware,67745,politifact_041,1,0,0.2206154614686966
factors_finance,8,88,emotion_aware,67791,politifact_060,0,1,0.614486038684845
factors_finance,8,88,emotion_aware,70667,politifact_060,1,1,0.7009685635566711
factors_finance,8,88,emotion_aware,68177,politifact_065,0,1,0.8308543562889099
factors_finance,8,88,emotion_aware,62941,politifact_065,1,1,0.8932285904884338
factors_finance,8,88,emotion_aware,71633,politifact_088,0,0,0.2430056631565094
factors_finance,8,88,emotion_aware,74711,politifact_088,1,0,0.2109224498271942
factors_finance,8,88,emotion_aware,73697,politifact_100,0,1,0.7775096893310547
factors_finance,8,88,emotion_aware,68674,politifact_100,1,1,0.5485449433326721
factors_finance,8,88,emotion_aware,65488,politifact_180,0,0,0.1577829122543335
factors_finance,8,88,emotion_aware,70311,politifact_180,1,0,0.252715140581131
factors_finance,8,88,emotion_aware,69806,politifact_192,0,1,0.7324952483177185
factors_finance,8,88,emotion_aware,68179,politifact_192,1,0,0.4538104236125946
factors_finance,8,88,emotion_aware,83270,snopes_010,0,1,0.7322019934654236
factors_finance,8,88,emotion_aware,97192,snopes_010,1,0,0.3149595856666565
factors_finance,8,88,emotion_aware,86950,snopes_014,0,1,0.7557549476623535
factors_finance,8,88,emotion_aware,87751,snopes_014,1,1,0.8179982304573059
factors_finance,8,88,emotion_aware,91343,snopes_023,0,1,0.7918582558631897
factors_finance,8,88,emotion_aware,95586,snopes_023,1,0,0.38233470916748047
factors_finance,8,88,emotion_aware,83292,round2_snopes_019,0,1,0.5203162431716919
factors_finance,8,88,emotion_aware,87892,round2_snopes_019,1,1,0.8974775671958923
factors_finance,8,88,emotion_aware,98430,round2_snopes_020,0,1,0.8136470317840576
factors_finance,8,88,emotion_aware,90792,round2_snopes_020,1,1,0.5372869968414307
factors_finance,8,88,emotion_aware,44308,round2_grass_fact_check_006,0,0,0.4412868618965149
factors_finance,8,88,emotion_aware,43618,round2_grass_fact_check_006,1,0,0.42452454566955566
factors_finance,8,88,emotion_aware,20359,round2_africa_check_008,0,0,0.3584480583667755
factors_finance,8,88,emotion_aware,17047,round2_africa_check_008,1,0,0.4291345477104187
factors_finance,9,99,text_only,90373,snopes_079,0,0,0.3955594599246979
factors_finance,9,99,text_only,91320,snopes_079,1,0,0.23959557712078094
factors_finance,9,99,text_only,68300,politifact_159,0,0,0.32955238223075867
factors_finance,9,99,text_only,69824,politifact_159,1,0,0.27994054555892944
factors_finance,9,99,text_only,69943,politifact_155,0,0,0.22461652755737305
factors_finance,9,99,text_only,73533,politifact_155,1,0,0.3397158682346344
factors_finance,9,99,text_only,75564,politifact_188,0,0,0.2742074131965637
factors_finance,9,99,text_only,78346,politifact_188,1,0,0.2801373600959778
factors_finance,9,99,text_only,43861,grass_fact_check_009,0,1,0.6512568593025208
factors_finance,9,99,text_only,44459,grass_fact_check_009,1,0,0.35144904255867004
factors_finance,9,99,text_only,44147,grass_fact_check_005,0,0,0.23745135962963104
factors_finance,9,99,text_only,43623,grass_fact_check_005,1,1,0.619385838508606
factors_finance,9,99,text_only,70697,politifact_005,0,0,0.3339974582195282
factors_finance,9,99,text_only,69158,politifact_005,1,0,0.4251769781112671
factors_finance,9,99,text_only,67679,politifact_115,0,1,0.5503636598587036
factors_finance,9,99,text_only,68176,politifact_115,1,1,0.7122654318809509
factors_finance,9,99,text_only,70199,politifact_124,0,1,0.6732271313667297
factors_finance,9,99,text_only,69755,politifact_124,1,1,0.8187930583953857
factors_finance,9,99,text_only,70387,politifact_126,0,1,0.5787144899368286
factors_finance,9,99,text_only,63652,politifact_126,1,1,0.7077475190162659
factors_finance,9,99,text_only,91699,snopes_044,0,0,0.3648182153701782
factors_finance,9,99,text_only,96793,snopes_044,1,1,0.7487166523933411
factors_finance,9,99,text_only,20654,africa_check_012,0,1,0.7077392339706421
factors_finance,9,99,text_only,20527,africa_check_012,1,0,0.4863354563713074
factors_finance,9,99,text_only,63746,politifact_035,0,0,0.2209208905696869
factors_finance,9,99,text_only,75145,politifact_035,1,1,0.8723612427711487
factors_finance,9,99,text_only,64439,politifact_043,0,0,0.42992520332336426
factors_finance,9,99,text_only,63001,politifact_043,1,0,0.4710261821746826
factors_finance,9,99,text_only,67791,politifact_060,0,1,0.5096233487129211
factors_finance,9,99,text_only,70667,politifact_060,1,1,0.6141710877418518
factors_finance,9,99,text_only,68181,politifact_066,0,1,0.6612003445625305
factors_finance,9,99,text_only,67493,politifact_066,1,1,0.6393846869468689
factors_finance,9,99,text_only,69882,politifact_081,0,1,0.6434766054153442
factors_finance,9,99,text_only,70028,politifact_081,1,1,0.7411205172538757
factors_finance,9,99,text_only,70019,politifact_082,0,0,0.49019086360931396
factors_finance,9,99,text_only,68492,politifact_082,1,1,0.7702640295028687
factors_finance,9,99,text_only,70118,politifact_083,0,1,0.6373792886734009
factors_finance,9,99,text_only,75353,politifact_083,1,1,0.5321301221847534
factors_finance,9,99,text_only,71766,politifact_089,0,1,0.7348911762237549
factors_finance,9,99,text_only,69439,politifact_089,1,0,0.3046681582927704
factors_finance,9,99,text_only,72103,politifact_093,0,0,0.28093430399894714
factors_finance,9,99,text_only,68276,politifact_093,1,0,0.46529632806777954
factors_finance,9,99,text_only,72573,politifact_182,0,0,0.3270564079284668
factors_finance,9,99,text_only,70764,politifact_182,1,1,0.7765502333641052
factors_finance,9,99,text_only,82529,snopes_008,0,0,0.310383141040802
factors_finance,9,99,text_only,89385,snopes_008,1,1,0.6739502549171448
factors_finance,9,99,text_only,15958,round2_africa_check_011,0,1,0.7712076902389526
factors_finance,9,99,text_only,16215,round2_africa_check_011,1,0,0.39986667037010193
factors_finance,9,99,text_only,16074,round2_africa_check_010,0,1,0.5631183385848999
factors_finance,9,99,text_only,19152,round2_africa_check_010,1,0,0.24720577895641327
factors_finance,9,99,text_only,97014,round2_snopes_011,0,1,0.5892069935798645
factors_finance,9,99,text_only,95453,round2_snopes_011,1,0,0.3200446665287018
factors_finance,9,99,emotion_aware,90373,snopes_079,0,0,0.3771092891693115
factors_finance,9,99,emotion_aware,91320,snopes_079,1,0,0.30335408449172974
factors_finance,9,99,emotion_aware,68300,politifact_159,0,0,0.3360103964805603
factors_finance,9,99,emotion_aware,69824,politifact_159,1,0,0.27603116631507874
factors_finance,9,99,emotion_aware,69943,politifact_155,0,0,0.25076934695243835
factors_finance,9,99,emotion_aware,73533,politifact_155,1,0,0.4229475259780884
factors_finance,9,99,emotion_aware,75564,politifact_188,0,0,0.3323124051094055
factors_finance,9,99,emotion_aware,78346,politifact_188,1,0,0.29708877205848694
factors_finance,9,99,emotion_aware,43861,grass_fact_check_009,0,0,0.46939587593078613
factors_finance,9,99,emotion_aware,44459,grass_fact_check_009,1,0,0.19826586544513702
factors_finance,9,99,emotion_aware,44147,grass_fact_check_005,0,0,0.2755698263645172
factors_finance,9,99,emotion_aware,43623,grass_fact_check_005,1,0,0.4525192677974701
factors_finance,9,99,emotion_aware,70697,politifact_005,0,0,0.352710485458374
factors_finance,9,99,emotion_aware,69158,politifact_005,1,0,0.4402466416358948
factors_finance,9,99,emotion_aware,67679,politifact_115,0,0,0.39442500472068787
factors_finance,9,99,emotion_aware,68176,politifact_115,1,1,0.5427466630935669
factors_finance,9,99,emotion_aware,70199,politifact_124,0,1,0.5436180233955383
factors_finance,9,99,emotion_aware,69755,politifact_124,1,1,0.5604467391967773
factors_finance,9,99,emotion_aware,70387,politifact_126,0,0,0.43114614486694336
factors_finance,9,99,emotion_aware,63652,politifact_126,1,1,0.5221142172813416
factors_finance,9,99,emotion_aware,91699,snopes_044,0,0,0.38481003046035767
factors_finance,9,99,emotion_aware,96793,snopes_044,1,0,0.44833365082740784
factors_finance,9,99,emotion_aware,20654,africa_check_012,0,0,0.41182631254196167
factors_finance,9,99,emotion_aware,20527,africa_check_012,1,0,0.3616175949573517
factors_finance,9,99,emotion_aware,63746,politifact_035,0,0,0.17632880806922913
factors_finance,9,99,emotion_aware,75145,politifact_035,1,1,0.6651918292045593
factors_finance,9,99,emotion_aware,64439,politifact_043,0,0,0.345229834318161
factors_finance,9,99,emotion_aware,63001,politifact_043,1,0,0.4492286741733551
factors_finance,9,99,emotion_aware,67791,politifact_060,0,0,0.4464333951473236
factors_finance,9,99,emotion_aware,70667,politifact_060,1,0,0.49833863973617554
factors_finance,9,99,emotion_aware,68181,politifact_066,0,1,0.55838942527771
factors_finance,9,99,emotion_aware,67493,politifact_066,1,0,0.3729587197303772
factors_finance,9,99,emotion_aware,69882,politifact_081,0,0,0.46535637974739075
factors_finance,9,99,emotion_aware,70028,politifact_081,1,1,0.5136469602584839
factors_finance,9,99,emotion_aware,70019,politifact_082,0,0,0.2570725679397583
factors_finance,9,99,emotion_aware,68492,politifact_082,1,1,0.5728575587272644
factors_finance,9,99,emotion_aware,70118,politifact_083,0,0,0.47853484749794006
factors_finance,9,99,emotion_aware,75353,politifact_083,1,1,0.5186586976051331
factors_finance,9,99,emotion_aware,71766,politifact_089,0,0,0.4732725918292999
factors_finance,9,99,emotion_aware,69439,politifact_089,1,0,0.33555448055267334
factors_finance,9,99,emotion_aware,72103,politifact_093,0,0,0.14737384021282196
factors_finance,9,99,emotion_aware,68276,politifact_093,1,0,0.39047789573669434
factors_finance,9,99,emotion_aware,72573,politifact_182,0,0,0.22692811489105225
factors_finance,9,99,emotion_aware,70764,politifact_182,1,1,0.5305253863334656
factors_finance,9,99,emotion_aware,82529,snopes_008,0,0,0.44175443053245544
factors_finance,9,99,emotion_aware,89385,snopes_008,1,1,0.6054767370223999
factors_finance,9,99,emotion_aware,15958,round2_africa_check_011,0,1,0.583254873752594
factors_finance,9,99,emotion_aware,16215,round2_africa_check_011,1,0,0.24839946627616882
factors_finance,9,99,emotion_aware,16074,round2_africa_check_010,0,0,0.47190794348716736
factors_finance,9,99,emotion_aware,19152,round2_africa_check_010,1,0,0.19184023141860962
factors_finance,9,99,emotion_aware,97014,round2_snopes_011,0,0,0.40938660502433777
factors_finance,9,99,emotion_aware,95453,round2_snopes_011,1,0,0.37718984484672546
factors_finance,10,110,text_only,90373,snopes_079,0,1,0.5483518242835999
factors_finance,10,110,text_only,91320,snopes_079,1,0,0.37664395570755005
factors_finance,10,110,text_only,71509,politifact_189,0,0,0.3177887201309204
factors_finance,10,110,text_only,67167,politifact_189,1,1,0.6011337041854858
factors_finance,10,110,text_only,61211,politifact_190,0,0,0.41555482149124146
factors_finance,10,110,text_only,67788,politifact_190,1,0,0.36391326785087585
factors_finance,10,110,text_only,98401,snopes_063,0,0,0.47596225142478943
factors_finance,10,110,text_only,88064,snopes_063,1,1,0.5592831373214722
factors_finance,10,110,text_only,70385,politifact_156,0,1,0.663293182849884
factors_finance,10,110,text_only,68964,politifact_156,1,1,0.7674431800842285
factors_finance,10,110,text_only,71134,politifact_149,0,0,0.31751710176467896
factors_finance,10,110,text_only,71081,politifact_149,1,0,0.43426942825317383
factors_finance,10,110,text_only,69134,politifact_004,0,1,0.5054351091384888
factors_finance,10,110,text_only,70630,politifact_004,1,1,0.7065148949623108
factors_finance,10,110,text_only,70697,politifact_005,0,0,0.21726013720035553
factors_finance,10,110,text_only,69158,politifact_005,1,1,0.5291380286216736
factors_finance,10,110,text_only,66573,politifact_111,0,1,0.5258007049560547
factors_finance,10,110,text_only,69181,politifact_111,1,1,0.545810341835022
factors_finance,10,110,text_only,67679,politifact_115,0,1,0.5639662742614746
factors_finance,10,110,text_only,68176,politifact_115,1,1,0.7038071155548096
factors_finance,10,110,text_only,63355,politifact_034,0,1,0.5685340166091919
factors_finance,10,110,text_only,59752,politifact_034,1,1,0.5205298662185669
factors_finance,10,110,text_only,64105,politifact_039,0,0,0.4509679079055786
factors_finance,10,110,text_only,58521,politifact_039,1,1,0.8023683428764343
factors_finance,10,110,text_only,64345,politifact_042,0,0,0.4629861116409302
factors_finance,10,110,text_only,69569,politifact_042,1,1,0.5933787226676941
factors_finance,10,110,text_only,64439,politifact_043,0,1,0.5094610452651978
factors_finance,10,110,text_only,63001,politifact_043,1,0,0.4576356112957001
factors_finance,10,110,text_only,66911,politifact_056,0,0,0.37704139947891235
factors_finance,10,110,text_only,66967,politifact_056,1,0,0.25348180532455444
factors_finance,10,110,text_only,67791,politifact_060,0,1,0.5736221075057983
factors_finance,10,110,text_only,70667,politifact_060,1,1,0.569970965385437
factors_finance,10,110,text_only,68295,politifact_070,0,1,0.5954444408416748
factors_finance,10,110,text_only,77312,politifact_070,1,1,0.8123083114624023
factors_finance,10,110,text_only,68761,politifact_072,0,0,0.427633136510849
factors_finance,10,110,text_only,78479,politifact_072,1,1,0.6506043076515198
factors_finance,10,110,text_only,73001,politifact_097,0,1,0.6348918080329895
factors_finance,10,110,text_only,70200,politifact_097,1,1,0.6721143126487732
factors_finance,10,110,text_only,89766,snopes_019,0,0,0.3401685655117035
factors_finance,10,110,text_only,87684,snopes_019,1,1,0.6123625040054321
factors_finance,10,110,text_only,91343,snopes_023,0,1,0.520541787147522
factors_finance,10,110,text_only,95586,snopes_023,1,0,0.24903471767902374
factors_finance,10,110,text_only,97139,snopes_029,0,0,0.48309266567230225
factors_finance,10,110,text_only,93103,snopes_029,1,1,0.6301960945129395
factors_finance,10,110,text_only,91288,snopes_077,0,0,0.4307061731815338
factors_finance,10,110,text_only,99215,snopes_077,1,1,0.590632438659668
factors_finance,10,110,text_only,20359,round2_africa_check_008,0,0,0.33797648549079895
factors_finance,10,110,text_only,17047,round2_africa_check_008,1,0,0.45997127890586853
factors_finance,10,110,text_only,97014,round2_snopes_011,0,1,0.6032600402832031
factors_finance,10,110,text_only,95453,round2_snopes_011,1,0,0.49919867515563965
factors_finance,10,110,text_only,83302,round2_snopes_006,0,0,0.30757033824920654
factors_finance,10,110,text_only,91947,round2_snopes_006,1,1,0.5560868382453918
factors_finance,10,110,emotion_aware,90373,snopes_079,0,1,0.5683285593986511
factors_finance,10,110,emotion_aware,91320,snopes_079,1,1,0.5863312482833862
factors_finance,10,110,emotion_aware,71509,politifact_189,0,0,0.4292197525501251
factors_finance,10,110,emotion_aware,67167,politifact_189,1,0,0.38433974981307983
factors_finance,10,110,emotion_aware,61211,politifact_190,0,0,0.44262877106666565
factors_finance,10,110,emotion_aware,67788,politifact_190,1,0,0.35777243971824646
factors_finance,10,110,emotion_aware,98401,snopes_063,0,1,0.5695517659187317
factors_finance,10,110,emotion_aware,88064,snopes_063,1,0,0.4580623507499695
factors_finance,10,110,emotion_aware,70385,politifact_156,0,1,0.5624027252197266
factors_finance,10,110,emotion_aware,68964,politifact_156,1,1,0.6532015800476074
factors_finance,10,110,emotion_aware,71134,politifact_149,0,0,0.42655518651008606
factors_finance,10,110,emotion_aware,71081,politifact_149,1,1,0.5968478322029114
factors_finance,10,110,emotion_aware,69134,politifact_004,0,1,0.550875186920166
factors_finance,10,110,emotion_aware,70630,politifact_004,1,1,0.7120121121406555
factors_finance,10,110,emotion_aware,70697,politifact_005,0,0,0.39017191529273987
factors_finance,10,110,emotion_aware,69158,politifact_005,1,0,0.47659042477607727
factors_finance,10,110,emotion_aware,66573,politifact_111,0,0,0.4298359751701355
factors_finance,10,110,emotion_aware,69181,politifact_111,1,0,0.4716341495513916
factors_finance,10,110,emotion_aware,67679,politifact_115,0,1,0.5807701349258423
factors_finance,10,110,emotion_aware,68176,politifact_115,1,1,0.5591875314712524
factors_finance,10,110,emotion_aware,63355,politifact_034,0,1,0.5282093286514282
factors_finance,10,110,emotion_aware,59752,politifact_034,1,0,0.4580720067024231
factors_finance,10,110,emotion_aware,64105,politifact_039,0,0,0.4817299246788025
factors_finance,10,110,emotion_aware,58521,politifact_039,1,1,0.693719208240509
factors_finance,10,110,emotion_aware,64345,politifact_042,0,1,0.5224919319152832
factors_finance,10,110,emotion_aware,69569,politifact_042,1,1,0.5362960696220398
factors_finance,10,110,emotion_aware,64439,politifact_043,0,0,0.40891337394714355
factors_finance,10,110,emotion_aware,63001,politifact_043,1,1,0.547732949256897
factors_finance,10,110,emotion_aware,66911,politifact_056,0,0,0.3775695860385895
factors_finance,10,110,emotion_aware,66967,politifact_056,1,0,0.3797856867313385
factors_finance,10,110,emotion_aware,67791,politifact_060,0,1,0.5234732031822205
factors_finance,10,110,emotion_aware,70667,politifact_060,1,1,0.5655114650726318
factors_finance,10,110,emotion_aware,68295,politifact_070,0,1,0.6024402976036072
factors_finance,10,110,emotion_aware,77312,politifact_070,1,1,0.7453759908676147
factors_finance,10,110,emotion_aware,68761,politifact_072,0,0,0.48411956429481506
factors_finance,10,110,emotion_aware,78479,politifact_072,1,1,0.6006625294685364
factors_finance,10,110,emotion_aware,73001,politifact_097,0,1,0.5270228385925293
factors_finance,10,110,emotion_aware,70200,politifact_097,1,1,0.5941620469093323
factors_finance,10,110,emotion_aware,89766,snopes_019,0,0,0.411897748708725
factors_finance,10,110,emotion_aware,87684,snopes_019,1,1,0.6220384836196899
factors_finance,10,110,emotion_aware,91343,snopes_023,0,1,0.6155809760093689
factors_finance,10,110,emotion_aware,95586,snopes_023,1,0,0.3668435513973236
factors_finance,10,110,emotion_aware,97139,snopes_029,0,1,0.504513680934906
factors_finance,10,110,emotion_aware,93103,snopes_029,1,1,0.5988958477973938
factors_finance,10,110,emotion_aware,91288,snopes_077,0,1,0.633174479007721
factors_finance,10,110,emotion_aware,99215,snopes_077,1,0,0.49257802963256836
factors_finance,10,110,emotion_aware,20359,round2_africa_check_008,0,0,0.44589170813560486
factors_finance,10,110,emotion_aware,17047,round2_africa_check_008,1,0,0.35003989934921265
factors_finance,10,110,emotion_aware,97014,round2_snopes_011,0,1,0.5844357013702393
factors_finance,10,110,emotion_aware,95453,round2_snopes_011,1,1,0.5835053324699402
factors_finance,10,110,emotion_aware,83302,round2_snopes_006,0,1,0.5129177570343018
factors_finance,10,110,emotion_aware,91947,round2_snopes_006,1,1,0.5845542550086975
